event_id,user_id,event_type,timestamp,date,hour,platform,app_version,session_id,screen,duration_sec
E4000000,U16583,share,2026-04-22 15:21:18,2026-04-22,15,Web,1.3.0,SES46344,详情,52.1
E4000001,U44676,page_view,2026-04-08 15:14:08,2026-04-08,15,iOS,1.0.0,SES72084,我的,15.2
E4000002,U38327,page_view,2026-04-21 16:26:29,2026-04-21,16,Android,1.2.0,SES95948,我的,0.8
E4000003,U32725,page_view,2026-04-19 08:34:44,2026-04-19,8,Web,1.1.0,SES60499,详情,26.8
E4000004,U4404,app_open,2026-04-02 06:44:30,2026-04-02,6,Web,1.0.0,SES47955,详情,11.1
E4000005,U36434,page_view,2026-04-08 09:04:37,2026-04-08,9,Web,1.1.0,SES80200,搜索,2.8
E4000006,U23622,share,2026-04-05 00:42:09,2026-04-05,0,Android,1.3.0,SES12214,详情,2.1
E4000007,U6351,click,2026-04-27 23:56:18,2026-04-27,23,Web,1.1.0,SES70361,搜索,37.0
E4000008,U12072,click,2026-04-03 14:22:49,2026-04-03,14,Android,1.1.0,SES17252,购物车,48.0
E4000009,U20457,share,2026-04-03 09:19:13,2026-04-03,9,Android,1.0.0,SES97975,设置,6.2
E4000010,U12281,click,2026-04-27 00:30:59,2026-04-27,0,Web,1.1.0,SES31292,首页,4.3
E4000011,U31084,page_view,2026-04-30 19:30:19,2026-04-30,19,iOS,1.3.0,SES67401,我的,1.9
E4000012,U17695,page_view,2026-04-06 07:02:22,2026-04-06,7,Android,1.2.0,SES98908,我的,1.3
E4000013,U11240,purchase,2026-04-29 20:59:52,2026-04-29,20,Android,1.0.0,SES48507,首页,15.1
E4000014,U14351,page_view,2026-04-23 01:19:03,2026-04-23,1,Android,1.0.0,SES67622,购物车,8.1
E4000015,U10673,page_view,2026-04-14 19:55:06,2026-04-14,19,Android,1.1.0,SES40012,购物车,106.0
E4000016,U6142,page_view,2026-04-05 22:32:39,2026-04-05,22,iOS,1.1.0,SES55382,搜索,54.3
E4000017,U9018,page_view,2026-04-24 15:11:36,2026-04-24,15,Android,1.2.0,SES89210,详情,3.7
E4000018,U21877,app_open,2026-04-08 09:24:07,2026-04-08,9,Android,1.1.0,SES94937,首页,43.0
E4000019,U12076,page_view,2026-04-22 21:22:57,2026-04-22,21,iOS,1.1.0,SES85098,首页,0.4
E4000020,U40657,click,2026-04-30 01:09:18,2026-04-30,1,Android,1.3.0,SES25817,首页,68.6
E4000021,U46185,page_view,2026-04-11 05:55:27,2026-04-11,5,iOS,1.3.0,SES83672,设置,2.6
E4000022,U36176,page_view,2026-04-16 13:02:19,2026-04-16,13,Android,1.3.0,SES47944,设置,0.7
E4000023,U9510,click,2026-04-14 05:17:56,2026-04-14,5,iOS,1.1.0,SES11226,设置,11.4
E4000024,U33100,app_open,2026-04-05 18:09:41,2026-04-05,18,iOS,1.2.0,SES92403,详情,33.1
E4000025,U34856,purchase,2026-04-07 22:38:04,2026-04-07,22,Web,1.3.0,SES11231,搜索,6.8
E4000026,U7778,click,2026-04-24 12:50:16,2026-04-24,12,iOS,1.3.0,SES90641,我的,34.1
E4000027,U1096,click,2026-04-19 13:17:04,2026-04-19,13,iOS,1.1.0,SES81196,首页,7.7
E4000028,U25545,logout,2026-04-05 04:30:20,2026-04-05,4,Android,1.3.0,SES37120,搜索,1.1
E4000029,U11598,page_view,2026-04-02 07:49:19,2026-04-02,7,iOS,1.1.0,SES40078,购物车,55.6
E4000030,U22347,page_view,2026-04-11 05:34:31,2026-04-11,5,iOS,1.2.0,SES87917,我的,57.2
E4000031,U9769,search,2026-04-06 05:03:35,2026-04-06,5,Android,1.0.0,SES18126,购物车,37.7
E4000032,U49490,click,2026-04-06 11:17:18,2026-04-06,11,Android,1.0.0,SES98777,我的,52.3
E4000033,U13428,click,2026-04-25 14:42:20,2026-04-25,14,Web,1.1.0,SES50910,设置,6.5
E4000034,U24484,page_view,2026-04-06 21:33:43,2026-04-06,21,Web,1.2.0,SES52384,详情,72.9
E4000035,U36318,search,2026-04-01 22:37:28,2026-04-01,22,iOS,1.3.0,SES98181,搜索,5.6
E4000036,U5848,page_view,2026-04-05 20:38:10,2026-04-05,20,iOS,1.3.0,SES38551,首页,131.7
E4000037,U43882,search,2026-04-11 07:53:20,2026-04-11,7,iOS,1.2.0,SES84098,设置,1.8
E4000038,U25646,app_open,2026-04-16 08:33:17,2026-04-16,8,iOS,1.2.0,SES91296,详情,3.7
E4000039,U14339,click,2026-04-16 07:02:55,2026-04-16,7,iOS,1.3.0,SES16248,搜索,16.6
E4000040,U23345,click,2026-04-14 02:37:58,2026-04-14,2,Web,1.1.0,SES73364,详情,24.9
E4000041,U19166,click,2026-04-12 10:52:22,2026-04-12,10,Android,1.1.0,SES10360,设置,23.0
E4000042,U32579,purchase,2026-04-02 01:58:23,2026-04-02,1,Android,1.3.0,SES66440,设置,1.7
E4000043,U16907,app_open,2026-04-27 16:27:18,2026-04-27,16,iOS,1.0.0,SES41707,搜索,37.8
E4000044,U15135,click,2026-04-09 20:13:53,2026-04-09,20,Android,1.2.0,SES72105,购物车,2.1
E4000045,U10003,app_open,2026-04-01 07:57:50,2026-04-01,7,Android,1.1.0,SES69008,我的,6.7
E4000046,U13189,page_view,2026-04-06 09:59:10,2026-04-06,9,Web,1.3.0,SES48605,我的,74.2
E4000047,U38818,page_view,2026-04-01 12:00:21,2026-04-01,12,Web,1.1.0,SES24800,我的,29.1
E4000048,U17898,register,2026-04-08 12:15:41,2026-04-08,12,iOS,1.3.0,SES47440,购物车,6.9
E4000049,U35513,app_open,2026-04-20 02:03:38,2026-04-20,2,iOS,1.2.0,SES51006,详情,17.6
E4000050,U49343,logout,2026-04-11 16:44:54,2026-04-11,16,Android,1.2.0,SES12805,详情,0.4
E4000051,U45177,page_view,2026-04-22 05:09:14,2026-04-22,5,Web,1.2.0,SES31609,搜索,47.2
E4000052,U20230,page_view,2026-04-20 06:44:33,2026-04-20,6,Android,1.2.0,SES27899,搜索,35.4
E4000053,U18988,page_view,2026-04-24 02:00:16,2026-04-24,2,Android,1.1.0,SES47107,我的,122.2
E4000054,U9702,page_view,2026-04-21 05:31:06,2026-04-21,5,iOS,1.1.0,SES30112,设置,33.7
E4000055,U44294,app_open,2026-04-29 23:29:07,2026-04-29,23,Web,1.2.0,SES84199,搜索,24.0
E4000056,U38318,app_open,2026-04-30 17:29:46,2026-04-30,17,Web,1.3.0,SES65629,搜索,4.4
E4000057,U39862,page_view,2026-04-19 00:20:21,2026-04-19,0,Web,1.1.0,SES22224,详情,0.4
E4000058,U49039,app_open,2026-04-12 19:56:05,2026-04-12,19,iOS,1.0.0,SES63219,首页,17.9
E4000059,U12683,click,2026-04-06 23:03:09,2026-04-06,23,Web,1.3.0,SES38992,我的,7.0
E4000060,U9716,click,2026-04-23 13:24:03,2026-04-23,13,Web,1.3.0,SES50868,购物车,41.6
E4000061,U31663,page_view,2026-04-02 23:36:56,2026-04-02,23,Web,1.1.0,SES10286,首页,26.1
E4000062,U4264,click,2026-04-22 15:40:06,2026-04-22,15,Web,1.1.0,SES32424,首页,8.2
E4000063,U30656,app_open,2026-04-30 22:50:09,2026-04-30,22,Android,1.2.0,SES44549,首页,5.8
E4000064,U40400,click,2026-04-03 12:26:32,2026-04-03,12,Android,1.0.0,SES83656,我的,7.1
E4000065,U37809,page_view,2026-04-26 08:18:08,2026-04-26,8,Android,1.0.0,SES59184,设置,3.7
E4000066,U48834,page_view,2026-04-17 22:29:57,2026-04-17,22,iOS,1.0.0,SES80643,详情,72.6
E4000067,U19675,search,2026-04-06 05:09:47,2026-04-06,5,Web,1.0.0,SES57590,购物车,1.1
E4000068,U29709,search,2026-04-19 12:39:31,2026-04-19,12,Android,1.1.0,SES21093,设置,40.0
E4000069,U33452,page_view,2026-04-01 15:13:59,2026-04-01,15,Android,1.0.0,SES22420,我的,28.1
E4000070,U47236,logout,2026-04-01 20:51:13,2026-04-01,20,Android,1.0.0,SES87400,首页,16.4
E4000071,U23858,page_view,2026-04-13 17:42:48,2026-04-13,17,Web,1.2.0,SES22428,设置,25.8
E4000072,U29525,search,2026-04-15 04:15:39,2026-04-15,4,Web,1.3.0,SES26194,购物车,14.8
E4000073,U37929,page_view,2026-04-22 03:47:59,2026-04-22,3,iOS,1.1.0,SES94280,详情,19.5
E4000074,U33281,click,2026-04-04 07:03:21,2026-04-04,7,iOS,1.1.0,SES18117,购物车,99.9
E4000075,U38130,page_view,2026-04-06 14:28:55,2026-04-06,14,Android,1.2.0,SES68501,设置,96.0
E4000076,U37707,page_view,2026-04-21 02:15:47,2026-04-21,2,Web,1.1.0,SES19806,详情,16.4
E4000077,U26136,page_view,2026-04-28 20:21:08,2026-04-28,20,Android,1.1.0,SES94007,详情,31.0
E4000078,U33030,app_open,2026-04-29 20:04:04,2026-04-29,20,Android,1.0.0,SES51329,购物车,12.9
E4000079,U41569,click,2026-04-12 08:32:17,2026-04-12,8,Android,1.3.0,SES84919,我的,22.2
E4000080,U12803,search,2026-04-10 05:51:45,2026-04-10,5,Web,1.3.0,SES43781,设置,45.3
E4000081,U26532,search,2026-04-19 12:12:36,2026-04-19,12,iOS,1.0.0,SES50664,详情,2.0
E4000082,U46202,page_view,2026-04-27 22:40:43,2026-04-27,22,Android,1.0.0,SES39997,详情,25.1
E4000083,U17221,page_view,2026-04-30 20:31:47,2026-04-30,20,iOS,1.3.0,SES18394,设置,38.5
E4000084,U11238,page_view,2026-04-14 00:30:26,2026-04-14,0,Web,1.2.0,SES22368,详情,1.8
E4000085,U32596,app_open,2026-04-21 02:10:07,2026-04-21,2,Web,1.1.0,SES36332,详情,21.4
E4000086,U10185,page_view,2026-04-20 17:45:21,2026-04-20,17,Android,1.3.0,SES57506,购物车,109.2
E4000087,U11113,click,2026-04-08 02:29:20,2026-04-08,2,iOS,1.3.0,SES49616,首页,2.3
E4000088,U18666,page_view,2026-04-23 22:25:26,2026-04-23,22,iOS,1.0.0,SES17807,我的,20.2
E4000089,U23391,purchase,2026-04-26 23:25:02,2026-04-26,23,Web,1.2.0,SES16649,首页,5.5
E4000090,U44556,search,2026-04-28 20:50:53,2026-04-28,20,Android,1.2.0,SES92809,详情,100.2
E4000091,U28189,click,2026-04-03 06:19:17,2026-04-03,6,Android,1.3.0,SES17938,详情,29.6
E4000092,U35598,search,2026-04-08 23:11:06,2026-04-08,23,Android,1.2.0,SES70268,购物车,39.5
E4000093,U32581,page_view,2026-04-13 06:12:08,2026-04-13,6,Web,1.0.0,SES52697,详情,20.3
E4000094,U46720,click,2026-04-06 14:30:08,2026-04-06,14,iOS,1.2.0,SES50604,我的,48.7
E4000095,U17107,app_open,2026-04-30 06:07:58,2026-04-30,6,Web,1.1.0,SES86974,我的,55.8
E4000096,U16342,share,2026-04-08 11:51:10,2026-04-08,11,Web,1.1.0,SES61653,购物车,3.9
E4000097,U42346,app_open,2026-04-11 22:13:32,2026-04-11,22,Web,1.3.0,SES70166,设置,1.6
E4000098,U20164,click,2026-04-17 05:30:21,2026-04-17,5,Web,1.1.0,SES99880,首页,54.2
E4000099,U36903,page_view,2026-04-25 21:20:58,2026-04-25,21,Android,1.2.0,SES14145,搜索,112.4
E4000100,U7833,page_view,2026-04-13 04:01:01,2026-04-13,4,Web,1.2.0,SES84171,首页,0.7
E4000101,U19107,app_open,2026-04-19 21:12:46,2026-04-19,21,Web,1.3.0,SES28623,购物车,5.0
E4000102,U26353,app_open,2026-04-08 08:52:04,2026-04-08,8,iOS,1.2.0,SES25002,购物车,38.6
E4000103,U31931,app_open,2026-04-28 02:56:41,2026-04-28,2,Android,1.3.0,SES73425,购物车,31.6
E4000104,U45720,page_view,2026-04-16 08:53:23,2026-04-16,8,Android,1.0.0,SES82044,我的,4.4
E4000105,U34554,page_view,2026-04-18 21:07:25,2026-04-18,21,Web,1.1.0,SES90126,详情,23.9
E4000106,U21193,purchase,2026-04-10 17:57:18,2026-04-10,17,iOS,1.1.0,SES13254,详情,6.0
E4000107,U4417,page_view,2026-04-25 00:32:59,2026-04-25,0,iOS,1.0.0,SES85162,详情,2.5
E4000108,U23146,app_open,2026-04-22 09:15:22,2026-04-22,9,Android,1.1.0,SES71667,详情,81.3
E4000109,U25208,click,2026-04-04 01:29:10,2026-04-04,1,iOS,1.0.0,SES26774,购物车,12.2
E4000110,U15215,app_open,2026-04-15 04:48:16,2026-04-15,4,Android,1.1.0,SES11222,设置,48.5
E4000111,U7086,app_open,2026-04-26 09:28:43,2026-04-26,9,Web,1.3.0,SES49900,详情,52.1
E4000112,U41445,page_view,2026-04-10 12:39:57,2026-04-10,12,Web,1.3.0,SES23912,详情,33.2
E4000113,U45290,page_view,2026-04-01 06:58:48,2026-04-01,6,iOS,1.2.0,SES14744,购物车,12.4
E4000114,U41095,click,2026-04-12 00:25:46,2026-04-12,0,iOS,1.2.0,SES48507,我的,2.7
E4000115,U49364,search,2026-04-12 16:50:49,2026-04-12,16,iOS,1.2.0,SES70660,详情,12.4
E4000116,U14629,page_view,2026-04-01 23:04:11,2026-04-01,23,Web,1.1.0,SES26859,设置,28.1
E4000117,U22467,page_view,2026-04-05 13:28:10,2026-04-05,13,Web,1.1.0,SES94876,设置,81.4
E4000118,U29216,page_view,2026-04-30 19:45:35,2026-04-30,19,Android,1.3.0,SES59770,详情,14.5
E4000119,U9952,app_open,2026-04-18 13:42:14,2026-04-18,13,Android,1.0.0,SES88819,我的,13.4
E4000120,U26792,page_view,2026-04-18 14:35:03,2026-04-18,14,iOS,1.1.0,SES56871,我的,2.4
E4000121,U36997,share,2026-04-22 19:53:28,2026-04-22,19,Web,1.1.0,SES23243,搜索,6.9
E4000122,U21393,page_view,2026-04-02 04:53:12,2026-04-02,4,iOS,1.3.0,SES19532,详情,45.1
E4000123,U6541,page_view,2026-04-30 13:42:00,2026-04-30,13,Web,1.2.0,SES78962,我的,24.0
E4000124,U2902,click,2026-04-19 00:24:03,2026-04-19,0,Android,1.1.0,SES80921,首页,63.8
E4000125,U8167,click,2026-04-27 14:16:34,2026-04-27,14,Web,1.3.0,SES23302,我的,4.6
E4000126,U21148,search,2026-04-19 18:17:36,2026-04-19,18,iOS,1.0.0,SES99329,购物车,99.0
E4000127,U18860,click,2026-04-27 23:12:15,2026-04-27,23,Web,1.2.0,SES32519,搜索,13.5
E4000128,U35525,purchase,2026-04-05 06:33:35,2026-04-05,6,Web,1.1.0,SES46171,我的,20.0
E4000129,U34432,search,2026-04-03 01:41:16,2026-04-03,1,Web,1.2.0,SES87247,搜索,13.6
E4000130,U8104,page_view,2026-04-01 07:35:50,2026-04-01,7,Web,1.2.0,SES47845,我的,8.6
E4000131,U7724,page_view,2026-04-16 20:27:41,2026-04-16,20,iOS,1.1.0,SES35741,首页,83.9
E4000132,U8841,page_view,2026-04-08 14:34:18,2026-04-08,14,Web,1.0.0,SES38728,首页,98.0
E4000133,U28486,search,2026-04-04 15:12:53,2026-04-04,15,Web,1.0.0,SES99105,首页,22.8
E4000134,U20636,page_view,2026-04-24 01:27:16,2026-04-24,1,iOS,1.3.0,SES99035,我的,46.0
E4000135,U5569,logout,2026-04-26 23:40:53,2026-04-26,23,Android,1.0.0,SES91161,首页,41.8
E4000136,U5902,page_view,2026-04-29 02:58:52,2026-04-29,2,Web,1.1.0,SES77226,我的,8.5
E4000137,U15647,page_view,2026-04-25 14:48:41,2026-04-25,14,Android,1.0.0,SES73041,购物车,49.9
E4000138,U13532,page_view,2026-04-03 07:26:19,2026-04-03,7,Web,1.1.0,SES92360,设置,33.0
E4000139,U21427,page_view,2026-04-10 01:58:48,2026-04-10,1,Android,1.1.0,SES11178,设置,42.4
E4000140,U11451,page_view,2026-04-28 21:52:02,2026-04-28,21,Android,1.2.0,SES60993,搜索,91.2
E4000141,U16165,purchase,2026-04-19 13:25:14,2026-04-19,13,iOS,1.2.0,SES23626,详情,78.8
E4000142,U45568,click,2026-04-02 20:53:50,2026-04-02,20,Web,1.1.0,SES84598,我的,41.9
E4000143,U23797,page_view,2026-04-06 10:10:05,2026-04-06,10,iOS,1.2.0,SES57359,设置,26.6
E4000144,U21164,purchase,2026-04-16 12:49:07,2026-04-16,12,Android,1.0.0,SES71874,首页,19.2
E4000145,U21728,click,2026-04-19 16:01:43,2026-04-19,16,Android,1.0.0,SES20577,搜索,21.3
E4000146,U3737,page_view,2026-04-28 19:29:09,2026-04-28,19,iOS,1.2.0,SES87777,首页,15.9
E4000147,U37263,click,2026-04-04 09:30:01,2026-04-04,9,Android,1.2.0,SES55185,搜索,7.6
E4000148,U18208,page_view,2026-04-21 09:21:04,2026-04-21,9,Android,1.0.0,SES19985,搜索,11.5
E4000149,U47043,page_view,2026-04-14 05:53:43,2026-04-14,5,Web,1.1.0,SES51673,购物车,34.3
E4000150,U11222,app_open,2026-04-22 13:55:51,2026-04-22,13,Android,1.0.0,SES63629,设置,22.4
E4000151,U24265,page_view,2026-04-23 03:22:00,2026-04-23,3,Android,1.1.0,SES68893,搜索,9.1
E4000152,U43448,page_view,2026-04-05 17:04:36,2026-04-05,17,iOS,1.1.0,SES40058,详情,8.3
E4000153,U28224,search,2026-04-10 12:33:47,2026-04-10,12,Android,1.0.0,SES46701,购物车,70.5
E4000154,U14636,page_view,2026-04-28 07:45:45,2026-04-28,7,iOS,1.0.0,SES60026,购物车,5.7
E4000155,U20650,app_open,2026-04-13 08:29:37,2026-04-13,8,Android,1.2.0,SES30729,首页,1.2
E4000156,U32931,click,2026-04-11 21:37:45,2026-04-11,21,iOS,1.3.0,SES48035,我的,19.4
E4000157,U19827,app_open,2026-04-08 16:25:40,2026-04-08,16,iOS,1.3.0,SES43246,设置,1.4
E4000158,U1101,page_view,2026-04-20 19:18:54,2026-04-20,19,Android,1.3.0,SES69950,搜索,33.3
E4000159,U47396,page_view,2026-04-10 18:33:03,2026-04-10,18,Web,1.1.0,SES37619,详情,46.4
E4000160,U15441,purchase,2026-04-22 20:27:52,2026-04-22,20,iOS,1.1.0,SES57780,购物车,48.8
E4000161,U30359,app_open,2026-04-16 01:41:57,2026-04-16,1,Web,1.0.0,SES75588,详情,7.4
E4000162,U11818,page_view,2026-04-15 16:13:29,2026-04-15,16,iOS,1.2.0,SES75509,我的,48.8
E4000163,U23157,purchase,2026-04-25 02:38:27,2026-04-25,2,iOS,1.1.0,SES23845,设置,2.5
E4000164,U19436,app_open,2026-04-14 03:42:14,2026-04-14,3,Android,1.2.0,SES58989,详情,125.9
E4000165,U39260,app_open,2026-04-12 21:47:57,2026-04-12,21,Web,1.2.0,SES62424,详情,11.8
E4000166,U19420,register,2026-04-19 16:49:32,2026-04-19,16,Android,1.1.0,SES89146,购物车,42.8
E4000167,U3956,app_open,2026-04-19 09:22:20,2026-04-19,9,Android,1.2.0,SES66147,我的,38.1
E4000168,U21973,click,2026-04-25 20:54:27,2026-04-25,20,iOS,1.1.0,SES79287,购物车,22.4
E4000169,U41116,app_open,2026-04-29 01:27:24,2026-04-29,1,Web,1.0.0,SES48764,首页,16.6
E4000170,U12464,click,2026-04-30 00:47:48,2026-04-30,0,Android,1.1.0,SES12207,详情,107.2
E4000171,U37579,app_open,2026-04-24 07:04:14,2026-04-24,7,iOS,1.2.0,SES56637,首页,41.8
E4000172,U42336,click,2026-04-04 05:06:07,2026-04-04,5,iOS,1.3.0,SES87249,详情,6.7
E4000173,U37284,page_view,2026-04-21 16:38:59,2026-04-21,16,iOS,1.1.0,SES73425,首页,33.5
E4000174,U15215,page_view,2026-04-27 00:45:55,2026-04-27,0,Web,1.0.0,SES24000,首页,15.2
E4000175,U6489,app_open,2026-04-25 16:33:40,2026-04-25,16,Android,1.2.0,SES68174,详情,11.3
E4000176,U19456,app_open,2026-04-20 19:24:00,2026-04-20,19,iOS,1.1.0,SES90338,搜索,13.7
E4000177,U10270,page_view,2026-04-16 01:54:24,2026-04-16,1,Android,1.2.0,SES54263,我的,65.7
E4000178,U1415,click,2026-04-29 17:45:40,2026-04-29,17,iOS,1.0.0,SES19410,详情,15.6
E4000179,U10000,app_open,2026-04-11 01:12:21,2026-04-11,1,iOS,1.1.0,SES33373,搜索,5.4
E4000180,U30778,share,2026-04-11 21:05:32,2026-04-11,21,Android,1.0.0,SES18546,设置,20.2
E4000181,U49700,page_view,2026-04-26 22:32:54,2026-04-26,22,Android,1.3.0,SES13915,首页,64.4
E4000182,U28024,page_view,2026-04-27 00:13:42,2026-04-27,0,iOS,1.0.0,SES99843,购物车,5.1
E4000183,U14910,search,2026-04-23 15:09:11,2026-04-23,15,iOS,1.0.0,SES97265,首页,0.5
E4000184,U27649,register,2026-04-26 18:45:17,2026-04-26,18,iOS,1.0.0,SES64414,设置,3.1
E4000185,U27911,app_open,2026-04-30 23:52:07,2026-04-30,23,Web,1.2.0,SES27718,购物车,85.6
E4000186,U26734,page_view,2026-04-02 19:25:16,2026-04-02,19,Android,1.0.0,SES99687,搜索,9.3
E4000187,U37369,share,2026-04-29 18:05:49,2026-04-29,18,Web,1.1.0,SES88625,购物车,14.0
E4000188,U12871,page_view,2026-04-25 06:39:39,2026-04-25,6,Android,1.3.0,SES84420,详情,20.1
E4000189,U1382,page_view,2026-04-01 16:55:25,2026-04-01,16,Android,1.2.0,SES54877,详情,45.9
E4000190,U40474,click,2026-04-17 12:21:36,2026-04-17,12,Android,1.2.0,SES24804,搜索,13.0
E4000191,U49585,click,2026-04-23 03:08:16,2026-04-23,3,Android,1.1.0,SES36839,首页,23.0
E4000192,U24767,click,2026-04-16 18:14:10,2026-04-16,18,Android,1.1.0,SES30046,我的,5.7
E4000193,U12522,click,2026-04-13 20:55:06,2026-04-13,20,iOS,1.2.0,SES62785,购物车,1.4
E4000194,U33938,page_view,2026-04-26 01:33:42,2026-04-26,1,Web,1.1.0,SES11016,设置,13.4
E4000195,U4517,page_view,2026-04-30 13:19:03,2026-04-30,13,Web,1.2.0,SES40014,设置,24.8
E4000196,U44385,page_view,2026-04-21 14:27:16,2026-04-21,14,Web,1.1.0,SES89509,搜索,4.0
E4000197,U42455,page_view,2026-04-19 13:31:39,2026-04-19,13,iOS,1.2.0,SES26550,详情,94.3
E4000198,U34899,click,2026-04-23 19:57:41,2026-04-23,19,iOS,1.2.0,SES26307,详情,1.2
E4000199,U36732,app_open,2026-04-21 14:04:03,2026-04-21,14,Android,1.2.0,SES87920,详情,187.0
E4000200,U42124,search,2026-04-14 17:40:39,2026-04-14,17,Web,1.3.0,SES86395,首页,0.5
E4000201,U17343,page_view,2026-04-20 01:31:04,2026-04-20,1,Web,1.3.0,SES84527,设置,166.2
E4000202,U41011,click,2026-04-20 02:51:57,2026-04-20,2,Android,1.1.0,SES33938,设置,34.6
E4000203,U49641,app_open,2026-04-12 16:55:57,2026-04-12,16,Android,1.3.0,SES40151,首页,86.3
E4000204,U14535,page_view,2026-04-05 19:30:05,2026-04-05,19,Android,1.1.0,SES10069,购物车,37.8
E4000205,U31949,click,2026-04-29 23:49:13,2026-04-29,23,Web,1.2.0,SES35829,购物车,88.0
E4000206,U47858,register,2026-04-03 09:54:16,2026-04-03,9,Web,1.1.0,SES11163,设置,21.7
E4000207,U33333,click,2026-04-29 09:24:43,2026-04-29,9,iOS,1.0.0,SES57342,我的,15.4
E4000208,U25639,page_view,2026-04-21 22:23:54,2026-04-21,22,Android,1.0.0,SES68804,我的,4.3
E4000209,U13558,logout,2026-04-15 00:14:43,2026-04-15,0,iOS,1.0.0,SES42789,详情,68.5
E4000210,U14333,logout,2026-04-25 07:11:11,2026-04-25,7,Web,1.1.0,SES61545,我的,30.7
E4000211,U36058,page_view,2026-04-24 09:16:47,2026-04-24,9,iOS,1.0.0,SES61992,详情,19.7
E4000212,U21920,page_view,2026-04-14 17:36:51,2026-04-14,17,Android,1.2.0,SES73873,购物车,0.3
E4000213,U9250,app_open,2026-04-29 20:42:06,2026-04-29,20,iOS,1.1.0,SES68558,首页,56.3
E4000214,U5902,click,2026-04-14 09:43:58,2026-04-14,9,iOS,1.1.0,SES77556,详情,101.4
E4000215,U30110,app_open,2026-04-23 05:28:45,2026-04-23,5,iOS,1.2.0,SES20259,搜索,74.3
E4000216,U42898,app_open,2026-04-27 22:23:36,2026-04-27,22,iOS,1.1.0,SES91784,详情,18.6
E4000217,U4197,click,2026-04-22 00:23:49,2026-04-22,0,Android,1.2.0,SES39459,搜索,19.8
E4000218,U20394,app_open,2026-04-03 07:38:42,2026-04-03,7,iOS,1.2.0,SES24162,我的,19.4
E4000219,U13043,app_open,2026-04-10 18:38:43,2026-04-10,18,Android,1.2.0,SES66182,购物车,49.6
E4000220,U48194,page_view,2026-04-01 15:06:10,2026-04-01,15,Web,1.0.0,SES79492,首页,52.2
E4000221,U18726,page_view,2026-04-16 04:04:06,2026-04-16,4,iOS,1.3.0,SES20180,搜索,12.6
E4000222,U49747,page_view,2026-04-28 05:42:51,2026-04-28,5,Android,1.3.0,SES19123,我的,38.3
E4000223,U40713,page_view,2026-04-27 17:26:35,2026-04-27,17,iOS,1.0.0,SES37859,购物车,39.1
E4000224,U34911,app_open,2026-04-11 17:53:48,2026-04-11,17,Web,1.2.0,SES19320,首页,31.9
E4000225,U20255,search,2026-04-01 02:24:55,2026-04-01,2,iOS,1.1.0,SES18924,详情,53.5
E4000226,U10820,page_view,2026-04-12 02:44:30,2026-04-12,2,Android,1.3.0,SES58987,详情,8.4
E4000227,U1987,page_view,2026-04-18 03:35:31,2026-04-18,3,iOS,1.3.0,SES61763,购物车,15.8
E4000228,U5846,app_open,2026-04-10 22:42:21,2026-04-10,22,iOS,1.0.0,SES29203,首页,103.8
E4000229,U23580,click,2026-04-10 23:36:43,2026-04-10,23,iOS,1.0.0,SES40489,首页,75.2
E4000230,U44574,click,2026-04-13 07:25:18,2026-04-13,7,Android,1.0.0,SES51765,我的,22.7
E4000231,U28482,page_view,2026-04-18 00:56:37,2026-04-18,0,Web,1.2.0,SES49732,搜索,106.1
E4000232,U17868,page_view,2026-04-30 18:53:36,2026-04-30,18,Web,1.0.0,SES30769,首页,30.2
E4000233,U48293,logout,2026-04-12 07:57:24,2026-04-12,7,Web,1.3.0,SES56489,搜索,33.7
E4000234,U29379,page_view,2026-04-03 23:30:42,2026-04-03,23,Android,1.3.0,SES28253,我的,80.6
E4000235,U15446,app_open,2026-04-03 19:25:37,2026-04-03,19,Android,1.2.0,SES49040,设置,5.0
E4000236,U41412,page_view,2026-04-03 17:30:43,2026-04-03,17,iOS,1.2.0,SES46008,搜索,24.8
E4000237,U15854,register,2026-04-17 04:23:14,2026-04-17,4,iOS,1.1.0,SES15476,搜索,4.2
E4000238,U26704,page_view,2026-04-20 02:46:46,2026-04-20,2,iOS,1.2.0,SES28341,详情,48.4
E4000239,U30562,app_open,2026-04-03 11:56:34,2026-04-03,11,iOS,1.2.0,SES93786,详情,63.1
E4000240,U26788,click,2026-04-03 00:45:38,2026-04-03,0,iOS,1.0.0,SES45177,设置,25.5
E4000241,U29696,click,2026-04-04 07:26:11,2026-04-04,7,Android,1.1.0,SES29090,购物车,16.9
E4000242,U9670,page_view,2026-04-29 15:47:24,2026-04-29,15,iOS,1.2.0,SES20949,搜索,104.5
E4000243,U23035,share,2026-04-05 05:06:21,2026-04-05,5,Web,1.0.0,SES49827,搜索,65.4
E4000244,U40316,search,2026-04-16 19:25:22,2026-04-16,19,Android,1.1.0,SES95983,首页,6.4
E4000245,U5932,share,2026-04-30 09:14:58,2026-04-30,9,iOS,1.2.0,SES58192,购物车,59.2
E4000246,U17055,purchase,2026-04-13 07:35:33,2026-04-13,7,Android,1.3.0,SES34111,详情,80.9
E4000247,U18099,click,2026-04-29 23:32:34,2026-04-29,23,iOS,1.0.0,SES79654,首页,25.0
E4000248,U39374,app_open,2026-04-04 20:23:59,2026-04-04,20,Web,1.1.0,SES90668,购物车,10.7
E4000249,U49780,click,2026-04-11 21:42:49,2026-04-11,21,Android,1.1.0,SES64894,我的,46.2
E4000250,U14389,share,2026-04-23 16:49:15,2026-04-23,16,Web,1.2.0,SES51345,我的,0.3
E4000251,U10792,app_open,2026-04-16 13:22:12,2026-04-16,13,iOS,1.3.0,SES38418,首页,133.9
E4000252,U43123,page_view,2026-04-12 11:33:33,2026-04-12,11,iOS,1.1.0,SES93257,首页,7.6
E4000253,U36102,search,2026-04-16 19:24:25,2026-04-16,19,iOS,1.0.0,SES98421,搜索,15.8
E4000254,U16521,click,2026-04-05 21:28:11,2026-04-05,21,iOS,1.0.0,SES14834,设置,36.7
E4000255,U43474,share,2026-04-16 23:29:29,2026-04-16,23,Web,1.3.0,SES95642,搜索,108.4
E4000256,U6200,app_open,2026-04-15 00:35:12,2026-04-15,0,iOS,1.0.0,SES19135,首页,0.4
E4000257,U14483,register,2026-04-07 23:57:01,2026-04-07,23,Android,1.3.0,SES69676,我的,15.3
E4000258,U3681,page_view,2026-04-05 11:23:02,2026-04-05,11,iOS,1.3.0,SES88635,详情,26.2
E4000259,U33632,page_view,2026-04-10 12:50:15,2026-04-10,12,Web,1.1.0,SES97015,首页,5.4
E4000260,U42961,page_view,2026-04-24 15:38:39,2026-04-24,15,Android,1.1.0,SES15286,我的,54.9
E4000261,U49805,app_open,2026-04-20 19:07:38,2026-04-20,19,iOS,1.1.0,SES50468,详情,17.7
E4000262,U7380,page_view,2026-04-09 21:11:26,2026-04-09,21,Android,1.3.0,SES61616,首页,24.5
E4000263,U27989,page_view,2026-04-30 10:16:03,2026-04-30,10,Android,1.2.0,SES53427,详情,43.9
E4000264,U12609,search,2026-04-15 12:20:15,2026-04-15,12,Web,1.1.0,SES72156,购物车,31.7
E4000265,U3144,click,2026-04-01 04:12:11,2026-04-01,4,Web,1.1.0,SES45815,购物车,56.2
E4000266,U33318,click,2026-04-11 06:17:21,2026-04-11,6,iOS,1.2.0,SES69363,首页,29.5
E4000267,U31752,click,2026-04-17 10:15:05,2026-04-17,10,Android,1.0.0,SES98976,我的,6.8
E4000268,U19190,logout,2026-04-10 00:25:08,2026-04-10,0,Web,1.0.0,SES24363,我的,89.8
E4000269,U46095,page_view,2026-04-29 13:47:16,2026-04-29,13,Android,1.0.0,SES66799,首页,20.1
E4000270,U7622,app_open,2026-04-03 10:18:55,2026-04-03,10,Web,1.2.0,SES60565,首页,4.8
E4000271,U5756,app_open,2026-04-09 07:33:06,2026-04-09,7,Android,1.1.0,SES25012,详情,79.6
E4000272,U21053,share,2026-04-02 04:56:42,2026-04-02,4,Android,1.0.0,SES75396,设置,6.9
E4000273,U13205,click,2026-04-06 10:55:50,2026-04-06,10,iOS,1.0.0,SES84245,详情,11.9
E4000274,U23674,search,2026-04-10 21:12:02,2026-04-10,21,Android,1.2.0,SES26649,我的,14.7
E4000275,U21032,app_open,2026-04-30 00:41:31,2026-04-30,0,Android,1.1.0,SES21758,首页,12.0
E4000276,U11246,page_view,2026-04-19 09:45:19,2026-04-19,9,Android,1.2.0,SES34016,详情,173.9
E4000277,U22084,page_view,2026-04-26 19:09:27,2026-04-26,19,Android,1.1.0,SES62566,首页,38.1
E4000278,U1178,app_open,2026-04-23 04:56:06,2026-04-23,4,Android,1.2.0,SES79953,详情,18.2
E4000279,U39627,page_view,2026-04-23 17:42:00,2026-04-23,17,Android,1.3.0,SES20183,搜索,3.8
E4000280,U17296,page_view,2026-04-20 16:20:09,2026-04-20,16,Android,1.3.0,SES14771,搜索,7.9
E4000281,U28249,search,2026-04-14 10:00:45,2026-04-14,10,Web,1.1.0,SES12466,设置,3.4
E4000282,U41394,page_view,2026-04-25 23:27:13,2026-04-25,23,Web,1.3.0,SES62033,设置,24.8
E4000283,U28746,click,2026-04-24 16:08:54,2026-04-24,16,Web,1.3.0,SES34697,搜索,13.8
E4000284,U23644,app_open,2026-04-20 05:18:39,2026-04-20,5,iOS,1.1.0,SES95530,我的,40.3
E4000285,U22939,page_view,2026-04-06 03:47:35,2026-04-06,3,Web,1.0.0,SES98140,搜索,4.7
E4000286,U1905,page_view,2026-04-11 04:13:32,2026-04-11,4,iOS,1.2.0,SES33882,首页,19.7
E4000287,U39201,page_view,2026-04-01 11:53:53,2026-04-01,11,Web,1.1.0,SES82208,设置,62.7
E4000288,U45847,click,2026-04-17 22:53:57,2026-04-17,22,Android,1.2.0,SES55954,设置,2.0
E4000289,U19098,logout,2026-04-19 21:06:34,2026-04-19,21,Web,1.1.0,SES96675,购物车,18.0
E4000290,U25146,search,2026-04-22 16:42:52,2026-04-22,16,iOS,1.2.0,SES24618,首页,47.0
E4000291,U5367,app_open,2026-04-12 16:42:16,2026-04-12,16,Web,1.1.0,SES16309,购物车,2.2
E4000292,U16451,app_open,2026-04-03 00:06:18,2026-04-03,0,iOS,1.2.0,SES42164,搜索,13.0
E4000293,U40540,page_view,2026-04-12 13:20:37,2026-04-12,13,iOS,1.1.0,SES91155,搜索,72.2
E4000294,U45626,app_open,2026-04-14 07:55:48,2026-04-14,7,Android,1.2.0,SES85222,我的,14.5
E4000295,U6041,register,2026-04-13 13:32:39,2026-04-13,13,Web,1.1.0,SES51474,详情,43.5
E4000296,U2077,search,2026-04-03 22:14:18,2026-04-03,22,Android,1.2.0,SES84899,我的,5.8
E4000297,U18179,page_view,2026-04-10 07:35:48,2026-04-10,7,Web,1.1.0,SES68537,我的,7.6
E4000298,U28196,app_open,2026-04-02 01:10:15,2026-04-02,1,Android,1.1.0,SES17384,首页,14.4
E4000299,U18544,page_view,2026-04-04 22:44:51,2026-04-04,22,Web,1.0.0,SES58145,详情,16.4
E4000300,U29910,click,2026-04-24 07:28:27,2026-04-24,7,iOS,1.1.0,SES44306,首页,12.8
E4000301,U18985,app_open,2026-04-26 00:48:13,2026-04-26,0,Android,1.1.0,SES93238,设置,13.1
E4000302,U42419,register,2026-04-29 11:08:25,2026-04-29,11,iOS,1.1.0,SES41813,购物车,31.1
E4000303,U10869,page_view,2026-04-27 20:56:25,2026-04-27,20,Web,1.0.0,SES82154,购物车,15.8
E4000304,U2745,app_open,2026-04-08 19:01:51,2026-04-08,19,iOS,1.1.0,SES35710,购物车,21.0
E4000305,U27266,page_view,2026-04-15 05:49:53,2026-04-15,5,Android,1.0.0,SES65083,首页,3.7
E4000306,U8306,page_view,2026-04-24 12:03:39,2026-04-24,12,Android,1.2.0,SES23538,购物车,73.3
E4000307,U38130,page_view,2026-04-29 08:50:15,2026-04-29,8,iOS,1.2.0,SES38343,购物车,1.9
E4000308,U39162,click,2026-04-26 20:44:42,2026-04-26,20,iOS,1.0.0,SES85960,设置,4.0
E4000309,U9112,click,2026-04-18 04:52:26,2026-04-18,4,Android,1.1.0,SES51154,设置,31.9
E4000310,U27784,page_view,2026-04-17 23:17:18,2026-04-17,23,Web,1.3.0,SES89488,详情,5.2
E4000311,U33569,click,2026-04-29 12:10:07,2026-04-29,12,Web,1.0.0,SES18053,我的,24.4
E4000312,U20240,click,2026-04-30 20:07:18,2026-04-30,20,Android,1.2.0,SES31055,搜索,23.4
E4000313,U12389,click,2026-04-09 04:01:02,2026-04-09,4,Android,1.0.0,SES85690,搜索,47.7
E4000314,U49719,app_open,2026-04-25 00:34:10,2026-04-25,0,Web,1.3.0,SES25895,我的,115.6
E4000315,U31327,page_view,2026-04-12 14:49:35,2026-04-12,14,Android,1.3.0,SES35404,设置,80.7
E4000316,U46471,page_view,2026-04-11 10:52:31,2026-04-11,10,Android,1.2.0,SES80923,购物车,75.0
E4000317,U41466,click,2026-04-21 20:47:51,2026-04-21,20,Android,1.2.0,SES40591,首页,2.5
E4000318,U21596,app_open,2026-04-06 10:36:09,2026-04-06,10,Android,1.2.0,SES89839,详情,60.3
E4000319,U47879,app_open,2026-04-23 00:08:37,2026-04-23,0,Android,1.2.0,SES68780,我的,0.5
E4000320,U26701,click,2026-04-04 09:59:43,2026-04-04,9,iOS,1.2.0,SES21189,我的,30.3
E4000321,U8495,page_view,2026-04-26 19:48:30,2026-04-26,19,iOS,1.0.0,SES68323,首页,0.8
E4000322,U32452,page_view,2026-04-04 05:30:05,2026-04-04,5,Android,1.2.0,SES76362,首页,46.6
E4000323,U31827,app_open,2026-04-18 18:01:17,2026-04-18,18,Android,1.2.0,SES65370,购物车,3.6
E4000324,U48749,app_open,2026-04-29 03:42:09,2026-04-29,3,Web,1.1.0,SES57181,详情,63.2
E4000325,U44643,page_view,2026-04-26 17:02:38,2026-04-26,17,Android,1.0.0,SES43255,首页,8.0
E4000326,U26320,search,2026-04-24 07:06:04,2026-04-24,7,iOS,1.1.0,SES48489,首页,6.4
E4000327,U49744,app_open,2026-04-08 03:15:23,2026-04-08,3,iOS,1.1.0,SES29674,我的,54.2
E4000328,U35327,share,2026-04-06 19:54:28,2026-04-06,19,Android,1.2.0,SES93339,我的,17.1
E4000329,U23144,app_open,2026-04-24 19:20:25,2026-04-24,19,Web,1.1.0,SES77699,首页,46.1
E4000330,U35358,app_open,2026-04-15 12:28:24,2026-04-15,12,iOS,1.2.0,SES11309,我的,15.4
E4000331,U8659,click,2026-04-23 13:12:22,2026-04-23,13,Web,1.2.0,SES20717,我的,57.4
E4000332,U49381,app_open,2026-04-19 10:00:27,2026-04-19,10,Android,1.0.0,SES63669,搜索,4.1
E4000333,U31362,search,2026-04-24 03:53:31,2026-04-24,3,Android,1.3.0,SES27071,我的,3.7
E4000334,U34778,click,2026-04-18 22:46:11,2026-04-18,22,Web,1.3.0,SES78015,首页,7.6
E4000335,U34748,share,2026-04-25 06:27:54,2026-04-25,6,Android,1.3.0,SES30833,首页,46.9
E4000336,U19024,click,2026-04-15 11:24:06,2026-04-15,11,Android,1.1.0,SES40940,设置,44.6
E4000337,U41314,logout,2026-04-26 23:01:54,2026-04-26,23,Android,1.0.0,SES49005,详情,7.8
E4000338,U9841,share,2026-04-15 09:32:00,2026-04-15,9,iOS,1.1.0,SES25605,我的,35.7
E4000339,U11500,purchase,2026-04-04 18:19:23,2026-04-04,18,iOS,1.2.0,SES23665,购物车,29.2
E4000340,U16786,page_view,2026-04-11 21:36:06,2026-04-11,21,iOS,1.2.0,SES47425,购物车,40.5
E4000341,U26482,page_view,2026-04-08 11:56:40,2026-04-08,11,iOS,1.0.0,SES44255,我的,56.0
E4000342,U41427,search,2026-04-13 15:35:43,2026-04-13,15,Android,1.1.0,SES73614,搜索,16.0
E4000343,U3741,app_open,2026-04-26 04:16:43,2026-04-26,4,Web,1.2.0,SES35704,设置,131.6
E4000344,U11845,search,2026-04-07 14:12:18,2026-04-07,14,Android,1.0.0,SES80925,首页,7.7
E4000345,U35415,search,2026-04-05 11:28:39,2026-04-05,11,iOS,1.3.0,SES67844,搜索,5.0
E4000346,U8862,click,2026-04-26 16:17:18,2026-04-26,16,Web,1.3.0,SES66975,首页,55.4
E4000347,U22335,page_view,2026-04-29 03:18:32,2026-04-29,3,iOS,1.0.0,SES55969,搜索,8.0
E4000348,U29753,logout,2026-04-10 02:06:00,2026-04-10,2,iOS,1.1.0,SES49583,设置,13.9
E4000349,U28073,app_open,2026-04-25 02:22:46,2026-04-25,2,Android,1.0.0,SES73445,购物车,82.2
E4000350,U22746,logout,2026-04-17 21:40:32,2026-04-17,21,iOS,1.3.0,SES66314,详情,8.3
E4000351,U18749,page_view,2026-04-10 23:47:56,2026-04-10,23,Android,1.2.0,SES95021,详情,32.8
E4000352,U28888,share,2026-04-29 04:05:04,2026-04-29,4,Android,1.3.0,SES60541,详情,107.1
E4000353,U43198,app_open,2026-04-06 00:50:49,2026-04-06,0,Web,1.3.0,SES92318,首页,30.0
E4000354,U22046,app_open,2026-04-28 12:15:51,2026-04-28,12,Web,1.1.0,SES65591,我的,39.3
E4000355,U31046,click,2026-04-08 16:38:22,2026-04-08,16,Web,1.2.0,SES88863,我的,2.3
E4000356,U30653,page_view,2026-04-19 18:29:38,2026-04-19,18,Web,1.0.0,SES57091,我的,44.0
E4000357,U30720,click,2026-04-30 22:53:55,2026-04-30,22,Android,1.0.0,SES21362,详情,16.6
E4000358,U6472,click,2026-04-05 04:55:06,2026-04-05,4,Web,1.1.0,SES55267,购物车,45.7
E4000359,U8092,page_view,2026-04-16 22:10:58,2026-04-16,22,Android,1.3.0,SES72574,购物车,23.0
E4000360,U49556,app_open,2026-04-27 00:43:50,2026-04-27,0,iOS,1.2.0,SES47957,搜索,23.4
E4000361,U49603,app_open,2026-04-15 17:43:22,2026-04-15,17,Android,1.0.0,SES21920,详情,3.5
E4000362,U45032,purchase,2026-04-28 13:21:52,2026-04-28,13,Android,1.3.0,SES80871,设置,135.9
E4000363,U44132,click,2026-04-29 07:53:59,2026-04-29,7,Android,1.3.0,SES28626,详情,8.9
E4000364,U5969,app_open,2026-04-15 12:06:24,2026-04-15,12,iOS,1.0.0,SES74921,搜索,34.1
E4000365,U29862,click,2026-04-01 19:37:27,2026-04-01,19,Web,1.2.0,SES24444,设置,3.9
E4000366,U24412,click,2026-04-19 02:26:58,2026-04-19,2,Web,1.0.0,SES96697,搜索,10.9
E4000367,U36418,click,2026-04-09 07:27:36,2026-04-09,7,iOS,1.1.0,SES80198,我的,10.6
E4000368,U38402,app_open,2026-04-11 15:59:07,2026-04-11,15,iOS,1.2.0,SES91499,我的,12.0
E4000369,U37584,register,2026-04-09 05:51:52,2026-04-09,5,Web,1.2.0,SES76044,首页,53.2
E4000370,U35405,click,2026-04-08 23:07:54,2026-04-08,23,Android,1.2.0,SES44383,搜索,51.5
E4000371,U33193,page_view,2026-04-09 02:45:29,2026-04-09,2,Web,1.2.0,SES80585,设置,32.0
E4000372,U3331,app_open,2026-04-15 21:29:30,2026-04-15,21,iOS,1.3.0,SES29693,详情,11.4
E4000373,U26047,app_open,2026-04-24 11:02:24,2026-04-24,11,Android,1.1.0,SES79876,搜索,16.9
E4000374,U12708,page_view,2026-04-01 12:56:15,2026-04-01,12,Web,1.2.0,SES85314,设置,1.1
E4000375,U26989,page_view,2026-04-28 10:30:14,2026-04-28,10,iOS,1.3.0,SES85647,搜索,23.3
E4000376,U7489,click,2026-04-04 02:20:44,2026-04-04,2,Android,1.1.0,SES56880,首页,5.9
E4000377,U30734,app_open,2026-04-09 07:33:10,2026-04-09,7,Android,1.3.0,SES77572,设置,94.9
E4000378,U42420,app_open,2026-04-05 00:25:57,2026-04-05,0,Web,1.3.0,SES17220,我的,27.1
E4000379,U18624,page_view,2026-04-10 03:56:33,2026-04-10,3,Web,1.3.0,SES11325,设置,0.1
E4000380,U7438,page_view,2026-04-10 02:46:34,2026-04-10,2,iOS,1.3.0,SES64311,购物车,43.6
E4000381,U7563,app_open,2026-04-28 01:32:32,2026-04-28,1,Web,1.1.0,SES44177,搜索,16.5
E4000382,U18128,share,2026-04-02 09:05:45,2026-04-02,9,Android,1.3.0,SES76378,我的,8.3
E4000383,U49877,app_open,2026-04-12 00:08:51,2026-04-12,0,Android,1.1.0,SES86710,详情,6.6
E4000384,U23245,logout,2026-04-19 05:30:08,2026-04-19,5,Web,1.3.0,SES11723,我的,28.0
E4000385,U33186,search,2026-04-05 07:49:18,2026-04-05,7,Web,1.0.0,SES40700,搜索,92.0
E4000386,U14236,app_open,2026-04-28 00:28:28,2026-04-28,0,iOS,1.2.0,SES74757,购物车,6.8
E4000387,U2274,register,2026-04-30 21:49:54,2026-04-30,21,Android,1.1.0,SES60505,首页,111.1
E4000388,U4724,page_view,2026-04-25 19:21:53,2026-04-25,19,Android,1.2.0,SES99061,设置,9.4
E4000389,U35715,page_view,2026-04-13 19:47:07,2026-04-13,19,Web,1.1.0,SES35016,详情,8.0
E4000390,U5154,page_view,2026-04-20 05:25:39,2026-04-20,5,Web,1.0.0,SES30399,购物车,174.9
E4000391,U23141,click,2026-04-25 01:40:10,2026-04-25,1,Web,1.3.0,SES38636,购物车,1.9
E4000392,U23273,app_open,2026-04-21 13:38:49,2026-04-21,13,Web,1.2.0,SES81481,购物车,62.2
E4000393,U37134,page_view,2026-04-21 23:32:59,2026-04-21,23,Web,1.0.0,SES57943,设置,28.3
E4000394,U49551,search,2026-04-18 20:47:32,2026-04-18,20,Web,1.3.0,SES70227,搜索,57.4
E4000395,U27923,page_view,2026-04-12 03:13:14,2026-04-12,3,Web,1.0.0,SES19173,购物车,6.9
E4000396,U35097,app_open,2026-04-12 18:41:38,2026-04-12,18,Android,1.2.0,SES65372,我的,25.1
E4000397,U41754,search,2026-04-23 13:37:20,2026-04-23,13,Android,1.1.0,SES53052,购物车,16.9
E4000398,U32871,app_open,2026-04-10 20:00:15,2026-04-10,20,Android,1.0.0,SES80241,搜索,44.8
E4000399,U43243,logout,2026-04-23 09:38:42,2026-04-23,9,Android,1.3.0,SES80295,详情,16.9
E4000400,U36726,page_view,2026-04-13 18:23:23,2026-04-13,18,Web,1.1.0,SES82617,详情,24.3
E4000401,U4845,logout,2026-04-04 01:46:55,2026-04-04,1,Android,1.3.0,SES78407,搜索,47.4
E4000402,U22508,page_view,2026-04-23 18:38:11,2026-04-23,18,Web,1.3.0,SES86197,购物车,46.9
E4000403,U45508,purchase,2026-04-07 23:14:05,2026-04-07,23,iOS,1.2.0,SES74315,设置,40.1
E4000404,U31913,search,2026-04-10 00:07:41,2026-04-10,0,Web,1.3.0,SES91507,详情,47.2
E4000405,U45191,click,2026-04-20 01:01:43,2026-04-20,1,Web,1.2.0,SES38671,设置,3.3
E4000406,U7896,search,2026-04-03 05:07:54,2026-04-03,5,Web,1.3.0,SES28736,我的,19.2
E4000407,U28530,click,2026-04-26 05:40:53,2026-04-26,5,Web,1.1.0,SES82035,购物车,17.9
E4000408,U49894,search,2026-04-07 05:56:46,2026-04-07,5,iOS,1.3.0,SES32482,我的,0.2
E4000409,U48582,page_view,2026-04-09 09:07:49,2026-04-09,9,Web,1.3.0,SES84950,购物车,58.2
E4000410,U6011,page_view,2026-04-07 05:18:38,2026-04-07,5,Android,1.3.0,SES90040,我的,32.5
E4000411,U8781,logout,2026-04-11 13:18:39,2026-04-11,13,iOS,1.1.0,SES59005,搜索,47.1
E4000412,U3505,page_view,2026-04-18 20:04:29,2026-04-18,20,Web,1.2.0,SES12730,设置,14.9
E4000413,U39754,page_view,2026-04-09 02:19:25,2026-04-09,2,Web,1.2.0,SES71482,购物车,10.0
E4000414,U32633,logout,2026-04-08 04:26:38,2026-04-08,4,iOS,1.2.0,SES11430,我的,93.3
E4000415,U49539,page_view,2026-04-26 15:55:24,2026-04-26,15,Web,1.2.0,SES69720,首页,6.6
E4000416,U14791,click,2026-04-28 15:23:35,2026-04-28,15,Android,1.3.0,SES49248,我的,119.3
E4000417,U40935,search,2026-04-15 04:37:46,2026-04-15,4,Web,1.3.0,SES58615,购物车,80.5
E4000418,U2334,page_view,2026-04-15 23:15:12,2026-04-15,23,Android,1.3.0,SES55046,购物车,9.5
E4000419,U17275,register,2026-04-07 04:21:07,2026-04-07,4,iOS,1.2.0,SES28021,搜索,17.9
E4000420,U6740,page_view,2026-04-03 13:23:37,2026-04-03,13,Web,1.1.0,SES44809,详情,112.4
E4000421,U21421,app_open,2026-04-19 19:59:59,2026-04-19,19,Web,1.2.0,SES72899,购物车,26.3
E4000422,U17582,app_open,2026-04-23 07:02:30,2026-04-23,7,Web,1.1.0,SES11587,购物车,33.2
E4000423,U31269,page_view,2026-04-14 21:40:24,2026-04-14,21,iOS,1.3.0,SES94192,设置,46.6
E4000424,U8579,register,2026-04-25 07:01:33,2026-04-25,7,iOS,1.2.0,SES34023,设置,14.3
E4000425,U35730,click,2026-04-02 18:24:43,2026-04-02,18,Android,1.2.0,SES14224,我的,23.9
E4000426,U32025,page_view,2026-04-14 20:57:52,2026-04-14,20,Web,1.1.0,SES55690,我的,18.5
E4000427,U5045,search,2026-04-09 04:19:47,2026-04-09,4,iOS,1.0.0,SES73964,设置,16.4
E4000428,U8486,app_open,2026-04-15 20:50:38,2026-04-15,20,iOS,1.3.0,SES84955,设置,3.4
E4000429,U21007,page_view,2026-04-12 07:42:50,2026-04-12,7,Web,1.2.0,SES16130,搜索,27.8
E4000430,U43395,search,2026-04-18 16:02:20,2026-04-18,16,Android,1.1.0,SES74774,详情,31.1
E4000431,U8157,share,2026-04-20 12:28:16,2026-04-20,12,Web,1.1.0,SES30305,购物车,38.8
E4000432,U24491,logout,2026-04-06 06:35:42,2026-04-06,6,Web,1.2.0,SES48946,设置,19.4
E4000433,U29408,app_open,2026-04-13 15:54:59,2026-04-13,15,Android,1.0.0,SES71435,详情,9.7
E4000434,U18874,page_view,2026-04-23 08:50:27,2026-04-23,8,Web,1.1.0,SES38973,我的,8.6
E4000435,U26458,search,2026-04-28 21:07:51,2026-04-28,21,Web,1.0.0,SES68136,我的,28.0
E4000436,U13581,page_view,2026-04-30 08:03:41,2026-04-30,8,Android,1.3.0,SES64699,搜索,18.6
E4000437,U43444,click,2026-04-29 02:13:43,2026-04-29,2,iOS,1.1.0,SES90581,详情,11.4
E4000438,U34203,click,2026-04-21 02:51:40,2026-04-21,2,Web,1.0.0,SES32745,详情,16.5
E4000439,U15942,page_view,2026-04-18 10:31:30,2026-04-18,10,Android,1.0.0,SES62074,详情,38.0
E4000440,U43237,click,2026-04-16 13:45:35,2026-04-16,13,iOS,1.1.0,SES96685,我的,25.8
E4000441,U7189,app_open,2026-04-14 12:58:36,2026-04-14,12,Android,1.0.0,SES13185,搜索,4.3
E4000442,U23534,click,2026-04-26 11:48:24,2026-04-26,11,iOS,1.1.0,SES41777,详情,74.5
E4000443,U37472,page_view,2026-04-30 16:18:23,2026-04-30,16,iOS,1.3.0,SES39203,详情,42.6
E4000444,U7644,page_view,2026-04-23 13:21:58,2026-04-23,13,Web,1.2.0,SES19921,详情,9.1
E4000445,U21358,page_view,2026-04-06 13:29:16,2026-04-06,13,Web,1.0.0,SES53884,详情,90.7
E4000446,U47207,click,2026-04-17 03:07:24,2026-04-17,3,Web,1.1.0,SES31193,购物车,2.9
E4000447,U25822,click,2026-04-30 16:17:33,2026-04-30,16,Android,1.2.0,SES62437,首页,30.0
E4000448,U6236,page_view,2026-04-18 04:26:56,2026-04-18,4,iOS,1.0.0,SES53919,详情,60.2
E4000449,U47076,page_view,2026-04-29 01:57:00,2026-04-29,1,Android,1.3.0,SES74175,我的,10.0
E4000450,U6549,search,2026-04-10 05:05:26,2026-04-10,5,iOS,1.1.0,SES13986,首页,8.5
E4000451,U42875,logout,2026-04-10 23:29:50,2026-04-10,23,Web,1.0.0,SES32316,搜索,53.9
E4000452,U47439,share,2026-04-29 22:13:10,2026-04-29,22,iOS,1.3.0,SES51927,详情,9.1
E4000453,U46761,page_view,2026-04-21 18:11:43,2026-04-21,18,Android,1.0.0,SES94563,首页,1.8
E4000454,U28468,click,2026-04-17 19:40:09,2026-04-17,19,Web,1.0.0,SES65827,设置,27.2
E4000455,U1072,app_open,2026-04-14 00:08:26,2026-04-14,0,Android,1.3.0,SES98981,我的,20.7
E4000456,U38680,page_view,2026-04-06 10:18:58,2026-04-06,10,Web,1.1.0,SES87126,首页,32.9
E4000457,U11421,page_view,2026-04-11 04:40:33,2026-04-11,4,iOS,1.0.0,SES40852,我的,17.1
E4000458,U36419,logout,2026-04-17 07:46:47,2026-04-17,7,Android,1.2.0,SES32463,详情,51.0
E4000459,U32884,page_view,2026-04-18 18:52:46,2026-04-18,18,Web,1.3.0,SES75103,搜索,26.9
E4000460,U35210,app_open,2026-04-07 09:37:45,2026-04-07,9,Web,1.3.0,SES10157,搜索,37.4
E4000461,U47345,app_open,2026-04-18 05:16:56,2026-04-18,5,Web,1.2.0,SES73797,详情,7.5
E4000462,U7866,click,2026-04-10 12:47:31,2026-04-10,12,iOS,1.0.0,SES31304,设置,4.5
E4000463,U29403,logout,2026-04-30 20:16:27,2026-04-30,20,Web,1.3.0,SES58659,首页,39.9
E4000464,U13217,page_view,2026-04-29 09:03:49,2026-04-29,9,Android,1.0.0,SES21081,首页,8.0
E4000465,U21690,click,2026-04-22 06:13:30,2026-04-22,6,Web,1.3.0,SES54855,首页,11.5
E4000466,U17904,click,2026-04-16 23:34:18,2026-04-16,23,Web,1.2.0,SES80345,首页,20.1
E4000467,U26537,page_view,2026-04-23 19:31:54,2026-04-23,19,iOS,1.3.0,SES95707,我的,32.2
E4000468,U5938,app_open,2026-04-02 02:11:01,2026-04-02,2,iOS,1.2.0,SES15927,购物车,134.7
E4000469,U8167,purchase,2026-04-09 03:36:52,2026-04-09,3,iOS,1.0.0,SES98263,搜索,0.9
E4000470,U17057,page_view,2026-04-16 07:29:38,2026-04-16,7,Web,1.3.0,SES26094,详情,14.7
E4000471,U49385,app_open,2026-04-14 03:56:45,2026-04-14,3,Android,1.1.0,SES46943,详情,57.6
E4000472,U37896,app_open,2026-04-04 23:59:01,2026-04-04,23,iOS,1.3.0,SES33228,我的,3.4
E4000473,U31315,logout,2026-04-07 19:03:26,2026-04-07,19,Web,1.3.0,SES94652,首页,17.5
E4000474,U21037,app_open,2026-04-05 07:36:10,2026-04-05,7,Web,1.0.0,SES38368,搜索,1.0
E4000475,U20707,page_view,2026-04-13 04:49:02,2026-04-13,4,iOS,1.3.0,SES35617,搜索,32.7
E4000476,U16151,page_view,2026-04-02 22:47:12,2026-04-02,22,Android,1.3.0,SES54220,首页,34.8
E4000477,U3362,page_view,2026-04-30 11:36:29,2026-04-30,11,Web,1.3.0,SES48688,搜索,4.2
E4000478,U5000,register,2026-04-27 19:48:52,2026-04-27,19,Web,1.3.0,SES22958,详情,9.8
E4000479,U42449,page_view,2026-04-30 23:03:23,2026-04-30,23,iOS,1.2.0,SES73833,搜索,35.5
E4000480,U19695,search,2026-04-11 16:12:51,2026-04-11,16,Android,1.2.0,SES79049,搜索,4.0
E4000481,U20232,app_open,2026-04-03 16:58:44,2026-04-03,16,iOS,1.3.0,SES49262,首页,13.7
E4000482,U37231,app_open,2026-04-26 20:19:09,2026-04-26,20,iOS,1.1.0,SES42864,搜索,5.9
E4000483,U32115,app_open,2026-04-08 14:49:34,2026-04-08,14,Web,1.0.0,SES99209,搜索,82.4
E4000484,U33112,page_view,2026-04-14 15:32:41,2026-04-14,15,Android,1.3.0,SES12238,设置,15.9
E4000485,U25245,page_view,2026-04-05 19:13:10,2026-04-05,19,Android,1.0.0,SES66694,我的,18.0
E4000486,U24673,app_open,2026-04-17 03:32:09,2026-04-17,3,Web,1.2.0,SES19473,购物车,21.9
E4000487,U14343,app_open,2026-04-03 14:00:27,2026-04-03,14,Web,1.2.0,SES14294,我的,25.5
E4000488,U41988,app_open,2026-04-07 15:09:22,2026-04-07,15,Android,1.0.0,SES93510,首页,75.2
E4000489,U11498,page_view,2026-04-06 12:12:21,2026-04-06,12,Android,1.2.0,SES54604,搜索,22.5
E4000490,U29269,click,2026-04-30 16:44:22,2026-04-30,16,iOS,1.2.0,SES27171,我的,19.7
E4000491,U14306,page_view,2026-04-29 18:31:47,2026-04-29,18,Android,1.3.0,SES92787,详情,2.8
E4000492,U7623,click,2026-04-20 06:35:58,2026-04-20,6,Android,1.0.0,SES72741,搜索,15.0
E4000493,U48615,app_open,2026-04-04 13:20:31,2026-04-04,13,iOS,1.2.0,SES44624,购物车,37.0
E4000494,U3555,page_view,2026-04-19 10:00:49,2026-04-19,10,Android,1.2.0,SES46541,设置,20.9
E4000495,U14898,search,2026-04-06 13:47:14,2026-04-06,13,Web,1.1.0,SES81733,设置,1.1
E4000496,U41521,app_open,2026-04-04 00:55:43,2026-04-04,0,Android,1.1.0,SES58539,详情,11.9
E4000497,U18880,purchase,2026-04-30 19:16:08,2026-04-30,19,iOS,1.3.0,SES71183,我的,23.9
E4000498,U12011,app_open,2026-04-10 05:06:39,2026-04-10,5,Web,1.1.0,SES60664,首页,27.8
E4000499,U3034,page_view,2026-04-01 01:35:51,2026-04-01,1,iOS,1.0.0,SES70570,首页,15.4
E4000500,U41733,purchase,2026-04-12 13:25:51,2026-04-12,13,Web,1.3.0,SES29099,搜索,0.9
E4000501,U26491,click,2026-04-13 23:06:20,2026-04-13,23,iOS,1.3.0,SES69367,设置,1.6
E4000502,U27739,search,2026-04-21 12:00:43,2026-04-21,12,Web,1.1.0,SES60348,详情,30.1
E4000503,U47753,search,2026-04-20 01:56:41,2026-04-20,1,Android,1.2.0,SES27355,首页,29.6
E4000504,U10561,purchase,2026-04-17 17:29:58,2026-04-17,17,Android,1.0.0,SES59618,详情,76.0
E4000505,U14599,app_open,2026-04-09 14:30:26,2026-04-09,14,Web,1.1.0,SES90836,首页,5.5
E4000506,U36867,click,2026-04-23 19:05:07,2026-04-23,19,iOS,1.2.0,SES84275,设置,6.6
E4000507,U21278,page_view,2026-04-23 23:35:25,2026-04-23,23,iOS,1.1.0,SES98850,详情,25.3
E4000508,U27385,search,2026-04-21 23:41:13,2026-04-21,23,Web,1.2.0,SES41403,我的,0.7
E4000509,U24213,page_view,2026-04-07 06:37:40,2026-04-07,6,iOS,1.1.0,SES76008,搜索,22.2
E4000510,U40538,app_open,2026-04-08 23:06:19,2026-04-08,23,iOS,1.3.0,SES96572,搜索,22.7
E4000511,U6856,click,2026-04-07 01:31:24,2026-04-07,1,Android,1.0.0,SES51234,购物车,81.9
E4000512,U7829,page_view,2026-04-17 22:18:52,2026-04-17,22,Web,1.3.0,SES94498,设置,4.2
E4000513,U44156,app_open,2026-04-14 20:33:53,2026-04-14,20,Web,1.1.0,SES19582,我的,38.5
E4000514,U24858,search,2026-04-06 13:47:58,2026-04-06,13,Web,1.1.0,SES73456,设置,3.9
E4000515,U13524,page_view,2026-04-28 23:12:31,2026-04-28,23,Android,1.3.0,SES77286,详情,7.3
E4000516,U25522,click,2026-04-17 02:01:48,2026-04-17,2,Web,1.2.0,SES36104,搜索,39.9
E4000517,U8130,app_open,2026-04-22 16:09:33,2026-04-22,16,iOS,1.0.0,SES76731,详情,129.6
E4000518,U29926,click,2026-04-15 21:09:23,2026-04-15,21,iOS,1.1.0,SES36569,我的,21.8
E4000519,U16648,logout,2026-04-26 03:07:14,2026-04-26,3,Web,1.2.0,SES62392,搜索,13.5
E4000520,U16565,page_view,2026-04-06 16:16:26,2026-04-06,16,iOS,1.0.0,SES82913,搜索,11.9
E4000521,U26942,page_view,2026-04-18 14:23:51,2026-04-18,14,Android,1.1.0,SES10270,详情,45.1
E4000522,U8362,page_view,2026-04-29 17:00:02,2026-04-29,17,iOS,1.3.0,SES28476,首页,4.4
E4000523,U43108,click,2026-04-27 04:34:38,2026-04-27,4,Android,1.1.0,SES60476,我的,44.4
E4000524,U40462,page_view,2026-04-16 10:31:02,2026-04-16,10,Android,1.0.0,SES58023,详情,92.8
E4000525,U1340,page_view,2026-04-30 04:27:58,2026-04-30,4,Android,1.3.0,SES69325,我的,50.1
E4000526,U39780,page_view,2026-04-15 15:49:10,2026-04-15,15,iOS,1.2.0,SES31908,详情,1.2
E4000527,U26153,page_view,2026-04-19 21:51:52,2026-04-19,21,iOS,1.2.0,SES96731,详情,12.9
E4000528,U45071,logout,2026-04-17 07:06:30,2026-04-17,7,iOS,1.0.0,SES27077,设置,4.4
E4000529,U8646,click,2026-04-02 03:38:27,2026-04-02,3,Android,1.2.0,SES68880,首页,53.7
E4000530,U22221,search,2026-04-23 18:28:20,2026-04-23,18,iOS,1.0.0,SES74174,搜索,29.0
E4000531,U15390,search,2026-04-12 09:35:11,2026-04-12,9,iOS,1.0.0,SES95436,首页,45.9
E4000532,U10726,click,2026-04-15 16:48:51,2026-04-15,16,iOS,1.3.0,SES64227,详情,0.5
E4000533,U21019,purchase,2026-04-10 05:28:00,2026-04-10,5,Android,1.0.0,SES34961,设置,22.6
E4000534,U35120,page_view,2026-04-17 16:07:33,2026-04-17,16,iOS,1.0.0,SES58353,我的,3.5
E4000535,U29510,page_view,2026-04-25 11:40:28,2026-04-25,11,iOS,1.2.0,SES46066,详情,12.7
E4000536,U9141,page_view,2026-04-04 23:54:55,2026-04-04,23,Android,1.2.0,SES25944,详情,38.8
E4000537,U13827,app_open,2026-04-30 06:44:49,2026-04-30,6,Android,1.3.0,SES50756,我的,4.0
E4000538,U49332,share,2026-04-17 11:38:26,2026-04-17,11,Android,1.1.0,SES82006,购物车,3.7
E4000539,U9061,page_view,2026-04-26 04:04:30,2026-04-26,4,Android,1.3.0,SES85597,我的,5.4
E4000540,U10239,page_view,2026-04-17 04:45:14,2026-04-17,4,iOS,1.1.0,SES14172,详情,22.7
E4000541,U37462,logout,2026-04-16 09:37:08,2026-04-16,9,Web,1.1.0,SES37399,详情,6.5
E4000542,U16511,page_view,2026-04-09 17:06:18,2026-04-09,17,iOS,1.0.0,SES40531,搜索,46.5
E4000543,U39430,page_view,2026-04-17 20:53:14,2026-04-17,20,Android,1.0.0,SES97590,设置,25.6
E4000544,U17825,page_view,2026-04-04 22:12:15,2026-04-04,22,Web,1.0.0,SES81809,设置,28.7
E4000545,U15530,click,2026-04-30 04:09:39,2026-04-30,4,Web,1.1.0,SES33861,搜索,0.3
E4000546,U22717,click,2026-04-10 21:15:08,2026-04-10,21,Android,1.0.0,SES76855,我的,92.6
E4000547,U39276,page_view,2026-04-08 18:54:13,2026-04-08,18,Android,1.2.0,SES11849,详情,9.5
E4000548,U4904,page_view,2026-04-08 17:32:13,2026-04-08,17,iOS,1.2.0,SES60678,购物车,16.3
E4000549,U41996,click,2026-04-27 10:37:24,2026-04-27,10,iOS,1.1.0,SES24237,详情,3.2
E4000550,U31580,app_open,2026-04-26 02:25:40,2026-04-26,2,iOS,1.1.0,SES12589,我的,10.5
E4000551,U33480,app_open,2026-04-27 05:52:34,2026-04-27,5,Web,1.3.0,SES79362,我的,17.3
E4000552,U38688,click,2026-04-09 03:02:39,2026-04-09,3,iOS,1.0.0,SES58453,设置,1.6
E4000553,U15060,logout,2026-04-16 05:42:34,2026-04-16,5,Android,1.0.0,SES38113,首页,5.2
E4000554,U19102,page_view,2026-04-03 08:40:30,2026-04-03,8,iOS,1.0.0,SES97089,首页,4.4
E4000555,U15579,app_open,2026-04-21 02:28:29,2026-04-21,2,Android,1.2.0,SES14941,搜索,35.4
E4000556,U6075,page_view,2026-04-15 06:50:02,2026-04-15,6,Web,1.1.0,SES34101,我的,3.4
E4000557,U5965,app_open,2026-04-06 17:51:51,2026-04-06,17,Web,1.0.0,SES33750,我的,33.3
E4000558,U21840,page_view,2026-04-03 04:29:32,2026-04-03,4,iOS,1.2.0,SES10881,设置,87.8
E4000559,U42804,click,2026-04-05 19:43:09,2026-04-05,19,iOS,1.0.0,SES54523,首页,1.9
E4000560,U34924,click,2026-04-07 09:12:01,2026-04-07,9,Web,1.3.0,SES84851,设置,34.3
E4000561,U1079,click,2026-04-22 09:53:34,2026-04-22,9,iOS,1.0.0,SES17614,详情,0.7
E4000562,U42494,app_open,2026-04-26 01:28:45,2026-04-26,1,Web,1.2.0,SES11906,详情,114.3
E4000563,U26547,page_view,2026-04-03 15:01:25,2026-04-03,15,iOS,1.2.0,SES44693,设置,74.1
E4000564,U40060,click,2026-04-05 18:21:36,2026-04-05,18,Web,1.0.0,SES43895,购物车,131.0
E4000565,U48692,share,2026-04-17 02:05:14,2026-04-17,2,iOS,1.0.0,SES52326,购物车,18.9
E4000566,U14790,page_view,2026-04-05 21:47:58,2026-04-05,21,Web,1.3.0,SES28177,我的,3.9
E4000567,U24707,app_open,2026-04-04 16:32:40,2026-04-04,16,Android,1.1.0,SES16245,我的,64.1
E4000568,U14944,search,2026-04-18 04:27:32,2026-04-18,4,Web,1.3.0,SES11467,详情,9.4
E4000569,U34325,click,2026-04-15 17:20:35,2026-04-15,17,iOS,1.2.0,SES72303,我的,4.7
E4000570,U5310,page_view,2026-04-14 12:44:14,2026-04-14,12,Android,1.3.0,SES66080,搜索,17.9
E4000571,U20660,search,2026-04-22 06:26:00,2026-04-22,6,iOS,1.2.0,SES48912,首页,54.3
E4000572,U21384,purchase,2026-04-28 04:43:09,2026-04-28,4,iOS,1.2.0,SES97308,首页,65.0
E4000573,U21844,page_view,2026-04-03 17:18:08,2026-04-03,17,Android,1.3.0,SES61784,搜索,67.1
E4000574,U30283,app_open,2026-04-07 10:29:49,2026-04-07,10,Android,1.3.0,SES48207,我的,77.5
E4000575,U17171,page_view,2026-04-08 09:35:25,2026-04-08,9,Android,1.1.0,SES54871,搜索,4.4
E4000576,U25695,app_open,2026-04-22 02:48:45,2026-04-22,2,iOS,1.0.0,SES42480,详情,14.0
E4000577,U44649,app_open,2026-04-11 01:11:49,2026-04-11,1,Web,1.0.0,SES13155,购物车,39.7
E4000578,U13551,page_view,2026-04-06 04:55:04,2026-04-06,4,Web,1.3.0,SES94546,我的,32.9
E4000579,U28810,search,2026-04-30 16:33:00,2026-04-30,16,iOS,1.3.0,SES27175,详情,18.7
E4000580,U7059,click,2026-04-18 20:44:14,2026-04-18,20,iOS,1.0.0,SES15774,搜索,24.7
E4000581,U21153,app_open,2026-04-11 08:09:40,2026-04-11,8,Android,1.2.0,SES95641,购物车,142.0
E4000582,U4049,share,2026-04-01 14:47:16,2026-04-01,14,iOS,1.2.0,SES52525,搜索,41.6
E4000583,U9463,app_open,2026-04-02 05:56:33,2026-04-02,5,iOS,1.0.0,SES64472,详情,12.1
E4000584,U45505,page_view,2026-04-15 03:34:59,2026-04-15,3,Android,1.1.0,SES37742,搜索,64.5
E4000585,U32717,page_view,2026-04-18 21:48:34,2026-04-18,21,iOS,1.1.0,SES14931,首页,14.5
E4000586,U32885,click,2026-04-14 21:00:31,2026-04-14,21,Web,1.0.0,SES21643,详情,28.6
E4000587,U31040,page_view,2026-04-14 20:02:27,2026-04-14,20,Android,1.1.0,SES92747,首页,17.4
E4000588,U42265,app_open,2026-04-09 01:18:32,2026-04-09,1,Android,1.3.0,SES94646,首页,36.1
E4000589,U30631,page_view,2026-04-10 02:11:33,2026-04-10,2,Android,1.2.0,SES65596,我的,3.7
E4000590,U35444,click,2026-04-19 23:14:44,2026-04-19,23,Web,1.2.0,SES24159,购物车,4.9
E4000591,U1860,register,2026-04-30 19:16:01,2026-04-30,19,Android,1.1.0,SES95058,搜索,17.6
E4000592,U15689,page_view,2026-04-19 17:17:52,2026-04-19,17,iOS,1.3.0,SES71118,我的,68.2
E4000593,U37658,app_open,2026-04-10 05:31:14,2026-04-10,5,Android,1.2.0,SES75821,首页,52.4
E4000594,U24217,page_view,2026-04-26 07:02:52,2026-04-26,7,Web,1.3.0,SES40402,详情,58.2
E4000595,U2484,page_view,2026-04-19 09:20:53,2026-04-19,9,Web,1.1.0,SES26177,详情,15.3
E4000596,U28122,app_open,2026-04-17 08:26:02,2026-04-17,8,Web,1.2.0,SES98094,搜索,13.0
E4000597,U8049,page_view,2026-04-10 05:29:22,2026-04-10,5,Android,1.1.0,SES51094,设置,23.5
E4000598,U6982,page_view,2026-04-08 21:53:07,2026-04-08,21,iOS,1.0.0,SES13201,首页,37.3
E4000599,U21218,purchase,2026-04-22 00:38:35,2026-04-22,0,Android,1.3.0,SES48962,首页,45.6
E4000600,U40148,page_view,2026-04-20 16:55:28,2026-04-20,16,Android,1.0.0,SES83799,详情,1.8
E4000601,U16118,page_view,2026-04-07 04:55:24,2026-04-07,4,Android,1.3.0,SES90664,我的,27.0
E4000602,U19563,share,2026-04-29 13:22:29,2026-04-29,13,iOS,1.1.0,SES60116,购物车,51.5
E4000603,U36242,page_view,2026-04-17 16:40:47,2026-04-17,16,iOS,1.1.0,SES56014,搜索,20.2
E4000604,U45158,logout,2026-04-27 09:14:15,2026-04-27,9,iOS,1.0.0,SES94570,首页,0.9
E4000605,U38260,logout,2026-04-13 03:24:45,2026-04-13,3,Android,1.2.0,SES59877,购物车,72.4
E4000606,U29791,app_open,2026-04-09 01:54:56,2026-04-09,1,iOS,1.1.0,SES69510,详情,27.1
E4000607,U7343,purchase,2026-04-27 07:41:26,2026-04-27,7,Android,1.3.0,SES54676,首页,3.0
E4000608,U20570,search,2026-04-26 17:00:19,2026-04-26,17,iOS,1.1.0,SES23026,搜索,8.0
E4000609,U7721,click,2026-04-12 17:34:38,2026-04-12,17,Android,1.3.0,SES39234,搜索,59.3
E4000610,U5407,app_open,2026-04-23 18:08:30,2026-04-23,18,iOS,1.2.0,SES15327,首页,40.5
E4000611,U20466,search,2026-04-26 13:23:21,2026-04-26,13,Android,1.0.0,SES33545,我的,9.4
E4000612,U8695,page_view,2026-04-05 06:21:53,2026-04-05,6,iOS,1.3.0,SES27164,我的,55.3
E4000613,U41662,click,2026-04-20 08:46:04,2026-04-20,8,Web,1.3.0,SES71843,搜索,30.2
E4000614,U17961,search,2026-04-10 18:56:24,2026-04-10,18,iOS,1.1.0,SES63260,设置,27.2
E4000615,U33774,search,2026-04-13 05:15:31,2026-04-13,5,Web,1.3.0,SES70953,首页,44.8
E4000616,U25850,click,2026-04-03 08:20:01,2026-04-03,8,Web,1.0.0,SES12613,详情,5.4
E4000617,U29191,search,2026-04-29 08:46:24,2026-04-29,8,iOS,1.0.0,SES38344,首页,50.5
E4000618,U23385,app_open,2026-04-06 22:27:45,2026-04-06,22,Android,1.3.0,SES55676,设置,14.7
E4000619,U20310,search,2026-04-03 02:25:05,2026-04-03,2,iOS,1.2.0,SES82924,详情,31.7
E4000620,U17345,search,2026-04-08 13:48:20,2026-04-08,13,Web,1.3.0,SES26955,详情,14.5
E4000621,U44234,page_view,2026-04-19 16:22:07,2026-04-19,16,Android,1.0.0,SES35844,设置,24.5
E4000622,U19825,click,2026-04-19 14:38:21,2026-04-19,14,Android,1.2.0,SES88045,首页,0.4
E4000623,U24469,page_view,2026-04-20 12:37:58,2026-04-20,12,Web,1.3.0,SES34758,购物车,9.1
E4000624,U2097,click,2026-04-03 16:16:05,2026-04-03,16,Web,1.2.0,SES83270,首页,6.3
E4000625,U15203,share,2026-04-15 10:45:01,2026-04-15,10,Web,1.1.0,SES90724,详情,19.6
E4000626,U18568,share,2026-04-07 08:35:54,2026-04-07,8,iOS,1.1.0,SES11291,搜索,13.2
E4000627,U19429,purchase,2026-04-21 16:45:39,2026-04-21,16,Web,1.0.0,SES30113,详情,16.0
E4000628,U7478,click,2026-04-27 00:35:09,2026-04-27,0,Web,1.0.0,SES33979,详情,65.7
E4000629,U38345,search,2026-04-16 11:53:30,2026-04-16,11,Android,1.3.0,SES34418,详情,47.3
E4000630,U14841,click,2026-04-23 15:54:44,2026-04-23,15,Android,1.2.0,SES62513,我的,36.3
E4000631,U25605,page_view,2026-04-28 15:19:01,2026-04-28,15,Android,1.0.0,SES94338,搜索,22.7
E4000632,U15613,share,2026-04-22 00:57:51,2026-04-22,0,Web,1.1.0,SES47557,首页,3.9
E4000633,U37462,register,2026-04-11 01:02:51,2026-04-11,1,Android,1.3.0,SES73068,设置,26.9
E4000634,U32819,click,2026-04-06 15:31:43,2026-04-06,15,iOS,1.2.0,SES23562,搜索,107.3
E4000635,U30163,page_view,2026-04-22 06:09:41,2026-04-22,6,Android,1.3.0,SES32302,购物车,9.2
E4000636,U14565,page_view,2026-04-05 19:37:26,2026-04-05,19,Android,1.1.0,SES69050,详情,42.7
E4000637,U41210,search,2026-04-16 17:32:39,2026-04-16,17,Web,1.0.0,SES85654,我的,8.3
E4000638,U1447,logout,2026-04-17 13:04:39,2026-04-17,13,Android,1.2.0,SES12399,我的,41.5
E4000639,U36392,page_view,2026-04-09 23:31:13,2026-04-09,23,Android,1.2.0,SES67729,首页,21.4
E4000640,U31949,search,2026-04-06 22:28:43,2026-04-06,22,Android,1.1.0,SES26602,设置,78.2
E4000641,U13781,page_view,2026-04-04 18:01:46,2026-04-04,18,Web,1.3.0,SES35999,搜索,9.3
E4000642,U48048,page_view,2026-04-27 17:12:55,2026-04-27,17,Web,1.3.0,SES22513,购物车,44.9
E4000643,U20797,search,2026-04-21 20:30:06,2026-04-21,20,Android,1.3.0,SES94043,搜索,32.5
E4000644,U21494,purchase,2026-04-17 19:39:06,2026-04-17,19,Web,1.2.0,SES96207,首页,38.2
E4000645,U9992,page_view,2026-04-18 03:01:41,2026-04-18,3,iOS,1.2.0,SES41665,详情,16.9
E4000646,U39981,click,2026-04-30 19:48:44,2026-04-30,19,Web,1.1.0,SES69422,设置,29.6
E4000647,U36468,app_open,2026-04-01 18:31:05,2026-04-01,18,iOS,1.3.0,SES69583,我的,42.4
E4000648,U2450,app_open,2026-04-16 14:46:28,2026-04-16,14,Web,1.0.0,SES10532,购物车,37.0
E4000649,U46261,page_view,2026-04-07 02:57:58,2026-04-07,2,Android,1.2.0,SES71985,我的,58.8
E4000650,U29155,page_view,2026-04-07 09:50:57,2026-04-07,9,Android,1.3.0,SES92073,详情,12.0
E4000651,U4953,click,2026-04-23 00:44:43,2026-04-23,0,Android,1.2.0,SES90127,详情,27.2
E4000652,U23591,page_view,2026-04-21 23:40:30,2026-04-21,23,iOS,1.0.0,SES61089,设置,19.4
E4000653,U4188,click,2026-04-07 17:58:37,2026-04-07,17,Android,1.0.0,SES16429,设置,2.1
E4000654,U5865,share,2026-04-10 09:20:48,2026-04-10,9,Android,1.3.0,SES46394,我的,5.4
E4000655,U44133,page_view,2026-04-25 06:18:03,2026-04-25,6,Android,1.1.0,SES41067,详情,1.1
E4000656,U35092,app_open,2026-04-11 23:19:47,2026-04-11,23,Web,1.0.0,SES76488,详情,10.2
E4000657,U8252,logout,2026-04-26 08:55:36,2026-04-26,8,iOS,1.2.0,SES10145,我的,29.7
E4000658,U3020,page_view,2026-04-30 16:56:08,2026-04-30,16,iOS,1.3.0,SES16495,首页,20.3
E4000659,U2202,page_view,2026-04-11 18:33:10,2026-04-11,18,Web,1.2.0,SES29629,我的,28.2
E4000660,U19105,app_open,2026-04-01 12:37:08,2026-04-01,12,Web,1.3.0,SES97702,首页,229.1
E4000661,U10071,page_view,2026-04-06 03:22:38,2026-04-06,3,iOS,1.1.0,SES96090,首页,3.9
E4000662,U9719,click,2026-04-11 17:35:53,2026-04-11,17,iOS,1.3.0,SES56799,我的,24.7
E4000663,U16830,click,2026-04-10 01:08:52,2026-04-10,1,Web,1.3.0,SES35090,详情,38.4
E4000664,U22556,search,2026-04-28 21:49:03,2026-04-28,21,iOS,1.0.0,SES69841,设置,16.2
E4000665,U13071,page_view,2026-04-20 08:43:06,2026-04-20,8,Web,1.3.0,SES39381,我的,2.1
E4000666,U21306,page_view,2026-04-01 23:34:29,2026-04-01,23,Android,1.0.0,SES21488,购物车,35.9
E4000667,U36252,page_view,2026-04-04 03:41:31,2026-04-04,3,Web,1.0.0,SES91087,我的,10.3
E4000668,U11050,register,2026-04-16 00:13:55,2026-04-16,0,Android,1.2.0,SES58790,设置,5.4
E4000669,U10287,page_view,2026-04-06 11:26:33,2026-04-06,11,Android,1.1.0,SES30468,首页,58.1
E4000670,U16153,click,2026-04-26 03:40:08,2026-04-26,3,Android,1.3.0,SES74550,我的,2.1
E4000671,U30588,page_view,2026-04-04 12:12:15,2026-04-04,12,iOS,1.0.0,SES78013,详情,0.3
E4000672,U5440,click,2026-04-02 18:30:15,2026-04-02,18,Web,1.0.0,SES56612,设置,17.3
E4000673,U3370,page_view,2026-04-13 20:42:45,2026-04-13,20,iOS,1.1.0,SES54833,我的,19.3
E4000674,U1109,page_view,2026-04-24 00:23:00,2026-04-24,0,Android,1.2.0,SES16317,我的,18.3
E4000675,U18324,page_view,2026-04-15 21:37:19,2026-04-15,21,iOS,1.0.0,SES19378,设置,11.1
E4000676,U12228,app_open,2026-04-13 08:36:07,2026-04-13,8,iOS,1.3.0,SES60298,我的,54.6
E4000677,U25436,page_view,2026-04-17 10:49:28,2026-04-17,10,Web,1.1.0,SES39547,设置,14.5
E4000678,U35534,search,2026-04-07 08:06:34,2026-04-07,8,Android,1.1.0,SES96663,设置,14.9
E4000679,U41429,page_view,2026-04-16 07:38:14,2026-04-16,7,iOS,1.1.0,SES79575,设置,47.1
E4000680,U1036,page_view,2026-04-30 03:18:15,2026-04-30,3,Android,1.1.0,SES92477,购物车,36.9
E4000681,U38082,page_view,2026-04-28 11:19:05,2026-04-28,11,Android,1.0.0,SES43930,首页,22.9
E4000682,U19721,register,2026-04-08 12:42:51,2026-04-08,12,iOS,1.1.0,SES96196,购物车,28.7
E4000683,U6488,purchase,2026-04-19 14:43:26,2026-04-19,14,iOS,1.2.0,SES37868,我的,2.0
E4000684,U5269,logout,2026-04-22 04:23:46,2026-04-22,4,iOS,1.0.0,SES25596,搜索,8.2
E4000685,U20160,app_open,2026-04-24 10:39:36,2026-04-24,10,iOS,1.3.0,SES77993,详情,19.9
E4000686,U47063,app_open,2026-04-06 19:54:17,2026-04-06,19,iOS,1.2.0,SES49963,搜索,29.4
E4000687,U9186,app_open,2026-04-04 01:43:36,2026-04-04,1,Android,1.1.0,SES65544,设置,19.4
E4000688,U36116,share,2026-04-12 18:23:59,2026-04-12,18,iOS,1.2.0,SES29394,我的,8.2
E4000689,U23368,click,2026-04-01 12:00:27,2026-04-01,12,Web,1.0.0,SES71104,我的,32.9
E4000690,U46140,search,2026-04-22 18:59:00,2026-04-22,18,Web,1.0.0,SES56565,首页,5.7
E4000691,U48728,page_view,2026-04-24 00:45:59,2026-04-24,0,iOS,1.0.0,SES80801,搜索,59.4
E4000692,U5113,click,2026-04-20 19:18:26,2026-04-20,19,iOS,1.2.0,SES11201,设置,3.1
E4000693,U10473,click,2026-04-17 12:07:13,2026-04-17,12,iOS,1.1.0,SES42188,详情,0.5
E4000694,U10146,share,2026-04-21 11:32:44,2026-04-21,11,Web,1.1.0,SES33954,详情,64.1
E4000695,U28993,page_view,2026-04-23 22:16:35,2026-04-23,22,iOS,1.0.0,SES30485,搜索,2.5
E4000696,U1288,page_view,2026-04-29 00:36:16,2026-04-29,0,Web,1.3.0,SES27396,搜索,10.9
E4000697,U2829,click,2026-04-19 23:30:59,2026-04-19,23,Web,1.1.0,SES94816,搜索,29.8
E4000698,U25380,page_view,2026-04-24 10:08:56,2026-04-24,10,Android,1.1.0,SES13060,设置,13.9
E4000699,U29590,app_open,2026-04-30 09:46:58,2026-04-30,9,iOS,1.3.0,SES23182,购物车,4.8
E4000700,U9436,page_view,2026-04-04 15:18:07,2026-04-04,15,iOS,1.0.0,SES22896,首页,20.1
E4000701,U7515,page_view,2026-04-12 22:27:27,2026-04-12,22,Android,1.1.0,SES51600,设置,18.0
E4000702,U49203,click,2026-04-04 22:56:08,2026-04-04,22,iOS,1.2.0,SES66457,详情,36.5
E4000703,U33354,search,2026-04-30 19:02:23,2026-04-30,19,Web,1.0.0,SES44486,详情,66.9
E4000704,U30711,search,2026-04-10 07:24:54,2026-04-10,7,Android,1.2.0,SES48458,我的,104.0
E4000705,U35839,page_view,2026-04-08 09:31:39,2026-04-08,9,Web,1.0.0,SES44207,详情,24.3
E4000706,U41999,purchase,2026-04-26 08:21:09,2026-04-26,8,iOS,1.3.0,SES33442,设置,24.3
E4000707,U38589,click,2026-04-11 22:36:31,2026-04-11,22,iOS,1.1.0,SES55550,购物车,3.7
E4000708,U29237,search,2026-04-20 08:13:42,2026-04-20,8,Web,1.2.0,SES33900,首页,26.7
E4000709,U28107,app_open,2026-04-24 12:53:37,2026-04-24,12,Android,1.3.0,SES17762,设置,20.8
E4000710,U37527,app_open,2026-04-21 02:28:56,2026-04-21,2,Web,1.2.0,SES92776,购物车,12.4
E4000711,U16400,click,2026-04-28 14:32:00,2026-04-28,14,Android,1.0.0,SES68565,详情,83.8
E4000712,U38516,click,2026-04-01 22:55:06,2026-04-01,22,Android,1.2.0,SES26674,购物车,20.1
E4000713,U48756,purchase,2026-04-16 01:53:01,2026-04-16,1,Android,1.3.0,SES99768,搜索,33.9
E4000714,U38509,search,2026-04-15 20:49:22,2026-04-15,20,Web,1.3.0,SES92471,我的,4.9
E4000715,U6844,page_view,2026-04-28 22:20:13,2026-04-28,22,Android,1.3.0,SES43234,首页,18.0
E4000716,U19291,logout,2026-04-09 15:52:28,2026-04-09,15,Android,1.1.0,SES29809,详情,7.6
E4000717,U43371,page_view,2026-04-27 05:19:59,2026-04-27,5,Web,1.1.0,SES83542,详情,49.4
E4000718,U10106,search,2026-04-25 05:49:25,2026-04-25,5,Web,1.2.0,SES63689,搜索,7.1
E4000719,U6676,click,2026-04-02 05:09:25,2026-04-02,5,iOS,1.0.0,SES28327,设置,4.6
E4000720,U13938,click,2026-04-15 15:36:04,2026-04-15,15,Android,1.2.0,SES23660,首页,23.1
E4000721,U42421,page_view,2026-04-27 03:34:47,2026-04-27,3,Android,1.3.0,SES59357,首页,3.6
E4000722,U9826,page_view,2026-04-09 22:30:16,2026-04-09,22,Android,1.1.0,SES85778,购物车,77.4
E4000723,U20644,search,2026-04-04 06:39:41,2026-04-04,6,Web,1.1.0,SES30869,设置,53.6
E4000724,U8750,search,2026-04-02 10:58:32,2026-04-02,10,Android,1.0.0,SES80400,首页,3.7
E4000725,U3428,page_view,2026-04-24 17:07:06,2026-04-24,17,Android,1.1.0,SES47909,我的,2.9
E4000726,U33203,click,2026-04-20 13:24:07,2026-04-20,13,Web,1.0.0,SES87906,购物车,29.9
E4000727,U33433,app_open,2026-04-15 20:04:00,2026-04-15,20,Web,1.3.0,SES75902,搜索,13.8
E4000728,U27089,click,2026-04-12 15:59:53,2026-04-12,15,iOS,1.0.0,SES76358,首页,23.8
E4000729,U43568,click,2026-04-11 08:59:25,2026-04-11,8,Android,1.2.0,SES26255,搜索,32.3
E4000730,U43276,click,2026-04-30 12:17:15,2026-04-30,12,Android,1.3.0,SES94751,购物车,4.7
E4000731,U1376,logout,2026-04-12 00:29:23,2026-04-12,0,Web,1.0.0,SES12203,搜索,13.0
E4000732,U17613,app_open,2026-04-23 04:48:25,2026-04-23,4,Web,1.1.0,SES58311,详情,7.1
E4000733,U42091,search,2026-04-11 23:30:33,2026-04-11,23,iOS,1.2.0,SES64192,我的,44.3
E4000734,U41537,page_view,2026-04-10 12:27:17,2026-04-10,12,iOS,1.0.0,SES81592,我的,6.9
E4000735,U19988,search,2026-04-03 15:56:37,2026-04-03,15,Android,1.1.0,SES74519,设置,8.7
E4000736,U6297,app_open,2026-04-24 10:38:58,2026-04-24,10,Web,1.3.0,SES99833,首页,5.1
E4000737,U26452,app_open,2026-04-29 07:41:37,2026-04-29,7,iOS,1.2.0,SES84126,首页,9.6
E4000738,U37490,search,2026-04-18 14:17:47,2026-04-18,14,iOS,1.0.0,SES62508,详情,14.3
E4000739,U46089,share,2026-04-02 02:38:12,2026-04-02,2,Web,1.0.0,SES30349,首页,8.5
E4000740,U11199,purchase,2026-04-08 11:53:54,2026-04-08,11,iOS,1.1.0,SES29859,搜索,48.2
E4000741,U43439,page_view,2026-04-02 13:10:03,2026-04-02,13,Android,1.1.0,SES66922,详情,8.7
E4000742,U49140,click,2026-04-06 00:06:31,2026-04-06,0,iOS,1.1.0,SES36051,我的,49.8
E4000743,U47194,app_open,2026-04-12 08:00:34,2026-04-12,8,Web,1.0.0,SES98131,购物车,43.0
E4000744,U41798,page_view,2026-04-14 14:14:04,2026-04-14,14,iOS,1.0.0,SES39447,购物车,24.2
E4000745,U7777,click,2026-04-29 04:04:10,2026-04-29,4,Android,1.3.0,SES90166,设置,11.4
E4000746,U32446,page_view,2026-04-08 14:41:57,2026-04-08,14,Web,1.2.0,SES85804,购物车,16.0
E4000747,U37275,page_view,2026-04-03 23:52:01,2026-04-03,23,iOS,1.2.0,SES33751,首页,1.8
E4000748,U22710,page_view,2026-04-25 20:42:52,2026-04-25,20,Web,1.3.0,SES52696,详情,34.0
E4000749,U16282,page_view,2026-04-06 21:26:01,2026-04-06,21,Web,1.2.0,SES55163,设置,13.7
E4000750,U13504,page_view,2026-04-03 17:21:15,2026-04-03,17,iOS,1.3.0,SES91508,首页,276.2
E4000751,U48451,page_view,2026-04-22 06:34:43,2026-04-22,6,Android,1.1.0,SES56171,搜索,71.8
E4000752,U37184,page_view,2026-04-28 13:38:58,2026-04-28,13,Web,1.0.0,SES48046,详情,9.5
E4000753,U45209,page_view,2026-04-04 17:23:26,2026-04-04,17,Android,1.0.0,SES65548,首页,1.0
E4000754,U32534,click,2026-04-11 05:18:04,2026-04-11,5,Android,1.1.0,SES51729,我的,49.1
E4000755,U45661,logout,2026-04-03 01:54:41,2026-04-03,1,Android,1.3.0,SES79553,购物车,18.5
E4000756,U32805,search,2026-04-28 14:02:03,2026-04-28,14,Android,1.1.0,SES57437,设置,45.0
E4000757,U39338,app_open,2026-04-28 14:26:34,2026-04-28,14,Web,1.1.0,SES17490,购物车,7.9
E4000758,U8906,share,2026-04-16 09:44:48,2026-04-16,9,Android,1.1.0,SES16557,我的,29.0
E4000759,U36281,page_view,2026-04-15 03:31:27,2026-04-15,3,Android,1.2.0,SES13224,设置,0.4
E4000760,U1453,search,2026-04-27 01:10:16,2026-04-27,1,iOS,1.2.0,SES94126,我的,41.3
E4000761,U14343,logout,2026-04-13 14:37:28,2026-04-13,14,Web,1.0.0,SES26635,设置,15.9
E4000762,U1086,page_view,2026-04-29 15:42:05,2026-04-29,15,Web,1.3.0,SES13260,设置,142.0
E4000763,U47485,app_open,2026-04-21 23:52:12,2026-04-21,23,Android,1.3.0,SES36304,搜索,1.2
E4000764,U24049,click,2026-04-18 00:09:49,2026-04-18,0,Web,1.2.0,SES53878,详情,31.8
E4000765,U1727,logout,2026-04-03 01:02:43,2026-04-03,1,iOS,1.1.0,SES51722,设置,29.5
E4000766,U12967,purchase,2026-04-12 05:35:58,2026-04-12,5,Web,1.3.0,SES24195,首页,17.3
E4000767,U45620,page_view,2026-04-26 22:09:23,2026-04-26,22,iOS,1.1.0,SES27082,搜索,38.4
E4000768,U25370,app_open,2026-04-25 03:35:41,2026-04-25,3,iOS,1.3.0,SES77993,搜索,37.4
E4000769,U43312,app_open,2026-04-25 14:23:43,2026-04-25,14,iOS,1.0.0,SES59266,首页,1.4
E4000770,U5235,click,2026-04-20 00:09:48,2026-04-20,0,Android,1.0.0,SES99180,详情,18.0
E4000771,U20141,click,2026-04-18 14:15:36,2026-04-18,14,Android,1.0.0,SES33009,购物车,17.5
E4000772,U39228,page_view,2026-04-16 02:54:26,2026-04-16,2,iOS,1.0.0,SES58876,我的,5.8
E4000773,U14516,page_view,2026-04-22 04:54:32,2026-04-22,4,Android,1.0.0,SES24275,首页,19.6
E4000774,U3841,page_view,2026-04-21 01:11:30,2026-04-21,1,iOS,1.1.0,SES29616,购物车,11.1
E4000775,U46273,share,2026-04-26 07:38:23,2026-04-26,7,Web,1.0.0,SES37757,购物车,5.3
E4000776,U17926,app_open,2026-04-22 11:15:35,2026-04-22,11,Web,1.0.0,SES92851,设置,3.6
E4000777,U44060,page_view,2026-04-30 00:50:29,2026-04-30,0,iOS,1.2.0,SES74962,详情,26.2
E4000778,U41381,page_view,2026-04-07 12:06:26,2026-04-07,12,Web,1.2.0,SES49477,搜索,24.6
E4000779,U26963,app_open,2026-04-16 09:35:05,2026-04-16,9,iOS,1.0.0,SES77373,我的,82.8
E4000780,U17594,page_view,2026-04-01 20:40:15,2026-04-01,20,iOS,1.0.0,SES88423,详情,35.3
E4000781,U26070,click,2026-04-30 18:41:41,2026-04-30,18,iOS,1.0.0,SES91085,我的,59.1
E4000782,U11341,register,2026-04-14 17:11:14,2026-04-14,17,Web,1.1.0,SES44467,设置,76.8
E4000783,U16130,page_view,2026-04-12 15:35:40,2026-04-12,15,iOS,1.3.0,SES72827,我的,40.2
E4000784,U25433,logout,2026-04-07 15:44:08,2026-04-07,15,iOS,1.2.0,SES44545,购物车,2.2
E4000785,U26996,page_view,2026-04-09 10:55:58,2026-04-09,10,Web,1.0.0,SES42876,我的,29.7
E4000786,U5563,app_open,2026-04-01 20:33:50,2026-04-01,20,Web,1.0.0,SES31730,购物车,24.0
E4000787,U4222,search,2026-04-11 16:34:45,2026-04-11,16,iOS,1.3.0,SES89208,设置,8.6
E4000788,U8445,click,2026-04-14 13:17:21,2026-04-14,13,iOS,1.1.0,SES33408,详情,109.8
E4000789,U37543,page_view,2026-04-20 18:15:26,2026-04-20,18,Web,1.3.0,SES21816,购物车,50.9
E4000790,U36138,app_open,2026-04-20 18:44:30,2026-04-20,18,Android,1.1.0,SES70025,购物车,63.9
E4000791,U16680,page_view,2026-04-21 16:22:40,2026-04-21,16,Android,1.1.0,SES59714,我的,25.9
E4000792,U35156,app_open,2026-04-07 05:55:24,2026-04-07,5,Web,1.2.0,SES35894,设置,46.9
E4000793,U48009,page_view,2026-04-08 21:13:03,2026-04-08,21,iOS,1.3.0,SES83472,详情,29.4
E4000794,U22592,app_open,2026-04-30 08:37:50,2026-04-30,8,iOS,1.1.0,SES20221,详情,11.4
E4000795,U7653,page_view,2026-04-28 22:37:04,2026-04-28,22,Web,1.3.0,SES59232,购物车,7.7
E4000796,U32726,search,2026-04-27 11:25:25,2026-04-27,11,Android,1.1.0,SES17422,首页,8.4
E4000797,U37497,search,2026-04-14 06:25:07,2026-04-14,6,Web,1.2.0,SES34399,我的,33.4
E4000798,U21621,search,2026-04-16 10:04:19,2026-04-16,10,Web,1.2.0,SES92710,我的,5.2
E4000799,U47205,share,2026-04-16 16:22:16,2026-04-16,16,Android,1.2.0,SES98113,详情,19.4
E4000800,U27244,app_open,2026-04-08 21:50:11,2026-04-08,21,iOS,1.0.0,SES14845,购物车,1.2
E4000801,U22836,page_view,2026-04-02 16:52:47,2026-04-02,16,Android,1.0.0,SES79909,我的,26.0
E4000802,U21933,click,2026-04-28 03:40:25,2026-04-28,3,Android,1.1.0,SES32694,搜索,52.8
E4000803,U49743,register,2026-04-05 18:34:39,2026-04-05,18,iOS,1.0.0,SES15912,搜索,9.7
E4000804,U33619,logout,2026-04-06 22:12:17,2026-04-06,22,iOS,1.3.0,SES91018,搜索,34.4
E4000805,U38782,page_view,2026-04-30 00:18:45,2026-04-30,0,Web,1.2.0,SES55368,购物车,11.5
E4000806,U8142,app_open,2026-04-05 08:28:52,2026-04-05,8,Web,1.1.0,SES23598,购物车,6.9
E4000807,U40480,app_open,2026-04-17 19:41:52,2026-04-17,19,Android,1.0.0,SES44746,详情,29.8
E4000808,U46858,logout,2026-04-14 18:47:45,2026-04-14,18,iOS,1.3.0,SES72810,我的,19.5
E4000809,U10822,click,2026-04-22 22:23:02,2026-04-22,22,Web,1.3.0,SES28261,设置,14.3
E4000810,U41619,search,2026-04-26 13:25:13,2026-04-26,13,Web,1.3.0,SES25240,我的,41.5
E4000811,U2359,click,2026-04-30 23:28:55,2026-04-30,23,Web,1.2.0,SES32097,设置,5.7
E4000812,U11602,app_open,2026-04-03 05:06:39,2026-04-03,5,Android,1.3.0,SES30074,我的,73.6
E4000813,U48879,app_open,2026-04-04 04:43:47,2026-04-04,4,Web,1.2.0,SES98920,我的,52.3
E4000814,U23057,page_view,2026-04-11 03:06:57,2026-04-11,3,iOS,1.1.0,SES83293,购物车,16.5
E4000815,U29290,logout,2026-04-22 09:48:08,2026-04-22,9,Android,1.1.0,SES75424,首页,131.0
E4000816,U44094,click,2026-04-04 09:12:00,2026-04-04,9,Web,1.1.0,SES75861,购物车,21.5
E4000817,U17335,search,2026-04-30 22:53:20,2026-04-30,22,Android,1.0.0,SES93250,首页,12.8
E4000818,U11344,page_view,2026-04-29 09:39:11,2026-04-29,9,iOS,1.3.0,SES22966,首页,8.9
E4000819,U37968,click,2026-04-15 08:25:31,2026-04-15,8,iOS,1.1.0,SES67200,购物车,12.8
E4000820,U38689,share,2026-04-27 03:25:57,2026-04-27,3,iOS,1.0.0,SES97796,首页,34.8
E4000821,U38891,click,2026-04-17 13:13:46,2026-04-17,13,iOS,1.0.0,SES19980,设置,76.4
E4000822,U22298,app_open,2026-04-23 18:12:07,2026-04-23,18,Android,1.2.0,SES72475,设置,10.7
E4000823,U39878,logout,2026-04-19 05:27:26,2026-04-19,5,iOS,1.1.0,SES42375,设置,13.5
E4000824,U18143,page_view,2026-04-20 00:15:02,2026-04-20,0,Android,1.0.0,SES28359,详情,47.4
E4000825,U44321,search,2026-04-16 04:00:17,2026-04-16,4,Web,1.3.0,SES75424,首页,40.9
E4000826,U2303,page_view,2026-04-10 23:02:44,2026-04-10,23,iOS,1.0.0,SES28774,购物车,7.8
E4000827,U41301,app_open,2026-04-09 13:12:36,2026-04-09,13,Web,1.2.0,SES69139,搜索,16.9
E4000828,U9287,click,2026-04-20 19:24:16,2026-04-20,19,Web,1.3.0,SES16512,购物车,20.8
E4000829,U26093,page_view,2026-04-10 04:30:19,2026-04-10,4,Web,1.1.0,SES81716,购物车,18.4
E4000830,U44939,purchase,2026-04-02 00:43:04,2026-04-02,0,Web,1.0.0,SES61859,我的,17.0
E4000831,U40026,search,2026-04-21 21:41:18,2026-04-21,21,Android,1.3.0,SES49848,设置,9.6
E4000832,U2642,click,2026-04-09 12:44:01,2026-04-09,12,iOS,1.3.0,SES56192,首页,13.4
E4000833,U8006,app_open,2026-04-25 13:52:36,2026-04-25,13,Android,1.0.0,SES14758,我的,6.7
E4000834,U36933,app_open,2026-04-11 23:27:10,2026-04-11,23,iOS,1.3.0,SES83096,首页,3.0
E4000835,U43354,page_view,2026-04-03 18:08:45,2026-04-03,18,Android,1.2.0,SES49110,详情,2.9
E4000836,U11248,register,2026-04-30 12:08:10,2026-04-30,12,Web,1.3.0,SES93522,购物车,25.6
E4000837,U4993,page_view,2026-04-01 04:51:58,2026-04-01,4,Android,1.0.0,SES44961,首页,7.0
E4000838,U29488,page_view,2026-04-25 14:24:16,2026-04-25,14,iOS,1.2.0,SES62560,我的,57.5
E4000839,U16244,page_view,2026-04-13 13:27:07,2026-04-13,13,iOS,1.0.0,SES67090,搜索,22.4
E4000840,U28144,share,2026-04-30 08:27:15,2026-04-30,8,Web,1.1.0,SES60187,首页,2.8
E4000841,U22703,app_open,2026-04-12 14:43:14,2026-04-12,14,iOS,1.1.0,SES16114,设置,77.6
E4000842,U8805,click,2026-04-09 19:20:57,2026-04-09,19,Web,1.1.0,SES96180,购物车,38.8
E4000843,U9909,app_open,2026-04-16 01:39:07,2026-04-16,1,iOS,1.2.0,SES81803,购物车,2.2
E4000844,U9131,app_open,2026-04-29 02:32:17,2026-04-29,2,Android,1.1.0,SES42704,首页,32.4
E4000845,U45510,page_view,2026-04-05 21:42:23,2026-04-05,21,iOS,1.1.0,SES11543,设置,0.1
E4000846,U32759,app_open,2026-04-03 20:43:26,2026-04-03,20,Web,1.1.0,SES48686,购物车,47.7
E4000847,U40757,page_view,2026-04-05 04:47:25,2026-04-05,4,Android,1.2.0,SES14280,购物车,18.2
E4000848,U38038,page_view,2026-04-22 01:37:27,2026-04-22,1,iOS,1.1.0,SES15183,设置,0.8
E4000849,U38857,app_open,2026-04-21 07:32:54,2026-04-21,7,Android,1.1.0,SES26156,设置,31.3
E4000850,U19298,search,2026-04-18 13:06:31,2026-04-18,13,Web,1.1.0,SES20666,详情,89.6
E4000851,U4058,share,2026-04-28 04:06:31,2026-04-28,4,Android,1.3.0,SES24251,详情,14.3
E4000852,U23760,click,2026-04-05 20:15:05,2026-04-05,20,iOS,1.1.0,SES84226,我的,89.6
E4000853,U37786,app_open,2026-04-08 09:18:45,2026-04-08,9,Web,1.2.0,SES92500,设置,14.6
E4000854,U45234,click,2026-04-02 20:12:25,2026-04-02,20,iOS,1.2.0,SES46602,搜索,68.7
E4000855,U3153,app_open,2026-04-05 08:23:26,2026-04-05,8,iOS,1.3.0,SES91306,购物车,14.8
E4000856,U10066,page_view,2026-04-08 19:58:32,2026-04-08,19,Android,1.0.0,SES42172,购物车,123.6
E4000857,U12938,app_open,2026-04-06 00:10:39,2026-04-06,0,Android,1.2.0,SES94165,首页,78.3
E4000858,U30911,page_view,2026-04-07 03:21:30,2026-04-07,3,iOS,1.3.0,SES49071,设置,37.4
E4000859,U24207,app_open,2026-04-10 02:51:06,2026-04-10,2,Android,1.0.0,SES83966,首页,19.9
E4000860,U39938,page_view,2026-04-09 14:39:59,2026-04-09,14,iOS,1.1.0,SES27986,购物车,15.3
E4000861,U3475,click,2026-04-24 16:18:55,2026-04-24,16,Web,1.3.0,SES56126,搜索,55.8
E4000862,U19122,app_open,2026-04-22 22:19:47,2026-04-22,22,Android,1.0.0,SES19553,设置,17.7
E4000863,U24330,page_view,2026-04-16 22:06:06,2026-04-16,22,Android,1.0.0,SES59662,我的,17.7
E4000864,U7839,page_view,2026-04-08 19:42:06,2026-04-08,19,iOS,1.3.0,SES95439,搜索,37.7
E4000865,U19170,click,2026-04-30 22:08:39,2026-04-30,22,iOS,1.2.0,SES33703,搜索,33.3
E4000866,U28158,click,2026-04-08 09:05:39,2026-04-08,9,Android,1.3.0,SES42922,首页,3.8
E4000867,U11797,search,2026-04-08 12:36:38,2026-04-08,12,Web,1.1.0,SES98678,设置,6.3
E4000868,U8421,page_view,2026-04-21 21:25:00,2026-04-21,21,Android,1.0.0,SES16039,设置,12.8
E4000869,U5535,share,2026-04-26 13:26:36,2026-04-26,13,Android,1.1.0,SES72142,购物车,20.0
E4000870,U26092,page_view,2026-04-01 15:30:04,2026-04-01,15,Android,1.2.0,SES42066,我的,26.4
E4000871,U32704,click,2026-04-24 17:35:03,2026-04-24,17,Web,1.3.0,SES80495,我的,119.1
E4000872,U37159,page_view,2026-04-05 21:00:14,2026-04-05,21,Web,1.3.0,SES95949,搜索,23.0
E4000873,U6121,app_open,2026-04-21 09:12:08,2026-04-21,9,Android,1.3.0,SES31715,首页,8.5
E4000874,U43718,page_view,2026-04-24 14:13:52,2026-04-24,14,iOS,1.0.0,SES88421,首页,51.0
E4000875,U17010,share,2026-04-29 23:11:34,2026-04-29,23,Android,1.1.0,SES65680,搜索,8.6
E4000876,U35562,page_view,2026-04-12 23:14:48,2026-04-12,23,iOS,1.3.0,SES33729,我的,13.0
E4000877,U18879,page_view,2026-04-05 08:24:54,2026-04-05,8,Web,1.3.0,SES74422,首页,17.3
E4000878,U43479,page_view,2026-04-24 09:34:34,2026-04-24,9,iOS,1.2.0,SES71287,购物车,2.6
E4000879,U17787,click,2026-04-24 13:29:00,2026-04-24,13,Android,1.2.0,SES22102,详情,50.8
E4000880,U4126,app_open,2026-04-03 03:26:23,2026-04-03,3,Android,1.1.0,SES65268,购物车,1.7
E4000881,U5757,search,2026-04-04 15:10:29,2026-04-04,15,Web,1.1.0,SES62773,我的,16.9
E4000882,U49522,click,2026-04-20 11:41:30,2026-04-20,11,Web,1.3.0,SES74504,首页,93.8
E4000883,U9943,click,2026-04-23 10:32:33,2026-04-23,10,Web,1.0.0,SES98488,首页,24.2
E4000884,U28574,page_view,2026-04-18 23:18:12,2026-04-18,23,Web,1.1.0,SES11780,设置,77.5
E4000885,U17249,page_view,2026-04-03 02:55:37,2026-04-03,2,Web,1.1.0,SES66308,购物车,35.9
E4000886,U6874,purchase,2026-04-02 06:42:21,2026-04-02,6,Android,1.2.0,SES31449,设置,20.5
E4000887,U13704,page_view,2026-04-21 20:50:48,2026-04-21,20,Web,1.3.0,SES91752,购物车,68.9
E4000888,U45842,page_view,2026-04-19 12:46:14,2026-04-19,12,Android,1.0.0,SES94550,首页,4.5
E4000889,U43787,app_open,2026-04-08 22:12:52,2026-04-08,22,Android,1.2.0,SES97116,我的,16.0
E4000890,U49106,app_open,2026-04-12 02:31:35,2026-04-12,2,Android,1.3.0,SES50462,购物车,17.7
E4000891,U38408,logout,2026-04-07 02:39:08,2026-04-07,2,Web,1.3.0,SES71435,我的,57.6
E4000892,U33573,purchase,2026-04-03 00:03:53,2026-04-03,0,Web,1.2.0,SES34512,首页,34.0
E4000893,U23654,app_open,2026-04-11 07:50:25,2026-04-11,7,Web,1.2.0,SES26543,详情,10.1
E4000894,U14903,page_view,2026-04-10 08:35:43,2026-04-10,8,Web,1.3.0,SES66462,详情,180.7
E4000895,U25275,page_view,2026-04-18 06:33:22,2026-04-18,6,iOS,1.1.0,SES58648,首页,17.2
E4000896,U14644,page_view,2026-04-09 09:03:46,2026-04-09,9,Web,1.3.0,SES91500,搜索,1.2
E4000897,U36443,search,2026-04-28 13:07:49,2026-04-28,13,Web,1.0.0,SES81339,购物车,35.3
E4000898,U28875,page_view,2026-04-10 21:29:21,2026-04-10,21,iOS,1.3.0,SES17355,详情,75.0
E4000899,U4296,page_view,2026-04-24 06:59:21,2026-04-24,6,Web,1.2.0,SES99721,设置,50.4
E4000900,U32401,register,2026-04-23 21:29:13,2026-04-23,21,Android,1.3.0,SES74265,搜索,5.1
E4000901,U40544,page_view,2026-04-06 10:21:53,2026-04-06,10,Android,1.0.0,SES87726,购物车,106.3
E4000902,U2339,search,2026-04-24 09:16:12,2026-04-24,9,Android,1.3.0,SES19880,购物车,17.2
E4000903,U11523,app_open,2026-04-22 05:53:48,2026-04-22,5,Android,1.1.0,SES76301,购物车,29.6
E4000904,U21143,app_open,2026-04-11 04:41:47,2026-04-11,4,iOS,1.1.0,SES36991,设置,4.0
E4000905,U28460,logout,2026-04-04 19:11:16,2026-04-04,19,iOS,1.2.0,SES20088,首页,5.0
E4000906,U28240,page_view,2026-04-20 05:03:30,2026-04-20,5,iOS,1.3.0,SES68265,设置,47.1
E4000907,U13635,click,2026-04-06 03:38:37,2026-04-06,3,Android,1.2.0,SES96044,设置,43.2
E4000908,U24059,search,2026-04-13 14:59:11,2026-04-13,14,iOS,1.2.0,SES88754,我的,30.2
E4000909,U9511,register,2026-04-15 01:23:35,2026-04-15,1,iOS,1.0.0,SES78064,设置,22.1
E4000910,U34668,page_view,2026-04-08 20:02:05,2026-04-08,20,Web,1.2.0,SES56225,首页,19.2
E4000911,U48208,page_view,2026-04-19 10:24:38,2026-04-19,10,Web,1.2.0,SES59533,设置,83.8
E4000912,U35936,logout,2026-04-18 04:00:52,2026-04-18,4,iOS,1.1.0,SES24672,搜索,53.4
E4000913,U27912,click,2026-04-09 07:56:53,2026-04-09,7,iOS,1.3.0,SES93197,设置,29.7
E4000914,U28888,click,2026-04-23 05:17:39,2026-04-23,5,Web,1.3.0,SES89722,详情,33.4
E4000915,U18387,search,2026-04-17 09:22:38,2026-04-17,9,iOS,1.0.0,SES56049,详情,50.0
E4000916,U40596,page_view,2026-04-15 11:19:02,2026-04-15,11,iOS,1.3.0,SES43559,购物车,26.5
E4000917,U11769,click,2026-04-17 02:35:45,2026-04-17,2,Android,1.0.0,SES18763,首页,16.2
E4000918,U25937,click,2026-04-08 20:23:35,2026-04-08,20,Android,1.3.0,SES46224,设置,8.4
E4000919,U48278,page_view,2026-04-26 22:44:46,2026-04-26,22,Android,1.2.0,SES36129,首页,28.0
E4000920,U11209,app_open,2026-04-02 11:01:17,2026-04-02,11,Web,1.0.0,SES51432,详情,8.5
E4000921,U33597,click,2026-04-08 09:36:43,2026-04-08,9,iOS,1.1.0,SES30175,详情,10.8
E4000922,U30667,page_view,2026-04-16 16:33:58,2026-04-16,16,Android,1.0.0,SES58990,首页,2.9
E4000923,U37978,page_view,2026-04-16 15:34:08,2026-04-16,15,Web,1.1.0,SES31244,搜索,12.6
E4000924,U1814,click,2026-04-30 10:47:42,2026-04-30,10,Web,1.0.0,SES62411,设置,11.6
E4000925,U5608,app_open,2026-04-15 04:46:27,2026-04-15,4,Web,1.2.0,SES99681,搜索,100.1
E4000926,U14980,purchase,2026-04-23 06:14:18,2026-04-23,6,Web,1.2.0,SES24903,详情,3.2
E4000927,U42578,page_view,2026-04-09 03:59:16,2026-04-09,3,Android,1.1.0,SES45107,搜索,6.4
E4000928,U23179,app_open,2026-04-03 17:29:21,2026-04-03,17,iOS,1.0.0,SES98947,设置,18.7
E4000929,U3637,purchase,2026-04-04 13:54:21,2026-04-04,13,iOS,1.1.0,SES34721,详情,61.5
E4000930,U1028,app_open,2026-04-08 02:30:28,2026-04-08,2,Web,1.2.0,SES55940,首页,9.7
E4000931,U41929,page_view,2026-04-15 00:22:05,2026-04-15,0,iOS,1.2.0,SES92625,设置,41.9
E4000932,U44535,purchase,2026-04-14 23:32:10,2026-04-14,23,iOS,1.0.0,SES56000,搜索,16.7
E4000933,U1012,app_open,2026-04-10 17:46:45,2026-04-10,17,Android,1.2.0,SES31854,购物车,45.2
E4000934,U45605,app_open,2026-04-06 06:36:22,2026-04-06,6,Android,1.1.0,SES37425,搜索,12.9
E4000935,U44286,purchase,2026-04-30 17:46:19,2026-04-30,17,Android,1.1.0,SES48729,设置,6.0
E4000936,U40436,register,2026-04-10 23:41:20,2026-04-10,23,Web,1.2.0,SES94861,详情,1.8
E4000937,U11661,share,2026-04-12 13:21:40,2026-04-12,13,iOS,1.2.0,SES81654,购物车,53.3
E4000938,U45414,page_view,2026-04-18 10:36:33,2026-04-18,10,iOS,1.0.0,SES47301,首页,11.2
E4000939,U37813,page_view,2026-04-19 15:54:52,2026-04-19,15,Android,1.1.0,SES44143,设置,11.6
E4000940,U10480,click,2026-04-04 02:02:18,2026-04-04,2,Web,1.3.0,SES23766,购物车,6.1
E4000941,U5025,app_open,2026-04-16 08:03:51,2026-04-16,8,iOS,1.2.0,SES47739,搜索,32.5
E4000942,U9595,app_open,2026-04-05 17:11:25,2026-04-05,17,Web,1.1.0,SES21588,我的,26.8
E4000943,U11277,app_open,2026-04-15 20:40:10,2026-04-15,20,Android,1.1.0,SES23615,设置,18.5
E4000944,U11676,app_open,2026-04-29 02:41:03,2026-04-29,2,iOS,1.1.0,SES26503,详情,58.6
E4000945,U8566,click,2026-04-27 17:24:04,2026-04-27,17,iOS,1.2.0,SES77589,详情,8.9
E4000946,U1598,click,2026-04-22 19:56:05,2026-04-22,19,iOS,1.1.0,SES81918,搜索,9.2
E4000947,U18784,page_view,2026-04-26 15:15:01,2026-04-26,15,iOS,1.2.0,SES31823,购物车,42.9
E4000948,U44853,page_view,2026-04-13 00:35:04,2026-04-13,0,Android,1.1.0,SES62613,购物车,14.0
E4000949,U10074,app_open,2026-04-29 01:24:57,2026-04-29,1,Android,1.0.0,SES13081,搜索,28.4
E4000950,U32073,page_view,2026-04-15 08:08:47,2026-04-15,8,iOS,1.0.0,SES49537,我的,23.2
E4000951,U40024,page_view,2026-04-17 17:53:58,2026-04-17,17,iOS,1.0.0,SES69262,详情,10.1
E4000952,U23847,logout,2026-04-14 14:31:13,2026-04-14,14,Android,1.1.0,SES64861,详情,11.6
E4000953,U4718,page_view,2026-04-22 10:35:33,2026-04-22,10,Android,1.2.0,SES98518,首页,43.1
E4000954,U6803,click,2026-04-19 07:12:11,2026-04-19,7,Web,1.2.0,SES24137,我的,103.9
E4000955,U32114,search,2026-04-19 13:26:58,2026-04-19,13,Web,1.3.0,SES10546,我的,6.7
E4000956,U1035,app_open,2026-04-24 08:49:23,2026-04-24,8,Web,1.2.0,SES38704,搜索,8.3
E4000957,U5834,app_open,2026-04-05 12:21:56,2026-04-05,12,iOS,1.2.0,SES94175,购物车,4.1
E4000958,U46032,click,2026-04-04 03:16:36,2026-04-04,3,iOS,1.0.0,SES45742,设置,56.7
E4000959,U40682,logout,2026-04-06 05:37:11,2026-04-06,5,Web,1.3.0,SES59193,设置,25.7
E4000960,U4339,search,2026-04-19 22:01:20,2026-04-19,22,Android,1.1.0,SES16806,购物车,87.2
E4000961,U8481,search,2026-04-03 18:30:20,2026-04-03,18,Web,1.3.0,SES75801,设置,64.7
E4000962,U32756,logout,2026-04-21 08:03:24,2026-04-21,8,Web,1.2.0,SES72730,首页,24.8
E4000963,U4952,page_view,2026-04-24 01:54:49,2026-04-24,1,Web,1.0.0,SES54663,搜索,21.0
E4000964,U35726,page_view,2026-04-25 04:15:19,2026-04-25,4,Android,1.1.0,SES18897,搜索,34.6
E4000965,U36497,purchase,2026-04-12 12:06:59,2026-04-12,12,Android,1.0.0,SES52202,购物车,22.4
E4000966,U33452,click,2026-04-07 21:38:47,2026-04-07,21,Web,1.1.0,SES29847,我的,3.2
E4000967,U36833,page_view,2026-04-28 05:39:34,2026-04-28,5,Web,1.0.0,SES53651,首页,5.5
E4000968,U33189,app_open,2026-04-22 04:34:31,2026-04-22,4,Web,1.1.0,SES88268,首页,18.0
E4000969,U8236,app_open,2026-04-20 08:42:12,2026-04-20,8,Web,1.0.0,SES69097,搜索,77.9
E4000970,U40747,page_view,2026-04-02 05:38:07,2026-04-02,5,Web,1.2.0,SES68093,购物车,60.8
E4000971,U43880,click,2026-04-06 23:28:37,2026-04-06,23,Web,1.0.0,SES93706,搜索,59.8
E4000972,U35299,share,2026-04-20 22:36:09,2026-04-20,22,iOS,1.1.0,SES65809,详情,9.5
E4000973,U12187,search,2026-04-24 13:24:51,2026-04-24,13,iOS,1.1.0,SES84147,我的,8.4
E4000974,U47884,app_open,2026-04-24 22:01:58,2026-04-24,22,Web,1.0.0,SES72036,详情,3.1
E4000975,U42872,search,2026-04-10 02:11:28,2026-04-10,2,Web,1.2.0,SES42708,搜索,24.2
E4000976,U41519,logout,2026-04-23 06:07:59,2026-04-23,6,Android,1.1.0,SES74379,首页,26.0
E4000977,U12198,search,2026-04-30 12:56:18,2026-04-30,12,Android,1.0.0,SES82614,设置,46.6
E4000978,U2606,page_view,2026-04-01 06:03:06,2026-04-01,6,iOS,1.2.0,SES66471,我的,18.1
E4000979,U36210,page_view,2026-04-15 02:04:41,2026-04-15,2,Android,1.3.0,SES56513,我的,10.0
E4000980,U37276,click,2026-04-10 23:10:50,2026-04-10,23,iOS,1.3.0,SES86759,我的,1.0
E4000981,U46039,click,2026-04-23 11:15:56,2026-04-23,11,Web,1.3.0,SES16253,我的,4.9
E4000982,U38195,page_view,2026-04-02 21:39:09,2026-04-02,21,iOS,1.3.0,SES88058,我的,14.5
E4000983,U12197,app_open,2026-04-27 00:02:51,2026-04-27,0,Android,1.1.0,SES85350,首页,12.5
E4000984,U29560,app_open,2026-04-10 13:04:18,2026-04-10,13,Web,1.2.0,SES17933,首页,18.9
E4000985,U45627,page_view,2026-04-12 03:22:55,2026-04-12,3,iOS,1.1.0,SES94436,详情,22.5
E4000986,U32496,page_view,2026-04-25 14:54:24,2026-04-25,14,Android,1.3.0,SES49677,购物车,17.9
E4000987,U23447,search,2026-04-11 11:36:20,2026-04-11,11,iOS,1.2.0,SES67574,购物车,2.6
E4000988,U37000,app_open,2026-04-11 10:28:30,2026-04-11,10,Android,1.0.0,SES64916,我的,10.1
E4000989,U12385,page_view,2026-04-04 09:23:12,2026-04-04,9,iOS,1.1.0,SES88534,设置,10.6
E4000990,U26657,page_view,2026-04-01 08:31:08,2026-04-01,8,Web,1.2.0,SES32345,我的,69.2
E4000991,U5931,page_view,2026-04-30 03:20:18,2026-04-30,3,Web,1.0.0,SES39177,详情,7.2
E4000992,U18789,click,2026-04-25 17:32:52,2026-04-25,17,Android,1.3.0,SES28816,购物车,125.5
E4000993,U23534,page_view,2026-04-07 12:57:04,2026-04-07,12,iOS,1.2.0,SES89603,设置,31.3
E4000994,U16641,click,2026-04-01 22:43:56,2026-04-01,22,iOS,1.0.0,SES20790,我的,6.1
E4000995,U22200,search,2026-04-08 20:09:12,2026-04-08,20,iOS,1.2.0,SES67956,搜索,59.2
E4000996,U5718,page_view,2026-04-06 20:09:42,2026-04-06,20,Android,1.2.0,SES81244,购物车,2.3
E4000997,U23939,search,2026-04-01 03:06:05,2026-04-01,3,iOS,1.2.0,SES55489,首页,13.2
E4000998,U13312,app_open,2026-04-02 05:30:05,2026-04-02,5,Android,1.1.0,SES63454,搜索,51.2
E4000999,U49154,click,2026-04-14 15:18:31,2026-04-14,15,iOS,1.2.0,SES39090,购物车,19.1
E4001000,U26126,click,2026-04-30 21:20:06,2026-04-30,21,Android,1.3.0,SES91821,设置,47.3
E4001001,U11158,click,2026-04-02 08:04:34,2026-04-02,8,Web,1.0.0,SES83725,首页,38.9
E4001002,U48097,logout,2026-04-25 20:27:51,2026-04-25,20,Android,1.0.0,SES64100,设置,13.6
E4001003,U22202,page_view,2026-04-04 03:13:01,2026-04-04,3,Android,1.0.0,SES36402,首页,34.4
E4001004,U44297,page_view,2026-04-10 15:36:33,2026-04-10,15,Android,1.2.0,SES21426,首页,1.8
E4001005,U46011,page_view,2026-04-30 09:52:19,2026-04-30,9,Web,1.3.0,SES82753,我的,18.9
E4001006,U28762,page_view,2026-04-15 15:39:28,2026-04-15,15,iOS,1.0.0,SES12656,设置,77.8
E4001007,U45807,page_view,2026-04-18 15:29:18,2026-04-18,15,iOS,1.1.0,SES37318,设置,11.7
E4001008,U48336,page_view,2026-04-15 00:12:47,2026-04-15,0,Web,1.3.0,SES32967,搜索,33.9
E4001009,U29504,app_open,2026-04-27 11:32:00,2026-04-27,11,Web,1.3.0,SES25649,搜索,4.7
E4001010,U46561,app_open,2026-04-05 08:12:09,2026-04-05,8,Web,1.2.0,SES98297,首页,0.2
E4001011,U38502,click,2026-04-03 03:56:03,2026-04-03,3,Android,1.3.0,SES22062,设置,23.4
E4001012,U38673,page_view,2026-04-22 09:01:38,2026-04-22,9,Web,1.1.0,SES34484,首页,39.2
E4001013,U4632,page_view,2026-04-08 00:35:10,2026-04-08,0,Web,1.2.0,SES73349,详情,122.6
E4001014,U36022,share,2026-04-22 13:46:58,2026-04-22,13,iOS,1.0.0,SES18284,首页,6.6
E4001015,U29121,page_view,2026-04-13 06:44:28,2026-04-13,6,Android,1.2.0,SES74740,搜索,27.1
E4001016,U26202,share,2026-04-07 06:54:24,2026-04-07,6,iOS,1.1.0,SES85966,购物车,30.8
E4001017,U16923,app_open,2026-04-26 05:27:32,2026-04-26,5,Android,1.1.0,SES64409,搜索,87.9
E4001018,U42481,logout,2026-04-25 19:17:42,2026-04-25,19,iOS,1.0.0,SES89172,购物车,9.8
E4001019,U9032,click,2026-04-06 03:04:19,2026-04-06,3,Web,1.2.0,SES30586,首页,2.8
E4001020,U1315,page_view,2026-04-09 07:41:18,2026-04-09,7,Web,1.1.0,SES10556,我的,35.1
E4001021,U22325,click,2026-04-05 20:21:43,2026-04-05,20,Web,1.1.0,SES24058,详情,14.3
E4001022,U5513,app_open,2026-04-02 07:08:53,2026-04-02,7,Web,1.0.0,SES58886,首页,42.2
E4001023,U27304,page_view,2026-04-08 19:38:51,2026-04-08,19,Android,1.0.0,SES72050,首页,19.5
E4001024,U35832,click,2026-04-20 07:12:33,2026-04-20,7,Web,1.0.0,SES20696,我的,16.0
E4001025,U49235,page_view,2026-04-16 19:23:48,2026-04-16,19,Android,1.3.0,SES14721,搜索,38.2
E4001026,U26564,page_view,2026-04-17 12:37:34,2026-04-17,12,Web,1.3.0,SES45506,我的,71.4
E4001027,U27696,page_view,2026-04-19 05:05:15,2026-04-19,5,Web,1.3.0,SES11402,首页,48.5
E4001028,U12781,page_view,2026-04-01 17:03:42,2026-04-01,17,iOS,1.3.0,SES18060,首页,66.7
E4001029,U43207,page_view,2026-04-11 10:21:36,2026-04-11,10,Web,1.0.0,SES89475,首页,23.9
E4001030,U18184,search,2026-04-30 17:27:16,2026-04-30,17,Android,1.2.0,SES65346,详情,12.8
E4001031,U40005,page_view,2026-04-10 19:33:12,2026-04-10,19,iOS,1.1.0,SES73635,购物车,38.6
E4001032,U46770,click,2026-04-16 17:28:52,2026-04-16,17,Web,1.1.0,SES63261,购物车,12.0
E4001033,U1919,page_view,2026-04-25 22:12:59,2026-04-25,22,Web,1.1.0,SES84879,详情,5.8
E4001034,U15315,app_open,2026-04-12 19:38:21,2026-04-12,19,Web,1.2.0,SES72856,设置,12.0
E4001035,U4085,page_view,2026-04-24 01:05:14,2026-04-24,1,Web,1.0.0,SES54840,购物车,6.7
E4001036,U9045,page_view,2026-04-30 13:32:17,2026-04-30,13,Web,1.2.0,SES63136,我的,9.1
E4001037,U44634,app_open,2026-04-18 11:36:00,2026-04-18,11,iOS,1.2.0,SES78339,购物车,62.2
E4001038,U16829,logout,2026-04-10 01:17:17,2026-04-10,1,Android,1.2.0,SES45214,详情,61.6
E4001039,U49747,logout,2026-04-30 20:09:30,2026-04-30,20,iOS,1.2.0,SES13171,搜索,45.9
E4001040,U5104,page_view,2026-04-04 07:53:43,2026-04-04,7,Android,1.0.0,SES33859,详情,26.4
E4001041,U44708,search,2026-04-11 14:13:25,2026-04-11,14,Android,1.3.0,SES63295,首页,13.8
E4001042,U29193,click,2026-04-19 15:54:10,2026-04-19,15,Android,1.2.0,SES11027,详情,1.6
E4001043,U46705,page_view,2026-04-06 08:17:30,2026-04-06,8,Web,1.2.0,SES18182,详情,36.2
E4001044,U14272,register,2026-04-30 04:11:05,2026-04-30,4,iOS,1.3.0,SES12451,设置,35.0
E4001045,U18360,page_view,2026-04-03 23:57:17,2026-04-03,23,Web,1.0.0,SES68404,购物车,34.9
E4001046,U3757,search,2026-04-05 15:14:11,2026-04-05,15,Web,1.1.0,SES56881,首页,1.9
E4001047,U44544,search,2026-04-02 08:13:28,2026-04-02,8,iOS,1.1.0,SES63860,设置,19.1
E4001048,U44404,page_view,2026-04-19 16:25:19,2026-04-19,16,iOS,1.2.0,SES21503,购物车,87.8
E4001049,U24941,click,2026-04-27 05:45:26,2026-04-27,5,Android,1.0.0,SES74213,搜索,23.0
E4001050,U12363,register,2026-04-25 23:32:30,2026-04-25,23,iOS,1.1.0,SES64933,首页,28.4
E4001051,U42553,app_open,2026-04-07 18:53:09,2026-04-07,18,Android,1.2.0,SES88828,设置,7.5
E4001052,U38356,app_open,2026-04-29 03:54:27,2026-04-29,3,iOS,1.3.0,SES76811,详情,20.4
E4001053,U45519,logout,2026-04-13 03:14:28,2026-04-13,3,Android,1.0.0,SES35988,详情,23.0
E4001054,U33489,page_view,2026-04-29 19:57:33,2026-04-29,19,Web,1.0.0,SES69084,详情,7.0
E4001055,U47620,app_open,2026-04-18 16:20:19,2026-04-18,16,Android,1.2.0,SES26518,详情,2.8
E4001056,U4262,search,2026-04-28 07:16:22,2026-04-28,7,Android,1.0.0,SES85820,详情,51.4
E4001057,U6926,page_view,2026-04-02 04:22:05,2026-04-02,4,Web,1.1.0,SES81337,我的,6.1
E4001058,U4980,page_view,2026-04-01 09:08:45,2026-04-01,9,iOS,1.0.0,SES14797,购物车,50.4
E4001059,U2252,app_open,2026-04-15 12:41:29,2026-04-15,12,Android,1.2.0,SES66969,购物车,3.5
E4001060,U23700,logout,2026-04-26 20:22:15,2026-04-26,20,Android,1.2.0,SES69874,首页,16.5
E4001061,U25172,logout,2026-04-16 18:34:06,2026-04-16,18,Android,1.2.0,SES87447,设置,47.2
E4001062,U6022,page_view,2026-04-12 02:13:45,2026-04-12,2,Web,1.1.0,SES63326,购物车,81.5
E4001063,U24378,page_view,2026-04-27 04:35:35,2026-04-27,4,Android,1.1.0,SES76985,购物车,18.3
E4001064,U23387,share,2026-04-02 09:09:56,2026-04-02,9,iOS,1.1.0,SES96022,我的,21.4
E4001065,U33737,app_open,2026-04-16 17:13:12,2026-04-16,17,Android,1.0.0,SES15727,详情,5.0
E4001066,U25691,page_view,2026-04-24 17:52:06,2026-04-24,17,iOS,1.2.0,SES11956,详情,44.0
E4001067,U31897,click,2026-04-08 02:30:41,2026-04-08,2,Android,1.0.0,SES17641,我的,105.7
E4001068,U43688,logout,2026-04-19 12:35:52,2026-04-19,12,Android,1.3.0,SES67589,设置,23.8
E4001069,U46110,app_open,2026-04-21 11:43:52,2026-04-21,11,Android,1.1.0,SES19252,设置,37.6
E4001070,U21656,register,2026-04-20 14:06:07,2026-04-20,14,Web,1.1.0,SES63687,搜索,89.1
E4001071,U24405,click,2026-04-12 07:57:48,2026-04-12,7,Web,1.2.0,SES26283,详情,49.3
E4001072,U15757,search,2026-04-23 14:39:45,2026-04-23,14,Android,1.3.0,SES89789,搜索,128.6
E4001073,U36606,purchase,2026-04-19 07:13:36,2026-04-19,7,Web,1.0.0,SES38926,首页,36.1
E4001074,U41548,purchase,2026-04-02 01:43:28,2026-04-02,1,Web,1.1.0,SES31696,详情,9.1
E4001075,U8668,click,2026-04-08 13:20:09,2026-04-08,13,Android,1.3.0,SES55373,搜索,22.3
E4001076,U34335,page_view,2026-04-18 22:11:31,2026-04-18,22,Android,1.0.0,SES28921,详情,4.6
E4001077,U37292,purchase,2026-04-20 20:01:19,2026-04-20,20,Android,1.0.0,SES58701,详情,11.8
E4001078,U46726,page_view,2026-04-18 22:05:07,2026-04-18,22,Android,1.2.0,SES98977,搜索,29.2
E4001079,U36682,click,2026-04-01 09:37:03,2026-04-01,9,Android,1.2.0,SES20196,购物车,11.0
E4001080,U8314,register,2026-04-26 20:24:25,2026-04-26,20,Web,1.3.0,SES91729,设置,94.9
E4001081,U25683,page_view,2026-04-21 20:17:05,2026-04-21,20,Android,1.3.0,SES12965,详情,22.1
E4001082,U5791,click,2026-04-10 16:39:56,2026-04-10,16,Web,1.0.0,SES44316,首页,3.7
E4001083,U41835,app_open,2026-04-21 04:56:40,2026-04-21,4,iOS,1.0.0,SES33770,详情,0.5
E4001084,U21202,page_view,2026-04-16 05:43:16,2026-04-16,5,iOS,1.2.0,SES35913,详情,0.7
E4001085,U39918,page_view,2026-04-29 15:08:48,2026-04-29,15,Web,1.1.0,SES77761,首页,23.3
E4001086,U30904,share,2026-04-22 07:18:51,2026-04-22,7,Android,1.0.0,SES30135,购物车,25.4
E4001087,U12928,page_view,2026-04-06 12:26:06,2026-04-06,12,iOS,1.0.0,SES11207,详情,7.0
E4001088,U38326,page_view,2026-04-04 12:57:54,2026-04-04,12,Web,1.3.0,SES24655,搜索,83.8
E4001089,U6638,click,2026-04-02 18:06:32,2026-04-02,18,Web,1.3.0,SES93505,首页,30.6
E4001090,U20243,page_view,2026-04-10 20:32:29,2026-04-10,20,Web,1.2.0,SES42304,购物车,3.3
E4001091,U30472,page_view,2026-04-20 18:11:50,2026-04-20,18,iOS,1.0.0,SES52328,详情,58.7
E4001092,U5396,click,2026-04-15 05:23:02,2026-04-15,5,Android,1.0.0,SES45251,我的,24.9
E4001093,U44137,page_view,2026-04-23 20:50:27,2026-04-23,20,Android,1.0.0,SES33644,设置,11.2
E4001094,U21481,click,2026-04-04 12:08:36,2026-04-04,12,Web,1.3.0,SES70244,搜索,27.6
E4001095,U11084,page_view,2026-04-05 06:32:57,2026-04-05,6,Android,1.2.0,SES35689,设置,44.0
E4001096,U37259,share,2026-04-11 07:42:39,2026-04-11,7,iOS,1.3.0,SES66534,设置,13.1
E4001097,U37135,click,2026-04-10 12:41:03,2026-04-10,12,Android,1.2.0,SES34602,设置,1.2
E4001098,U19178,app_open,2026-04-10 18:25:10,2026-04-10,18,iOS,1.2.0,SES21316,设置,43.0
E4001099,U44859,page_view,2026-04-05 00:19:43,2026-04-05,0,Web,1.3.0,SES25790,首页,5.4
E4001100,U41657,app_open,2026-04-17 13:36:02,2026-04-17,13,Web,1.2.0,SES45002,我的,66.1
E4001101,U4632,click,2026-04-04 17:41:21,2026-04-04,17,Android,1.1.0,SES34285,我的,1.4
E4001102,U39269,click,2026-04-02 21:01:01,2026-04-02,21,Android,1.2.0,SES16481,我的,9.0
E4001103,U16869,app_open,2026-04-28 18:10:05,2026-04-28,18,Android,1.1.0,SES40284,详情,56.0
E4001104,U20208,app_open,2026-04-01 06:48:54,2026-04-01,6,Android,1.1.0,SES95861,设置,3.5
E4001105,U33476,page_view,2026-04-01 08:13:55,2026-04-01,8,Web,1.1.0,SES31654,搜索,66.6
E4001106,U41119,page_view,2026-04-07 12:43:29,2026-04-07,12,Android,1.3.0,SES88230,详情,115.0
E4001107,U26449,app_open,2026-04-22 10:43:27,2026-04-22,10,Android,1.0.0,SES48725,设置,21.6
E4001108,U8434,page_view,2026-04-17 12:19:14,2026-04-17,12,Android,1.1.0,SES44258,搜索,36.8
E4001109,U22316,page_view,2026-04-03 21:29:53,2026-04-03,21,Android,1.2.0,SES41740,详情,15.2
E4001110,U46427,app_open,2026-04-12 23:49:33,2026-04-12,23,iOS,1.3.0,SES46944,设置,85.9
E4001111,U18691,app_open,2026-04-02 15:51:49,2026-04-02,15,Android,1.2.0,SES94316,购物车,12.3
E4001112,U38822,search,2026-04-19 20:37:25,2026-04-19,20,Web,1.3.0,SES53295,购物车,11.0
E4001113,U37800,click,2026-04-22 15:35:30,2026-04-22,15,Web,1.2.0,SES37262,我的,6.5
E4001114,U14566,page_view,2026-04-27 17:18:43,2026-04-27,17,Web,1.1.0,SES65837,我的,37.9
E4001115,U11036,purchase,2026-04-05 16:22:44,2026-04-05,16,Android,1.1.0,SES29491,首页,9.9
E4001116,U3758,page_view,2026-04-20 02:02:16,2026-04-20,2,Web,1.3.0,SES31817,详情,63.0
E4001117,U18737,click,2026-04-19 10:09:16,2026-04-19,10,Web,1.1.0,SES99935,搜索,53.7
E4001118,U17412,app_open,2026-04-02 17:49:23,2026-04-02,17,Web,1.0.0,SES32016,详情,68.1
E4001119,U40717,search,2026-04-25 10:33:27,2026-04-25,10,Android,1.2.0,SES19786,我的,8.2
E4001120,U34636,register,2026-04-29 16:18:24,2026-04-29,16,Web,1.0.0,SES15737,设置,6.5
E4001121,U27469,page_view,2026-04-25 01:28:07,2026-04-25,1,iOS,1.0.0,SES29769,购物车,28.4
E4001122,U34418,search,2026-04-18 16:40:25,2026-04-18,16,Android,1.0.0,SES14167,设置,15.9
E4001123,U14397,logout,2026-04-10 13:22:45,2026-04-10,13,Android,1.1.0,SES25481,我的,5.2
E4001124,U34271,app_open,2026-04-13 10:04:02,2026-04-13,10,iOS,1.1.0,SES81528,购物车,10.1
E4001125,U30728,logout,2026-04-18 18:25:25,2026-04-18,18,Android,1.0.0,SES19346,我的,24.2
E4001126,U8132,page_view,2026-04-05 11:03:00,2026-04-05,11,iOS,1.2.0,SES68587,搜索,74.9
E4001127,U21489,click,2026-04-05 08:12:23,2026-04-05,8,iOS,1.2.0,SES36535,首页,84.0
E4001128,U15495,click,2026-04-17 02:42:26,2026-04-17,2,iOS,1.1.0,SES32645,搜索,5.5
E4001129,U43219,click,2026-04-07 20:40:10,2026-04-07,20,iOS,1.2.0,SES13022,购物车,4.9
E4001130,U47620,page_view,2026-04-06 08:57:45,2026-04-06,8,Android,1.3.0,SES70494,购物车,3.2
E4001131,U10787,page_view,2026-04-06 12:20:16,2026-04-06,12,Web,1.1.0,SES19401,详情,13.0
E4001132,U3046,page_view,2026-04-14 00:37:44,2026-04-14,0,iOS,1.3.0,SES57146,购物车,1.3
E4001133,U16344,click,2026-04-10 22:26:41,2026-04-10,22,Android,1.0.0,SES97629,我的,27.9
E4001134,U25957,page_view,2026-04-27 01:57:21,2026-04-27,1,iOS,1.2.0,SES54480,设置,1.4
E4001135,U4455,page_view,2026-04-07 20:49:31,2026-04-07,20,Web,1.2.0,SES52281,搜索,97.9
E4001136,U36774,click,2026-04-03 06:50:19,2026-04-03,6,Web,1.1.0,SES25717,我的,37.4
E4001137,U18682,page_view,2026-04-17 03:16:42,2026-04-17,3,Web,1.1.0,SES63058,购物车,22.8
E4001138,U2991,app_open,2026-04-18 09:58:41,2026-04-18,9,Web,1.0.0,SES79486,购物车,1.2
E4001139,U18196,page_view,2026-04-30 04:04:10,2026-04-30,4,iOS,1.0.0,SES67720,我的,73.3
E4001140,U27697,app_open,2026-04-10 22:22:03,2026-04-10,22,iOS,1.1.0,SES53035,详情,1.3
E4001141,U12591,page_view,2026-04-09 03:51:58,2026-04-09,3,Android,1.1.0,SES75884,首页,36.4
E4001142,U37856,app_open,2026-04-25 19:21:37,2026-04-25,19,iOS,1.0.0,SES82011,搜索,26.1
E4001143,U38049,search,2026-04-12 22:23:25,2026-04-12,22,Web,1.2.0,SES56534,我的,3.2
E4001144,U7095,page_view,2026-04-04 23:50:32,2026-04-04,23,iOS,1.1.0,SES58471,搜索,3.2
E4001145,U33814,app_open,2026-04-18 08:55:38,2026-04-18,8,Web,1.0.0,SES17726,我的,1.4
E4001146,U34352,page_view,2026-04-21 20:15:36,2026-04-21,20,Android,1.3.0,SES34996,详情,50.6
E4001147,U13889,page_view,2026-04-24 21:51:38,2026-04-24,21,iOS,1.2.0,SES74004,设置,21.6
E4001148,U12903,app_open,2026-04-28 06:24:05,2026-04-28,6,iOS,1.0.0,SES65615,购物车,47.0
E4001149,U39600,app_open,2026-04-27 07:47:47,2026-04-27,7,Android,1.3.0,SES84043,设置,7.5
E4001150,U27220,click,2026-04-27 02:48:05,2026-04-27,2,iOS,1.2.0,SES99160,搜索,8.6
E4001151,U35861,app_open,2026-04-18 05:13:31,2026-04-18,5,Android,1.1.0,SES71881,搜索,13.3
E4001152,U38064,page_view,2026-04-18 15:32:14,2026-04-18,15,Android,1.0.0,SES44267,搜索,49.7
E4001153,U34410,search,2026-04-01 08:45:38,2026-04-01,8,Web,1.0.0,SES97292,搜索,9.3
E4001154,U32042,click,2026-04-05 07:15:36,2026-04-05,7,iOS,1.0.0,SES83811,首页,2.4
E4001155,U4546,page_view,2026-04-11 21:09:36,2026-04-11,21,Web,1.2.0,SES62187,设置,101.0
E4001156,U12488,app_open,2026-04-20 09:45:37,2026-04-20,9,Web,1.2.0,SES63465,设置,5.0
E4001157,U16589,click,2026-04-23 05:03:32,2026-04-23,5,Web,1.0.0,SES52695,设置,18.2
E4001158,U31701,app_open,2026-04-17 17:13:10,2026-04-17,17,Android,1.1.0,SES71196,搜索,22.6
E4001159,U25330,click,2026-04-28 10:46:48,2026-04-28,10,iOS,1.3.0,SES24699,搜索,80.9
E4001160,U15202,page_view,2026-04-07 12:04:44,2026-04-07,12,Web,1.0.0,SES84429,详情,0.9
E4001161,U27885,page_view,2026-04-26 03:34:47,2026-04-26,3,Android,1.3.0,SES23610,详情,82.5
E4001162,U30921,purchase,2026-04-11 08:30:45,2026-04-11,8,Web,1.3.0,SES87656,首页,6.1
E4001163,U34416,app_open,2026-04-01 08:59:01,2026-04-01,8,Android,1.2.0,SES67802,我的,13.0
E4001164,U3418,click,2026-04-18 15:41:37,2026-04-18,15,iOS,1.2.0,SES20733,购物车,11.7
E4001165,U39811,page_view,2026-04-29 20:50:05,2026-04-29,20,iOS,1.3.0,SES39217,搜索,13.6
E4001166,U48140,page_view,2026-04-23 11:55:31,2026-04-23,11,iOS,1.0.0,SES31515,首页,54.5
E4001167,U13412,search,2026-04-28 05:25:07,2026-04-28,5,iOS,1.3.0,SES24895,设置,24.4
E4001168,U35929,page_view,2026-04-27 20:35:00,2026-04-27,20,Web,1.1.0,SES85308,详情,70.9
E4001169,U7660,logout,2026-04-02 10:04:31,2026-04-02,10,Web,1.0.0,SES45408,详情,6.0
E4001170,U46457,page_view,2026-04-19 18:28:19,2026-04-19,18,iOS,1.3.0,SES32603,详情,23.6
E4001171,U15920,page_view,2026-04-28 07:47:29,2026-04-28,7,Web,1.1.0,SES37050,购物车,59.4
E4001172,U33807,page_view,2026-04-08 17:16:02,2026-04-08,17,iOS,1.2.0,SES90196,购物车,8.6
E4001173,U10559,click,2026-04-20 18:45:51,2026-04-20,18,Web,1.3.0,SES49943,首页,3.2
E4001174,U30327,purchase,2026-04-15 09:11:09,2026-04-15,9,Android,1.1.0,SES70927,搜索,67.6
E4001175,U7889,search,2026-04-09 08:47:37,2026-04-09,8,Web,1.1.0,SES28317,我的,8.0
E4001176,U47317,logout,2026-04-08 09:04:21,2026-04-08,9,iOS,1.2.0,SES77285,搜索,24.3
E4001177,U8575,click,2026-04-30 06:57:58,2026-04-30,6,Android,1.3.0,SES97427,购物车,8.5
E4001178,U33957,click,2026-04-07 02:38:48,2026-04-07,2,iOS,1.0.0,SES35502,首页,9.8
E4001179,U5568,click,2026-04-24 05:03:27,2026-04-24,5,Android,1.0.0,SES81074,详情,13.5
E4001180,U30325,page_view,2026-04-10 08:07:28,2026-04-10,8,Web,1.1.0,SES71832,设置,14.1
E4001181,U45485,page_view,2026-04-19 03:21:29,2026-04-19,3,iOS,1.2.0,SES76592,搜索,9.9
E4001182,U25225,page_view,2026-04-02 14:25:19,2026-04-02,14,iOS,1.0.0,SES58178,详情,11.6
E4001183,U39672,click,2026-04-25 17:41:50,2026-04-25,17,iOS,1.2.0,SES76578,详情,40.9
E4001184,U29902,page_view,2026-04-17 19:10:24,2026-04-17,19,iOS,1.0.0,SES35847,设置,40.0
E4001185,U42454,app_open,2026-04-05 06:06:32,2026-04-05,6,Web,1.1.0,SES49614,设置,41.7
E4001186,U16098,page_view,2026-04-30 21:58:19,2026-04-30,21,iOS,1.3.0,SES72585,购物车,39.5
E4001187,U4142,logout,2026-04-03 17:46:01,2026-04-03,17,Web,1.1.0,SES21065,首页,11.5
E4001188,U24256,click,2026-04-23 22:58:34,2026-04-23,22,Android,1.1.0,SES96590,设置,14.4
E4001189,U19488,page_view,2026-04-19 23:16:18,2026-04-19,23,Web,1.0.0,SES91842,设置,47.8
E4001190,U34844,app_open,2026-04-09 23:33:34,2026-04-09,23,iOS,1.1.0,SES61199,购物车,3.2
E4001191,U47492,register,2026-04-14 19:26:40,2026-04-14,19,iOS,1.0.0,SES69932,我的,27.2
E4001192,U8936,click,2026-04-02 05:30:40,2026-04-02,5,iOS,1.2.0,SES73379,设置,44.7
E4001193,U43827,app_open,2026-04-03 14:41:22,2026-04-03,14,Web,1.2.0,SES31297,我的,7.6
E4001194,U23044,page_view,2026-04-20 04:31:13,2026-04-20,4,Web,1.1.0,SES79699,购物车,8.7
E4001195,U19729,app_open,2026-04-09 06:47:32,2026-04-09,6,iOS,1.2.0,SES66955,搜索,0.5
E4001196,U20988,app_open,2026-04-07 08:37:41,2026-04-07,8,Web,1.0.0,SES29938,购物车,19.7
E4001197,U23726,app_open,2026-04-11 00:31:07,2026-04-11,0,Web,1.1.0,SES80471,首页,28.4
E4001198,U6923,page_view,2026-04-24 13:23:15,2026-04-24,13,Web,1.0.0,SES41038,我的,6.4
E4001199,U37461,app_open,2026-04-27 11:52:06,2026-04-27,11,iOS,1.3.0,SES81511,首页,53.5
E4001200,U23291,app_open,2026-04-09 13:30:08,2026-04-09,13,iOS,1.1.0,SES27310,详情,38.7
E4001201,U32484,search,2026-04-26 10:14:29,2026-04-26,10,Android,1.2.0,SES68240,首页,36.6
E4001202,U39748,purchase,2026-04-18 08:16:50,2026-04-18,8,iOS,1.3.0,SES16351,购物车,15.7
E4001203,U11308,page_view,2026-04-25 23:32:25,2026-04-25,23,iOS,1.0.0,SES50880,购物车,2.1
E4001204,U49195,purchase,2026-04-01 18:56:22,2026-04-01,18,Web,1.1.0,SES82512,我的,28.3
E4001205,U23310,register,2026-04-03 21:04:02,2026-04-03,21,Android,1.2.0,SES59121,购物车,46.9
E4001206,U26491,register,2026-04-11 06:06:57,2026-04-11,6,Web,1.0.0,SES73493,详情,13.7
E4001207,U35941,app_open,2026-04-18 20:21:37,2026-04-18,20,Android,1.3.0,SES17278,购物车,6.9
E4001208,U46916,search,2026-04-26 22:13:55,2026-04-26,22,iOS,1.0.0,SES37154,搜索,10.4
E4001209,U29037,click,2026-04-02 18:49:01,2026-04-02,18,iOS,1.3.0,SES80718,购物车,127.3
E4001210,U26089,search,2026-04-27 11:13:05,2026-04-27,11,iOS,1.1.0,SES51238,购物车,36.9
E4001211,U12800,click,2026-04-01 01:48:40,2026-04-01,1,Android,1.1.0,SES53037,购物车,8.7
E4001212,U8949,page_view,2026-04-08 12:21:58,2026-04-08,12,Web,1.2.0,SES83175,搜索,8.0
E4001213,U16749,logout,2026-04-05 04:19:12,2026-04-05,4,Web,1.2.0,SES12050,我的,9.0
E4001214,U48917,page_view,2026-04-05 18:39:42,2026-04-05,18,Web,1.1.0,SES79239,我的,12.2
E4001215,U31936,page_view,2026-04-27 03:39:03,2026-04-27,3,iOS,1.1.0,SES71551,我的,0.6
E4001216,U42943,click,2026-04-07 02:25:03,2026-04-07,2,Android,1.3.0,SES96688,搜索,11.3
E4001217,U16118,click,2026-04-11 03:31:52,2026-04-11,3,iOS,1.1.0,SES26993,详情,19.9
E4001218,U12355,page_view,2026-04-09 23:23:15,2026-04-09,23,iOS,1.3.0,SES73806,设置,42.9
E4001219,U41314,click,2026-04-29 23:14:06,2026-04-29,23,Web,1.0.0,SES52987,详情,29.2
E4001220,U41680,page_view,2026-04-26 21:15:01,2026-04-26,21,Web,1.2.0,SES12891,设置,23.1
E4001221,U19316,app_open,2026-04-30 10:02:17,2026-04-30,10,Web,1.2.0,SES13163,首页,12.2
E4001222,U49256,app_open,2026-04-12 11:28:00,2026-04-12,11,Android,1.1.0,SES60393,设置,19.3
E4001223,U45523,page_view,2026-04-27 13:56:36,2026-04-27,13,Android,1.1.0,SES55050,详情,13.3
E4001224,U45195,click,2026-04-17 21:36:10,2026-04-17,21,iOS,1.2.0,SES42327,设置,72.1
E4001225,U29616,click,2026-04-04 08:10:51,2026-04-04,8,Android,1.3.0,SES34912,设置,52.6
E4001226,U17701,click,2026-04-05 01:51:24,2026-04-05,1,Android,1.0.0,SES50722,详情,0.4
E4001227,U18067,logout,2026-04-21 05:51:02,2026-04-21,5,Web,1.3.0,SES18027,设置,45.8
E4001228,U6544,page_view,2026-04-11 02:54:42,2026-04-11,2,Web,1.0.0,SES25994,设置,80.4
E4001229,U32399,share,2026-04-14 16:30:17,2026-04-14,16,Android,1.0.0,SES68424,详情,2.6
E4001230,U43078,page_view,2026-04-01 03:55:41,2026-04-01,3,Android,1.3.0,SES72779,首页,24.5
E4001231,U18681,app_open,2026-04-03 21:48:57,2026-04-03,21,Web,1.1.0,SES54066,购物车,44.3
E4001232,U33140,page_view,2026-04-08 14:55:55,2026-04-08,14,Web,1.1.0,SES24024,首页,69.7
E4001233,U40098,app_open,2026-04-19 07:47:51,2026-04-19,7,iOS,1.2.0,SES33640,购物车,38.3
E4001234,U7274,click,2026-04-09 00:07:00,2026-04-09,0,Android,1.3.0,SES92512,首页,13.4
E4001235,U16584,search,2026-04-13 02:26:51,2026-04-13,2,Android,1.0.0,SES50861,搜索,36.5
E4001236,U2470,app_open,2026-04-29 21:50:37,2026-04-29,21,iOS,1.0.0,SES49457,我的,15.0
E4001237,U42534,click,2026-04-19 19:00:40,2026-04-19,19,iOS,1.3.0,SES38567,首页,6.6
E4001238,U48674,logout,2026-04-08 00:35:27,2026-04-08,0,Web,1.2.0,SES97621,首页,35.7
E4001239,U37623,click,2026-04-11 12:57:47,2026-04-11,12,iOS,1.1.0,SES69271,详情,36.4
E4001240,U47793,click,2026-04-03 20:56:28,2026-04-03,20,Android,1.1.0,SES77741,购物车,6.5
E4001241,U38399,click,2026-04-30 23:40:38,2026-04-30,23,Web,1.1.0,SES91186,搜索,30.4
E4001242,U9124,click,2026-04-23 02:40:56,2026-04-23,2,iOS,1.2.0,SES56664,购物车,4.3
E4001243,U36561,click,2026-04-09 06:10:00,2026-04-09,6,Android,1.1.0,SES58877,我的,2.1
E4001244,U49223,page_view,2026-04-30 20:02:58,2026-04-30,20,iOS,1.2.0,SES36235,首页,5.7
E4001245,U12015,click,2026-04-17 12:25:02,2026-04-17,12,iOS,1.1.0,SES29582,购物车,0.6
E4001246,U30689,page_view,2026-04-18 19:49:56,2026-04-18,19,Android,1.1.0,SES62324,首页,24.1
E4001247,U1113,page_view,2026-04-05 01:32:21,2026-04-05,1,iOS,1.2.0,SES85020,购物车,5.9
E4001248,U16464,app_open,2026-04-05 01:58:34,2026-04-05,1,Android,1.3.0,SES70810,首页,3.4
E4001249,U25340,purchase,2026-04-17 07:13:07,2026-04-17,7,iOS,1.2.0,SES13759,设置,4.9
E4001250,U34451,page_view,2026-04-28 03:20:30,2026-04-28,3,iOS,1.2.0,SES67587,我的,26.6
E4001251,U37787,app_open,2026-04-26 17:52:25,2026-04-26,17,Android,1.3.0,SES47071,设置,37.9
E4001252,U21505,click,2026-04-14 02:48:19,2026-04-14,2,Android,1.2.0,SES70380,搜索,27.1
E4001253,U44084,click,2026-04-27 11:39:36,2026-04-27,11,Web,1.3.0,SES76714,详情,0.8
E4001254,U4538,page_view,2026-04-25 10:47:21,2026-04-25,10,Android,1.1.0,SES12602,我的,60.9
E4001255,U39123,search,2026-04-08 03:43:00,2026-04-08,3,iOS,1.2.0,SES17769,首页,9.7
E4001256,U32619,page_view,2026-04-29 12:44:57,2026-04-29,12,iOS,1.2.0,SES98280,详情,25.1
E4001257,U6305,app_open,2026-04-08 02:43:26,2026-04-08,2,Web,1.1.0,SES41044,详情,8.8
E4001258,U49874,click,2026-04-09 22:40:58,2026-04-09,22,Web,1.3.0,SES13784,详情,0.4
E4001259,U25697,logout,2026-04-29 07:05:35,2026-04-29,7,iOS,1.3.0,SES79192,详情,9.3
E4001260,U40484,app_open,2026-04-30 15:03:21,2026-04-30,15,Web,1.2.0,SES49425,购物车,34.7
E4001261,U1110,share,2026-04-07 17:07:57,2026-04-07,17,Web,1.1.0,SES15607,搜索,9.4
E4001262,U11134,page_view,2026-04-26 22:40:47,2026-04-26,22,Android,1.0.0,SES99130,我的,51.5
E4001263,U36418,app_open,2026-04-23 19:01:48,2026-04-23,19,Web,1.2.0,SES43797,搜索,3.9
E4001264,U25438,page_view,2026-04-23 04:19:46,2026-04-23,4,Android,1.3.0,SES90282,搜索,112.8
E4001265,U11934,page_view,2026-04-20 14:04:07,2026-04-20,14,Web,1.0.0,SES48197,我的,4.7
E4001266,U18772,search,2026-04-27 08:58:57,2026-04-27,8,Android,1.3.0,SES55174,设置,5.8
E4001267,U12652,app_open,2026-04-18 00:19:02,2026-04-18,0,iOS,1.0.0,SES18799,购物车,13.6
E4001268,U44098,logout,2026-04-03 17:17:34,2026-04-03,17,iOS,1.1.0,SES96047,设置,2.0
E4001269,U37749,search,2026-04-10 19:59:08,2026-04-10,19,Android,1.1.0,SES11888,搜索,16.2
E4001270,U32828,page_view,2026-04-27 18:54:33,2026-04-27,18,iOS,1.2.0,SES30534,设置,89.1
E4001271,U16546,click,2026-04-13 14:19:01,2026-04-13,14,iOS,1.3.0,SES73355,设置,1.0
E4001272,U49029,search,2026-04-07 04:22:09,2026-04-07,4,Web,1.3.0,SES30595,我的,36.5
E4001273,U10450,logout,2026-04-02 00:10:58,2026-04-02,0,Android,1.1.0,SES69783,首页,18.1
E4001274,U17688,page_view,2026-04-16 17:42:11,2026-04-16,17,iOS,1.0.0,SES86607,购物车,6.6
E4001275,U6773,app_open,2026-04-03 05:29:54,2026-04-03,5,Web,1.0.0,SES67715,设置,17.0
E4001276,U14087,search,2026-04-04 00:24:03,2026-04-04,0,iOS,1.2.0,SES15899,购物车,16.1
E4001277,U13195,app_open,2026-04-12 08:40:54,2026-04-12,8,Android,1.2.0,SES85100,购物车,90.3
E4001278,U19259,page_view,2026-04-19 15:57:34,2026-04-19,15,iOS,1.3.0,SES49265,设置,11.4
E4001279,U14940,app_open,2026-04-20 02:08:45,2026-04-20,2,Android,1.3.0,SES89660,详情,81.6
E4001280,U33595,app_open,2026-04-22 00:27:17,2026-04-22,0,Web,1.3.0,SES54669,首页,38.4
E4001281,U33957,page_view,2026-04-01 20:40:29,2026-04-01,20,Android,1.3.0,SES99763,搜索,43.2
E4001282,U22916,click,2026-04-05 06:56:16,2026-04-05,6,Android,1.2.0,SES87765,我的,34.4
E4001283,U46424,search,2026-04-23 09:02:41,2026-04-23,9,Web,1.2.0,SES74572,我的,12.3
E4001284,U35455,share,2026-04-14 22:49:19,2026-04-14,22,Web,1.2.0,SES57933,搜索,30.8
E4001285,U40850,click,2026-04-08 01:47:51,2026-04-08,1,Android,1.1.0,SES67142,设置,18.3
E4001286,U3132,app_open,2026-04-04 16:44:18,2026-04-04,16,Android,1.2.0,SES23309,购物车,17.0
E4001287,U33526,app_open,2026-04-27 09:26:52,2026-04-27,9,iOS,1.0.0,SES91200,搜索,52.3
E4001288,U40448,page_view,2026-04-29 02:41:48,2026-04-29,2,Android,1.3.0,SES37822,我的,1.4
E4001289,U24636,page_view,2026-04-03 10:58:43,2026-04-03,10,Web,1.0.0,SES97208,搜索,18.3
E4001290,U39530,purchase,2026-04-16 20:27:52,2026-04-16,20,Android,1.0.0,SES69456,搜索,7.0
E4001291,U37868,page_view,2026-04-24 05:53:25,2026-04-24,5,iOS,1.0.0,SES58663,详情,6.9
E4001292,U38338,search,2026-04-08 19:18:54,2026-04-08,19,iOS,1.3.0,SES30119,首页,3.3
E4001293,U14748,page_view,2026-04-17 19:40:36,2026-04-17,19,Web,1.0.0,SES55994,首页,17.2
E4001294,U24895,share,2026-04-22 10:29:47,2026-04-22,10,Web,1.3.0,SES70464,搜索,65.4
E4001295,U10759,purchase,2026-04-20 13:01:02,2026-04-20,13,iOS,1.3.0,SES35821,我的,57.9
E4001296,U2853,page_view,2026-04-14 03:57:16,2026-04-14,3,iOS,1.2.0,SES57816,我的,22.7
E4001297,U49914,click,2026-04-18 20:21:47,2026-04-18,20,Web,1.0.0,SES25188,购物车,191.0
E4001298,U48104,logout,2026-04-28 22:57:06,2026-04-28,22,Android,1.3.0,SES94216,首页,63.1
E4001299,U5268,page_view,2026-04-23 13:01:24,2026-04-23,13,Android,1.1.0,SES61873,设置,59.6
E4001300,U14747,click,2026-04-12 14:55:25,2026-04-12,14,iOS,1.0.0,SES98381,设置,27.8
E4001301,U13196,app_open,2026-04-12 02:49:04,2026-04-12,2,Android,1.3.0,SES82432,设置,2.6
E4001302,U18708,app_open,2026-04-13 15:16:34,2026-04-13,15,iOS,1.3.0,SES81424,购物车,82.3
E4001303,U44915,purchase,2026-04-20 16:20:07,2026-04-20,16,Android,1.1.0,SES98246,首页,1.6
E4001304,U47549,app_open,2026-04-29 17:33:28,2026-04-29,17,Web,1.2.0,SES57347,购物车,7.6
E4001305,U9010,click,2026-04-11 03:48:04,2026-04-11,3,Android,1.1.0,SES79772,购物车,40.5
E4001306,U27063,page_view,2026-04-24 04:38:15,2026-04-24,4,Android,1.2.0,SES24694,详情,29.7
E4001307,U5003,app_open,2026-04-14 21:06:35,2026-04-14,21,iOS,1.1.0,SES22911,我的,48.7
E4001308,U31091,click,2026-04-04 22:26:00,2026-04-04,22,iOS,1.2.0,SES39729,我的,54.6
E4001309,U48545,logout,2026-04-05 16:32:05,2026-04-05,16,iOS,1.2.0,SES61790,详情,2.4
E4001310,U16819,app_open,2026-04-24 03:07:06,2026-04-24,3,iOS,1.3.0,SES94180,搜索,43.6
E4001311,U36873,click,2026-04-27 22:57:09,2026-04-27,22,Web,1.2.0,SES20447,购物车,4.5
E4001312,U39040,page_view,2026-04-05 11:34:17,2026-04-05,11,iOS,1.3.0,SES84981,搜索,42.3
E4001313,U25887,share,2026-04-09 04:25:54,2026-04-09,4,Android,1.1.0,SES31775,首页,38.8
E4001314,U18361,app_open,2026-04-03 15:24:16,2026-04-03,15,iOS,1.2.0,SES66920,首页,15.8
E4001315,U42582,search,2026-04-17 22:53:44,2026-04-17,22,iOS,1.0.0,SES20339,我的,48.8
E4001316,U14441,app_open,2026-04-30 19:16:03,2026-04-30,19,Android,1.2.0,SES31919,购物车,34.1
E4001317,U22989,click,2026-04-30 10:27:59,2026-04-30,10,Android,1.1.0,SES88008,购物车,16.1
E4001318,U29618,page_view,2026-04-23 16:27:20,2026-04-23,16,iOS,1.1.0,SES34475,设置,69.9
E4001319,U32198,app_open,2026-04-02 18:08:46,2026-04-02,18,Web,1.0.0,SES56856,购物车,17.7
E4001320,U3956,logout,2026-04-01 21:24:42,2026-04-01,21,iOS,1.2.0,SES23314,详情,33.2
E4001321,U12020,search,2026-04-08 18:32:12,2026-04-08,18,Web,1.0.0,SES31384,搜索,49.4
E4001322,U42946,app_open,2026-04-09 04:02:06,2026-04-09,4,Android,1.0.0,SES83400,首页,14.0
E4001323,U49528,app_open,2026-04-22 01:09:27,2026-04-22,1,iOS,1.2.0,SES98669,搜索,21.6
E4001324,U29137,click,2026-04-15 07:27:51,2026-04-15,7,Android,1.3.0,SES68070,我的,1.3
E4001325,U30339,page_view,2026-04-22 08:17:17,2026-04-22,8,iOS,1.0.0,SES90067,首页,38.5
E4001326,U22084,page_view,2026-04-23 03:51:53,2026-04-23,3,Android,1.3.0,SES63093,首页,35.4
E4001327,U5269,app_open,2026-04-23 15:08:01,2026-04-23,15,iOS,1.1.0,SES20276,购物车,20.4
E4001328,U49626,search,2026-04-24 15:30:18,2026-04-24,15,iOS,1.1.0,SES33558,购物车,16.3
E4001329,U46545,logout,2026-04-04 10:11:05,2026-04-04,10,Android,1.0.0,SES22324,设置,38.9
E4001330,U16662,click,2026-04-10 20:05:15,2026-04-10,20,Android,1.3.0,SES64508,搜索,13.7
E4001331,U49726,page_view,2026-04-06 10:23:34,2026-04-06,10,Web,1.1.0,SES11309,购物车,28.6
E4001332,U38715,click,2026-04-13 18:37:50,2026-04-13,18,iOS,1.3.0,SES20803,详情,22.6
E4001333,U44385,search,2026-04-02 08:12:57,2026-04-02,8,iOS,1.2.0,SES12052,搜索,22.5
E4001334,U33741,app_open,2026-04-05 02:25:59,2026-04-05,2,Web,1.1.0,SES70045,首页,37.0
E4001335,U33854,app_open,2026-04-19 09:06:00,2026-04-19,9,Web,1.2.0,SES35452,购物车,49.5
E4001336,U40969,page_view,2026-04-12 21:05:43,2026-04-12,21,Android,1.1.0,SES94788,详情,15.8
E4001337,U31718,logout,2026-04-30 13:41:47,2026-04-30,13,iOS,1.1.0,SES10427,首页,10.5
E4001338,U24257,page_view,2026-04-20 18:55:38,2026-04-20,18,iOS,1.3.0,SES93307,详情,76.3
E4001339,U38159,page_view,2026-04-03 09:39:25,2026-04-03,9,iOS,1.0.0,SES71754,购物车,13.2
E4001340,U10946,app_open,2026-04-28 06:54:38,2026-04-28,6,Web,1.0.0,SES14578,我的,24.2
E4001341,U13874,click,2026-04-04 12:34:38,2026-04-04,12,Android,1.2.0,SES95729,我的,43.7
E4001342,U25971,search,2026-04-04 01:35:36,2026-04-04,1,Android,1.2.0,SES20412,详情,9.0
E4001343,U21606,search,2026-04-13 17:19:18,2026-04-13,17,Web,1.0.0,SES10265,我的,9.4
E4001344,U5604,page_view,2026-04-22 04:22:25,2026-04-22,4,Web,1.0.0,SES65252,首页,20.8
E4001345,U20758,page_view,2026-04-22 03:47:43,2026-04-22,3,iOS,1.3.0,SES54199,设置,8.5
E4001346,U36523,search,2026-04-14 23:07:14,2026-04-14,23,Android,1.2.0,SES55185,我的,3.5
E4001347,U27033,page_view,2026-04-25 18:29:47,2026-04-25,18,Android,1.1.0,SES43875,搜索,65.1
E4001348,U9047,share,2026-04-24 10:42:27,2026-04-24,10,iOS,1.0.0,SES35161,我的,9.1
E4001349,U33380,page_view,2026-04-01 12:01:51,2026-04-01,12,Web,1.0.0,SES32589,首页,230.1
E4001350,U31996,search,2026-04-13 08:42:46,2026-04-13,8,iOS,1.2.0,SES68968,首页,26.2
E4001351,U42952,app_open,2026-04-23 10:55:12,2026-04-23,10,Web,1.2.0,SES98044,购物车,37.9
E4001352,U40572,logout,2026-04-23 03:23:36,2026-04-23,3,Android,1.1.0,SES34131,详情,33.1
E4001353,U9858,purchase,2026-04-18 06:13:31,2026-04-18,6,Android,1.2.0,SES44761,搜索,120.6
E4001354,U18715,click,2026-04-26 03:35:25,2026-04-26,3,Web,1.3.0,SES20407,我的,6.3
E4001355,U24916,page_view,2026-04-21 03:33:26,2026-04-21,3,Android,1.1.0,SES51128,首页,3.2
E4001356,U34615,app_open,2026-04-26 02:57:33,2026-04-26,2,Android,1.3.0,SES73850,详情,62.7
E4001357,U19532,app_open,2026-04-01 19:21:15,2026-04-01,19,Android,1.0.0,SES52806,购物车,24.8
E4001358,U39967,click,2026-04-08 02:59:58,2026-04-08,2,iOS,1.0.0,SES57303,我的,36.3
E4001359,U22227,click,2026-04-24 16:32:43,2026-04-24,16,iOS,1.1.0,SES92589,设置,13.1
E4001360,U19241,logout,2026-04-01 19:01:53,2026-04-01,19,Android,1.1.0,SES16077,购物车,20.9
E4001361,U37767,page_view,2026-04-08 12:08:32,2026-04-08,12,iOS,1.2.0,SES92503,我的,5.3
E4001362,U13110,search,2026-04-30 21:34:40,2026-04-30,21,Android,1.1.0,SES31179,设置,49.2
E4001363,U13314,app_open,2026-04-17 10:46:05,2026-04-17,10,iOS,1.2.0,SES24384,详情,18.2
E4001364,U49295,app_open,2026-04-08 13:15:28,2026-04-08,13,Web,1.0.0,SES37961,详情,40.6
E4001365,U2988,app_open,2026-04-05 02:53:39,2026-04-05,2,Android,1.1.0,SES47780,搜索,10.8
E4001366,U25429,register,2026-04-27 00:28:43,2026-04-27,0,Android,1.3.0,SES77611,我的,0.2
E4001367,U9978,click,2026-04-25 03:27:59,2026-04-25,3,iOS,1.0.0,SES32120,我的,9.4
E4001368,U6391,search,2026-04-20 13:36:16,2026-04-20,13,iOS,1.2.0,SES44387,我的,44.8
E4001369,U17399,page_view,2026-04-10 14:53:53,2026-04-10,14,Web,1.1.0,SES26779,设置,47.9
E4001370,U49873,page_view,2026-04-03 22:10:48,2026-04-03,22,iOS,1.3.0,SES91871,购物车,4.3
E4001371,U41918,page_view,2026-04-13 19:50:35,2026-04-13,19,iOS,1.3.0,SES72615,详情,25.9
E4001372,U40264,click,2026-04-04 16:48:35,2026-04-04,16,iOS,1.0.0,SES21313,我的,23.3
E4001373,U6650,page_view,2026-04-12 06:16:38,2026-04-12,6,Android,1.3.0,SES13753,详情,19.5
E4001374,U31319,page_view,2026-04-23 01:01:18,2026-04-23,1,Web,1.2.0,SES66462,搜索,42.5
E4001375,U8857,page_view,2026-04-09 23:37:40,2026-04-09,23,Android,1.3.0,SES77471,搜索,91.5
E4001376,U21422,page_view,2026-04-05 11:37:53,2026-04-05,11,Android,1.2.0,SES88202,设置,110.5
E4001377,U29132,click,2026-04-27 00:37:54,2026-04-27,0,Web,1.3.0,SES47949,首页,64.0
E4001378,U40000,logout,2026-04-04 01:11:24,2026-04-04,1,Android,1.3.0,SES66718,详情,45.1
E4001379,U41508,app_open,2026-04-18 05:20:36,2026-04-18,5,Web,1.2.0,SES81654,购物车,32.5
E4001380,U34564,search,2026-04-03 08:59:58,2026-04-03,8,Web,1.0.0,SES66090,购物车,42.4
E4001381,U4089,app_open,2026-04-08 01:54:39,2026-04-08,1,iOS,1.0.0,SES81495,首页,33.6
E4001382,U13564,purchase,2026-04-07 23:03:53,2026-04-07,23,Android,1.1.0,SES44244,详情,1.5
E4001383,U36209,app_open,2026-04-16 03:50:16,2026-04-16,3,Web,1.0.0,SES61749,设置,12.2
E4001384,U11792,page_view,2026-04-12 11:46:04,2026-04-12,11,iOS,1.3.0,SES89326,我的,51.5
E4001385,U25388,logout,2026-04-27 05:19:52,2026-04-27,5,Web,1.2.0,SES71564,设置,120.8
E4001386,U8599,purchase,2026-04-10 17:12:37,2026-04-10,17,Android,1.3.0,SES99842,购物车,5.4
E4001387,U29312,page_view,2026-04-22 08:44:10,2026-04-22,8,Web,1.1.0,SES72325,设置,2.7
E4001388,U3623,page_view,2026-04-01 17:50:00,2026-04-01,17,Web,1.3.0,SES81682,搜索,36.2
E4001389,U26023,page_view,2026-04-29 09:08:44,2026-04-29,9,Web,1.1.0,SES69464,首页,78.5
E4001390,U39730,page_view,2026-04-09 11:08:54,2026-04-09,11,Web,1.2.0,SES39779,购物车,0.7
E4001391,U42863,app_open,2026-04-07 16:42:16,2026-04-07,16,Web,1.3.0,SES35884,详情,127.6
E4001392,U44741,app_open,2026-04-29 06:54:45,2026-04-29,6,Android,1.3.0,SES77939,首页,54.3
E4001393,U21188,page_view,2026-04-19 08:37:22,2026-04-19,8,Web,1.3.0,SES19133,我的,113.9
E4001394,U39019,click,2026-04-17 12:17:51,2026-04-17,12,iOS,1.3.0,SES45960,我的,5.3
E4001395,U49444,click,2026-04-21 12:18:15,2026-04-21,12,Android,1.1.0,SES42558,搜索,57.2
E4001396,U47270,search,2026-04-26 04:57:07,2026-04-26,4,iOS,1.3.0,SES45057,设置,46.4
E4001397,U11940,purchase,2026-04-15 03:36:51,2026-04-15,3,iOS,1.0.0,SES41349,详情,126.7
E4001398,U44602,page_view,2026-04-13 20:35:32,2026-04-13,20,iOS,1.2.0,SES50481,我的,5.1
E4001399,U8314,click,2026-04-23 08:10:03,2026-04-23,8,iOS,1.1.0,SES39290,详情,27.0
E4001400,U15470,app_open,2026-04-09 07:44:34,2026-04-09,7,Web,1.2.0,SES35692,首页,121.0
E4001401,U36564,page_view,2026-04-07 07:01:42,2026-04-07,7,Web,1.0.0,SES26145,设置,49.2
E4001402,U39895,page_view,2026-04-18 20:20:09,2026-04-18,20,Web,1.0.0,SES84309,我的,15.6
E4001403,U22365,page_view,2026-04-03 05:09:36,2026-04-03,5,Android,1.0.0,SES23490,首页,24.6
E4001404,U48824,app_open,2026-04-02 17:50:05,2026-04-02,17,Web,1.2.0,SES19989,搜索,7.0
E4001405,U6272,click,2026-04-18 18:41:25,2026-04-18,18,Android,1.1.0,SES23767,详情,5.8
E4001406,U19785,search,2026-04-18 23:52:11,2026-04-18,23,Android,1.0.0,SES98001,我的,48.0
E4001407,U23623,search,2026-04-15 14:35:19,2026-04-15,14,iOS,1.0.0,SES41963,搜索,25.9
E4001408,U29582,click,2026-04-30 19:36:53,2026-04-30,19,Android,1.1.0,SES16231,详情,68.9
E4001409,U4661,page_view,2026-04-12 09:28:53,2026-04-12,9,iOS,1.0.0,SES84949,我的,45.7
E4001410,U15623,page_view,2026-04-01 13:25:51,2026-04-01,13,iOS,1.1.0,SES26335,我的,13.1
E4001411,U38040,page_view,2026-04-14 05:54:48,2026-04-14,5,Web,1.1.0,SES99892,搜索,13.1
E4001412,U3647,app_open,2026-04-22 11:19:25,2026-04-22,11,Android,1.0.0,SES54351,首页,47.7
E4001413,U24761,click,2026-04-22 21:16:47,2026-04-22,21,Web,1.2.0,SES72579,我的,0.4
E4001414,U18286,purchase,2026-04-29 07:56:52,2026-04-29,7,Web,1.1.0,SES75794,搜索,92.2
E4001415,U35820,purchase,2026-04-09 14:39:45,2026-04-09,14,Web,1.0.0,SES61269,我的,34.9
E4001416,U17727,app_open,2026-04-19 12:25:01,2026-04-19,12,Web,1.3.0,SES74169,搜索,12.0
E4001417,U29985,app_open,2026-04-10 23:52:46,2026-04-10,23,Android,1.1.0,SES38232,设置,67.4
E4001418,U30395,share,2026-04-11 15:43:50,2026-04-11,15,iOS,1.0.0,SES63778,详情,33.4
E4001419,U9451,page_view,2026-04-27 22:25:06,2026-04-27,22,Android,1.0.0,SES88705,设置,0.1
E4001420,U14117,purchase,2026-04-20 14:54:30,2026-04-20,14,iOS,1.3.0,SES21600,我的,45.6
E4001421,U49079,click,2026-04-09 11:45:15,2026-04-09,11,Android,1.3.0,SES43758,搜索,39.3
E4001422,U2884,logout,2026-04-04 14:42:23,2026-04-04,14,iOS,1.2.0,SES14065,搜索,5.3
E4001423,U42324,app_open,2026-04-05 23:50:34,2026-04-05,23,Web,1.1.0,SES41996,详情,28.2
E4001424,U37258,purchase,2026-04-24 23:50:13,2026-04-24,23,Web,1.1.0,SES37500,我的,0.4
E4001425,U47605,app_open,2026-04-01 11:27:39,2026-04-01,11,Android,1.2.0,SES35809,我的,9.1
E4001426,U15334,app_open,2026-04-22 03:43:56,2026-04-22,3,Web,1.0.0,SES38364,购物车,68.5
E4001427,U33428,app_open,2026-04-12 11:06:51,2026-04-12,11,iOS,1.3.0,SES58262,搜索,9.1
E4001428,U27952,page_view,2026-04-29 17:41:32,2026-04-29,17,Android,1.3.0,SES34199,详情,16.3
E4001429,U7133,click,2026-04-27 07:43:19,2026-04-27,7,Web,1.0.0,SES67655,搜索,46.5
E4001430,U19117,page_view,2026-04-26 13:44:20,2026-04-26,13,Android,1.2.0,SES21973,首页,39.0
E4001431,U26131,purchase,2026-04-14 10:48:52,2026-04-14,10,Android,1.3.0,SES43871,首页,70.6
E4001432,U6677,page_view,2026-04-27 05:04:26,2026-04-27,5,iOS,1.2.0,SES69382,首页,77.3
E4001433,U4454,app_open,2026-04-26 10:31:25,2026-04-26,10,Android,1.0.0,SES32759,购物车,9.9
E4001434,U17253,logout,2026-04-28 03:05:52,2026-04-28,3,iOS,1.3.0,SES96490,详情,69.0
E4001435,U5014,page_view,2026-04-03 17:18:05,2026-04-03,17,Web,1.0.0,SES69024,详情,68.7
E4001436,U14633,app_open,2026-04-10 09:55:08,2026-04-10,9,Web,1.1.0,SES27528,购物车,87.0
E4001437,U49649,page_view,2026-04-02 18:40:48,2026-04-02,18,Android,1.0.0,SES31206,首页,44.0
E4001438,U30054,page_view,2026-04-21 18:52:52,2026-04-21,18,iOS,1.0.0,SES71846,首页,6.1
E4001439,U39009,search,2026-04-27 16:01:53,2026-04-27,16,Web,1.2.0,SES76065,详情,0.5
E4001440,U48651,click,2026-04-01 01:52:19,2026-04-01,1,iOS,1.3.0,SES83818,购物车,31.4
E4001441,U16604,page_view,2026-04-17 20:21:41,2026-04-17,20,iOS,1.3.0,SES42306,详情,1.6
E4001442,U36031,page_view,2026-04-06 15:20:25,2026-04-06,15,Web,1.3.0,SES40597,我的,10.2
E4001443,U11792,page_view,2026-04-05 12:07:56,2026-04-05,12,Web,1.2.0,SES97114,设置,7.2
E4001444,U44062,logout,2026-04-10 07:52:09,2026-04-10,7,Web,1.0.0,SES26341,搜索,11.4
E4001445,U13950,click,2026-04-28 16:24:36,2026-04-28,16,Web,1.2.0,SES32858,首页,17.2
E4001446,U42179,page_view,2026-04-15 17:11:50,2026-04-15,17,Android,1.1.0,SES78841,搜索,9.8
E4001447,U17598,app_open,2026-04-08 11:41:57,2026-04-08,11,iOS,1.0.0,SES56108,详情,79.8
E4001448,U10071,app_open,2026-04-02 17:18:17,2026-04-02,17,Web,1.1.0,SES12892,购物车,10.8
E4001449,U43169,app_open,2026-04-09 01:15:34,2026-04-09,1,Web,1.0.0,SES17921,详情,11.5
E4001450,U49813,share,2026-04-12 04:49:36,2026-04-12,4,iOS,1.3.0,SES69127,搜索,75.1
E4001451,U8022,click,2026-04-22 23:56:03,2026-04-22,23,Web,1.2.0,SES12661,详情,1.7
E4001452,U32305,page_view,2026-04-02 04:40:13,2026-04-02,4,Web,1.3.0,SES21353,设置,157.0
E4001453,U41145,page_view,2026-04-14 21:51:11,2026-04-14,21,Android,1.0.0,SES10758,详情,17.6
E4001454,U45175,purchase,2026-04-30 22:38:55,2026-04-30,22,Web,1.3.0,SES86457,我的,24.1
E4001455,U15416,page_view,2026-04-08 20:12:11,2026-04-08,20,iOS,1.3.0,SES52621,设置,8.0
E4001456,U2412,click,2026-04-07 21:24:24,2026-04-07,21,Web,1.1.0,SES97216,搜索,104.6
E4001457,U22081,page_view,2026-04-25 06:36:45,2026-04-25,6,iOS,1.2.0,SES11628,详情,40.0
E4001458,U47329,click,2026-04-12 17:51:00,2026-04-12,17,Web,1.2.0,SES18348,搜索,61.6
E4001459,U19501,click,2026-04-22 01:37:31,2026-04-22,1,Android,1.0.0,SES18459,我的,7.7
E4001460,U23611,page_view,2026-04-03 11:04:29,2026-04-03,11,Web,1.1.0,SES77941,详情,41.3
E4001461,U29534,page_view,2026-04-29 14:54:47,2026-04-29,14,iOS,1.3.0,SES70354,详情,23.8
E4001462,U17187,search,2026-04-18 20:01:11,2026-04-18,20,Android,1.2.0,SES97119,搜索,16.7
E4001463,U34417,page_view,2026-04-22 16:03:47,2026-04-22,16,Android,1.2.0,SES25944,购物车,20.8
E4001464,U35739,search,2026-04-26 09:49:37,2026-04-26,9,iOS,1.2.0,SES24317,详情,104.2
E4001465,U34725,page_view,2026-04-06 22:15:03,2026-04-06,22,Web,1.1.0,SES80812,详情,12.4
E4001466,U36541,logout,2026-04-01 06:03:30,2026-04-01,6,Web,1.1.0,SES68199,购物车,6.8
E4001467,U9788,page_view,2026-04-27 06:29:47,2026-04-27,6,Web,1.0.0,SES31241,购物车,24.8
E4001468,U33832,page_view,2026-04-30 04:05:28,2026-04-30,4,Android,1.0.0,SES43803,购物车,6.9
E4001469,U2831,click,2026-04-22 02:10:34,2026-04-22,2,Web,1.2.0,SES29448,购物车,19.5
E4001470,U46646,app_open,2026-04-03 18:56:22,2026-04-03,18,iOS,1.2.0,SES67758,购物车,52.0
E4001471,U5981,page_view,2026-04-22 03:52:00,2026-04-22,3,iOS,1.3.0,SES40713,我的,6.6
E4001472,U25810,page_view,2026-04-02 21:38:20,2026-04-02,21,Web,1.3.0,SES67001,搜索,5.7
E4001473,U48649,page_view,2026-04-10 06:10:04,2026-04-10,6,Web,1.1.0,SES43930,详情,12.8
E4001474,U46103,page_view,2026-04-07 15:28:06,2026-04-07,15,Web,1.0.0,SES29372,购物车,27.2
E4001475,U39087,click,2026-04-01 20:07:44,2026-04-01,20,iOS,1.1.0,SES40287,详情,1.3
E4001476,U16459,share,2026-04-10 12:13:03,2026-04-10,12,iOS,1.1.0,SES94127,首页,3.4
E4001477,U37769,logout,2026-04-28 04:51:38,2026-04-28,4,Android,1.1.0,SES22474,首页,11.1
E4001478,U9714,purchase,2026-04-26 03:44:15,2026-04-26,3,Web,1.2.0,SES79559,设置,28.5
E4001479,U32299,click,2026-04-13 10:20:40,2026-04-13,10,Android,1.0.0,SES48578,我的,0.7
E4001480,U30387,page_view,2026-04-03 20:52:40,2026-04-03,20,Android,1.0.0,SES26877,详情,16.3
E4001481,U30757,page_view,2026-04-13 14:29:51,2026-04-13,14,iOS,1.3.0,SES25944,购物车,13.4
E4001482,U6604,app_open,2026-04-12 17:20:43,2026-04-12,17,Web,1.3.0,SES63950,搜索,34.2
E4001483,U30215,click,2026-04-24 16:54:57,2026-04-24,16,Web,1.0.0,SES75587,详情,28.4
E4001484,U5973,search,2026-04-17 06:41:44,2026-04-17,6,Android,1.1.0,SES18266,我的,63.8
E4001485,U6149,click,2026-04-09 01:19:33,2026-04-09,1,Android,1.2.0,SES40063,详情,24.8
E4001486,U27187,app_open,2026-04-24 09:00:45,2026-04-24,9,Android,1.3.0,SES28665,搜索,1.2
E4001487,U41114,click,2026-04-07 00:44:06,2026-04-07,0,Web,1.1.0,SES49533,我的,106.3
E4001488,U5777,logout,2026-04-28 02:42:22,2026-04-28,2,Android,1.1.0,SES93573,设置,3.2
E4001489,U24838,search,2026-04-15 04:11:07,2026-04-15,4,Web,1.2.0,SES92698,详情,9.0
E4001490,U46166,search,2026-04-09 21:58:33,2026-04-09,21,iOS,1.1.0,SES47933,购物车,22.2
E4001491,U35112,page_view,2026-04-25 15:52:08,2026-04-25,15,Android,1.3.0,SES39357,我的,17.1
E4001492,U12275,page_view,2026-04-05 01:52:57,2026-04-05,1,Web,1.0.0,SES66702,详情,42.5
E4001493,U39185,page_view,2026-04-09 21:53:32,2026-04-09,21,iOS,1.2.0,SES46689,我的,58.6
E4001494,U28964,page_view,2026-04-07 22:14:49,2026-04-07,22,iOS,1.3.0,SES42010,详情,34.2
E4001495,U47683,click,2026-04-11 12:12:27,2026-04-11,12,Web,1.3.0,SES22875,购物车,69.4
E4001496,U16492,register,2026-04-29 23:48:32,2026-04-29,23,Web,1.1.0,SES32420,首页,50.1
E4001497,U32241,search,2026-04-29 08:52:44,2026-04-29,8,Android,1.1.0,SES77211,我的,4.9
E4001498,U32823,click,2026-04-13 05:12:47,2026-04-13,5,iOS,1.1.0,SES60998,设置,7.8
E4001499,U11904,click,2026-04-17 19:56:50,2026-04-17,19,iOS,1.2.0,SES55249,首页,9.0
E4001500,U27322,page_view,2026-04-18 15:40:06,2026-04-18,15,Android,1.3.0,SES10600,搜索,19.6
E4001501,U12167,click,2026-04-24 06:17:36,2026-04-24,6,Web,1.1.0,SES71521,详情,48.2
E4001502,U39461,app_open,2026-04-28 00:09:42,2026-04-28,0,Android,1.1.0,SES57859,购物车,14.4
E4001503,U38462,app_open,2026-04-05 14:17:53,2026-04-05,14,iOS,1.0.0,SES59399,首页,21.2
E4001504,U37357,app_open,2026-04-29 09:54:19,2026-04-29,9,iOS,1.2.0,SES18013,我的,10.5
E4001505,U16264,click,2026-04-30 03:12:35,2026-04-30,3,Web,1.1.0,SES25190,购物车,4.0
E4001506,U33079,search,2026-04-13 08:55:05,2026-04-13,8,Android,1.0.0,SES89020,购物车,9.0
E4001507,U48750,page_view,2026-04-01 13:35:35,2026-04-01,13,Android,1.1.0,SES88920,我的,14.2
E4001508,U29231,click,2026-04-04 22:17:01,2026-04-04,22,iOS,1.2.0,SES42293,详情,5.7
E4001509,U34441,app_open,2026-04-29 22:48:07,2026-04-29,22,Web,1.0.0,SES29214,购物车,40.3
E4001510,U5964,logout,2026-04-05 07:47:32,2026-04-05,7,Android,1.0.0,SES51498,首页,6.3
E4001511,U32198,click,2026-04-26 22:02:52,2026-04-26,22,Web,1.0.0,SES58090,我的,31.2
E4001512,U10219,register,2026-04-11 11:45:12,2026-04-11,11,Web,1.0.0,SES23059,详情,20.1
E4001513,U49995,page_view,2026-04-15 15:21:52,2026-04-15,15,iOS,1.0.0,SES63209,购物车,8.9
E4001514,U34397,page_view,2026-04-27 05:17:40,2026-04-27,5,Android,1.2.0,SES26601,设置,48.6
E4001515,U38969,purchase,2026-04-21 08:05:42,2026-04-21,8,Web,1.3.0,SES25479,首页,7.3
E4001516,U40129,search,2026-04-26 19:32:53,2026-04-26,19,Android,1.2.0,SES62642,搜索,48.3
E4001517,U6711,share,2026-04-30 03:48:48,2026-04-30,3,Web,1.2.0,SES32638,设置,18.7
E4001518,U45077,page_view,2026-04-29 02:07:32,2026-04-29,2,Android,1.1.0,SES82086,搜索,0.0
E4001519,U11243,purchase,2026-04-04 12:54:11,2026-04-04,12,Web,1.3.0,SES85044,搜索,156.1
E4001520,U20307,app_open,2026-04-04 08:42:34,2026-04-04,8,iOS,1.2.0,SES78190,详情,1.6
E4001521,U33176,page_view,2026-04-19 02:43:52,2026-04-19,2,Android,1.3.0,SES84478,首页,89.3
E4001522,U4665,share,2026-04-18 22:55:55,2026-04-18,22,Web,1.1.0,SES27866,搜索,8.7
E4001523,U25811,app_open,2026-04-06 21:11:51,2026-04-06,21,iOS,1.0.0,SES85793,首页,4.1
E4001524,U15445,click,2026-04-15 21:46:38,2026-04-15,21,Web,1.3.0,SES38074,设置,29.1
E4001525,U10743,page_view,2026-04-13 03:52:41,2026-04-13,3,iOS,1.0.0,SES94063,设置,11.3
E4001526,U10813,search,2026-04-16 04:49:26,2026-04-16,4,Web,1.1.0,SES43376,详情,25.3
E4001527,U10378,page_view,2026-04-25 20:10:31,2026-04-25,20,Web,1.1.0,SES97787,首页,9.2
E4001528,U23754,app_open,2026-04-15 21:19:04,2026-04-15,21,iOS,1.1.0,SES55939,购物车,40.7
E4001529,U34126,app_open,2026-04-02 21:41:09,2026-04-02,21,Android,1.2.0,SES53829,我的,93.2
E4001530,U10495,search,2026-04-12 12:49:49,2026-04-12,12,Web,1.0.0,SES94272,详情,68.9
E4001531,U42119,click,2026-04-11 01:41:40,2026-04-11,1,Web,1.1.0,SES50079,搜索,13.5
E4001532,U23452,page_view,2026-04-04 16:24:21,2026-04-04,16,iOS,1.1.0,SES48561,设置,9.2
E4001533,U42722,app_open,2026-04-27 23:06:50,2026-04-27,23,iOS,1.3.0,SES12875,购物车,74.1
E4001534,U25308,page_view,2026-04-16 00:36:13,2026-04-16,0,Android,1.2.0,SES13422,购物车,25.1
E4001535,U18305,purchase,2026-04-25 07:37:37,2026-04-25,7,Android,1.1.0,SES92924,我的,18.0
E4001536,U6521,logout,2026-04-27 18:23:45,2026-04-27,18,Web,1.0.0,SES25542,我的,21.0
E4001537,U49578,click,2026-04-28 09:09:41,2026-04-28,9,Web,1.0.0,SES75869,设置,17.1
E4001538,U26289,logout,2026-04-25 07:22:06,2026-04-25,7,Android,1.0.0,SES77834,购物车,1.8
E4001539,U10947,click,2026-04-12 11:36:49,2026-04-12,11,Android,1.2.0,SES28213,购物车,22.1
E4001540,U6623,page_view,2026-04-06 21:56:23,2026-04-06,21,iOS,1.2.0,SES11353,首页,21.8
E4001541,U9223,search,2026-04-01 09:49:24,2026-04-01,9,iOS,1.3.0,SES11940,购物车,18.0
E4001542,U22801,page_view,2026-04-24 04:49:44,2026-04-24,4,Web,1.0.0,SES91913,搜索,53.5
E4001543,U38346,page_view,2026-04-04 08:33:23,2026-04-04,8,Android,1.3.0,SES86028,首页,0.8
E4001544,U33535,click,2026-04-20 05:49:49,2026-04-20,5,Web,1.2.0,SES56882,首页,68.4
E4001545,U34372,click,2026-04-02 19:35:38,2026-04-02,19,iOS,1.2.0,SES31656,购物车,23.5
E4001546,U25947,search,2026-04-16 06:20:47,2026-04-16,6,Web,1.2.0,SES98787,设置,108.3
E4001547,U29326,page_view,2026-04-29 07:01:57,2026-04-29,7,Web,1.2.0,SES69922,购物车,19.3
E4001548,U17069,click,2026-04-03 05:40:06,2026-04-03,5,Android,1.0.0,SES11256,详情,10.2
E4001549,U14594,purchase,2026-04-22 06:40:34,2026-04-22,6,Web,1.0.0,SES19950,购物车,3.8
E4001550,U22890,page_view,2026-04-24 19:07:06,2026-04-24,19,iOS,1.1.0,SES66745,我的,8.8
E4001551,U43425,app_open,2026-04-16 03:27:11,2026-04-16,3,iOS,1.0.0,SES33073,首页,1.3
E4001552,U10856,logout,2026-04-29 09:04:29,2026-04-29,9,Web,1.1.0,SES90357,我的,35.3
E4001553,U5632,register,2026-04-05 13:23:49,2026-04-05,13,Android,1.2.0,SES35937,购物车,18.7
E4001554,U40827,click,2026-04-28 21:59:15,2026-04-28,21,Android,1.2.0,SES78128,设置,15.5
E4001555,U18497,click,2026-04-05 00:31:25,2026-04-05,0,iOS,1.3.0,SES42176,首页,10.5
E4001556,U7072,app_open,2026-04-20 22:57:12,2026-04-20,22,iOS,1.0.0,SES10527,搜索,31.6
E4001557,U28510,search,2026-04-07 13:17:31,2026-04-07,13,Web,1.2.0,SES20210,首页,51.8
E4001558,U17543,click,2026-04-23 05:52:47,2026-04-23,5,iOS,1.3.0,SES54346,首页,13.0
E4001559,U10742,app_open,2026-04-01 14:44:52,2026-04-01,14,Android,1.1.0,SES12865,首页,4.3
E4001560,U28103,click,2026-04-23 05:50:52,2026-04-23,5,Android,1.1.0,SES52751,首页,53.2
E4001561,U4185,logout,2026-04-30 14:34:29,2026-04-30,14,Web,1.2.0,SES17551,搜索,9.3
E4001562,U11856,page_view,2026-04-27 07:53:57,2026-04-27,7,Android,1.0.0,SES41020,首页,16.1
E4001563,U9079,page_view,2026-04-13 12:04:11,2026-04-13,12,iOS,1.2.0,SES43511,设置,6.9
E4001564,U13572,click,2026-04-03 03:56:19,2026-04-03,3,iOS,1.1.0,SES83606,首页,35.7
E4001565,U8601,click,2026-04-25 20:00:46,2026-04-25,20,Android,1.1.0,SES60740,购物车,32.9
E4001566,U11597,page_view,2026-04-27 12:24:38,2026-04-27,12,Android,1.1.0,SES96641,首页,34.2
E4001567,U19981,page_view,2026-04-26 20:13:17,2026-04-26,20,Web,1.3.0,SES21512,首页,37.3
E4001568,U32848,page_view,2026-04-21 09:17:57,2026-04-21,9,Android,1.2.0,SES85701,设置,6.4
E4001569,U29079,purchase,2026-04-12 10:51:10,2026-04-12,10,Android,1.3.0,SES50690,搜索,67.7
E4001570,U34823,page_view,2026-04-03 17:34:09,2026-04-03,17,iOS,1.2.0,SES94882,我的,38.6
E4001571,U42918,click,2026-04-04 17:38:07,2026-04-04,17,Android,1.3.0,SES59175,搜索,25.5
E4001572,U47414,page_view,2026-04-08 12:22:21,2026-04-08,12,Web,1.0.0,SES49459,搜索,6.7
E4001573,U21016,page_view,2026-04-25 23:22:05,2026-04-25,23,iOS,1.0.0,SES38259,我的,36.8
E4001574,U46474,click,2026-04-01 03:28:34,2026-04-01,3,Web,1.0.0,SES11253,搜索,21.5
E4001575,U32891,purchase,2026-04-17 16:09:50,2026-04-17,16,Web,1.3.0,SES59322,详情,10.3
E4001576,U43801,click,2026-04-20 20:06:24,2026-04-20,20,iOS,1.3.0,SES62280,购物车,0.6
E4001577,U27579,click,2026-04-12 21:01:22,2026-04-12,21,Web,1.3.0,SES52133,购物车,33.5
E4001578,U20198,app_open,2026-04-01 03:47:01,2026-04-01,3,Web,1.2.0,SES33039,购物车,124.8
E4001579,U12391,page_view,2026-04-26 19:48:10,2026-04-26,19,Web,1.0.0,SES42812,搜索,34.4
E4001580,U41606,page_view,2026-04-02 04:01:20,2026-04-02,4,Android,1.2.0,SES55746,购物车,27.5
E4001581,U32771,page_view,2026-04-27 11:20:52,2026-04-27,11,Android,1.2.0,SES83638,设置,39.9
E4001582,U41217,page_view,2026-04-29 22:06:00,2026-04-29,22,Web,1.3.0,SES87584,详情,64.3
E4001583,U41374,purchase,2026-04-30 10:05:49,2026-04-30,10,iOS,1.2.0,SES32664,我的,26.1
E4001584,U19703,click,2026-04-02 06:51:12,2026-04-02,6,Android,1.1.0,SES96347,首页,60.8
E4001585,U33936,page_view,2026-04-04 23:34:06,2026-04-04,23,Web,1.3.0,SES80649,购物车,35.8
E4001586,U45240,logout,2026-04-29 09:15:56,2026-04-29,9,Web,1.1.0,SES61126,首页,31.1
E4001587,U13766,page_view,2026-04-12 06:27:26,2026-04-12,6,iOS,1.0.0,SES68577,首页,19.8
E4001588,U46733,app_open,2026-04-08 00:58:55,2026-04-08,0,iOS,1.2.0,SES89555,详情,6.9
E4001589,U23979,page_view,2026-04-21 05:16:44,2026-04-21,5,Web,1.0.0,SES46665,购物车,10.4
E4001590,U11159,page_view,2026-04-27 10:51:44,2026-04-27,10,Web,1.3.0,SES98464,设置,59.3
E4001591,U27907,purchase,2026-04-10 17:22:15,2026-04-10,17,Web,1.3.0,SES36714,首页,83.8
E4001592,U36887,page_view,2026-04-21 23:21:09,2026-04-21,23,iOS,1.2.0,SES35548,我的,17.3
E4001593,U29824,page_view,2026-04-27 03:38:57,2026-04-27,3,iOS,1.0.0,SES60729,我的,7.6
E4001594,U44627,click,2026-04-01 05:25:24,2026-04-01,5,iOS,1.2.0,SES60924,搜索,49.4
E4001595,U44512,search,2026-04-25 15:30:00,2026-04-25,15,Web,1.2.0,SES47195,购物车,90.6
E4001596,U44740,app_open,2026-04-09 05:49:10,2026-04-09,5,iOS,1.1.0,SES79631,首页,0.7
E4001597,U31051,app_open,2026-04-21 01:43:58,2026-04-21,1,Web,1.1.0,SES12900,首页,25.7
E4001598,U40192,app_open,2026-04-26 06:38:16,2026-04-26,6,Web,1.2.0,SES12569,购物车,7.1
E4001599,U35803,app_open,2026-04-14 10:31:27,2026-04-14,10,Android,1.3.0,SES32924,详情,26.3
E4001600,U7266,search,2026-04-28 02:32:17,2026-04-28,2,Web,1.3.0,SES44729,首页,21.2
E4001601,U19233,page_view,2026-04-23 07:49:15,2026-04-23,7,iOS,1.3.0,SES85011,搜索,63.5
E4001602,U14605,click,2026-04-09 08:55:21,2026-04-09,8,Web,1.1.0,SES49255,首页,49.0
E4001603,U41055,click,2026-04-26 15:48:18,2026-04-26,15,Web,1.0.0,SES64378,搜索,42.1
E4001604,U29641,share,2026-04-21 02:13:48,2026-04-21,2,iOS,1.3.0,SES65071,购物车,10.9
E4001605,U20974,page_view,2026-04-16 13:07:46,2026-04-16,13,iOS,1.1.0,SES41436,首页,16.6
E4001606,U25563,page_view,2026-04-18 14:19:10,2026-04-18,14,iOS,1.2.0,SES81545,首页,4.2
E4001607,U33041,page_view,2026-04-18 16:35:32,2026-04-18,16,Web,1.0.0,SES14624,设置,4.7
E4001608,U25158,app_open,2026-04-10 14:45:23,2026-04-10,14,Web,1.0.0,SES51048,设置,15.9
E4001609,U47603,page_view,2026-04-22 03:23:14,2026-04-22,3,Android,1.0.0,SES36147,首页,79.5
E4001610,U43601,page_view,2026-04-11 21:12:56,2026-04-11,21,Web,1.1.0,SES75239,详情,12.0
E4001611,U34991,page_view,2026-04-21 23:50:56,2026-04-21,23,Android,1.1.0,SES45024,详情,119.2
E4001612,U12981,page_view,2026-04-19 08:13:28,2026-04-19,8,iOS,1.1.0,SES87375,详情,4.9
E4001613,U49796,click,2026-04-02 17:17:47,2026-04-02,17,Web,1.2.0,SES12155,购物车,1.4
E4001614,U7077,logout,2026-04-22 21:35:49,2026-04-22,21,Android,1.3.0,SES50491,详情,1.0
E4001615,U46838,page_view,2026-04-28 06:29:25,2026-04-28,6,iOS,1.3.0,SES78883,搜索,11.7
E4001616,U12632,logout,2026-04-21 12:59:39,2026-04-21,12,Android,1.1.0,SES70942,设置,5.7
E4001617,U18779,page_view,2026-04-28 09:18:55,2026-04-28,9,Android,1.3.0,SES49435,设置,20.3
E4001618,U24165,page_view,2026-04-02 14:05:03,2026-04-02,14,Android,1.1.0,SES14253,我的,54.2
E4001619,U36393,click,2026-04-20 19:34:34,2026-04-20,19,Web,1.2.0,SES88750,搜索,12.2
E4001620,U42162,click,2026-04-07 12:03:04,2026-04-07,12,Android,1.0.0,SES89676,详情,24.4
E4001621,U6598,search,2026-04-29 23:19:26,2026-04-29,23,iOS,1.0.0,SES94293,搜索,0.9
E4001622,U15779,search,2026-04-25 10:36:23,2026-04-25,10,iOS,1.1.0,SES89403,搜索,94.8
E4001623,U41228,logout,2026-04-27 08:48:36,2026-04-27,8,Android,1.0.0,SES83677,首页,46.5
E4001624,U7516,page_view,2026-04-30 10:45:35,2026-04-30,10,Web,1.1.0,SES57455,购物车,66.2
E4001625,U9894,page_view,2026-04-04 07:33:15,2026-04-04,7,Android,1.1.0,SES83144,首页,11.8
E4001626,U25589,click,2026-04-25 22:55:02,2026-04-25,22,Android,1.0.0,SES37120,搜索,26.8
E4001627,U41042,share,2026-04-01 19:29:38,2026-04-01,19,iOS,1.3.0,SES40825,首页,4.3
E4001628,U44413,page_view,2026-04-21 18:34:57,2026-04-21,18,Android,1.2.0,SES70274,我的,46.7
E4001629,U45723,page_view,2026-04-03 19:29:02,2026-04-03,19,Web,1.2.0,SES38531,搜索,52.5
E4001630,U48704,app_open,2026-04-29 23:39:20,2026-04-29,23,Web,1.0.0,SES45475,我的,7.0
E4001631,U36384,click,2026-04-13 07:16:05,2026-04-13,7,iOS,1.3.0,SES81287,我的,50.3
E4001632,U43707,page_view,2026-04-15 14:29:14,2026-04-15,14,Web,1.2.0,SES66772,详情,12.1
E4001633,U31751,purchase,2026-04-16 22:14:18,2026-04-16,22,Android,1.0.0,SES38282,购物车,21.5
E4001634,U19994,app_open,2026-04-03 00:05:23,2026-04-03,0,Android,1.2.0,SES92945,首页,7.3
E4001635,U6689,click,2026-04-25 02:33:17,2026-04-25,2,Android,1.1.0,SES59917,首页,4.5
E4001636,U30243,app_open,2026-04-21 16:09:39,2026-04-21,16,Android,1.1.0,SES27813,我的,16.4
E4001637,U23410,click,2026-04-01 15:53:45,2026-04-01,15,Android,1.1.0,SES68199,搜索,11.4
E4001638,U31500,page_view,2026-04-23 22:22:04,2026-04-23,22,iOS,1.1.0,SES31979,详情,0.8
E4001639,U48727,app_open,2026-04-15 06:51:31,2026-04-15,6,Web,1.0.0,SES47498,我的,91.2
E4001640,U19921,search,2026-04-04 12:49:04,2026-04-04,12,iOS,1.2.0,SES59079,设置,39.8
E4001641,U16124,page_view,2026-04-27 21:43:47,2026-04-27,21,Web,1.2.0,SES36228,详情,4.7
E4001642,U29398,app_open,2026-04-29 01:26:55,2026-04-29,1,Web,1.0.0,SES76392,设置,11.9
E4001643,U49714,register,2026-04-14 15:49:59,2026-04-14,15,Android,1.3.0,SES42044,详情,8.6
E4001644,U27956,app_open,2026-04-25 08:11:01,2026-04-25,8,Android,1.3.0,SES24895,详情,28.1
E4001645,U44096,click,2026-04-19 21:08:33,2026-04-19,21,Web,1.2.0,SES20116,搜索,45.7
E4001646,U26257,click,2026-04-03 10:35:00,2026-04-03,10,iOS,1.0.0,SES16149,搜索,10.4
E4001647,U17931,share,2026-04-16 01:53:42,2026-04-16,1,Web,1.2.0,SES38041,详情,43.0
E4001648,U21313,page_view,2026-04-19 08:27:54,2026-04-19,8,Android,1.0.0,SES29197,购物车,6.3
E4001649,U8246,click,2026-04-10 12:48:09,2026-04-10,12,Web,1.3.0,SES13178,首页,34.9
E4001650,U39789,app_open,2026-04-20 06:49:11,2026-04-20,6,Android,1.3.0,SES67445,我的,6.7
E4001651,U17901,click,2026-04-24 22:00:20,2026-04-24,22,iOS,1.3.0,SES86662,首页,27.5
E4001652,U39522,page_view,2026-04-05 15:07:59,2026-04-05,15,iOS,1.3.0,SES74152,设置,2.2
E4001653,U16761,app_open,2026-04-08 04:35:56,2026-04-08,4,iOS,1.3.0,SES60510,搜索,17.0
E4001654,U40473,click,2026-04-09 06:33:31,2026-04-09,6,Web,1.2.0,SES21475,设置,5.7
E4001655,U29412,search,2026-04-04 08:58:57,2026-04-04,8,iOS,1.0.0,SES55966,购物车,75.8
E4001656,U10164,click,2026-04-11 03:52:21,2026-04-11,3,Android,1.0.0,SES44459,购物车,47.1
E4001657,U11924,click,2026-04-15 22:53:34,2026-04-15,22,Android,1.2.0,SES84368,设置,10.6
E4001658,U26690,click,2026-04-11 20:05:26,2026-04-11,20,Web,1.0.0,SES43006,设置,13.4
E4001659,U49978,search,2026-04-01 14:22:47,2026-04-01,14,iOS,1.3.0,SES40836,购物车,25.4
E4001660,U23427,click,2026-04-30 01:35:32,2026-04-30,1,Android,1.0.0,SES82559,我的,24.0
E4001661,U3476,click,2026-04-27 18:30:08,2026-04-27,18,iOS,1.1.0,SES81578,首页,0.6
E4001662,U1528,click,2026-04-12 00:02:34,2026-04-12,0,Android,1.3.0,SES90364,设置,17.5
E4001663,U29363,page_view,2026-04-04 16:04:19,2026-04-04,16,Android,1.2.0,SES36822,首页,27.8
E4001664,U23836,page_view,2026-04-11 04:42:57,2026-04-11,4,Web,1.3.0,SES49663,搜索,33.0
E4001665,U6542,page_view,2026-04-29 05:34:41,2026-04-29,5,iOS,1.1.0,SES26965,详情,5.3
E4001666,U35449,click,2026-04-01 11:35:13,2026-04-01,11,iOS,1.1.0,SES66586,我的,39.9
E4001667,U34046,page_view,2026-04-15 07:26:19,2026-04-15,7,Android,1.3.0,SES68883,搜索,4.7
E4001668,U24559,click,2026-04-15 09:41:28,2026-04-15,9,iOS,1.1.0,SES90246,详情,45.1
E4001669,U14503,click,2026-04-17 13:51:26,2026-04-17,13,Web,1.0.0,SES37492,搜索,69.5
E4001670,U30951,logout,2026-04-25 03:01:09,2026-04-25,3,iOS,1.2.0,SES59727,设置,32.6
E4001671,U1862,search,2026-04-25 20:46:36,2026-04-25,20,Web,1.0.0,SES27135,搜索,169.3
E4001672,U49306,search,2026-04-17 00:28:19,2026-04-17,0,Web,1.3.0,SES72606,首页,37.1
E4001673,U18242,app_open,2026-04-25 06:30:08,2026-04-25,6,Web,1.0.0,SES67927,设置,3.3
E4001674,U10852,app_open,2026-04-07 10:30:24,2026-04-07,10,iOS,1.0.0,SES69168,详情,46.7
E4001675,U19031,logout,2026-04-08 05:39:04,2026-04-08,5,Web,1.3.0,SES17841,详情,0.4
E4001676,U7317,logout,2026-04-12 23:16:10,2026-04-12,23,Android,1.3.0,SES83305,首页,1.0
E4001677,U29204,search,2026-04-07 22:12:36,2026-04-07,22,iOS,1.1.0,SES75064,搜索,19.1
E4001678,U18381,page_view,2026-04-21 06:29:27,2026-04-21,6,Android,1.2.0,SES69314,详情,111.5
E4001679,U24523,app_open,2026-04-10 17:18:55,2026-04-10,17,Android,1.1.0,SES59855,购物车,21.9
E4001680,U44021,page_view,2026-04-25 19:31:46,2026-04-25,19,iOS,1.1.0,SES62864,购物车,0.6
E4001681,U31782,page_view,2026-04-17 21:07:27,2026-04-17,21,iOS,1.1.0,SES54087,搜索,7.4
E4001682,U31125,page_view,2026-04-21 00:05:24,2026-04-21,0,iOS,1.2.0,SES80016,搜索,7.6
E4001683,U2040,page_view,2026-04-17 04:45:51,2026-04-17,4,iOS,1.3.0,SES54796,我的,26.7
E4001684,U15245,search,2026-04-30 04:28:42,2026-04-30,4,iOS,1.1.0,SES91910,我的,25.7
E4001685,U17518,page_view,2026-04-09 17:35:16,2026-04-09,17,Android,1.3.0,SES88395,我的,1.1
E4001686,U21278,logout,2026-04-14 19:43:43,2026-04-14,19,iOS,1.1.0,SES57597,搜索,0.5
E4001687,U16646,share,2026-04-01 02:46:18,2026-04-01,2,Android,1.3.0,SES85575,搜索,38.3
E4001688,U1832,app_open,2026-04-25 04:54:18,2026-04-25,4,iOS,1.0.0,SES51536,首页,15.2
E4001689,U41279,click,2026-04-05 18:10:58,2026-04-05,18,Android,1.3.0,SES69254,详情,59.7
E4001690,U2733,page_view,2026-04-17 11:31:18,2026-04-17,11,Android,1.1.0,SES99253,设置,16.3
E4001691,U38592,click,2026-04-05 05:45:47,2026-04-05,5,iOS,1.2.0,SES18979,详情,3.0
E4001692,U6031,app_open,2026-04-09 00:59:45,2026-04-09,0,Web,1.0.0,SES98415,搜索,3.5
E4001693,U20640,page_view,2026-04-05 09:52:58,2026-04-05,9,Web,1.2.0,SES61258,设置,46.5
E4001694,U41371,app_open,2026-04-15 08:42:08,2026-04-15,8,Android,1.3.0,SES28164,我的,55.0
E4001695,U15462,logout,2026-04-27 09:20:10,2026-04-27,9,Web,1.0.0,SES75978,搜索,19.5
E4001696,U9271,search,2026-04-28 13:11:24,2026-04-28,13,Web,1.3.0,SES14995,详情,33.1
E4001697,U2770,page_view,2026-04-13 04:05:36,2026-04-13,4,Web,1.2.0,SES66036,首页,5.1
E4001698,U24429,search,2026-04-22 00:40:55,2026-04-22,0,Web,1.0.0,SES15393,购物车,4.1
E4001699,U36847,click,2026-04-08 23:58:02,2026-04-08,23,iOS,1.1.0,SES33886,搜索,14.9
E4001700,U44726,page_view,2026-04-20 21:10:33,2026-04-20,21,Android,1.1.0,SES18251,首页,40.0
E4001701,U21251,app_open,2026-04-15 09:12:44,2026-04-15,9,Web,1.1.0,SES17460,详情,87.2
E4001702,U2607,page_view,2026-04-16 21:23:44,2026-04-16,21,Web,1.2.0,SES63716,设置,125.9
E4001703,U31601,search,2026-04-25 19:27:13,2026-04-25,19,Android,1.2.0,SES37015,详情,54.8
E4001704,U37413,app_open,2026-04-29 05:46:56,2026-04-29,5,Android,1.0.0,SES65611,购物车,1.3
E4001705,U6535,page_view,2026-04-27 20:34:57,2026-04-27,20,Android,1.1.0,SES73220,购物车,8.9
E4001706,U18496,page_view,2026-04-12 18:05:28,2026-04-12,18,Web,1.3.0,SES72107,详情,91.0
E4001707,U15860,click,2026-04-25 22:10:55,2026-04-25,22,iOS,1.0.0,SES78412,设置,54.1
E4001708,U21350,app_open,2026-04-03 05:50:40,2026-04-03,5,Web,1.2.0,SES73082,首页,10.0
E4001709,U31186,click,2026-04-26 14:32:26,2026-04-26,14,Android,1.3.0,SES38765,搜索,7.1
E4001710,U48520,app_open,2026-04-08 11:48:40,2026-04-08,11,Android,1.3.0,SES47483,购物车,14.5
E4001711,U20701,purchase,2026-04-06 16:14:21,2026-04-06,16,Android,1.1.0,SES49151,购物车,51.7
E4001712,U49518,page_view,2026-04-12 23:22:40,2026-04-12,23,iOS,1.3.0,SES91791,详情,23.5
E4001713,U2238,app_open,2026-04-06 15:50:06,2026-04-06,15,Android,1.2.0,SES68799,购物车,102.6
E4001714,U22319,logout,2026-04-07 08:02:56,2026-04-07,8,Web,1.3.0,SES35788,购物车,15.8
E4001715,U33730,click,2026-04-01 15:43:40,2026-04-01,15,Web,1.0.0,SES62630,搜索,4.6
E4001716,U42338,click,2026-04-04 10:36:58,2026-04-04,10,Web,1.1.0,SES12720,我的,33.6
E4001717,U17776,page_view,2026-04-22 15:01:05,2026-04-22,15,Web,1.1.0,SES63257,搜索,14.5
E4001718,U45212,app_open,2026-04-17 10:05:03,2026-04-17,10,Android,1.2.0,SES85498,首页,24.0
E4001719,U11690,logout,2026-04-25 12:58:56,2026-04-25,12,Web,1.1.0,SES89648,我的,35.0
E4001720,U8831,page_view,2026-04-10 00:36:39,2026-04-10,0,iOS,1.2.0,SES52794,购物车,9.1
E4001721,U35114,page_view,2026-04-05 08:31:08,2026-04-05,8,Android,1.1.0,SES39930,设置,3.2
E4001722,U15620,app_open,2026-04-27 19:58:07,2026-04-27,19,Android,1.1.0,SES79994,我的,11.1
E4001723,U20342,click,2026-04-14 02:14:40,2026-04-14,2,Web,1.2.0,SES57436,购物车,37.4
E4001724,U22088,search,2026-04-14 02:22:25,2026-04-14,2,Web,1.0.0,SES27343,设置,9.4
E4001725,U19159,page_view,2026-04-05 17:20:09,2026-04-05,17,iOS,1.3.0,SES22555,设置,28.0
E4001726,U7451,click,2026-04-04 23:38:06,2026-04-04,23,Android,1.1.0,SES43406,设置,12.2
E4001727,U20783,search,2026-04-15 06:50:57,2026-04-15,6,Android,1.3.0,SES51914,详情,46.7
E4001728,U4676,page_view,2026-04-24 23:31:42,2026-04-24,23,Web,1.2.0,SES57600,首页,5.9
E4001729,U43269,page_view,2026-04-04 20:41:33,2026-04-04,20,Android,1.3.0,SES63207,详情,19.7
E4001730,U36230,page_view,2026-04-27 18:30:22,2026-04-27,18,iOS,1.2.0,SES35446,购物车,11.7
E4001731,U39244,page_view,2026-04-29 07:43:56,2026-04-29,7,Android,1.0.0,SES74550,详情,9.3
E4001732,U41695,purchase,2026-04-19 17:45:43,2026-04-19,17,Web,1.2.0,SES93498,我的,49.2
E4001733,U35890,page_view,2026-04-27 06:12:16,2026-04-27,6,iOS,1.3.0,SES83307,设置,65.9
E4001734,U32294,app_open,2026-04-14 08:08:11,2026-04-14,8,Web,1.0.0,SES34154,首页,27.1
E4001735,U33016,app_open,2026-04-02 19:54:55,2026-04-02,19,iOS,1.2.0,SES33684,搜索,11.0
E4001736,U32156,click,2026-04-15 07:55:44,2026-04-15,7,Web,1.0.0,SES31472,详情,134.4
E4001737,U44524,app_open,2026-04-25 17:49:25,2026-04-25,17,Android,1.3.0,SES70249,设置,79.6
E4001738,U4913,register,2026-04-03 15:33:39,2026-04-03,15,Web,1.0.0,SES79358,首页,5.2
E4001739,U18906,app_open,2026-04-07 18:30:19,2026-04-07,18,Android,1.0.0,SES67826,首页,92.2
E4001740,U47117,search,2026-04-25 13:27:01,2026-04-25,13,Android,1.1.0,SES74381,设置,7.8
E4001741,U45108,app_open,2026-04-01 09:06:48,2026-04-01,9,Android,1.0.0,SES32960,我的,34.9
E4001742,U14615,app_open,2026-04-16 08:37:44,2026-04-16,8,iOS,1.1.0,SES20663,详情,38.7
E4001743,U11948,page_view,2026-04-12 23:51:11,2026-04-12,23,Web,1.2.0,SES81320,我的,4.3
E4001744,U4941,page_view,2026-04-16 14:27:50,2026-04-16,14,iOS,1.3.0,SES81851,设置,6.9
E4001745,U32207,page_view,2026-04-20 04:36:52,2026-04-20,4,Web,1.1.0,SES64075,详情,31.1
E4001746,U35686,page_view,2026-04-23 04:32:22,2026-04-23,4,iOS,1.1.0,SES30347,详情,53.6
E4001747,U7762,page_view,2026-04-15 10:24:53,2026-04-15,10,iOS,1.0.0,SES78110,购物车,31.6
E4001748,U38129,page_view,2026-04-07 09:26:27,2026-04-07,9,Android,1.1.0,SES75611,设置,78.3
E4001749,U38852,app_open,2026-04-20 12:33:48,2026-04-20,12,iOS,1.1.0,SES72207,首页,41.4
E4001750,U34362,app_open,2026-04-23 17:47:22,2026-04-23,17,Android,1.1.0,SES28421,搜索,65.4
E4001751,U39607,search,2026-04-25 10:09:21,2026-04-25,10,Web,1.0.0,SES54737,搜索,85.1
E4001752,U15066,page_view,2026-04-15 03:06:00,2026-04-15,3,Android,1.3.0,SES71534,设置,18.1
E4001753,U10094,app_open,2026-04-03 19:08:32,2026-04-03,19,Android,1.0.0,SES13121,我的,0.8
E4001754,U31609,page_view,2026-04-29 23:14:22,2026-04-29,23,Web,1.2.0,SES10109,详情,26.3
E4001755,U39501,page_view,2026-04-02 04:53:18,2026-04-02,4,iOS,1.1.0,SES94197,首页,0.1
E4001756,U34325,click,2026-04-09 22:00:40,2026-04-09,22,iOS,1.3.0,SES62564,搜索,22.3
E4001757,U8607,app_open,2026-04-30 12:31:03,2026-04-30,12,Web,1.2.0,SES38116,设置,26.6
E4001758,U21480,app_open,2026-04-10 03:31:35,2026-04-10,3,iOS,1.3.0,SES42349,详情,13.8
E4001759,U34019,page_view,2026-04-27 10:12:26,2026-04-27,10,Android,1.3.0,SES69259,详情,7.1
E4001760,U46284,share,2026-04-25 06:55:47,2026-04-25,6,Web,1.0.0,SES40526,设置,30.6
E4001761,U35083,click,2026-04-24 15:46:45,2026-04-24,15,Web,1.3.0,SES87431,详情,12.9
E4001762,U2848,click,2026-04-19 05:14:16,2026-04-19,5,iOS,1.1.0,SES39555,设置,53.7
E4001763,U22923,page_view,2026-04-10 08:51:23,2026-04-10,8,Android,1.0.0,SES65524,首页,1.3
E4001764,U37653,click,2026-04-25 04:48:37,2026-04-25,4,Web,1.1.0,SES23014,搜索,3.7
E4001765,U25135,click,2026-04-21 00:37:24,2026-04-21,0,iOS,1.3.0,SES54520,设置,3.3
E4001766,U14317,purchase,2026-04-16 13:33:18,2026-04-16,13,Web,1.3.0,SES66746,详情,2.2
E4001767,U17135,click,2026-04-17 23:09:20,2026-04-17,23,Android,1.3.0,SES79536,详情,96.2
E4001768,U44417,logout,2026-04-01 08:17:06,2026-04-01,8,iOS,1.2.0,SES77021,设置,59.0
E4001769,U6956,register,2026-04-11 13:09:17,2026-04-11,13,iOS,1.1.0,SES94214,首页,32.4
E4001770,U11129,search,2026-04-06 01:17:22,2026-04-06,1,Android,1.1.0,SES96104,搜索,40.1
E4001771,U8297,app_open,2026-04-27 08:50:53,2026-04-27,8,Web,1.2.0,SES52505,购物车,31.6
E4001772,U40283,logout,2026-04-02 13:50:23,2026-04-02,13,Web,1.1.0,SES68386,我的,59.1
E4001773,U4247,search,2026-04-11 19:23:21,2026-04-11,19,Web,1.3.0,SES29343,详情,0.3
E4001774,U27931,click,2026-04-06 08:48:17,2026-04-06,8,Web,1.1.0,SES91472,我的,0.8
E4001775,U39427,search,2026-04-19 07:46:21,2026-04-19,7,Web,1.0.0,SES32253,设置,45.4
E4001776,U39684,app_open,2026-04-18 15:28:30,2026-04-18,15,iOS,1.0.0,SES61769,详情,14.1
E4001777,U27666,app_open,2026-04-25 07:19:10,2026-04-25,7,iOS,1.1.0,SES27335,搜索,109.0
E4001778,U48034,click,2026-04-22 18:43:58,2026-04-22,18,Web,1.1.0,SES91865,我的,6.4
E4001779,U44945,click,2026-04-02 08:04:12,2026-04-02,8,Android,1.2.0,SES99166,详情,38.0
E4001780,U48597,page_view,2026-04-30 13:11:59,2026-04-30,13,iOS,1.1.0,SES97741,购物车,0.6
E4001781,U22936,app_open,2026-04-07 13:43:40,2026-04-07,13,Web,1.3.0,SES61434,我的,1.1
E4001782,U10577,share,2026-04-27 21:44:08,2026-04-27,21,Web,1.3.0,SES52520,详情,12.4
E4001783,U40779,app_open,2026-04-30 09:26:13,2026-04-30,9,iOS,1.0.0,SES91904,首页,10.7
E4001784,U44909,app_open,2026-04-08 21:28:45,2026-04-08,21,Web,1.3.0,SES17062,我的,13.8
E4001785,U37857,app_open,2026-04-15 14:42:14,2026-04-15,14,iOS,1.0.0,SES25135,搜索,34.2
E4001786,U2925,page_view,2026-04-06 00:48:56,2026-04-06,0,iOS,1.0.0,SES81048,设置,6.2
E4001787,U42931,click,2026-04-04 22:32:06,2026-04-04,22,Android,1.1.0,SES79112,购物车,0.9
E4001788,U14902,app_open,2026-04-03 05:59:26,2026-04-03,5,Web,1.0.0,SES39038,搜索,9.8
E4001789,U9615,register,2026-04-22 22:24:12,2026-04-22,22,Web,1.2.0,SES60792,我的,58.1
E4001790,U45646,page_view,2026-04-22 20:51:40,2026-04-22,20,iOS,1.2.0,SES80451,我的,25.7
E4001791,U42222,app_open,2026-04-04 23:46:35,2026-04-04,23,Web,1.0.0,SES73815,我的,34.0
E4001792,U44285,search,2026-04-28 12:54:25,2026-04-28,12,Android,1.1.0,SES42293,详情,82.7
E4001793,U41547,page_view,2026-04-09 11:20:48,2026-04-09,11,Android,1.3.0,SES81931,我的,97.1
E4001794,U47746,click,2026-04-07 07:16:35,2026-04-07,7,iOS,1.3.0,SES87823,搜索,8.2
E4001795,U5288,app_open,2026-04-15 22:16:16,2026-04-15,22,Web,1.1.0,SES18610,购物车,14.3
E4001796,U19383,share,2026-04-13 09:27:26,2026-04-13,9,Android,1.0.0,SES12727,首页,11.1
E4001797,U40178,app_open,2026-04-16 12:29:42,2026-04-16,12,Web,1.2.0,SES60386,首页,25.5
E4001798,U14738,click,2026-04-28 14:42:07,2026-04-28,14,Web,1.3.0,SES52684,我的,52.5
E4001799,U31329,click,2026-04-17 19:06:35,2026-04-17,19,Web,1.1.0,SES93106,设置,72.6
E4001800,U25569,app_open,2026-04-25 22:13:19,2026-04-25,22,Web,1.2.0,SES60869,搜索,17.2
E4001801,U28048,register,2026-04-01 06:42:28,2026-04-01,6,Web,1.1.0,SES40279,我的,50.8
E4001802,U24238,search,2026-04-21 13:01:15,2026-04-21,13,Web,1.0.0,SES58905,详情,0.7
E4001803,U41690,page_view,2026-04-10 01:44:07,2026-04-10,1,Web,1.0.0,SES32284,设置,51.0
E4001804,U29293,page_view,2026-04-13 10:11:37,2026-04-13,10,Android,1.0.0,SES24698,设置,68.3
E4001805,U5768,purchase,2026-04-22 16:41:16,2026-04-22,16,Web,1.0.0,SES68718,首页,14.8
E4001806,U41396,click,2026-04-01 08:39:32,2026-04-01,8,Web,1.0.0,SES78737,购物车,19.4
E4001807,U29250,logout,2026-04-17 19:58:56,2026-04-17,19,Web,1.1.0,SES23293,我的,43.3
E4001808,U9612,page_view,2026-04-04 12:33:52,2026-04-04,12,Web,1.3.0,SES93201,首页,14.9
E4001809,U2651,page_view,2026-04-05 12:21:50,2026-04-05,12,iOS,1.3.0,SES38068,购物车,7.7
E4001810,U32015,app_open,2026-04-22 16:09:08,2026-04-22,16,iOS,1.2.0,SES32657,购物车,58.1
E4001811,U42236,logout,2026-04-03 19:30:10,2026-04-03,19,iOS,1.3.0,SES49397,首页,8.3
E4001812,U14362,logout,2026-04-23 20:39:06,2026-04-23,20,Android,1.0.0,SES53637,搜索,26.1
E4001813,U9696,purchase,2026-04-30 18:09:35,2026-04-30,18,Android,1.0.0,SES13163,购物车,2.9
E4001814,U8332,page_view,2026-04-15 05:40:06,2026-04-15,5,iOS,1.0.0,SES79611,搜索,10.1
E4001815,U33498,page_view,2026-04-01 15:00:34,2026-04-01,15,Android,1.3.0,SES75470,详情,2.9
E4001816,U18450,app_open,2026-04-26 11:39:12,2026-04-26,11,Android,1.1.0,SES37938,购物车,11.4
E4001817,U19404,purchase,2026-04-14 23:33:29,2026-04-14,23,Web,1.0.0,SES87104,首页,199.7
E4001818,U30583,click,2026-04-09 01:57:56,2026-04-09,1,Android,1.2.0,SES32194,我的,3.0
E4001819,U26225,page_view,2026-04-23 03:53:34,2026-04-23,3,iOS,1.1.0,SES70759,购物车,12.9
E4001820,U12147,page_view,2026-04-05 23:49:32,2026-04-05,23,iOS,1.2.0,SES57173,购物车,49.5
E4001821,U43302,page_view,2026-04-21 12:25:34,2026-04-21,12,iOS,1.0.0,SES82066,详情,6.5
E4001822,U46890,app_open,2026-04-16 01:35:46,2026-04-16,1,Android,1.2.0,SES87226,首页,73.1
E4001823,U43294,page_view,2026-04-11 10:35:45,2026-04-11,10,iOS,1.3.0,SES38175,详情,57.7
E4001824,U5365,logout,2026-04-17 02:49:21,2026-04-17,2,iOS,1.0.0,SES16086,首页,15.8
E4001825,U38753,app_open,2026-04-25 10:11:20,2026-04-25,10,Web,1.3.0,SES38347,我的,16.9
E4001826,U43174,page_view,2026-04-14 09:29:45,2026-04-14,9,Web,1.0.0,SES51889,搜索,63.3
E4001827,U16572,click,2026-04-25 09:11:52,2026-04-25,9,Android,1.0.0,SES57876,购物车,30.8
E4001828,U49176,app_open,2026-04-15 10:21:25,2026-04-15,10,Android,1.0.0,SES41786,我的,14.4
E4001829,U47021,app_open,2026-04-13 03:47:22,2026-04-13,3,Web,1.2.0,SES71063,设置,87.8
E4001830,U4214,page_view,2026-04-01 06:45:06,2026-04-01,6,Web,1.1.0,SES76113,设置,37.2
E4001831,U41154,click,2026-04-13 14:46:42,2026-04-13,14,Android,1.2.0,SES69641,详情,31.1
E4001832,U18705,page_view,2026-04-23 20:05:47,2026-04-23,20,iOS,1.3.0,SES85591,购物车,6.5
E4001833,U37381,click,2026-04-10 06:14:08,2026-04-10,6,iOS,1.0.0,SES62134,我的,39.3
E4001834,U8124,app_open,2026-04-04 22:56:43,2026-04-04,22,Web,1.2.0,SES52215,我的,4.2
E4001835,U5457,app_open,2026-04-12 15:31:29,2026-04-12,15,Web,1.0.0,SES18419,购物车,13.6
E4001836,U28650,page_view,2026-04-26 19:21:56,2026-04-26,19,Android,1.3.0,SES66900,首页,43.6
E4001837,U35108,page_view,2026-04-07 11:06:33,2026-04-07,11,iOS,1.0.0,SES45384,首页,6.0
E4001838,U20685,purchase,2026-04-21 18:41:00,2026-04-21,18,iOS,1.2.0,SES22494,我的,8.5
E4001839,U44816,app_open,2026-04-01 11:22:21,2026-04-01,11,Android,1.2.0,SES13693,设置,16.8
E4001840,U12506,purchase,2026-04-06 04:34:59,2026-04-06,4,iOS,1.1.0,SES70123,设置,24.2
E4001841,U12653,page_view,2026-04-07 21:34:54,2026-04-07,21,iOS,1.1.0,SES44023,购物车,28.2
E4001842,U11598,page_view,2026-04-04 09:00:01,2026-04-04,9,iOS,1.3.0,SES35350,购物车,22.5
E4001843,U44724,page_view,2026-04-24 12:09:31,2026-04-24,12,iOS,1.2.0,SES49498,搜索,11.8
E4001844,U35360,page_view,2026-04-29 01:08:56,2026-04-29,1,Android,1.0.0,SES35557,我的,16.2
E4001845,U34648,click,2026-04-20 16:32:03,2026-04-20,16,iOS,1.3.0,SES71987,搜索,4.1
E4001846,U20256,search,2026-04-20 07:35:00,2026-04-20,7,iOS,1.1.0,SES19897,首页,24.0
E4001847,U15253,page_view,2026-04-26 23:06:54,2026-04-26,23,Web,1.0.0,SES28604,我的,0.9
E4001848,U35005,app_open,2026-04-23 18:24:21,2026-04-23,18,Web,1.0.0,SES24429,购物车,66.7
E4001849,U41770,page_view,2026-04-13 07:33:54,2026-04-13,7,Web,1.0.0,SES68644,设置,50.4
E4001850,U6548,click,2026-04-09 11:32:50,2026-04-09,11,iOS,1.2.0,SES59098,首页,16.2
E4001851,U46426,purchase,2026-04-05 18:04:40,2026-04-05,18,Android,1.2.0,SES92619,详情,49.1
E4001852,U16625,page_view,2026-04-21 04:34:38,2026-04-21,4,Android,1.3.0,SES32052,设置,6.2
E4001853,U11857,page_view,2026-04-18 08:35:44,2026-04-18,8,Web,1.1.0,SES45825,搜索,7.7
E4001854,U31827,click,2026-04-27 17:47:13,2026-04-27,17,Web,1.3.0,SES17577,详情,12.4
E4001855,U12639,page_view,2026-04-04 05:37:56,2026-04-04,5,Web,1.3.0,SES54351,首页,0.2
E4001856,U23963,app_open,2026-04-07 05:59:24,2026-04-07,5,Android,1.2.0,SES96725,详情,3.9
E4001857,U21058,logout,2026-04-07 20:48:35,2026-04-07,20,Web,1.3.0,SES41822,详情,35.1
E4001858,U39053,search,2026-04-27 13:31:44,2026-04-27,13,iOS,1.1.0,SES89592,首页,0.2
E4001859,U10990,app_open,2026-04-20 13:50:29,2026-04-20,13,iOS,1.0.0,SES36558,购物车,49.5
E4001860,U5060,click,2026-04-07 03:39:12,2026-04-07,3,Android,1.3.0,SES16794,搜索,27.5
E4001861,U9917,app_open,2026-04-28 16:20:38,2026-04-28,16,Android,1.2.0,SES18427,购物车,59.6
E4001862,U41047,page_view,2026-04-22 06:51:28,2026-04-22,6,iOS,1.0.0,SES63738,首页,5.8
E4001863,U34628,page_view,2026-04-16 22:48:05,2026-04-16,22,Web,1.0.0,SES65003,购物车,4.3
E4001864,U41825,search,2026-04-30 21:39:26,2026-04-30,21,Web,1.0.0,SES10742,我的,2.9
E4001865,U18325,page_view,2026-04-25 13:27:25,2026-04-25,13,Web,1.3.0,SES72656,购物车,8.5
E4001866,U39809,app_open,2026-04-25 01:50:27,2026-04-25,1,Web,1.0.0,SES69425,我的,19.5
E4001867,U48361,click,2026-04-06 22:26:33,2026-04-06,22,Web,1.1.0,SES82156,设置,3.0
E4001868,U38424,click,2026-04-09 22:06:20,2026-04-09,22,iOS,1.0.0,SES16560,搜索,10.0
E4001869,U29962,page_view,2026-04-16 07:36:50,2026-04-16,7,Android,1.1.0,SES92624,设置,6.5
E4001870,U3712,logout,2026-04-26 22:33:42,2026-04-26,22,iOS,1.3.0,SES55956,搜索,50.6
E4001871,U40125,search,2026-04-13 23:12:44,2026-04-13,23,Android,1.1.0,SES33553,购物车,16.6
E4001872,U39529,logout,2026-04-11 00:25:34,2026-04-11,0,Web,1.0.0,SES66681,搜索,6.4
E4001873,U1486,app_open,2026-04-25 07:21:40,2026-04-25,7,Web,1.2.0,SES40706,搜索,110.6
E4001874,U44712,register,2026-04-10 13:53:52,2026-04-10,13,iOS,1.2.0,SES19184,购物车,128.3
E4001875,U10729,app_open,2026-04-09 22:55:40,2026-04-09,22,Web,1.2.0,SES19792,我的,12.9
E4001876,U4341,click,2026-04-29 18:41:24,2026-04-29,18,Android,1.2.0,SES10402,设置,8.9
E4001877,U49975,click,2026-04-16 22:12:02,2026-04-16,22,iOS,1.2.0,SES58120,设置,31.5
E4001878,U9330,page_view,2026-04-25 15:24:07,2026-04-25,15,iOS,1.2.0,SES28798,首页,20.3
E4001879,U37800,register,2026-04-26 16:13:12,2026-04-26,16,Web,1.3.0,SES77865,详情,100.8
E4001880,U42757,page_view,2026-04-20 21:30:54,2026-04-20,21,Web,1.3.0,SES41307,购物车,21.4
E4001881,U6535,page_view,2026-04-04 00:07:24,2026-04-04,0,Android,1.1.0,SES99550,设置,35.0
E4001882,U43271,page_view,2026-04-21 17:11:09,2026-04-21,17,Android,1.0.0,SES36765,设置,8.0
E4001883,U8213,purchase,2026-04-22 23:29:42,2026-04-22,23,Android,1.2.0,SES43654,详情,2.9
E4001884,U10027,page_view,2026-04-07 04:36:33,2026-04-07,4,Android,1.0.0,SES48732,搜索,31.7
E4001885,U23291,register,2026-04-21 03:21:08,2026-04-21,3,Web,1.1.0,SES45861,搜索,0.5
E4001886,U37193,page_view,2026-04-25 07:41:41,2026-04-25,7,iOS,1.3.0,SES50158,详情,19.6
E4001887,U8159,purchase,2026-04-19 08:36:23,2026-04-19,8,iOS,1.2.0,SES41154,搜索,1.1
E4001888,U1441,search,2026-04-13 22:39:21,2026-04-13,22,Web,1.0.0,SES63507,我的,3.1
E4001889,U44168,page_view,2026-04-16 23:32:25,2026-04-16,23,Android,1.1.0,SES27856,购物车,65.1
E4001890,U31409,page_view,2026-04-22 06:28:07,2026-04-22,6,Android,1.3.0,SES14770,首页,4.2
E4001891,U23100,click,2026-04-14 05:11:13,2026-04-14,5,iOS,1.3.0,SES83144,详情,14.7
E4001892,U49540,click,2026-04-06 02:26:03,2026-04-06,2,Android,1.2.0,SES47171,购物车,116.8
E4001893,U25033,page_view,2026-04-03 20:35:34,2026-04-03,20,Android,1.2.0,SES19499,搜索,36.8
E4001894,U17061,page_view,2026-04-25 08:36:37,2026-04-25,8,Android,1.1.0,SES21265,设置,24.8
E4001895,U43623,logout,2026-04-26 16:45:01,2026-04-26,16,Web,1.1.0,SES27939,详情,36.9
E4001896,U44397,click,2026-04-14 05:03:55,2026-04-14,5,Android,1.3.0,SES32206,我的,22.0
E4001897,U20295,search,2026-04-21 23:44:17,2026-04-21,23,iOS,1.2.0,SES57448,购物车,64.3
E4001898,U29240,click,2026-04-29 16:39:06,2026-04-29,16,Android,1.0.0,SES78628,详情,9.7
E4001899,U35958,app_open,2026-04-19 14:10:00,2026-04-19,14,iOS,1.2.0,SES13823,购物车,29.7
E4001900,U27231,click,2026-04-19 22:43:25,2026-04-19,22,Android,1.2.0,SES31753,详情,35.5
E4001901,U17506,click,2026-04-04 19:02:32,2026-04-04,19,Android,1.3.0,SES56354,首页,12.2
E4001902,U15455,page_view,2026-04-14 15:49:25,2026-04-14,15,Android,1.2.0,SES93374,首页,38.7
E4001903,U26249,page_view,2026-04-17 01:36:03,2026-04-17,1,iOS,1.0.0,SES37921,搜索,8.0
E4001904,U30363,click,2026-04-15 12:41:12,2026-04-15,12,Web,1.3.0,SES19725,我的,21.6
E4001905,U43346,page_view,2026-04-13 07:36:36,2026-04-13,7,Web,1.1.0,SES99785,搜索,6.2
E4001906,U39974,purchase,2026-04-17 08:37:51,2026-04-17,8,iOS,1.1.0,SES46845,我的,3.6
E4001907,U1469,page_view,2026-04-06 09:46:36,2026-04-06,9,Web,1.3.0,SES43330,我的,8.9
E4001908,U21426,page_view,2026-04-10 20:00:28,2026-04-10,20,Web,1.2.0,SES41668,首页,27.4
E4001909,U2203,page_view,2026-04-27 21:41:59,2026-04-27,21,iOS,1.3.0,SES20507,设置,8.4
E4001910,U10194,app_open,2026-04-11 00:59:09,2026-04-11,0,Web,1.3.0,SES86428,设置,40.8
E4001911,U1727,page_view,2026-04-14 13:17:33,2026-04-14,13,Android,1.3.0,SES77804,设置,3.4
E4001912,U11744,search,2026-04-17 05:05:26,2026-04-17,5,Web,1.3.0,SES37351,详情,21.5
E4001913,U30637,search,2026-04-19 04:27:43,2026-04-19,4,Android,1.1.0,SES53411,首页,58.4
E4001914,U36419,purchase,2026-04-09 01:57:21,2026-04-09,1,Android,1.1.0,SES98501,我的,153.9
E4001915,U11871,click,2026-04-11 22:27:21,2026-04-11,22,iOS,1.1.0,SES16969,搜索,14.7
E4001916,U3902,page_view,2026-04-03 06:40:08,2026-04-03,6,iOS,1.1.0,SES36497,购物车,93.8
E4001917,U41876,app_open,2026-04-03 04:52:58,2026-04-03,4,iOS,1.0.0,SES96697,详情,6.1
E4001918,U6105,register,2026-04-17 03:05:48,2026-04-17,3,Android,1.0.0,SES88102,购物车,9.4
E4001919,U26951,purchase,2026-04-25 15:39:10,2026-04-25,15,iOS,1.1.0,SES90968,详情,1.3
E4001920,U37665,page_view,2026-04-25 19:11:42,2026-04-25,19,iOS,1.1.0,SES43378,设置,35.0
E4001921,U10716,click,2026-04-15 01:58:30,2026-04-15,1,iOS,1.3.0,SES92837,首页,41.4
E4001922,U41264,click,2026-04-11 00:23:46,2026-04-11,0,Web,1.1.0,SES82827,我的,2.4
E4001923,U8964,page_view,2026-04-11 20:14:07,2026-04-11,20,Android,1.1.0,SES46923,设置,23.3
E4001924,U28290,click,2026-04-13 01:43:19,2026-04-13,1,Android,1.2.0,SES82450,购物车,25.6
E4001925,U40408,page_view,2026-04-18 02:13:21,2026-04-18,2,iOS,1.2.0,SES72095,设置,11.6
E4001926,U30361,search,2026-04-02 09:45:43,2026-04-02,9,iOS,1.0.0,SES95774,搜索,31.3
E4001927,U4675,purchase,2026-04-30 23:26:48,2026-04-30,23,Web,1.3.0,SES32569,设置,10.1
E4001928,U42348,click,2026-04-26 11:25:17,2026-04-26,11,Web,1.0.0,SES43416,我的,27.4
E4001929,U32382,page_view,2026-04-26 00:46:01,2026-04-26,0,Web,1.2.0,SES19756,我的,6.7
E4001930,U7086,click,2026-04-09 14:11:28,2026-04-09,14,Web,1.2.0,SES15924,我的,7.0
E4001931,U39211,page_view,2026-04-06 03:47:19,2026-04-06,3,Android,1.3.0,SES33616,搜索,4.5
E4001932,U38654,click,2026-04-05 02:44:21,2026-04-05,2,Android,1.2.0,SES76125,搜索,97.6
E4001933,U17670,app_open,2026-04-29 19:06:21,2026-04-29,19,Android,1.1.0,SES26153,我的,24.2
E4001934,U1547,page_view,2026-04-03 11:13:40,2026-04-03,11,Android,1.2.0,SES95647,我的,2.2
E4001935,U15180,app_open,2026-04-20 22:12:24,2026-04-20,22,Android,1.3.0,SES55198,详情,12.3
E4001936,U35607,click,2026-04-10 08:03:34,2026-04-10,8,Android,1.2.0,SES15720,搜索,12.8
E4001937,U25795,register,2026-04-16 07:28:09,2026-04-16,7,Web,1.0.0,SES94546,首页,5.9
E4001938,U49802,page_view,2026-04-13 09:55:55,2026-04-13,9,Android,1.0.0,SES67156,首页,3.2
E4001939,U20732,click,2026-04-21 04:00:54,2026-04-21,4,Web,1.1.0,SES24166,购物车,2.0
E4001940,U17321,page_view,2026-04-28 04:52:57,2026-04-28,4,Android,1.1.0,SES30394,详情,28.9
E4001941,U24968,search,2026-04-10 09:19:24,2026-04-10,9,iOS,1.3.0,SES75732,购物车,10.0
E4001942,U36237,click,2026-04-23 05:28:10,2026-04-23,5,Android,1.1.0,SES21430,我的,19.0
E4001943,U32003,page_view,2026-04-11 15:29:14,2026-04-11,15,Android,1.2.0,SES29368,搜索,17.3
E4001944,U25433,app_open,2026-04-10 07:08:47,2026-04-10,7,Android,1.2.0,SES67760,购物车,14.1
E4001945,U6226,register,2026-04-07 13:42:28,2026-04-07,13,Android,1.0.0,SES33183,首页,3.2
E4001946,U18336,app_open,2026-04-30 12:52:38,2026-04-30,12,Android,1.0.0,SES24134,我的,49.6
E4001947,U16513,app_open,2026-04-07 10:20:25,2026-04-07,10,Web,1.0.0,SES20490,首页,28.9
E4001948,U14861,page_view,2026-04-10 08:13:24,2026-04-10,8,iOS,1.1.0,SES59978,首页,21.8
E4001949,U3330,app_open,2026-04-30 20:00:12,2026-04-30,20,iOS,1.0.0,SES31526,购物车,16.0
E4001950,U37234,app_open,2026-04-12 16:43:24,2026-04-12,16,Web,1.0.0,SES58422,搜索,43.1
E4001951,U10894,app_open,2026-04-29 12:44:05,2026-04-29,12,Web,1.3.0,SES76892,设置,7.8
E4001952,U19120,page_view,2026-04-28 20:04:36,2026-04-28,20,Android,1.2.0,SES24958,购物车,38.5
E4001953,U17923,click,2026-04-14 19:34:50,2026-04-14,19,Android,1.3.0,SES66008,首页,42.3
E4001954,U7534,app_open,2026-04-27 18:14:21,2026-04-27,18,Web,1.1.0,SES88005,搜索,29.9
E4001955,U17191,page_view,2026-04-18 12:31:50,2026-04-18,12,Web,1.1.0,SES42867,搜索,44.8
E4001956,U22813,page_view,2026-04-04 00:37:11,2026-04-04,0,iOS,1.1.0,SES54420,我的,2.6
E4001957,U32631,page_view,2026-04-22 02:30:10,2026-04-22,2,iOS,1.1.0,SES12770,我的,12.9
E4001958,U9084,app_open,2026-04-05 07:59:15,2026-04-05,7,Android,1.1.0,SES37451,搜索,75.0
E4001959,U39076,app_open,2026-04-10 21:13:02,2026-04-10,21,Web,1.0.0,SES62657,详情,5.3
E4001960,U49374,register,2026-04-06 17:44:37,2026-04-06,17,Web,1.0.0,SES34589,搜索,37.0
E4001961,U35320,click,2026-04-04 02:31:12,2026-04-04,2,Web,1.0.0,SES48103,首页,13.2
E4001962,U25781,purchase,2026-04-20 07:41:45,2026-04-20,7,Web,1.3.0,SES68995,搜索,43.8
E4001963,U13026,app_open,2026-04-30 08:12:26,2026-04-30,8,Android,1.3.0,SES15482,设置,9.4
E4001964,U22330,page_view,2026-04-20 08:37:13,2026-04-20,8,Android,1.0.0,SES53271,详情,0.7
E4001965,U8230,app_open,2026-04-17 19:30:19,2026-04-17,19,Web,1.2.0,SES29009,首页,18.1
E4001966,U27190,share,2026-04-22 09:10:07,2026-04-22,9,Android,1.0.0,SES24409,详情,13.1
E4001967,U43492,search,2026-04-23 01:30:12,2026-04-23,1,Android,1.2.0,SES88640,首页,15.6
E4001968,U9797,app_open,2026-04-28 13:11:53,2026-04-28,13,iOS,1.1.0,SES17801,设置,21.4
E4001969,U14704,page_view,2026-04-19 07:13:40,2026-04-19,7,Web,1.2.0,SES12853,我的,40.5
E4001970,U38812,page_view,2026-04-22 00:35:00,2026-04-22,0,iOS,1.2.0,SES39897,首页,13.8
E4001971,U10253,click,2026-04-05 12:12:02,2026-04-05,12,Android,1.2.0,SES77055,搜索,104.3
E4001972,U35888,page_view,2026-04-05 14:04:12,2026-04-05,14,Web,1.3.0,SES25386,购物车,24.5
E4001973,U25666,app_open,2026-04-20 01:24:10,2026-04-20,1,iOS,1.1.0,SES56623,购物车,48.3
E4001974,U38779,app_open,2026-04-16 06:48:32,2026-04-16,6,iOS,1.1.0,SES31948,我的,48.9
E4001975,U15535,search,2026-04-03 04:20:03,2026-04-03,4,Web,1.1.0,SES30885,首页,90.1
E4001976,U4131,page_view,2026-04-24 08:31:44,2026-04-24,8,Web,1.2.0,SES23542,我的,5.0
E4001977,U26890,click,2026-04-20 21:12:42,2026-04-20,21,Web,1.2.0,SES73264,搜索,0.1
E4001978,U25655,page_view,2026-04-20 12:00:52,2026-04-20,12,iOS,1.3.0,SES16686,购物车,1.8
E4001979,U31933,click,2026-04-02 00:28:54,2026-04-02,0,Android,1.3.0,SES54037,详情,18.0
E4001980,U43981,logout,2026-04-15 01:26:26,2026-04-15,1,iOS,1.3.0,SES94768,购物车,18.8
E4001981,U25386,page_view,2026-04-05 21:46:57,2026-04-05,21,iOS,1.2.0,SES89779,我的,15.2
E4001982,U49191,page_view,2026-04-17 06:47:48,2026-04-17,6,Web,1.3.0,SES18328,设置,10.3
E4001983,U32472,logout,2026-04-17 16:56:02,2026-04-17,16,iOS,1.3.0,SES39187,详情,0.2
E4001984,U45322,click,2026-04-18 17:32:59,2026-04-18,17,Android,1.2.0,SES51822,详情,13.0
E4001985,U47530,app_open,2026-04-01 22:37:56,2026-04-01,22,Web,1.1.0,SES61554,首页,21.9
E4001986,U2564,search,2026-04-29 13:53:29,2026-04-29,13,Web,1.1.0,SES47412,购物车,21.6
E4001987,U29300,share,2026-04-11 11:08:01,2026-04-11,11,iOS,1.3.0,SES14022,搜索,21.4
E4001988,U7458,page_view,2026-04-29 14:25:02,2026-04-29,14,iOS,1.2.0,SES88152,我的,86.1
E4001989,U40603,page_view,2026-04-13 11:53:30,2026-04-13,11,Android,1.0.0,SES85726,首页,49.3
E4001990,U28366,app_open,2026-04-12 12:35:48,2026-04-12,12,Web,1.1.0,SES53404,搜索,17.4
E4001991,U40506,page_view,2026-04-08 15:14:27,2026-04-08,15,iOS,1.1.0,SES56722,搜索,5.7
E4001992,U40189,click,2026-04-10 13:38:22,2026-04-10,13,Web,1.1.0,SES74511,我的,2.4
E4001993,U17686,click,2026-04-10 00:07:52,2026-04-10,0,Android,1.3.0,SES61043,购物车,1.2
E4001994,U2102,app_open,2026-04-05 05:54:42,2026-04-05,5,Android,1.2.0,SES11368,搜索,31.1
E4001995,U21037,click,2026-04-02 07:47:05,2026-04-02,7,Web,1.1.0,SES62887,购物车,37.8
E4001996,U45456,click,2026-04-15 10:33:58,2026-04-15,10,Android,1.0.0,SES16968,搜索,65.0
E4001997,U39141,page_view,2026-04-20 18:06:25,2026-04-20,18,Web,1.0.0,SES23173,设置,20.1
E4001998,U14974,page_view,2026-04-26 02:45:40,2026-04-26,2,iOS,1.3.0,SES53414,购物车,5.8
E4001999,U45413,share,2026-04-11 14:48:55,2026-04-11,14,Web,1.0.0,SES46055,购物车,19.7
E4002000,U3294,app_open,2026-04-19 11:40:53,2026-04-19,11,iOS,1.1.0,SES67082,设置,11.4
E4002001,U35722,app_open,2026-04-30 16:05:51,2026-04-30,16,Web,1.2.0,SES93685,详情,9.2
E4002002,U5761,purchase,2026-04-23 20:56:15,2026-04-23,20,iOS,1.2.0,SES49882,购物车,74.9
E4002003,U1657,app_open,2026-04-09 14:02:15,2026-04-09,14,iOS,1.2.0,SES14818,设置,18.9
E4002004,U44369,logout,2026-04-14 21:29:09,2026-04-14,21,Web,1.2.0,SES95882,我的,23.0
E4002005,U11635,search,2026-04-10 06:40:15,2026-04-10,6,iOS,1.2.0,SES68492,首页,56.3
E4002006,U38797,app_open,2026-04-20 15:58:42,2026-04-20,15,Web,1.1.0,SES60602,搜索,3.7
E4002007,U3169,page_view,2026-04-06 08:23:57,2026-04-06,8,iOS,1.3.0,SES12049,详情,49.7
E4002008,U37022,click,2026-04-02 09:25:41,2026-04-02,9,Web,1.2.0,SES72431,详情,17.1
E4002009,U24571,app_open,2026-04-25 09:59:08,2026-04-25,9,Web,1.3.0,SES66018,详情,3.5
E4002010,U17382,page_view,2026-04-22 21:41:09,2026-04-22,21,Web,1.3.0,SES24245,首页,5.2
E4002011,U39733,purchase,2026-04-10 18:10:15,2026-04-10,18,Web,1.3.0,SES69711,搜索,4.1
E4002012,U27454,click,2026-04-08 11:25:08,2026-04-08,11,Web,1.0.0,SES24022,设置,95.2
E4002013,U34582,page_view,2026-04-25 01:31:46,2026-04-25,1,Android,1.2.0,SES42980,搜索,35.1
E4002014,U15724,app_open,2026-04-27 05:21:24,2026-04-27,5,Android,1.1.0,SES97702,首页,3.6
E4002015,U13657,app_open,2026-04-19 11:30:01,2026-04-19,11,iOS,1.3.0,SES72629,首页,28.0
E4002016,U46742,page_view,2026-04-04 00:10:30,2026-04-04,0,iOS,1.3.0,SES83231,首页,44.5
E4002017,U4902,page_view,2026-04-14 11:31:26,2026-04-14,11,Web,1.0.0,SES33530,购物车,29.5
E4002018,U42398,click,2026-04-22 01:55:33,2026-04-22,1,Web,1.0.0,SES37508,购物车,8.6
E4002019,U27948,page_view,2026-04-10 02:01:08,2026-04-10,2,Web,1.2.0,SES98359,详情,27.8
E4002020,U17432,logout,2026-04-22 04:10:58,2026-04-22,4,Web,1.3.0,SES68283,购物车,20.4
E4002021,U21113,search,2026-04-23 21:10:19,2026-04-23,21,Android,1.2.0,SES49392,搜索,45.3
E4002022,U25608,page_view,2026-04-27 23:54:41,2026-04-27,23,iOS,1.1.0,SES92944,我的,2.8
E4002023,U15796,share,2026-04-03 20:53:02,2026-04-03,20,Android,1.1.0,SES18592,搜索,98.1
E4002024,U1350,page_view,2026-04-25 06:08:19,2026-04-25,6,iOS,1.2.0,SES96339,详情,17.0
E4002025,U49035,click,2026-04-26 03:26:59,2026-04-26,3,Android,1.3.0,SES91713,详情,61.9
E4002026,U26085,click,2026-04-07 04:21:41,2026-04-07,4,iOS,1.1.0,SES45438,详情,6.5
E4002027,U44319,search,2026-04-02 20:11:58,2026-04-02,20,iOS,1.3.0,SES22957,搜索,36.4
E4002028,U40877,click,2026-04-25 14:13:05,2026-04-25,14,Android,1.0.0,SES13760,我的,90.0
E4002029,U24743,purchase,2026-04-26 01:27:40,2026-04-26,1,Android,1.3.0,SES52990,首页,8.4
E4002030,U3576,page_view,2026-04-04 05:23:08,2026-04-04,5,iOS,1.3.0,SES51322,详情,80.1
E4002031,U10245,register,2026-04-28 00:12:01,2026-04-28,0,iOS,1.0.0,SES14880,我的,30.1
E4002032,U46303,share,2026-04-01 11:33:04,2026-04-01,11,Android,1.1.0,SES75944,购物车,16.1
E4002033,U1642,app_open,2026-04-14 08:35:25,2026-04-14,8,iOS,1.0.0,SES87083,首页,20.0
E4002034,U29702,app_open,2026-04-07 06:24:18,2026-04-07,6,iOS,1.2.0,SES24839,设置,34.7
E4002035,U9452,page_view,2026-04-19 10:55:05,2026-04-19,10,Web,1.1.0,SES35977,详情,19.5
E4002036,U29272,app_open,2026-04-16 02:39:45,2026-04-16,2,Web,1.0.0,SES94930,设置,20.7
E4002037,U17490,app_open,2026-04-21 13:15:04,2026-04-21,13,iOS,1.0.0,SES66456,设置,61.7
E4002038,U18924,click,2026-04-17 08:24:28,2026-04-17,8,iOS,1.1.0,SES19903,搜索,30.3
E4002039,U27071,page_view,2026-04-02 22:51:53,2026-04-02,22,iOS,1.3.0,SES91284,详情,15.0
E4002040,U16677,page_view,2026-04-08 21:01:35,2026-04-08,21,iOS,1.2.0,SES68940,我的,5.4
E4002041,U23729,app_open,2026-04-24 09:54:23,2026-04-24,9,Android,1.1.0,SES88667,设置,62.6
E4002042,U48467,click,2026-04-16 22:50:19,2026-04-16,22,Web,1.3.0,SES81849,首页,21.4
E4002043,U15207,purchase,2026-04-05 11:18:56,2026-04-05,11,iOS,1.2.0,SES29693,详情,33.9
E4002044,U34935,page_view,2026-04-24 17:58:49,2026-04-24,17,Web,1.2.0,SES23098,设置,31.6
E4002045,U23234,page_view,2026-04-05 16:32:06,2026-04-05,16,iOS,1.0.0,SES59227,设置,158.3
E4002046,U25150,logout,2026-04-07 07:37:17,2026-04-07,7,Web,1.0.0,SES73763,首页,48.5
E4002047,U14875,page_view,2026-04-24 14:28:28,2026-04-24,14,iOS,1.3.0,SES49460,设置,57.9
E4002048,U34179,page_view,2026-04-14 15:33:00,2026-04-14,15,iOS,1.1.0,SES36029,设置,2.9
E4002049,U32322,page_view,2026-04-30 12:02:54,2026-04-30,12,iOS,1.0.0,SES93003,详情,10.0
E4002050,U31545,app_open,2026-04-03 05:38:57,2026-04-03,5,iOS,1.2.0,SES23244,购物车,1.9
E4002051,U8156,logout,2026-04-17 10:31:47,2026-04-17,10,Web,1.1.0,SES56332,搜索,30.6
E4002052,U25257,app_open,2026-04-26 10:21:36,2026-04-26,10,Web,1.1.0,SES15125,设置,13.9
E4002053,U47891,app_open,2026-04-05 16:18:50,2026-04-05,16,Android,1.3.0,SES91492,我的,10.3
E4002054,U10904,app_open,2026-04-01 06:32:33,2026-04-01,6,iOS,1.3.0,SES77991,搜索,11.1
E4002055,U28781,app_open,2026-04-20 23:28:26,2026-04-20,23,iOS,1.3.0,SES20707,设置,15.2
E4002056,U9108,logout,2026-04-06 13:55:00,2026-04-06,13,iOS,1.0.0,SES67990,首页,0.5
E4002057,U10203,page_view,2026-04-13 02:58:06,2026-04-13,2,Web,1.1.0,SES93275,购物车,41.8
E4002058,U37252,click,2026-04-07 19:57:05,2026-04-07,19,Web,1.3.0,SES16102,详情,2.4
E4002059,U19473,click,2026-04-10 07:16:01,2026-04-10,7,Android,1.2.0,SES51413,首页,23.5
E4002060,U7508,page_view,2026-04-07 01:33:46,2026-04-07,1,Web,1.3.0,SES13858,详情,2.8
E4002061,U19965,app_open,2026-04-04 06:37:54,2026-04-04,6,Web,1.0.0,SES77102,设置,45.5
E4002062,U14567,click,2026-04-27 17:07:17,2026-04-27,17,iOS,1.0.0,SES69311,购物车,38.7
E4002063,U31926,click,2026-04-01 09:11:03,2026-04-01,9,Android,1.2.0,SES45391,我的,25.5
E4002064,U46949,search,2026-04-24 04:39:25,2026-04-24,4,iOS,1.2.0,SES92252,搜索,6.9
E4002065,U13301,click,2026-04-20 23:04:46,2026-04-20,23,Android,1.3.0,SES64388,搜索,18.8
E4002066,U42138,click,2026-04-15 01:36:03,2026-04-15,1,Android,1.3.0,SES80462,设置,6.7
E4002067,U27566,logout,2026-04-22 04:33:54,2026-04-22,4,Android,1.2.0,SES37256,我的,42.5
E4002068,U47108,search,2026-04-13 09:25:14,2026-04-13,9,iOS,1.0.0,SES54778,购物车,44.0
E4002069,U41411,app_open,2026-04-28 19:25:12,2026-04-28,19,iOS,1.0.0,SES99225,详情,11.7
E4002070,U21726,page_view,2026-04-17 01:54:29,2026-04-17,1,Web,1.1.0,SES97532,购物车,3.7
E4002071,U23842,search,2026-04-13 22:21:05,2026-04-13,22,Android,1.3.0,SES36681,我的,18.4
E4002072,U7171,share,2026-04-11 19:02:30,2026-04-11,19,Web,1.2.0,SES74933,我的,18.2
E4002073,U5097,app_open,2026-04-19 20:28:22,2026-04-19,20,iOS,1.3.0,SES89045,购物车,7.7
E4002074,U37015,logout,2026-04-04 06:20:46,2026-04-04,6,Web,1.2.0,SES87813,搜索,9.3
E4002075,U19395,click,2026-04-19 05:50:23,2026-04-19,5,Android,1.3.0,SES12323,详情,17.4
E4002076,U7372,page_view,2026-04-28 02:05:07,2026-04-28,2,iOS,1.0.0,SES34067,购物车,18.2
E4002077,U38675,logout,2026-04-20 16:17:36,2026-04-20,16,Web,1.3.0,SES23410,首页,9.0
E4002078,U29493,search,2026-04-20 16:27:04,2026-04-20,16,Web,1.3.0,SES49351,我的,32.7
E4002079,U11556,register,2026-04-11 21:36:27,2026-04-11,21,Android,1.3.0,SES26925,详情,4.5
E4002080,U7177,share,2026-04-22 20:13:24,2026-04-22,20,Web,1.0.0,SES79113,详情,29.2
E4002081,U6980,app_open,2026-04-27 16:08:54,2026-04-27,16,Web,1.1.0,SES55676,首页,51.5
E4002082,U11230,app_open,2026-04-22 13:31:34,2026-04-22,13,iOS,1.1.0,SES24660,设置,3.5
E4002083,U3504,page_view,2026-04-16 13:03:55,2026-04-16,13,Web,1.1.0,SES30336,详情,3.0
E4002084,U28715,page_view,2026-04-25 19:00:25,2026-04-25,19,Web,1.3.0,SES95170,我的,3.5
E4002085,U1770,page_view,2026-04-19 21:07:54,2026-04-19,21,iOS,1.1.0,SES58454,首页,113.1
E4002086,U32792,click,2026-04-27 10:00:24,2026-04-27,10,iOS,1.3.0,SES76146,购物车,34.6
E4002087,U15636,app_open,2026-04-18 20:38:29,2026-04-18,20,iOS,1.1.0,SES90403,我的,25.4
E4002088,U43486,click,2026-04-10 09:05:09,2026-04-10,9,Android,1.2.0,SES32574,详情,19.2
E4002089,U22884,page_view,2026-04-14 02:54:05,2026-04-14,2,Android,1.1.0,SES71949,设置,2.7
E4002090,U33141,app_open,2026-04-01 14:24:06,2026-04-01,14,iOS,1.3.0,SES54887,搜索,9.3
E4002091,U15146,click,2026-04-12 06:50:39,2026-04-12,6,Web,1.3.0,SES28830,详情,119.7
E4002092,U21223,click,2026-04-18 10:31:24,2026-04-18,10,Web,1.1.0,SES32519,设置,11.3
E4002093,U11978,click,2026-04-18 17:18:50,2026-04-18,17,Web,1.2.0,SES22098,搜索,68.9
E4002094,U17402,click,2026-04-15 17:57:12,2026-04-15,17,Android,1.0.0,SES88311,首页,27.7
E4002095,U15824,app_open,2026-04-09 23:03:21,2026-04-09,23,Web,1.0.0,SES33976,搜索,8.5
E4002096,U34730,click,2026-04-03 18:32:26,2026-04-03,18,iOS,1.0.0,SES39249,搜索,37.8
E4002097,U33777,click,2026-04-30 21:50:25,2026-04-30,21,iOS,1.3.0,SES58039,首页,2.1
E4002098,U23386,page_view,2026-04-18 02:52:53,2026-04-18,2,Android,1.2.0,SES67506,我的,71.1
E4002099,U9805,click,2026-04-15 08:27:10,2026-04-15,8,iOS,1.0.0,SES43763,搜索,0.5
E4002100,U4640,app_open,2026-04-17 13:35:11,2026-04-17,13,Web,1.2.0,SES21827,我的,65.8
E4002101,U11823,search,2026-04-26 02:44:26,2026-04-26,2,iOS,1.1.0,SES13383,搜索,5.8
E4002102,U6333,page_view,2026-04-23 11:19:10,2026-04-23,11,Android,1.3.0,SES59833,设置,11.9
E4002103,U45291,click,2026-04-02 17:20:29,2026-04-02,17,iOS,1.1.0,SES71250,我的,10.8
E4002104,U38849,page_view,2026-04-04 02:02:55,2026-04-04,2,Android,1.3.0,SES11951,详情,49.3
E4002105,U42533,search,2026-04-02 19:35:26,2026-04-02,19,iOS,1.1.0,SES13897,我的,33.2
E4002106,U40475,page_view,2026-04-23 00:52:40,2026-04-23,0,Web,1.0.0,SES85378,搜索,0.8
E4002107,U30055,app_open,2026-04-15 21:17:09,2026-04-15,21,iOS,1.0.0,SES49550,首页,1.0
E4002108,U34785,app_open,2026-04-30 18:18:59,2026-04-30,18,Web,1.2.0,SES58229,设置,38.0
E4002109,U41343,page_view,2026-04-12 13:41:16,2026-04-12,13,iOS,1.1.0,SES90661,我的,35.5
E4002110,U6189,page_view,2026-04-15 08:05:38,2026-04-15,8,Web,1.0.0,SES86844,首页,29.0
E4002111,U45833,app_open,2026-04-17 10:07:32,2026-04-17,10,iOS,1.2.0,SES59085,我的,51.6
E4002112,U32599,page_view,2026-04-25 19:28:03,2026-04-25,19,Web,1.2.0,SES15898,搜索,10.7
E4002113,U7643,search,2026-04-29 07:09:13,2026-04-29,7,iOS,1.2.0,SES95545,首页,96.2
E4002114,U30637,search,2026-04-11 13:35:41,2026-04-11,13,Web,1.3.0,SES39771,首页,97.0
E4002115,U48554,page_view,2026-04-16 17:22:01,2026-04-16,17,Android,1.2.0,SES92383,购物车,38.4
E4002116,U18507,page_view,2026-04-22 20:40:52,2026-04-22,20,iOS,1.2.0,SES17616,购物车,39.3
E4002117,U5428,page_view,2026-04-09 02:38:13,2026-04-09,2,Web,1.1.0,SES94841,搜索,5.7
E4002118,U19076,search,2026-04-18 09:19:34,2026-04-18,9,Web,1.3.0,SES30720,搜索,12.9
E4002119,U44030,purchase,2026-04-22 06:27:34,2026-04-22,6,iOS,1.0.0,SES47087,购物车,3.0
E4002120,U36312,app_open,2026-04-16 03:46:50,2026-04-16,3,iOS,1.2.0,SES94804,设置,5.1
E4002121,U45694,page_view,2026-04-03 08:19:27,2026-04-03,8,Web,1.3.0,SES86831,我的,15.2
E4002122,U5652,page_view,2026-04-15 01:57:01,2026-04-15,1,Android,1.1.0,SES77916,首页,1.7
E4002123,U47436,click,2026-04-23 23:30:31,2026-04-23,23,Web,1.2.0,SES86952,我的,6.0
E4002124,U2909,page_view,2026-04-07 18:42:58,2026-04-07,18,Android,1.1.0,SES23036,购物车,9.8
E4002125,U7918,share,2026-04-17 12:21:07,2026-04-17,12,Web,1.3.0,SES76857,设置,44.2
E4002126,U5868,click,2026-04-28 08:31:33,2026-04-28,8,Android,1.3.0,SES79464,搜索,2.4
E4002127,U19100,page_view,2026-04-24 20:36:26,2026-04-24,20,Android,1.1.0,SES23895,详情,18.1
E4002128,U44215,click,2026-04-15 12:47:22,2026-04-15,12,Web,1.0.0,SES36365,我的,25.0
E4002129,U28781,app_open,2026-04-06 22:09:52,2026-04-06,22,Android,1.0.0,SES47475,设置,3.6
E4002130,U36584,page_view,2026-04-02 16:55:41,2026-04-02,16,iOS,1.1.0,SES34985,购物车,119.8
E4002131,U6378,page_view,2026-04-03 12:46:45,2026-04-03,12,Android,1.0.0,SES31531,设置,33.9
E4002132,U10543,page_view,2026-04-12 05:37:47,2026-04-12,5,Android,1.3.0,SES65684,设置,15.2
E4002133,U42382,app_open,2026-04-19 17:50:28,2026-04-19,17,iOS,1.0.0,SES19904,设置,0.9
E4002134,U36561,app_open,2026-04-28 23:50:10,2026-04-28,23,Android,1.3.0,SES81012,设置,3.0
E4002135,U11756,app_open,2026-04-23 14:44:38,2026-04-23,14,Android,1.3.0,SES22840,购物车,36.8
E4002136,U36894,app_open,2026-04-25 13:38:03,2026-04-25,13,Web,1.0.0,SES21871,首页,43.4
E4002137,U26695,page_view,2026-04-29 00:11:30,2026-04-29,0,Android,1.3.0,SES91021,首页,37.1
E4002138,U8588,page_view,2026-04-07 01:21:26,2026-04-07,1,iOS,1.1.0,SES45230,首页,19.3
E4002139,U33485,search,2026-04-11 20:37:08,2026-04-11,20,Android,1.1.0,SES44758,搜索,3.7
E4002140,U19249,app_open,2026-04-05 02:25:12,2026-04-05,2,Web,1.2.0,SES89426,搜索,21.1
E4002141,U11619,page_view,2026-04-07 06:49:57,2026-04-07,6,iOS,1.2.0,SES35862,设置,47.1
E4002142,U48949,purchase,2026-04-30 05:18:16,2026-04-30,5,Android,1.3.0,SES16916,设置,66.6
E4002143,U5952,app_open,2026-04-16 07:02:07,2026-04-16,7,Android,1.2.0,SES84595,搜索,8.4
E4002144,U32716,register,2026-04-07 11:07:14,2026-04-07,11,Web,1.3.0,SES79621,搜索,9.4
E4002145,U17061,click,2026-04-08 05:18:37,2026-04-08,5,iOS,1.0.0,SES20512,首页,32.7
E4002146,U46812,page_view,2026-04-23 21:24:23,2026-04-23,21,iOS,1.0.0,SES72552,设置,39.3
E4002147,U26632,page_view,2026-04-20 10:21:09,2026-04-20,10,Android,1.1.0,SES85639,购物车,2.3
E4002148,U40798,app_open,2026-04-28 07:00:44,2026-04-28,7,Android,1.1.0,SES41554,购物车,50.8
E4002149,U17286,search,2026-04-14 16:48:16,2026-04-14,16,Android,1.0.0,SES22181,详情,78.5
E4002150,U35282,page_view,2026-04-12 19:29:02,2026-04-12,19,Android,1.2.0,SES70047,详情,2.2
E4002151,U47949,purchase,2026-04-25 18:08:44,2026-04-25,18,Web,1.2.0,SES73765,详情,3.6
E4002152,U42995,purchase,2026-04-02 13:01:05,2026-04-02,13,Web,1.3.0,SES64108,详情,21.8
E4002153,U11561,app_open,2026-04-16 15:27:31,2026-04-16,15,Web,1.3.0,SES13590,详情,90.6
E4002154,U25626,page_view,2026-04-09 19:38:29,2026-04-09,19,iOS,1.2.0,SES74763,购物车,6.7
E4002155,U19052,app_open,2026-04-16 03:19:13,2026-04-16,3,iOS,1.1.0,SES31762,购物车,53.8
E4002156,U3152,app_open,2026-04-24 02:32:50,2026-04-24,2,Android,1.0.0,SES33922,我的,81.8
E4002157,U40516,click,2026-04-05 01:55:02,2026-04-05,1,Android,1.3.0,SES87696,首页,29.2
E4002158,U1178,click,2026-04-24 00:28:34,2026-04-24,0,Android,1.2.0,SES71460,搜索,11.4
E4002159,U5528,purchase,2026-04-23 21:07:48,2026-04-23,21,iOS,1.0.0,SES28820,设置,5.6
E4002160,U1687,purchase,2026-04-17 09:31:22,2026-04-17,9,Android,1.1.0,SES74555,详情,9.5
E4002161,U48651,search,2026-04-16 22:12:58,2026-04-16,22,Web,1.1.0,SES84471,首页,0.4
E4002162,U21478,page_view,2026-04-06 11:45:22,2026-04-06,11,Android,1.2.0,SES26980,购物车,41.1
E4002163,U3675,share,2026-04-03 10:12:54,2026-04-03,10,iOS,1.2.0,SES27558,详情,10.0
E4002164,U9973,purchase,2026-04-06 16:59:49,2026-04-06,16,Android,1.0.0,SES98900,设置,2.6
E4002165,U25782,page_view,2026-04-07 20:45:08,2026-04-07,20,Android,1.1.0,SES91246,首页,14.4
E4002166,U9372,app_open,2026-04-24 00:43:56,2026-04-24,0,iOS,1.1.0,SES65777,搜索,10.2
E4002167,U23874,click,2026-04-17 07:02:15,2026-04-17,7,iOS,1.0.0,SES70034,详情,28.5
E4002168,U4383,page_view,2026-04-12 02:29:33,2026-04-12,2,Android,1.0.0,SES99560,设置,2.7
E4002169,U32265,click,2026-04-30 00:17:15,2026-04-30,0,iOS,1.0.0,SES87334,设置,34.1
E4002170,U43489,purchase,2026-04-20 16:02:15,2026-04-20,16,Web,1.3.0,SES14475,搜索,27.7
E4002171,U21141,click,2026-04-13 22:01:41,2026-04-13,22,Android,1.0.0,SES57738,搜索,1.9
E4002172,U41435,click,2026-04-16 19:07:47,2026-04-16,19,Android,1.2.0,SES89918,设置,14.2
E4002173,U11894,app_open,2026-04-01 08:08:46,2026-04-01,8,iOS,1.2.0,SES85943,我的,27.4
E4002174,U28243,app_open,2026-04-02 01:23:17,2026-04-02,1,Web,1.3.0,SES13227,我的,43.3
E4002175,U13235,purchase,2026-04-06 13:15:24,2026-04-06,13,Android,1.3.0,SES55601,详情,7.5
E4002176,U26705,click,2026-04-04 21:06:42,2026-04-04,21,Android,1.3.0,SES74035,设置,90.1
E4002177,U13865,search,2026-04-18 02:10:19,2026-04-18,2,iOS,1.0.0,SES42781,我的,13.8
E4002178,U14674,search,2026-04-03 16:19:03,2026-04-03,16,Android,1.0.0,SES29148,搜索,27.9
E4002179,U35302,app_open,2026-04-12 16:05:19,2026-04-12,16,Web,1.0.0,SES39029,设置,10.4
E4002180,U19599,register,2026-04-08 08:25:04,2026-04-08,8,iOS,1.2.0,SES23490,首页,16.4
E4002181,U9190,click,2026-04-17 00:38:34,2026-04-17,0,Web,1.1.0,SES92993,首页,15.8
E4002182,U26276,page_view,2026-04-24 18:35:37,2026-04-24,18,iOS,1.1.0,SES46200,首页,40.8
E4002183,U8824,search,2026-04-07 21:17:13,2026-04-07,21,Android,1.3.0,SES80254,详情,55.6
E4002184,U26089,click,2026-04-12 02:53:16,2026-04-12,2,Android,1.1.0,SES60669,搜索,64.0
E4002185,U16156,page_view,2026-04-01 12:59:08,2026-04-01,12,iOS,1.2.0,SES39267,我的,0.4
E4002186,U40913,page_view,2026-04-03 14:07:46,2026-04-03,14,Web,1.2.0,SES11214,我的,27.6
E4002187,U2953,page_view,2026-04-01 06:45:54,2026-04-01,6,iOS,1.3.0,SES92861,详情,5.4
E4002188,U24187,click,2026-04-04 02:11:12,2026-04-04,2,Web,1.0.0,SES74854,购物车,28.6
E4002189,U24693,page_view,2026-04-11 16:05:04,2026-04-11,16,Android,1.0.0,SES51640,设置,28.4
E4002190,U24889,logout,2026-04-28 22:07:28,2026-04-28,22,iOS,1.1.0,SES11441,我的,12.0
E4002191,U11825,share,2026-04-26 17:02:37,2026-04-26,17,Web,1.2.0,SES78222,搜索,12.9
E4002192,U14080,page_view,2026-04-06 02:42:00,2026-04-06,2,Android,1.0.0,SES51850,首页,2.3
E4002193,U35304,click,2026-04-18 19:40:56,2026-04-18,19,Android,1.1.0,SES27863,我的,46.2
E4002194,U37136,app_open,2026-04-05 23:04:46,2026-04-05,23,Android,1.0.0,SES37288,设置,1.1
E4002195,U31160,page_view,2026-04-26 07:04:19,2026-04-26,7,iOS,1.0.0,SES73079,首页,49.7
E4002196,U16483,search,2026-04-04 20:47:52,2026-04-04,20,Web,1.3.0,SES61064,我的,27.5
E4002197,U19295,app_open,2026-04-22 23:06:36,2026-04-22,23,iOS,1.2.0,SES82946,购物车,19.8
E4002198,U25565,click,2026-04-20 15:11:31,2026-04-20,15,Android,1.0.0,SES32764,设置,41.6
E4002199,U14578,search,2026-04-19 11:27:06,2026-04-19,11,iOS,1.0.0,SES96743,我的,1.2
E4002200,U43799,app_open,2026-04-21 01:52:38,2026-04-21,1,iOS,1.0.0,SES53550,详情,81.2
E4002201,U35171,page_view,2026-04-28 02:52:51,2026-04-28,2,Android,1.0.0,SES13227,我的,15.1
E4002202,U47985,app_open,2026-04-15 14:06:17,2026-04-15,14,Web,1.2.0,SES35603,搜索,35.5
E4002203,U27837,page_view,2026-04-30 20:20:57,2026-04-30,20,Android,1.1.0,SES89901,购物车,7.3
E4002204,U17053,search,2026-04-21 03:44:00,2026-04-21,3,Web,1.1.0,SES37443,详情,2.3
E4002205,U49004,purchase,2026-04-14 07:13:37,2026-04-14,7,iOS,1.1.0,SES69969,详情,50.6
E4002206,U31286,share,2026-04-04 07:02:35,2026-04-04,7,iOS,1.1.0,SES39810,首页,101.8
E4002207,U48137,page_view,2026-04-20 02:10:32,2026-04-20,2,Web,1.2.0,SES50477,我的,39.0
E4002208,U46388,register,2026-04-14 00:51:09,2026-04-14,0,iOS,1.0.0,SES34693,我的,25.1
E4002209,U32691,search,2026-04-07 14:25:28,2026-04-07,14,Web,1.1.0,SES31653,首页,22.0
E4002210,U10840,purchase,2026-04-08 17:32:18,2026-04-08,17,iOS,1.0.0,SES59862,首页,18.0
E4002211,U47703,app_open,2026-04-17 00:01:07,2026-04-17,0,iOS,1.3.0,SES59192,详情,16.4
E4002212,U2150,click,2026-04-09 20:08:11,2026-04-09,20,Web,1.3.0,SES24116,购物车,108.4
E4002213,U18887,click,2026-04-19 16:52:51,2026-04-19,16,iOS,1.3.0,SES46212,详情,44.4
E4002214,U21058,search,2026-04-30 06:26:17,2026-04-30,6,Android,1.2.0,SES46299,首页,39.5
E4002215,U14291,page_view,2026-04-20 07:34:03,2026-04-20,7,Web,1.2.0,SES21144,购物车,2.5
E4002216,U12004,page_view,2026-04-03 23:42:47,2026-04-03,23,Web,1.1.0,SES35034,首页,7.7
E4002217,U23826,page_view,2026-04-07 08:13:18,2026-04-07,8,Web,1.3.0,SES14097,我的,53.3
E4002218,U38772,search,2026-04-10 04:23:31,2026-04-10,4,Android,1.1.0,SES72638,搜索,4.1
E4002219,U48965,page_view,2026-04-24 21:11:57,2026-04-24,21,Web,1.0.0,SES71659,购物车,2.8
E4002220,U26134,app_open,2026-04-30 20:14:54,2026-04-30,20,iOS,1.2.0,SES50311,首页,61.3
E4002221,U27470,purchase,2026-04-10 11:11:41,2026-04-10,11,Web,1.0.0,SES88211,首页,38.6
E4002222,U46777,app_open,2026-04-09 22:13:54,2026-04-09,22,Web,1.1.0,SES56542,搜索,4.2
E4002223,U10586,page_view,2026-04-11 13:30:37,2026-04-11,13,Web,1.2.0,SES27578,设置,29.0
E4002224,U33094,page_view,2026-04-08 20:29:14,2026-04-08,20,Web,1.0.0,SES56530,详情,14.1
E4002225,U2678,app_open,2026-04-27 14:57:10,2026-04-27,14,iOS,1.1.0,SES47968,我的,6.2
E4002226,U12458,page_view,2026-04-14 01:47:42,2026-04-14,1,Web,1.2.0,SES66478,详情,2.3
E4002227,U26659,click,2026-04-04 16:16:43,2026-04-04,16,iOS,1.3.0,SES63551,搜索,11.4
E4002228,U40387,click,2026-04-25 20:47:14,2026-04-25,20,Android,1.2.0,SES92005,我的,12.4
E4002229,U6318,page_view,2026-04-09 11:02:57,2026-04-09,11,Android,1.3.0,SES93543,详情,3.9
E4002230,U2050,click,2026-04-02 14:25:27,2026-04-02,14,Web,1.0.0,SES97581,首页,9.5
E4002231,U20784,page_view,2026-04-18 10:39:05,2026-04-18,10,Web,1.0.0,SES62226,设置,7.3
E4002232,U27948,search,2026-04-07 05:28:05,2026-04-07,5,iOS,1.0.0,SES12240,我的,29.4
E4002233,U23256,app_open,2026-04-09 07:04:48,2026-04-09,7,iOS,1.3.0,SES44028,我的,70.8
E4002234,U43372,page_view,2026-04-25 22:17:39,2026-04-25,22,iOS,1.1.0,SES31324,首页,32.2
E4002235,U46878,page_view,2026-04-05 06:53:52,2026-04-05,6,Web,1.1.0,SES77172,详情,28.9
E4002236,U9692,page_view,2026-04-27 03:42:26,2026-04-27,3,Android,1.2.0,SES12676,详情,37.3
E4002237,U12005,page_view,2026-04-16 02:23:59,2026-04-16,2,Android,1.3.0,SES76136,购物车,4.4
E4002238,U9792,search,2026-04-21 19:17:30,2026-04-21,19,iOS,1.1.0,SES50392,搜索,42.3
E4002239,U26976,logout,2026-04-13 11:28:07,2026-04-13,11,Android,1.2.0,SES48571,设置,132.2
E4002240,U33522,page_view,2026-04-03 17:38:01,2026-04-03,17,Web,1.1.0,SES27667,搜索,2.7
E4002241,U20917,search,2026-04-18 19:49:27,2026-04-18,19,Web,1.0.0,SES98681,搜索,16.8
E4002242,U27510,logout,2026-04-03 12:19:03,2026-04-03,12,Web,1.3.0,SES61149,设置,43.3
E4002243,U11739,click,2026-04-24 08:46:07,2026-04-24,8,iOS,1.0.0,SES25922,购物车,16.8
E4002244,U46165,app_open,2026-04-02 16:57:57,2026-04-02,16,Web,1.0.0,SES11518,我的,14.1
E4002245,U24919,page_view,2026-04-07 14:35:55,2026-04-07,14,Web,1.3.0,SES96021,设置,139.9
E4002246,U33707,app_open,2026-04-06 10:03:12,2026-04-06,10,iOS,1.3.0,SES27020,我的,4.8
E4002247,U24359,app_open,2026-04-17 21:27:14,2026-04-17,21,iOS,1.1.0,SES21305,我的,7.0
E4002248,U25121,page_view,2026-04-19 14:18:28,2026-04-19,14,iOS,1.3.0,SES45300,购物车,69.4
E4002249,U39915,click,2026-04-13 08:20:26,2026-04-13,8,iOS,1.1.0,SES67391,详情,37.2
E4002250,U34040,page_view,2026-04-24 18:59:07,2026-04-24,18,Web,1.2.0,SES20819,详情,124.7
E4002251,U23627,app_open,2026-04-30 03:07:23,2026-04-30,3,iOS,1.1.0,SES40006,购物车,1.5
E4002252,U32780,logout,2026-04-14 00:59:21,2026-04-14,0,iOS,1.0.0,SES94807,搜索,28.7
E4002253,U7019,register,2026-04-08 05:57:02,2026-04-08,5,Web,1.3.0,SES38269,购物车,48.2
E4002254,U13766,app_open,2026-04-01 18:04:13,2026-04-01,18,Web,1.3.0,SES98449,首页,39.1
E4002255,U4707,click,2026-04-02 12:24:36,2026-04-02,12,Android,1.0.0,SES87352,购物车,12.8
E4002256,U20591,app_open,2026-04-10 01:15:10,2026-04-10,1,Web,1.2.0,SES51298,设置,16.8
E4002257,U13538,app_open,2026-04-23 06:29:24,2026-04-23,6,Android,1.2.0,SES78702,搜索,39.1
E4002258,U38422,page_view,2026-04-09 18:39:32,2026-04-09,18,iOS,1.3.0,SES88342,首页,24.9
E4002259,U40326,page_view,2026-04-23 00:29:24,2026-04-23,0,Android,1.1.0,SES60207,购物车,0.1
E4002260,U19195,search,2026-04-21 04:29:50,2026-04-21,4,Web,1.3.0,SES59794,搜索,23.9
E4002261,U4037,page_view,2026-04-29 04:36:08,2026-04-29,4,Web,1.2.0,SES58085,搜索,3.3
E4002262,U47270,logout,2026-04-25 04:39:30,2026-04-25,4,iOS,1.0.0,SES83912,详情,72.5
E4002263,U46426,page_view,2026-04-18 15:44:31,2026-04-18,15,iOS,1.2.0,SES93560,设置,81.3
E4002264,U46716,app_open,2026-04-18 05:15:22,2026-04-18,5,iOS,1.2.0,SES99059,购物车,50.8
E4002265,U17772,search,2026-04-02 15:34:10,2026-04-02,15,iOS,1.3.0,SES41415,设置,1.9
E4002266,U21620,search,2026-04-25 14:06:56,2026-04-25,14,Web,1.1.0,SES78099,首页,32.0
E4002267,U19234,app_open,2026-04-12 10:00:33,2026-04-12,10,Web,1.3.0,SES10815,搜索,0.8
E4002268,U1031,app_open,2026-04-06 14:57:22,2026-04-06,14,iOS,1.2.0,SES47634,购物车,85.5
E4002269,U5038,app_open,2026-04-25 12:51:20,2026-04-25,12,Web,1.1.0,SES22777,设置,42.1
E4002270,U32552,search,2026-04-22 10:07:14,2026-04-22,10,Android,1.0.0,SES35845,首页,9.5
E4002271,U35507,page_view,2026-04-20 05:03:57,2026-04-20,5,Web,1.0.0,SES88016,我的,2.4
E4002272,U16170,app_open,2026-04-15 17:21:46,2026-04-15,17,iOS,1.2.0,SES54508,搜索,42.8
E4002273,U5608,page_view,2026-04-28 11:56:23,2026-04-28,11,Web,1.0.0,SES17936,首页,2.8
E4002274,U8913,app_open,2026-04-14 19:36:50,2026-04-14,19,Android,1.0.0,SES58658,搜索,33.9
E4002275,U25645,page_view,2026-04-21 10:46:01,2026-04-21,10,Web,1.0.0,SES66958,购物车,28.5
E4002276,U40696,click,2026-04-12 07:41:06,2026-04-12,7,Web,1.3.0,SES67174,购物车,18.3
E4002277,U14143,app_open,2026-04-17 05:33:10,2026-04-17,5,iOS,1.0.0,SES21014,首页,10.4
E4002278,U20999,page_view,2026-04-02 11:20:39,2026-04-02,11,Android,1.3.0,SES88575,设置,5.0
E4002279,U44737,logout,2026-04-29 17:02:36,2026-04-29,17,Android,1.0.0,SES69684,详情,46.6
E4002280,U25160,page_view,2026-04-23 15:04:15,2026-04-23,15,iOS,1.0.0,SES50210,详情,11.4
E4002281,U10721,share,2026-04-06 23:07:25,2026-04-06,23,Android,1.2.0,SES51326,详情,19.3
E4002282,U13400,search,2026-04-15 06:30:12,2026-04-15,6,Web,1.1.0,SES89400,我的,22.1
E4002283,U28649,purchase,2026-04-07 18:57:40,2026-04-07,18,Android,1.3.0,SES46860,首页,7.0
E4002284,U3440,page_view,2026-04-21 09:15:17,2026-04-21,9,iOS,1.0.0,SES41360,详情,37.1
E4002285,U25622,page_view,2026-04-01 19:54:39,2026-04-01,19,Android,1.0.0,SES50310,我的,121.9
E4002286,U47231,app_open,2026-04-17 11:56:29,2026-04-17,11,iOS,1.2.0,SES42919,首页,49.4
E4002287,U18907,click,2026-04-24 18:04:11,2026-04-24,18,iOS,1.1.0,SES41396,我的,42.8
E4002288,U22554,search,2026-04-23 16:06:33,2026-04-23,16,iOS,1.1.0,SES78044,设置,50.7
E4002289,U47760,register,2026-04-04 12:07:53,2026-04-04,12,iOS,1.1.0,SES87436,购物车,36.6
E4002290,U29999,app_open,2026-04-29 10:45:14,2026-04-29,10,Web,1.0.0,SES95959,详情,5.2
E4002291,U5138,app_open,2026-04-30 23:36:36,2026-04-30,23,Web,1.1.0,SES36433,详情,26.2
E4002292,U21326,app_open,2026-04-02 05:12:35,2026-04-02,5,Android,1.0.0,SES50749,首页,77.7
E4002293,U31468,app_open,2026-04-23 02:36:00,2026-04-23,2,Android,1.3.0,SES30026,购物车,18.3
E4002294,U10992,purchase,2026-04-24 13:31:00,2026-04-24,13,Web,1.0.0,SES89569,购物车,57.3
E4002295,U35009,purchase,2026-04-30 19:02:36,2026-04-30,19,Android,1.0.0,SES54728,我的,31.3
E4002296,U32376,page_view,2026-04-16 10:38:56,2026-04-16,10,iOS,1.1.0,SES31575,设置,56.7
E4002297,U8939,page_view,2026-04-26 21:34:47,2026-04-26,21,Web,1.1.0,SES15666,搜索,7.6
E4002298,U46120,page_view,2026-04-20 16:20:15,2026-04-20,16,Android,1.1.0,SES14541,购物车,43.8
E4002299,U2072,page_view,2026-04-28 22:17:03,2026-04-28,22,Android,1.3.0,SES10182,购物车,55.1
E4002300,U3089,app_open,2026-04-25 17:04:48,2026-04-25,17,iOS,1.1.0,SES41950,搜索,8.8
E4002301,U42278,click,2026-04-20 04:25:46,2026-04-20,4,Web,1.3.0,SES96179,详情,37.7
E4002302,U48132,click,2026-04-21 19:02:03,2026-04-21,19,Android,1.0.0,SES45886,搜索,17.1
E4002303,U43570,page_view,2026-04-03 02:06:53,2026-04-03,2,iOS,1.3.0,SES41834,首页,11.5
E4002304,U19001,app_open,2026-04-30 16:15:59,2026-04-30,16,Android,1.0.0,SES79856,搜索,129.6
E4002305,U22055,search,2026-04-19 01:24:09,2026-04-19,1,Android,1.2.0,SES36827,搜索,98.0
E4002306,U29229,app_open,2026-04-24 21:49:05,2026-04-24,21,iOS,1.2.0,SES33134,购物车,0.9
E4002307,U30228,page_view,2026-04-30 14:01:55,2026-04-30,14,Web,1.2.0,SES20029,购物车,28.8
E4002308,U17889,app_open,2026-04-11 23:14:37,2026-04-11,23,iOS,1.0.0,SES24345,搜索,14.1
E4002309,U11437,page_view,2026-04-18 23:36:24,2026-04-18,23,iOS,1.2.0,SES32370,搜索,51.8
E4002310,U28658,click,2026-04-01 17:42:57,2026-04-01,17,Web,1.1.0,SES54423,搜索,23.9
E4002311,U34023,page_view,2026-04-26 15:58:52,2026-04-26,15,iOS,1.0.0,SES38590,设置,25.6
E4002312,U49172,click,2026-04-03 07:53:35,2026-04-03,7,iOS,1.3.0,SES35969,我的,10.9
E4002313,U9086,page_view,2026-04-19 12:04:37,2026-04-19,12,Android,1.0.0,SES79502,购物车,42.8
E4002314,U2604,page_view,2026-04-23 17:20:18,2026-04-23,17,iOS,1.0.0,SES15308,详情,24.8
E4002315,U18112,app_open,2026-04-01 01:39:17,2026-04-01,1,Android,1.1.0,SES18725,设置,30.0
E4002316,U31243,click,2026-04-20 08:32:12,2026-04-20,8,Web,1.2.0,SES10682,设置,58.4
E4002317,U37465,app_open,2026-04-10 02:24:49,2026-04-10,2,Android,1.2.0,SES10330,设置,6.9
E4002318,U23901,click,2026-04-27 19:35:10,2026-04-27,19,Web,1.1.0,SES36231,我的,8.0
E4002319,U6267,app_open,2026-04-19 21:35:03,2026-04-19,21,Web,1.0.0,SES95508,购物车,7.5
E4002320,U39759,search,2026-04-01 00:00:32,2026-04-01,0,Web,1.2.0,SES71292,设置,7.7
E4002321,U1575,click,2026-04-23 06:32:28,2026-04-23,6,Web,1.2.0,SES85442,首页,12.5
E4002322,U12688,logout,2026-04-08 06:41:16,2026-04-08,6,Android,1.0.0,SES75008,详情,82.8
E4002323,U39331,app_open,2026-04-23 05:21:17,2026-04-23,5,Android,1.3.0,SES72292,详情,84.8
E4002324,U1261,click,2026-04-08 15:38:43,2026-04-08,15,iOS,1.2.0,SES27288,我的,138.9
E4002325,U19024,page_view,2026-04-16 11:29:57,2026-04-16,11,Web,1.2.0,SES23909,设置,0.4
E4002326,U2179,page_view,2026-04-12 02:31:34,2026-04-12,2,iOS,1.0.0,SES67153,设置,41.5
E4002327,U2851,page_view,2026-04-20 01:50:47,2026-04-20,1,iOS,1.3.0,SES69543,搜索,19.9
E4002328,U3280,click,2026-04-24 08:14:09,2026-04-24,8,iOS,1.3.0,SES25683,购物车,0.3
E4002329,U34351,search,2026-04-20 08:35:24,2026-04-20,8,Android,1.3.0,SES13923,设置,60.1
E4002330,U44184,page_view,2026-04-17 01:33:13,2026-04-17,1,Android,1.0.0,SES33577,购物车,6.8
E4002331,U1090,page_view,2026-04-15 15:10:09,2026-04-15,15,iOS,1.1.0,SES53185,我的,38.8
E4002332,U37565,click,2026-04-29 23:35:22,2026-04-29,23,Android,1.1.0,SES19301,首页,19.3
E4002333,U12934,page_view,2026-04-30 12:39:49,2026-04-30,12,iOS,1.3.0,SES27991,设置,29.4
E4002334,U47112,page_view,2026-04-10 17:39:14,2026-04-10,17,Web,1.3.0,SES62294,详情,2.3
E4002335,U19162,page_view,2026-04-05 22:01:12,2026-04-05,22,Android,1.0.0,SES66691,首页,91.2
E4002336,U49115,app_open,2026-04-19 06:25:54,2026-04-19,6,Web,1.1.0,SES23117,设置,1.7
E4002337,U40638,app_open,2026-04-12 08:06:19,2026-04-12,8,iOS,1.3.0,SES82881,搜索,16.8
E4002338,U17225,app_open,2026-04-25 09:15:50,2026-04-25,9,Android,1.2.0,SES48378,详情,32.3
E4002339,U48923,click,2026-04-10 19:36:15,2026-04-10,19,iOS,1.0.0,SES83623,设置,21.9
E4002340,U41597,share,2026-04-23 11:13:45,2026-04-23,11,Web,1.1.0,SES51424,搜索,29.1
E4002341,U43951,app_open,2026-04-30 17:47:43,2026-04-30,17,Android,1.2.0,SES28657,首页,41.3
E4002342,U36401,logout,2026-04-08 19:05:10,2026-04-08,19,Web,1.0.0,SES43985,详情,47.5
E4002343,U41611,app_open,2026-04-08 16:28:10,2026-04-08,16,iOS,1.0.0,SES65566,搜索,0.1
E4002344,U48490,click,2026-04-26 22:51:13,2026-04-26,22,iOS,1.0.0,SES15845,首页,108.1
E4002345,U30034,app_open,2026-04-07 08:57:33,2026-04-07,8,Android,1.1.0,SES24676,首页,9.2
E4002346,U33114,click,2026-04-15 09:17:22,2026-04-15,9,iOS,1.0.0,SES13650,我的,1.6
E4002347,U44297,page_view,2026-04-24 20:49:06,2026-04-24,20,Android,1.3.0,SES49943,搜索,5.2
E4002348,U28498,app_open,2026-04-05 03:46:00,2026-04-05,3,Web,1.3.0,SES46466,我的,31.9
E4002349,U38172,search,2026-04-03 14:53:37,2026-04-03,14,Web,1.3.0,SES15759,我的,40.9
E4002350,U16294,page_view,2026-04-14 05:46:59,2026-04-14,5,iOS,1.2.0,SES24519,设置,52.3
E4002351,U39981,share,2026-04-13 07:17:00,2026-04-13,7,Web,1.2.0,SES32442,设置,13.7
E4002352,U10102,search,2026-04-15 21:25:25,2026-04-15,21,Android,1.1.0,SES14820,首页,0.8
E4002353,U25946,search,2026-04-11 16:39:25,2026-04-11,16,iOS,1.0.0,SES50193,购物车,93.1
E4002354,U47607,click,2026-04-30 21:23:49,2026-04-30,21,Web,1.2.0,SES68961,我的,25.2
E4002355,U14054,page_view,2026-04-28 23:43:44,2026-04-28,23,Android,1.2.0,SES56831,设置,57.7
E4002356,U29161,page_view,2026-04-15 05:06:02,2026-04-15,5,Web,1.3.0,SES81390,首页,27.8
E4002357,U23768,app_open,2026-04-06 04:48:59,2026-04-06,4,Android,1.3.0,SES85243,首页,60.4
E4002358,U1156,search,2026-04-19 17:02:02,2026-04-19,17,Android,1.2.0,SES98311,设置,153.1
E4002359,U46751,page_view,2026-04-24 20:07:19,2026-04-24,20,iOS,1.0.0,SES30303,我的,24.6
E4002360,U25783,click,2026-04-21 20:33:39,2026-04-21,20,Web,1.2.0,SES32788,设置,40.9
E4002361,U44542,page_view,2026-04-17 08:56:50,2026-04-17,8,iOS,1.0.0,SES31555,购物车,51.7
E4002362,U35157,app_open,2026-04-11 05:36:44,2026-04-11,5,Web,1.1.0,SES12326,设置,23.1
E4002363,U2309,page_view,2026-04-08 11:28:47,2026-04-08,11,iOS,1.3.0,SES27595,设置,4.1
E4002364,U47249,page_view,2026-04-27 23:23:47,2026-04-27,23,Web,1.2.0,SES66887,首页,99.9
E4002365,U12689,share,2026-04-30 12:53:50,2026-04-30,12,iOS,1.1.0,SES82943,我的,50.1
E4002366,U37954,app_open,2026-04-23 03:22:02,2026-04-23,3,iOS,1.2.0,SES42738,详情,17.4
E4002367,U25128,page_view,2026-04-06 11:30:07,2026-04-06,11,iOS,1.0.0,SES45963,购物车,88.6
E4002368,U41274,purchase,2026-04-11 09:51:49,2026-04-11,9,Android,1.3.0,SES77213,我的,44.3
E4002369,U1314,app_open,2026-04-17 16:08:00,2026-04-17,16,iOS,1.2.0,SES25670,购物车,15.0
E4002370,U9987,click,2026-04-05 15:02:55,2026-04-05,15,Android,1.2.0,SES84592,搜索,153.1
E4002371,U4821,app_open,2026-04-07 03:23:09,2026-04-07,3,Web,1.2.0,SES30844,搜索,3.3
E4002372,U43889,purchase,2026-04-26 15:02:29,2026-04-26,15,Web,1.1.0,SES14425,设置,27.7
E4002373,U32252,search,2026-04-23 00:04:07,2026-04-23,0,iOS,1.2.0,SES74309,搜索,15.4
E4002374,U30176,logout,2026-04-25 16:41:45,2026-04-25,16,Web,1.2.0,SES92438,搜索,59.3
E4002375,U12964,click,2026-04-30 14:09:13,2026-04-30,14,iOS,1.3.0,SES58511,搜索,10.5
E4002376,U49868,search,2026-04-20 19:04:31,2026-04-20,19,Android,1.3.0,SES28493,我的,34.3
E4002377,U30411,page_view,2026-04-15 13:59:31,2026-04-15,13,Android,1.1.0,SES36104,购物车,5.5
E4002378,U21131,search,2026-04-09 15:15:20,2026-04-09,15,iOS,1.0.0,SES14675,首页,34.3
E4002379,U27398,page_view,2026-04-11 10:52:28,2026-04-11,10,Web,1.3.0,SES40586,设置,16.1
E4002380,U34164,search,2026-04-12 23:14:06,2026-04-12,23,Web,1.2.0,SES70303,详情,1.9
E4002381,U49607,logout,2026-04-29 18:22:54,2026-04-29,18,Android,1.0.0,SES74100,详情,3.4
E4002382,U40840,logout,2026-04-01 23:53:13,2026-04-01,23,Android,1.1.0,SES43593,搜索,45.6
E4002383,U46101,page_view,2026-04-15 19:10:24,2026-04-15,19,Web,1.0.0,SES14365,详情,42.2
E4002384,U16450,app_open,2026-04-08 12:45:15,2026-04-08,12,Web,1.0.0,SES66208,首页,58.2
E4002385,U40851,click,2026-04-13 02:16:57,2026-04-13,2,Web,1.3.0,SES14287,我的,6.1
E4002386,U25674,click,2026-04-27 07:09:40,2026-04-27,7,Android,1.1.0,SES87799,详情,5.4
E4002387,U35723,search,2026-04-16 23:47:50,2026-04-16,23,Android,1.1.0,SES37168,我的,9.5
E4002388,U24996,page_view,2026-04-24 13:51:08,2026-04-24,13,Android,1.3.0,SES64275,我的,12.9
E4002389,U10700,page_view,2026-04-10 11:04:28,2026-04-10,11,Android,1.0.0,SES70013,我的,20.9
E4002390,U8059,page_view,2026-04-23 22:03:24,2026-04-23,22,Web,1.3.0,SES89731,详情,2.5
E4002391,U49478,click,2026-04-06 13:25:02,2026-04-06,13,iOS,1.0.0,SES55594,详情,77.5
E4002392,U29056,click,2026-04-06 22:40:57,2026-04-06,22,Android,1.2.0,SES43544,购物车,2.4
E4002393,U7623,page_view,2026-04-08 01:32:18,2026-04-08,1,Web,1.1.0,SES38309,首页,53.7
E4002394,U2623,page_view,2026-04-30 12:00:28,2026-04-30,12,Web,1.2.0,SES41117,购物车,13.9
E4002395,U47899,app_open,2026-04-06 05:03:44,2026-04-06,5,iOS,1.2.0,SES44648,购物车,8.4
E4002396,U20475,page_view,2026-04-20 09:41:00,2026-04-20,9,Web,1.0.0,SES91064,详情,19.3
E4002397,U21771,app_open,2026-04-26 02:00:16,2026-04-26,2,Web,1.2.0,SES45658,详情,20.3
E4002398,U25329,app_open,2026-04-07 05:16:08,2026-04-07,5,Web,1.3.0,SES98922,购物车,36.1
E4002399,U31324,page_view,2026-04-18 06:13:14,2026-04-18,6,Web,1.1.0,SES59842,搜索,16.4
E4002400,U46978,app_open,2026-04-25 06:24:42,2026-04-25,6,Android,1.0.0,SES41309,首页,105.3
E4002401,U2806,page_view,2026-04-01 17:09:08,2026-04-01,17,iOS,1.3.0,SES93596,我的,21.6
E4002402,U22153,click,2026-04-06 04:52:06,2026-04-06,4,iOS,1.1.0,SES55718,我的,15.0
E4002403,U25364,share,2026-04-03 15:55:39,2026-04-03,15,Web,1.1.0,SES76294,我的,8.3
E4002404,U38497,click,2026-04-12 18:47:13,2026-04-12,18,Android,1.2.0,SES77944,购物车,18.3
E4002405,U33260,app_open,2026-04-22 16:59:44,2026-04-22,16,iOS,1.0.0,SES75865,详情,161.5
E4002406,U27745,app_open,2026-04-10 23:18:27,2026-04-10,23,Web,1.0.0,SES20010,我的,28.9
E4002407,U7882,page_view,2026-04-30 09:03:58,2026-04-30,9,iOS,1.2.0,SES73636,我的,2.1
E4002408,U30633,search,2026-04-30 18:24:06,2026-04-30,18,Android,1.1.0,SES53605,我的,13.5
E4002409,U45264,app_open,2026-04-05 03:22:49,2026-04-05,3,Web,1.2.0,SES86152,详情,62.5
E4002410,U34972,page_view,2026-04-26 05:58:04,2026-04-26,5,Web,1.2.0,SES66022,详情,70.9
E4002411,U40400,app_open,2026-04-20 15:43:54,2026-04-20,15,Android,1.3.0,SES17610,首页,2.1
E4002412,U17699,click,2026-04-25 18:18:17,2026-04-25,18,Android,1.2.0,SES20181,搜索,11.4
E4002413,U49757,app_open,2026-04-08 03:05:22,2026-04-08,3,Web,1.0.0,SES40966,首页,24.2
E4002414,U17267,search,2026-04-23 03:40:21,2026-04-23,3,Android,1.2.0,SES56975,首页,79.3
E4002415,U26494,page_view,2026-04-05 02:48:00,2026-04-05,2,iOS,1.1.0,SES73173,设置,81.5
E4002416,U19770,purchase,2026-04-18 17:07:59,2026-04-18,17,Web,1.2.0,SES74157,购物车,103.4
E4002417,U20100,app_open,2026-04-02 02:38:53,2026-04-02,2,iOS,1.0.0,SES19447,搜索,2.1
E4002418,U16552,click,2026-04-27 07:02:23,2026-04-27,7,Android,1.1.0,SES52914,我的,91.7
E4002419,U11391,page_view,2026-04-13 00:25:26,2026-04-13,0,iOS,1.1.0,SES50479,详情,20.3
E4002420,U14855,page_view,2026-04-14 15:05:21,2026-04-14,15,Web,1.3.0,SES57684,详情,5.4
E4002421,U16104,click,2026-04-15 03:09:45,2026-04-15,3,iOS,1.0.0,SES48959,我的,20.9
E4002422,U32761,click,2026-04-04 03:19:38,2026-04-04,3,Web,1.0.0,SES96988,设置,34.6
E4002423,U30316,page_view,2026-04-29 01:05:09,2026-04-29,1,Android,1.0.0,SES22746,购物车,14.5
E4002424,U17371,page_view,2026-04-21 18:55:13,2026-04-21,18,iOS,1.1.0,SES92855,我的,4.7
E4002425,U7839,register,2026-04-21 23:44:37,2026-04-21,23,iOS,1.2.0,SES30464,详情,10.9
E4002426,U14638,click,2026-04-06 22:51:53,2026-04-06,22,Web,1.0.0,SES13287,详情,14.8
E4002427,U14025,page_view,2026-04-11 07:19:43,2026-04-11,7,Web,1.3.0,SES87779,购物车,7.1
E4002428,U33200,app_open,2026-04-25 17:33:17,2026-04-25,17,iOS,1.3.0,SES40218,设置,122.2
E4002429,U47229,app_open,2026-04-03 02:04:46,2026-04-03,2,Android,1.3.0,SES58910,设置,54.2
E4002430,U6421,app_open,2026-04-22 05:41:31,2026-04-22,5,Android,1.1.0,SES54770,设置,38.1
E4002431,U29180,logout,2026-04-16 06:21:07,2026-04-16,6,Android,1.1.0,SES71703,搜索,6.8
E4002432,U14877,app_open,2026-04-03 17:30:14,2026-04-03,17,Android,1.1.0,SES98093,详情,12.2
E4002433,U24098,app_open,2026-04-01 19:25:06,2026-04-01,19,Web,1.3.0,SES11529,我的,123.7
E4002434,U32229,click,2026-04-20 06:51:23,2026-04-20,6,iOS,1.2.0,SES56628,设置,1.5
E4002435,U14826,click,2026-04-19 10:15:05,2026-04-19,10,Web,1.1.0,SES20834,我的,24.7
E4002436,U49399,page_view,2026-04-24 04:56:39,2026-04-24,4,Web,1.0.0,SES45901,首页,36.7
E4002437,U46240,click,2026-04-07 08:28:03,2026-04-07,8,Android,1.3.0,SES16769,详情,20.1
E4002438,U6763,page_view,2026-04-06 17:35:22,2026-04-06,17,Web,1.0.0,SES29970,首页,15.6
E4002439,U49098,app_open,2026-04-26 04:45:42,2026-04-26,4,Web,1.1.0,SES90533,设置,33.4
E4002440,U43376,page_view,2026-04-12 05:51:24,2026-04-12,5,iOS,1.1.0,SES44727,首页,17.3
E4002441,U8414,app_open,2026-04-17 04:51:21,2026-04-17,4,Web,1.3.0,SES51994,详情,9.2
E4002442,U4964,search,2026-04-11 15:57:09,2026-04-11,15,iOS,1.0.0,SES11955,我的,54.9
E4002443,U27047,app_open,2026-04-05 20:42:03,2026-04-05,20,iOS,1.2.0,SES86640,首页,21.1
E4002444,U34235,click,2026-04-01 01:51:43,2026-04-01,1,iOS,1.3.0,SES52599,详情,72.3
E4002445,U4401,app_open,2026-04-11 21:44:16,2026-04-11,21,Android,1.2.0,SES65674,搜索,16.5
E4002446,U28709,app_open,2026-04-05 16:30:49,2026-04-05,16,Android,1.1.0,SES97712,搜索,4.9
E4002447,U24332,app_open,2026-04-25 14:51:06,2026-04-25,14,Web,1.2.0,SES51976,详情,26.9
E4002448,U37061,app_open,2026-04-10 01:25:04,2026-04-10,1,Web,1.3.0,SES71689,设置,30.5
E4002449,U38723,page_view,2026-04-23 05:32:56,2026-04-23,5,Web,1.3.0,SES30170,我的,11.2
E4002450,U22812,app_open,2026-04-05 09:11:41,2026-04-05,9,iOS,1.3.0,SES16177,首页,7.5
E4002451,U48625,click,2026-04-17 09:36:15,2026-04-17,9,Web,1.1.0,SES27150,购物车,29.1
E4002452,U17444,page_view,2026-04-26 02:44:32,2026-04-26,2,Web,1.3.0,SES56469,我的,10.1
E4002453,U47095,click,2026-04-08 17:29:28,2026-04-08,17,iOS,1.3.0,SES14554,详情,52.0
E4002454,U9641,purchase,2026-04-13 04:48:00,2026-04-13,4,Web,1.3.0,SES71616,搜索,3.9
E4002455,U20912,page_view,2026-04-03 05:44:03,2026-04-03,5,Web,1.0.0,SES37675,详情,13.9
E4002456,U48352,page_view,2026-04-25 21:36:42,2026-04-25,21,Web,1.1.0,SES40202,设置,0.5
E4002457,U22826,app_open,2026-04-30 13:45:54,2026-04-30,13,Android,1.0.0,SES31432,搜索,28.4
E4002458,U1773,page_view,2026-04-02 15:36:19,2026-04-02,15,Web,1.3.0,SES33549,详情,1.3
E4002459,U18449,page_view,2026-04-14 04:12:41,2026-04-14,4,iOS,1.1.0,SES22317,搜索,43.7
E4002460,U10182,share,2026-04-17 05:09:32,2026-04-17,5,Android,1.3.0,SES98571,设置,82.1
E4002461,U42988,app_open,2026-04-08 20:03:18,2026-04-08,20,Web,1.1.0,SES92365,购物车,83.1
E4002462,U3905,click,2026-04-15 08:00:43,2026-04-15,8,Web,1.3.0,SES61786,首页,18.9
E4002463,U44146,logout,2026-04-15 02:50:18,2026-04-15,2,Web,1.1.0,SES38693,购物车,53.1
E4002464,U46222,click,2026-04-18 06:50:31,2026-04-18,6,Android,1.3.0,SES25210,搜索,15.1
E4002465,U31429,page_view,2026-04-05 23:11:05,2026-04-05,23,Web,1.1.0,SES76872,购物车,71.9
E4002466,U14971,click,2026-04-16 01:44:10,2026-04-16,1,iOS,1.2.0,SES76031,首页,4.1
E4002467,U16278,page_view,2026-04-01 10:04:37,2026-04-01,10,Android,1.2.0,SES60184,搜索,38.1
E4002468,U38307,page_view,2026-04-23 07:24:13,2026-04-23,7,Android,1.1.0,SES44066,我的,46.6
E4002469,U14772,search,2026-04-22 09:26:50,2026-04-22,9,Web,1.2.0,SES12493,我的,17.6
E4002470,U45741,share,2026-04-21 08:59:53,2026-04-21,8,iOS,1.1.0,SES63379,我的,59.9
E4002471,U8058,page_view,2026-04-28 09:16:43,2026-04-28,9,iOS,1.3.0,SES52090,首页,3.1
E4002472,U36628,click,2026-04-07 07:12:47,2026-04-07,7,iOS,1.3.0,SES27395,我的,44.9
E4002473,U19555,app_open,2026-04-11 08:30:38,2026-04-11,8,Android,1.0.0,SES81831,搜索,19.4
E4002474,U1588,page_view,2026-04-08 14:29:50,2026-04-08,14,iOS,1.3.0,SES98092,购物车,28.3
E4002475,U15896,app_open,2026-04-26 01:35:52,2026-04-26,1,iOS,1.1.0,SES95034,购物车,124.5
E4002476,U3374,page_view,2026-04-01 06:30:15,2026-04-01,6,Web,1.3.0,SES36741,设置,47.4
E4002477,U27545,purchase,2026-04-22 23:34:04,2026-04-22,23,iOS,1.2.0,SES74789,首页,3.9
E4002478,U44905,search,2026-04-25 02:45:45,2026-04-25,2,Web,1.3.0,SES39680,搜索,21.2
E4002479,U18444,app_open,2026-04-03 16:22:46,2026-04-03,16,Android,1.0.0,SES84084,购物车,38.4
E4002480,U38120,app_open,2026-04-15 05:00:18,2026-04-15,5,Web,1.2.0,SES90591,我的,22.3
E4002481,U4249,click,2026-04-24 09:20:20,2026-04-24,9,iOS,1.2.0,SES57523,搜索,14.8
E4002482,U16510,click,2026-04-23 07:02:45,2026-04-23,7,Web,1.0.0,SES62638,搜索,11.0
E4002483,U45178,app_open,2026-04-08 07:26:47,2026-04-08,7,Android,1.3.0,SES13597,购物车,42.5
E4002484,U46177,search,2026-04-18 12:17:11,2026-04-18,12,Android,1.3.0,SES85508,首页,21.7
E4002485,U13609,share,2026-04-22 14:29:46,2026-04-22,14,Web,1.0.0,SES26619,设置,60.9
E4002486,U3771,search,2026-04-28 13:46:06,2026-04-28,13,iOS,1.2.0,SES26641,购物车,38.4
E4002487,U29404,share,2026-04-01 08:11:32,2026-04-01,8,iOS,1.1.0,SES68442,我的,81.4
E4002488,U39028,page_view,2026-04-17 08:26:34,2026-04-17,8,iOS,1.0.0,SES87247,购物车,3.4
E4002489,U5314,page_view,2026-04-20 03:55:17,2026-04-20,3,Android,1.3.0,SES57131,我的,20.3
E4002490,U19050,app_open,2026-04-28 12:58:19,2026-04-28,12,Android,1.3.0,SES50170,设置,32.2
E4002491,U11548,search,2026-04-13 18:32:41,2026-04-13,18,Web,1.2.0,SES48895,首页,5.4
E4002492,U19823,click,2026-04-06 21:51:57,2026-04-06,21,iOS,1.2.0,SES50996,详情,6.8
E4002493,U1617,search,2026-04-02 22:42:17,2026-04-02,22,Web,1.3.0,SES96123,我的,65.5
E4002494,U32043,app_open,2026-04-22 20:54:45,2026-04-22,20,Android,1.2.0,SES87921,我的,5.2
E4002495,U23711,share,2026-04-27 23:54:10,2026-04-27,23,Android,1.1.0,SES34164,我的,93.2
E4002496,U28060,click,2026-04-05 06:43:26,2026-04-05,6,Web,1.2.0,SES22018,购物车,8.1
E4002497,U17248,app_open,2026-04-05 13:04:39,2026-04-05,13,Web,1.0.0,SES68409,详情,70.1
E4002498,U28992,logout,2026-04-03 03:00:17,2026-04-03,3,Android,1.2.0,SES50263,详情,56.6
E4002499,U21211,search,2026-04-21 01:46:04,2026-04-21,1,Android,1.2.0,SES71813,搜索,62.8
E4002500,U30740,app_open,2026-04-22 10:36:51,2026-04-22,10,iOS,1.3.0,SES65937,详情,2.1
E4002501,U34341,page_view,2026-04-07 23:54:34,2026-04-07,23,iOS,1.1.0,SES73826,搜索,15.0
E4002502,U13161,page_view,2026-04-11 09:53:10,2026-04-11,9,iOS,1.2.0,SES97453,首页,19.5
E4002503,U5018,purchase,2026-04-13 16:31:57,2026-04-13,16,Android,1.0.0,SES84334,设置,30.1
E4002504,U8475,page_view,2026-04-10 18:10:56,2026-04-10,18,iOS,1.2.0,SES11185,首页,17.5
E4002505,U1870,app_open,2026-04-08 02:47:45,2026-04-08,2,Android,1.0.0,SES38619,首页,13.9
E4002506,U44635,app_open,2026-04-17 05:23:51,2026-04-17,5,Android,1.0.0,SES16953,首页,66.5
E4002507,U38733,share,2026-04-24 04:59:54,2026-04-24,4,iOS,1.3.0,SES72193,首页,8.5
E4002508,U32651,click,2026-04-17 18:02:21,2026-04-17,18,Android,1.1.0,SES70211,详情,4.8
E4002509,U29511,logout,2026-04-13 11:00:18,2026-04-13,11,iOS,1.1.0,SES33102,详情,53.5
E4002510,U44171,logout,2026-04-17 15:23:12,2026-04-17,15,iOS,1.0.0,SES79372,首页,8.6
E4002511,U5835,search,2026-04-18 12:59:42,2026-04-18,12,Android,1.1.0,SES17291,首页,46.8
E4002512,U36492,app_open,2026-04-02 08:13:49,2026-04-02,8,iOS,1.1.0,SES41858,我的,17.1
E4002513,U3374,click,2026-04-26 18:06:26,2026-04-26,18,Web,1.2.0,SES93656,搜索,18.3
E4002514,U36999,page_view,2026-04-14 11:04:22,2026-04-14,11,iOS,1.0.0,SES33284,我的,31.7
E4002515,U24470,logout,2026-04-08 00:45:13,2026-04-08,0,Android,1.2.0,SES73521,我的,0.2
E4002516,U37418,click,2026-04-07 09:39:28,2026-04-07,9,iOS,1.0.0,SES60139,详情,49.5
E4002517,U4803,click,2026-04-25 03:49:51,2026-04-25,3,Web,1.1.0,SES75366,搜索,18.9
E4002518,U43801,page_view,2026-04-20 21:48:18,2026-04-20,21,Web,1.2.0,SES84961,购物车,11.5
E4002519,U5006,click,2026-04-28 19:52:07,2026-04-28,19,Web,1.0.0,SES95569,我的,9.8
E4002520,U4369,register,2026-04-12 10:04:42,2026-04-12,10,Web,1.3.0,SES12039,我的,37.4
E4002521,U25737,page_view,2026-04-26 09:31:11,2026-04-26,9,Android,1.1.0,SES55276,搜索,26.4
E4002522,U21623,click,2026-04-17 01:54:45,2026-04-17,1,iOS,1.3.0,SES73098,搜索,35.4
E4002523,U38743,app_open,2026-04-10 19:33:53,2026-04-10,19,Web,1.2.0,SES33273,搜索,18.3
E4002524,U43638,click,2026-04-01 01:54:46,2026-04-01,1,Web,1.0.0,SES89116,我的,145.2
E4002525,U2966,search,2026-04-18 16:31:23,2026-04-18,16,iOS,1.1.0,SES24276,搜索,30.7
E4002526,U27026,page_view,2026-04-30 11:21:37,2026-04-30,11,Web,1.2.0,SES61159,我的,29.0
E4002527,U20807,page_view,2026-04-28 12:34:43,2026-04-28,12,iOS,1.3.0,SES51094,搜索,61.8
E4002528,U15052,app_open,2026-04-13 16:39:58,2026-04-13,16,Web,1.2.0,SES80243,设置,41.6
E4002529,U20542,page_view,2026-04-22 08:47:33,2026-04-22,8,Android,1.0.0,SES54740,设置,11.3
E4002530,U4321,click,2026-04-16 22:30:19,2026-04-16,22,iOS,1.3.0,SES91617,我的,19.5
E4002531,U30212,app_open,2026-04-30 00:38:54,2026-04-30,0,Web,1.2.0,SES67307,购物车,5.2
E4002532,U31090,page_view,2026-04-27 11:22:20,2026-04-27,11,Android,1.0.0,SES67813,购物车,16.0
E4002533,U16491,search,2026-04-11 01:32:32,2026-04-11,1,Web,1.2.0,SES13257,购物车,28.2
E4002534,U1079,logout,2026-04-13 09:45:34,2026-04-13,9,Android,1.2.0,SES18469,首页,4.1
E4002535,U38001,page_view,2026-04-29 02:41:31,2026-04-29,2,iOS,1.0.0,SES78523,设置,8.1
E4002536,U45166,app_open,2026-04-29 04:21:22,2026-04-29,4,Android,1.0.0,SES33286,我的,58.0
E4002537,U42550,app_open,2026-04-08 16:05:10,2026-04-08,16,iOS,1.3.0,SES24320,首页,10.4
E4002538,U1651,app_open,2026-04-27 03:35:00,2026-04-27,3,Web,1.3.0,SES71308,首页,3.2
E4002539,U38568,click,2026-04-27 14:19:13,2026-04-27,14,Web,1.0.0,SES64158,购物车,23.2
E4002540,U12568,page_view,2026-04-01 05:23:59,2026-04-01,5,iOS,1.3.0,SES24494,搜索,8.7
E4002541,U17767,page_view,2026-04-02 19:44:11,2026-04-02,19,iOS,1.3.0,SES51969,我的,43.8
E4002542,U11555,page_view,2026-04-30 11:09:33,2026-04-30,11,Web,1.2.0,SES90865,首页,25.8
E4002543,U36261,logout,2026-04-25 11:43:04,2026-04-25,11,Web,1.3.0,SES55478,设置,59.3
E4002544,U46237,page_view,2026-04-29 14:30:13,2026-04-29,14,Android,1.0.0,SES15451,首页,30.3
E4002545,U20806,page_view,2026-04-14 05:09:18,2026-04-14,5,Web,1.2.0,SES32574,首页,54.6
E4002546,U6851,purchase,2026-04-06 15:55:12,2026-04-06,15,Web,1.2.0,SES20478,设置,47.3
E4002547,U27914,page_view,2026-04-25 14:11:21,2026-04-25,14,iOS,1.3.0,SES46297,设置,70.3
E4002548,U35098,app_open,2026-04-02 05:07:44,2026-04-02,5,Android,1.3.0,SES87265,购物车,25.2
E4002549,U11341,app_open,2026-04-20 00:21:57,2026-04-20,0,iOS,1.3.0,SES64011,搜索,5.1
E4002550,U48806,click,2026-04-22 12:50:43,2026-04-22,12,Web,1.3.0,SES32263,搜索,19.8
E4002551,U4350,page_view,2026-04-30 23:21:44,2026-04-30,23,Web,1.1.0,SES27577,购物车,6.8
E4002552,U20303,app_open,2026-04-16 18:29:13,2026-04-16,18,Android,1.2.0,SES57285,我的,19.6
E4002553,U38848,app_open,2026-04-28 21:41:03,2026-04-28,21,Android,1.0.0,SES29208,详情,89.8
E4002554,U38817,logout,2026-04-29 12:46:54,2026-04-29,12,Web,1.2.0,SES95178,购物车,50.8
E4002555,U36594,page_view,2026-04-23 01:23:56,2026-04-23,1,iOS,1.3.0,SES66730,搜索,2.2
E4002556,U22146,click,2026-04-18 20:41:14,2026-04-18,20,Android,1.3.0,SES85061,我的,3.2
E4002557,U36839,purchase,2026-04-16 01:26:18,2026-04-16,1,Android,1.1.0,SES64016,首页,4.3
E4002558,U28642,page_view,2026-04-07 22:31:44,2026-04-07,22,Web,1.2.0,SES40351,搜索,21.1
E4002559,U20262,page_view,2026-04-14 19:07:16,2026-04-14,19,iOS,1.3.0,SES73637,购物车,14.4
E4002560,U10836,logout,2026-04-26 13:08:02,2026-04-26,13,Android,1.3.0,SES57578,我的,45.4
E4002561,U43659,app_open,2026-04-16 20:40:12,2026-04-16,20,iOS,1.0.0,SES74845,购物车,33.6
E4002562,U49223,page_view,2026-04-29 09:57:57,2026-04-29,9,Web,1.2.0,SES57266,我的,2.5
E4002563,U32837,logout,2026-04-28 23:26:33,2026-04-28,23,Android,1.0.0,SES23126,详情,42.6
E4002564,U22768,click,2026-04-27 13:35:33,2026-04-27,13,Android,1.3.0,SES23412,首页,24.0
E4002565,U29160,click,2026-04-08 21:10:23,2026-04-08,21,Web,1.3.0,SES46368,首页,30.8
E4002566,U37801,app_open,2026-04-18 06:52:16,2026-04-18,6,iOS,1.1.0,SES91465,设置,6.9
E4002567,U36765,app_open,2026-04-18 10:35:29,2026-04-18,10,Android,1.0.0,SES42497,搜索,2.4
E4002568,U37285,click,2026-04-11 19:36:21,2026-04-11,19,Android,1.1.0,SES89687,我的,46.5
E4002569,U26834,register,2026-04-29 11:46:07,2026-04-29,11,iOS,1.1.0,SES16070,详情,11.5
E4002570,U26312,share,2026-04-25 02:37:17,2026-04-25,2,Android,1.3.0,SES24703,我的,17.9
E4002571,U34129,app_open,2026-04-13 14:55:54,2026-04-13,14,Android,1.0.0,SES60584,购物车,8.3
E4002572,U38772,register,2026-04-06 04:48:47,2026-04-06,4,Android,1.0.0,SES18105,搜索,17.1
E4002573,U23118,purchase,2026-04-24 14:04:11,2026-04-24,14,Web,1.0.0,SES97538,详情,23.6
E4002574,U19953,click,2026-04-17 04:14:34,2026-04-17,4,iOS,1.3.0,SES99152,详情,78.7
E4002575,U47531,purchase,2026-04-21 18:20:48,2026-04-21,18,Android,1.0.0,SES16293,设置,26.3
E4002576,U3413,page_view,2026-04-10 09:20:21,2026-04-10,9,iOS,1.2.0,SES22794,我的,5.8
E4002577,U25649,page_view,2026-04-30 02:40:52,2026-04-30,2,iOS,1.0.0,SES61916,我的,7.6
E4002578,U22759,click,2026-04-27 15:30:38,2026-04-27,15,iOS,1.1.0,SES89522,搜索,34.8
E4002579,U23746,page_view,2026-04-28 17:07:47,2026-04-28,17,iOS,1.1.0,SES99480,购物车,53.7
E4002580,U41173,search,2026-04-20 15:42:35,2026-04-20,15,Web,1.2.0,SES66437,我的,0.0
E4002581,U17390,page_view,2026-04-17 13:24:11,2026-04-17,13,iOS,1.3.0,SES10510,我的,34.4
E4002582,U6768,click,2026-04-27 20:57:38,2026-04-27,20,iOS,1.2.0,SES28134,购物车,5.7
E4002583,U17688,app_open,2026-04-06 18:18:06,2026-04-06,18,Web,1.3.0,SES74284,详情,6.6
E4002584,U30168,app_open,2026-04-23 18:49:33,2026-04-23,18,Web,1.2.0,SES39938,首页,25.6
E4002585,U5413,click,2026-04-02 18:04:16,2026-04-02,18,Android,1.3.0,SES46518,首页,32.4
E4002586,U29713,search,2026-04-14 04:02:12,2026-04-14,4,Web,1.1.0,SES40374,购物车,4.8
E4002587,U42706,page_view,2026-04-14 11:31:05,2026-04-14,11,Web,1.3.0,SES66789,首页,3.8
E4002588,U30970,search,2026-04-05 16:26:36,2026-04-05,16,Web,1.3.0,SES46406,搜索,5.6
E4002589,U24537,register,2026-04-13 20:19:34,2026-04-13,20,Android,1.2.0,SES19617,购物车,29.0
E4002590,U22318,page_view,2026-04-01 14:19:18,2026-04-01,14,Android,1.0.0,SES37511,设置,10.9
E4002591,U10719,app_open,2026-04-17 19:06:59,2026-04-17,19,Web,1.0.0,SES98719,我的,26.5
E4002592,U35296,page_view,2026-04-07 23:53:48,2026-04-07,23,iOS,1.1.0,SES17986,详情,36.2
E4002593,U1924,app_open,2026-04-14 08:59:39,2026-04-14,8,Web,1.3.0,SES34691,购物车,5.6
E4002594,U46055,share,2026-04-30 23:20:17,2026-04-30,23,iOS,1.1.0,SES17589,首页,8.4
E4002595,U38990,register,2026-04-29 23:00:40,2026-04-29,23,Android,1.0.0,SES39664,详情,124.8
E4002596,U32384,app_open,2026-04-28 02:51:58,2026-04-28,2,Android,1.2.0,SES74014,设置,3.5
E4002597,U22238,page_view,2026-04-12 03:54:24,2026-04-12,3,iOS,1.1.0,SES90529,购物车,8.2
E4002598,U45141,page_view,2026-04-10 15:06:12,2026-04-10,15,Web,1.2.0,SES80967,搜索,8.9
E4002599,U47829,click,2026-04-23 19:41:57,2026-04-23,19,Android,1.1.0,SES78202,搜索,12.9
E4002600,U8146,search,2026-04-15 22:38:24,2026-04-15,22,Web,1.2.0,SES43649,设置,1.9
E4002601,U48980,click,2026-04-01 05:45:08,2026-04-01,5,Android,1.0.0,SES65957,首页,7.6
E4002602,U22410,page_view,2026-04-03 03:22:44,2026-04-03,3,Web,1.2.0,SES86632,购物车,0.5
E4002603,U9896,app_open,2026-04-02 07:35:37,2026-04-02,7,iOS,1.0.0,SES71180,设置,55.5
E4002604,U22028,app_open,2026-04-21 13:38:42,2026-04-21,13,Web,1.2.0,SES99671,首页,68.8
E4002605,U44455,page_view,2026-04-21 11:19:20,2026-04-21,11,iOS,1.0.0,SES23818,首页,41.2
E4002606,U46133,app_open,2026-04-09 04:03:11,2026-04-09,4,iOS,1.0.0,SES28754,我的,7.5
E4002607,U26741,app_open,2026-04-14 08:01:23,2026-04-14,8,Android,1.0.0,SES58924,搜索,55.5
E4002608,U2065,page_view,2026-04-04 15:41:37,2026-04-04,15,Android,1.1.0,SES79282,首页,2.5
E4002609,U22958,search,2026-04-21 15:08:06,2026-04-21,15,Web,1.0.0,SES92431,首页,26.1
E4002610,U17246,click,2026-04-09 14:00:32,2026-04-09,14,iOS,1.2.0,SES63300,设置,23.0
E4002611,U7527,share,2026-04-01 12:16:13,2026-04-01,12,Web,1.0.0,SES36948,首页,39.3
E4002612,U49817,page_view,2026-04-26 09:24:03,2026-04-26,9,Android,1.0.0,SES37993,首页,6.4
E4002613,U26349,page_view,2026-04-21 12:10:38,2026-04-21,12,Android,1.1.0,SES42172,首页,24.2
E4002614,U29615,app_open,2026-04-19 10:46:34,2026-04-19,10,iOS,1.1.0,SES27893,首页,195.6
E4002615,U14443,app_open,2026-04-03 20:00:23,2026-04-03,20,Web,1.2.0,SES74342,详情,0.8
E4002616,U41716,logout,2026-04-19 11:19:14,2026-04-19,11,iOS,1.1.0,SES44966,设置,21.1
E4002617,U32890,click,2026-04-30 07:37:06,2026-04-30,7,Android,1.0.0,SES27768,搜索,41.2
E4002618,U19758,page_view,2026-04-27 02:05:49,2026-04-27,2,iOS,1.3.0,SES47969,首页,14.0
E4002619,U38331,app_open,2026-04-17 07:40:28,2026-04-17,7,Web,1.0.0,SES54071,首页,13.4
E4002620,U18983,click,2026-04-29 03:54:22,2026-04-29,3,Web,1.0.0,SES28383,首页,14.2
E4002621,U30232,search,2026-04-28 17:46:36,2026-04-28,17,Web,1.1.0,SES98976,详情,2.1
E4002622,U15805,page_view,2026-04-19 10:04:23,2026-04-19,10,Android,1.0.0,SES50882,购物车,39.7
E4002623,U35502,app_open,2026-04-12 12:00:14,2026-04-12,12,Web,1.0.0,SES97932,设置,90.6
E4002624,U8406,click,2026-04-26 04:16:02,2026-04-26,4,Web,1.0.0,SES20191,设置,100.4
E4002625,U7956,app_open,2026-04-19 17:18:21,2026-04-19,17,Android,1.3.0,SES26206,我的,52.3
E4002626,U29387,page_view,2026-04-11 18:30:22,2026-04-11,18,Web,1.3.0,SES18971,搜索,11.8
E4002627,U14972,click,2026-04-16 09:06:41,2026-04-16,9,iOS,1.2.0,SES93390,购物车,19.6
E4002628,U47719,click,2026-04-27 17:05:46,2026-04-27,17,Web,1.2.0,SES73096,购物车,86.3
E4002629,U1067,page_view,2026-04-20 05:50:57,2026-04-20,5,Android,1.1.0,SES43229,详情,12.1
E4002630,U5760,click,2026-04-22 03:43:17,2026-04-22,3,Android,1.0.0,SES84614,首页,32.6
E4002631,U19686,page_view,2026-04-26 06:36:52,2026-04-26,6,iOS,1.2.0,SES51176,搜索,4.5
E4002632,U4623,page_view,2026-04-08 12:15:45,2026-04-08,12,Web,1.1.0,SES64435,搜索,4.8
E4002633,U33695,search,2026-04-21 21:57:16,2026-04-21,21,iOS,1.2.0,SES11149,首页,11.3
E4002634,U28671,app_open,2026-04-25 23:11:09,2026-04-25,23,Web,1.1.0,SES98325,首页,2.7
E4002635,U9698,purchase,2026-04-13 05:05:13,2026-04-13,5,Web,1.2.0,SES35264,设置,79.3
E4002636,U9152,app_open,2026-04-30 06:43:30,2026-04-30,6,iOS,1.2.0,SES66960,搜索,10.7
E4002637,U42887,page_view,2026-04-11 15:22:22,2026-04-11,15,Android,1.3.0,SES79266,详情,38.0
E4002638,U15131,register,2026-04-29 12:17:05,2026-04-29,12,Android,1.3.0,SES42262,搜索,13.6
E4002639,U23789,click,2026-04-17 10:33:42,2026-04-17,10,Web,1.2.0,SES16824,购物车,18.7
E4002640,U30402,app_open,2026-04-28 14:42:31,2026-04-28,14,Android,1.0.0,SES24072,设置,65.5
E4002641,U35812,purchase,2026-04-14 18:17:15,2026-04-14,18,Android,1.2.0,SES18455,设置,10.4
E4002642,U8596,search,2026-04-01 16:44:16,2026-04-01,16,Web,1.0.0,SES35713,详情,28.2
E4002643,U2070,search,2026-04-05 01:23:43,2026-04-05,1,iOS,1.0.0,SES96260,首页,25.6
E4002644,U46590,search,2026-04-24 04:10:33,2026-04-24,4,iOS,1.0.0,SES80457,购物车,25.6
E4002645,U46032,app_open,2026-04-16 09:47:47,2026-04-16,9,Web,1.3.0,SES19097,我的,1.1
E4002646,U46031,logout,2026-04-26 23:29:07,2026-04-26,23,Android,1.0.0,SES50752,购物车,73.2
E4002647,U39272,page_view,2026-04-24 09:25:46,2026-04-24,9,Web,1.1.0,SES66297,购物车,34.9
E4002648,U23972,app_open,2026-04-07 04:59:43,2026-04-07,4,Web,1.0.0,SES24296,详情,49.0
E4002649,U28537,page_view,2026-04-21 23:15:12,2026-04-21,23,iOS,1.0.0,SES95328,设置,0.1
E4002650,U36479,page_view,2026-04-14 13:28:19,2026-04-14,13,Web,1.1.0,SES71854,搜索,10.2
E4002651,U19249,search,2026-04-28 13:26:26,2026-04-28,13,iOS,1.2.0,SES52095,我的,25.0
E4002652,U17800,search,2026-04-03 03:51:01,2026-04-03,3,Web,1.2.0,SES77635,设置,14.5
E4002653,U30603,app_open,2026-04-05 12:53:17,2026-04-05,12,iOS,1.1.0,SES76891,我的,0.0
E4002654,U7612,page_view,2026-04-27 10:43:38,2026-04-27,10,iOS,1.2.0,SES18053,我的,7.8
E4002655,U9171,register,2026-04-17 19:04:37,2026-04-17,19,Android,1.3.0,SES81371,搜索,41.3
E4002656,U29456,page_view,2026-04-08 23:43:23,2026-04-08,23,Web,1.3.0,SES33083,设置,8.9
E4002657,U32084,app_open,2026-04-13 23:57:30,2026-04-13,23,Android,1.3.0,SES33348,我的,7.7
E4002658,U17425,app_open,2026-04-17 23:12:12,2026-04-17,23,iOS,1.0.0,SES91452,设置,21.9
E4002659,U44755,app_open,2026-04-21 08:02:13,2026-04-21,8,Web,1.0.0,SES12226,首页,14.8
E4002660,U21705,page_view,2026-04-15 02:48:27,2026-04-15,2,Android,1.1.0,SES79885,详情,5.9
E4002661,U41308,page_view,2026-04-06 20:58:16,2026-04-06,20,iOS,1.2.0,SES93832,首页,0.2
E4002662,U8480,page_view,2026-04-02 03:23:18,2026-04-02,3,iOS,1.1.0,SES75576,首页,21.8
E4002663,U49868,page_view,2026-04-06 22:21:20,2026-04-06,22,Android,1.1.0,SES75800,设置,17.7
E4002664,U24759,page_view,2026-04-25 02:49:18,2026-04-25,2,iOS,1.3.0,SES69389,设置,23.3
E4002665,U30231,page_view,2026-04-26 19:53:54,2026-04-26,19,iOS,1.1.0,SES25409,设置,19.0
E4002666,U16677,page_view,2026-04-30 20:16:53,2026-04-30,20,Web,1.0.0,SES32099,购物车,37.0
E4002667,U49613,page_view,2026-04-07 23:59:33,2026-04-07,23,Android,1.1.0,SES90013,首页,9.2
E4002668,U3314,page_view,2026-04-16 02:27:57,2026-04-16,2,Android,1.1.0,SES45843,搜索,23.7
E4002669,U14533,app_open,2026-04-10 01:22:06,2026-04-10,1,iOS,1.3.0,SES48887,购物车,2.4
E4002670,U42734,app_open,2026-04-14 16:27:29,2026-04-14,16,Web,1.2.0,SES35966,我的,16.4
E4002671,U2997,search,2026-04-04 16:05:40,2026-04-04,16,iOS,1.2.0,SES86581,搜索,40.8
E4002672,U10174,share,2026-04-05 00:31:43,2026-04-05,0,Android,1.1.0,SES15962,购物车,4.3
E4002673,U49357,app_open,2026-04-27 05:38:59,2026-04-27,5,iOS,1.1.0,SES81785,首页,74.9
E4002674,U34684,app_open,2026-04-24 03:29:33,2026-04-24,3,Android,1.0.0,SES40644,搜索,56.3
E4002675,U7075,app_open,2026-04-07 02:50:34,2026-04-07,2,Android,1.0.0,SES21763,设置,6.3
E4002676,U26198,page_view,2026-04-20 02:46:17,2026-04-20,2,Android,1.3.0,SES49797,我的,96.2
E4002677,U32139,page_view,2026-04-30 14:13:22,2026-04-30,14,Web,1.2.0,SES42886,首页,1.8
E4002678,U21517,page_view,2026-04-13 20:59:40,2026-04-13,20,Web,1.1.0,SES12082,首页,18.0
E4002679,U39567,click,2026-04-29 04:10:10,2026-04-29,4,Web,1.0.0,SES33153,详情,15.2
E4002680,U28318,share,2026-04-11 02:16:17,2026-04-11,2,iOS,1.1.0,SES17113,详情,1.8
E4002681,U39708,search,2026-04-15 06:39:27,2026-04-15,6,Android,1.2.0,SES39039,详情,10.9
E4002682,U15228,search,2026-04-01 15:28:18,2026-04-01,15,Android,1.0.0,SES95028,详情,18.4
E4002683,U10190,page_view,2026-04-12 09:41:24,2026-04-12,9,Web,1.1.0,SES26056,我的,16.1
E4002684,U48652,click,2026-04-14 06:37:37,2026-04-14,6,Web,1.2.0,SES71286,首页,20.7
E4002685,U24840,click,2026-04-17 22:51:26,2026-04-17,22,iOS,1.0.0,SES24069,我的,69.8
E4002686,U11343,app_open,2026-04-26 13:28:48,2026-04-26,13,Android,1.3.0,SES66367,设置,62.1
E4002687,U2368,page_view,2026-04-11 09:09:36,2026-04-11,9,Web,1.1.0,SES68344,详情,1.8
E4002688,U13885,app_open,2026-04-07 00:27:16,2026-04-07,0,Android,1.1.0,SES28070,我的,29.1
E4002689,U46148,purchase,2026-04-06 02:12:46,2026-04-06,2,iOS,1.1.0,SES30261,首页,56.5
E4002690,U38582,page_view,2026-04-24 01:22:10,2026-04-24,1,Web,1.0.0,SES60903,详情,47.4
E4002691,U17925,page_view,2026-04-10 09:46:25,2026-04-10,9,Android,1.2.0,SES75886,购物车,28.7
E4002692,U27993,purchase,2026-04-22 19:30:42,2026-04-22,19,iOS,1.2.0,SES76325,购物车,42.4
E4002693,U35885,app_open,2026-04-22 06:46:36,2026-04-22,6,Web,1.2.0,SES91315,购物车,3.7
E4002694,U38915,page_view,2026-04-01 13:35:26,2026-04-01,13,iOS,1.2.0,SES64986,购物车,28.5
E4002695,U4093,click,2026-04-12 21:13:37,2026-04-12,21,iOS,1.0.0,SES40036,首页,4.2
E4002696,U3996,app_open,2026-04-06 00:44:20,2026-04-06,0,Android,1.0.0,SES30847,我的,38.9
E4002697,U33730,page_view,2026-04-14 12:23:36,2026-04-14,12,iOS,1.3.0,SES16039,设置,95.5
E4002698,U37545,click,2026-04-08 14:30:24,2026-04-08,14,iOS,1.2.0,SES37361,详情,6.0
E4002699,U12506,page_view,2026-04-19 05:53:20,2026-04-19,5,Web,1.1.0,SES96872,首页,29.2
E4002700,U35879,app_open,2026-04-13 01:19:42,2026-04-13,1,Web,1.2.0,SES22660,设置,5.1
E4002701,U36102,page_view,2026-04-02 10:26:37,2026-04-02,10,Web,1.2.0,SES63627,设置,50.5
E4002702,U47049,search,2026-04-01 19:16:45,2026-04-01,19,Web,1.1.0,SES96782,我的,34.5
E4002703,U21284,click,2026-04-13 23:42:23,2026-04-13,23,iOS,1.2.0,SES29474,我的,23.0
E4002704,U19573,app_open,2026-04-02 05:36:11,2026-04-02,5,iOS,1.2.0,SES16372,详情,23.4
E4002705,U11142,purchase,2026-04-23 06:03:06,2026-04-23,6,Android,1.3.0,SES10165,首页,9.9
E4002706,U5329,click,2026-04-23 07:44:37,2026-04-23,7,Android,1.3.0,SES66583,设置,28.3
E4002707,U8332,search,2026-04-26 10:09:34,2026-04-26,10,Web,1.0.0,SES85689,设置,21.8
E4002708,U8245,page_view,2026-04-27 04:41:37,2026-04-27,4,iOS,1.0.0,SES43536,搜索,63.5
E4002709,U44679,app_open,2026-04-13 00:52:19,2026-04-13,0,Android,1.0.0,SES26166,搜索,3.3
E4002710,U15894,app_open,2026-04-26 07:53:25,2026-04-26,7,Android,1.3.0,SES65664,详情,1.6
E4002711,U3740,app_open,2026-04-15 22:11:35,2026-04-15,22,iOS,1.0.0,SES23861,我的,9.1
E4002712,U9325,purchase,2026-04-21 15:50:32,2026-04-21,15,Web,1.1.0,SES44318,购物车,2.8
E4002713,U13134,click,2026-04-02 01:48:59,2026-04-02,1,iOS,1.3.0,SES94854,我的,14.5
E4002714,U30660,click,2026-04-25 16:43:07,2026-04-25,16,Android,1.2.0,SES55266,搜索,22.6
E4002715,U21126,page_view,2026-04-23 12:35:26,2026-04-23,12,Android,1.2.0,SES28487,我的,33.1
E4002716,U46222,click,2026-04-13 06:54:18,2026-04-13,6,Android,1.1.0,SES96113,设置,86.1
E4002717,U21162,search,2026-04-27 17:59:37,2026-04-27,17,Web,1.3.0,SES99378,购物车,9.7
E4002718,U34269,click,2026-04-01 16:25:14,2026-04-01,16,Web,1.0.0,SES36437,我的,26.8
E4002719,U49706,purchase,2026-04-30 22:53:05,2026-04-30,22,iOS,1.1.0,SES31771,首页,0.2
E4002720,U34852,page_view,2026-04-08 04:38:04,2026-04-08,4,Web,1.1.0,SES63590,设置,26.3
E4002721,U44373,click,2026-04-18 10:53:39,2026-04-18,10,iOS,1.0.0,SES49801,设置,38.2
E4002722,U25951,page_view,2026-04-14 03:08:23,2026-04-14,3,Web,1.1.0,SES61303,详情,28.2
E4002723,U14991,logout,2026-04-01 17:52:54,2026-04-01,17,Web,1.3.0,SES50505,我的,17.3
E4002724,U33596,click,2026-04-05 02:12:21,2026-04-05,2,iOS,1.1.0,SES79321,搜索,9.5
E4002725,U12817,page_view,2026-04-09 23:34:02,2026-04-09,23,iOS,1.0.0,SES45800,购物车,22.1
E4002726,U33154,app_open,2026-04-22 18:36:05,2026-04-22,18,Android,1.1.0,SES21363,购物车,50.2
E4002727,U6125,app_open,2026-04-30 23:16:48,2026-04-30,23,Web,1.1.0,SES71241,搜索,7.9
E4002728,U12653,page_view,2026-04-02 21:38:17,2026-04-02,21,iOS,1.3.0,SES27341,详情,2.7
E4002729,U26183,click,2026-04-22 18:03:24,2026-04-22,18,iOS,1.2.0,SES41521,搜索,70.0
E4002730,U48686,page_view,2026-04-16 15:45:14,2026-04-16,15,Android,1.2.0,SES52261,我的,5.2
E4002731,U42727,search,2026-04-22 04:14:42,2026-04-22,4,Web,1.3.0,SES49606,我的,33.6
E4002732,U47571,page_view,2026-04-10 17:53:02,2026-04-10,17,iOS,1.3.0,SES21097,设置,27.0
E4002733,U24630,page_view,2026-04-06 03:47:14,2026-04-06,3,Android,1.1.0,SES26869,设置,0.7
E4002734,U32142,click,2026-04-21 03:39:09,2026-04-21,3,Android,1.3.0,SES68235,详情,52.0
E4002735,U37568,click,2026-04-23 13:35:07,2026-04-23,13,Android,1.0.0,SES59663,设置,53.9
E4002736,U17388,purchase,2026-04-14 14:54:13,2026-04-14,14,Android,1.3.0,SES40177,详情,59.7
E4002737,U34630,app_open,2026-04-16 13:55:03,2026-04-16,13,Android,1.2.0,SES59995,购物车,11.3
E4002738,U44486,click,2026-04-20 21:13:29,2026-04-20,21,iOS,1.1.0,SES87262,详情,106.8
E4002739,U49703,click,2026-04-21 21:30:35,2026-04-21,21,iOS,1.3.0,SES98356,搜索,87.8
E4002740,U31213,page_view,2026-04-01 20:19:06,2026-04-01,20,Web,1.0.0,SES44520,首页,33.6
E4002741,U49455,app_open,2026-04-22 18:52:21,2026-04-22,18,Web,1.0.0,SES21193,我的,21.8
E4002742,U36727,page_view,2026-04-07 03:11:25,2026-04-07,3,Web,1.0.0,SES19615,首页,3.5
E4002743,U42782,page_view,2026-04-13 20:12:00,2026-04-13,20,Web,1.0.0,SES24525,首页,14.2
E4002744,U27974,page_view,2026-04-12 19:06:22,2026-04-12,19,Android,1.0.0,SES67382,搜索,6.8
E4002745,U24700,register,2026-04-14 09:25:38,2026-04-14,9,Web,1.2.0,SES97168,详情,49.3
E4002746,U30088,page_view,2026-04-19 21:10:56,2026-04-19,21,Web,1.2.0,SES79825,搜索,65.7
E4002747,U22232,page_view,2026-04-22 10:38:33,2026-04-22,10,Web,1.1.0,SES64389,购物车,20.0
E4002748,U32372,page_view,2026-04-15 01:31:23,2026-04-15,1,Web,1.0.0,SES99232,我的,11.1
E4002749,U12938,page_view,2026-04-07 05:20:55,2026-04-07,5,Android,1.1.0,SES51608,搜索,9.8
E4002750,U21744,page_view,2026-04-14 20:50:13,2026-04-14,20,Android,1.0.0,SES31129,详情,104.5
E4002751,U3052,page_view,2026-04-21 07:44:57,2026-04-21,7,iOS,1.2.0,SES92030,首页,50.7
E4002752,U39122,page_view,2026-04-12 11:09:08,2026-04-12,11,Android,1.1.0,SES33875,首页,7.1
E4002753,U30200,page_view,2026-04-12 13:45:22,2026-04-12,13,Web,1.3.0,SES17625,我的,7.8
E4002754,U13433,page_view,2026-04-14 02:05:21,2026-04-14,2,Web,1.2.0,SES96998,搜索,64.2
E4002755,U28635,page_view,2026-04-23 18:47:02,2026-04-23,18,Android,1.0.0,SES39461,详情,7.4
E4002756,U47235,search,2026-04-25 18:00:38,2026-04-25,18,Android,1.3.0,SES92029,首页,24.6
E4002757,U46379,page_view,2026-04-10 14:31:38,2026-04-10,14,iOS,1.1.0,SES86452,我的,21.5
E4002758,U17131,page_view,2026-04-08 08:15:14,2026-04-08,8,Web,1.2.0,SES95342,首页,17.2
E4002759,U26150,search,2026-04-02 08:19:09,2026-04-02,8,Web,1.1.0,SES92710,详情,49.7
E4002760,U49244,purchase,2026-04-24 14:16:23,2026-04-24,14,Web,1.0.0,SES95610,购物车,9.6
E4002761,U31605,app_open,2026-04-26 05:44:28,2026-04-26,5,Android,1.3.0,SES48647,购物车,92.8
E4002762,U20919,purchase,2026-04-10 03:58:49,2026-04-10,3,Web,1.3.0,SES22832,详情,84.4
E4002763,U2154,page_view,2026-04-22 19:01:24,2026-04-22,19,Android,1.0.0,SES31774,搜索,174.2
E4002764,U14640,app_open,2026-04-26 13:35:24,2026-04-26,13,Web,1.1.0,SES77706,详情,32.4
E4002765,U45198,search,2026-04-12 04:54:48,2026-04-12,4,Android,1.2.0,SES99061,我的,109.5
E4002766,U45679,page_view,2026-04-29 17:23:40,2026-04-29,17,iOS,1.1.0,SES57115,购物车,19.2
E4002767,U14230,logout,2026-04-07 05:28:51,2026-04-07,5,iOS,1.3.0,SES43052,我的,78.7
E4002768,U24088,app_open,2026-04-28 05:34:48,2026-04-28,5,Web,1.0.0,SES31723,详情,26.1
E4002769,U23436,search,2026-04-01 11:03:46,2026-04-01,11,iOS,1.0.0,SES63164,搜索,30.3
E4002770,U2375,search,2026-04-30 09:35:53,2026-04-30,9,Android,1.2.0,SES20896,首页,7.3
E4002771,U9146,logout,2026-04-03 12:17:32,2026-04-03,12,Web,1.0.0,SES14217,设置,28.4
E4002772,U22743,click,2026-04-29 10:34:22,2026-04-29,10,Web,1.1.0,SES18429,首页,18.1
E4002773,U48169,app_open,2026-04-17 20:59:48,2026-04-17,20,iOS,1.3.0,SES68067,设置,40.5
E4002774,U29238,share,2026-04-29 14:12:47,2026-04-29,14,Web,1.3.0,SES44449,设置,75.9
E4002775,U40925,page_view,2026-04-29 02:35:41,2026-04-29,2,Android,1.0.0,SES45499,搜索,7.2
E4002776,U14205,page_view,2026-04-27 20:15:40,2026-04-27,20,Web,1.1.0,SES91944,设置,5.7
E4002777,U36052,app_open,2026-04-03 11:25:45,2026-04-03,11,Android,1.3.0,SES51406,购物车,7.8
E4002778,U47221,app_open,2026-04-25 04:30:39,2026-04-25,4,iOS,1.3.0,SES65056,设置,8.2
E4002779,U11002,purchase,2026-04-06 05:57:20,2026-04-06,5,iOS,1.3.0,SES96073,我的,22.6
E4002780,U48279,purchase,2026-04-01 14:29:47,2026-04-01,14,Android,1.0.0,SES22117,我的,17.6
E4002781,U21261,search,2026-04-19 04:33:26,2026-04-19,4,Android,1.3.0,SES50692,搜索,3.1
E4002782,U36544,search,2026-04-12 14:57:21,2026-04-12,14,Web,1.2.0,SES24980,我的,13.4
E4002783,U49203,share,2026-04-09 15:42:43,2026-04-09,15,Web,1.2.0,SES18943,首页,67.9
E4002784,U43611,search,2026-04-27 03:41:40,2026-04-27,3,Web,1.2.0,SES78822,详情,19.2
E4002785,U39800,app_open,2026-04-11 15:30:34,2026-04-11,15,Android,1.1.0,SES21880,我的,60.3
E4002786,U22414,page_view,2026-04-24 05:38:37,2026-04-24,5,Android,1.2.0,SES25522,搜索,9.7
E4002787,U39803,app_open,2026-04-05 08:03:35,2026-04-05,8,iOS,1.1.0,SES67143,详情,83.3
E4002788,U30319,page_view,2026-04-22 20:14:25,2026-04-22,20,Web,1.2.0,SES91165,我的,9.6
E4002789,U21161,app_open,2026-04-16 20:28:00,2026-04-16,20,Web,1.1.0,SES34827,详情,6.4
E4002790,U9112,page_view,2026-04-08 12:45:16,2026-04-08,12,Android,1.3.0,SES14971,设置,0.8
E4002791,U9445,app_open,2026-04-27 22:15:45,2026-04-27,22,Web,1.0.0,SES10368,首页,59.3
E4002792,U23852,page_view,2026-04-10 10:11:25,2026-04-10,10,iOS,1.0.0,SES35151,首页,4.0
E4002793,U38623,page_view,2026-04-30 13:09:42,2026-04-30,13,iOS,1.2.0,SES63730,购物车,70.4
E4002794,U28650,page_view,2026-04-03 20:19:08,2026-04-03,20,Android,1.0.0,SES56582,设置,80.3
E4002795,U5814,click,2026-04-04 14:50:23,2026-04-04,14,Android,1.3.0,SES94831,首页,10.5
E4002796,U1019,page_view,2026-04-06 13:02:00,2026-04-06,13,Android,1.3.0,SES47470,首页,38.7
E4002797,U44372,page_view,2026-04-23 23:21:21,2026-04-23,23,Web,1.0.0,SES22565,详情,131.2
E4002798,U45917,page_view,2026-04-12 15:50:04,2026-04-12,15,iOS,1.3.0,SES21847,购物车,59.6
E4002799,U19233,page_view,2026-04-01 13:48:44,2026-04-01,13,Web,1.3.0,SES38520,购物车,48.9
E4002800,U28132,page_view,2026-04-17 15:05:51,2026-04-17,15,iOS,1.0.0,SES92858,详情,18.4
E4002801,U20989,page_view,2026-04-05 23:53:06,2026-04-05,23,Android,1.1.0,SES21872,搜索,85.9
E4002802,U7562,app_open,2026-04-20 02:47:57,2026-04-20,2,Android,1.1.0,SES89360,搜索,23.6
E4002803,U4191,logout,2026-04-10 22:36:05,2026-04-10,22,Android,1.0.0,SES93532,购物车,7.8
E4002804,U25899,app_open,2026-04-11 02:14:36,2026-04-11,2,Web,1.0.0,SES58244,搜索,2.4
E4002805,U33597,search,2026-04-16 09:05:31,2026-04-16,9,Android,1.2.0,SES77566,我的,46.9
E4002806,U10287,app_open,2026-04-04 02:22:57,2026-04-04,2,Web,1.0.0,SES19027,购物车,25.8
E4002807,U2276,page_view,2026-04-25 05:57:08,2026-04-25,5,iOS,1.1.0,SES66817,详情,1.5
E4002808,U48253,app_open,2026-04-07 17:50:04,2026-04-07,17,iOS,1.1.0,SES34434,设置,6.2
E4002809,U40206,app_open,2026-04-22 22:25:06,2026-04-22,22,Android,1.0.0,SES13666,我的,20.4
E4002810,U15695,page_view,2026-04-03 04:06:33,2026-04-03,4,iOS,1.0.0,SES91957,详情,85.5
E4002811,U37584,app_open,2026-04-19 01:38:41,2026-04-19,1,Web,1.1.0,SES10925,设置,18.0
E4002812,U37651,click,2026-04-10 07:10:16,2026-04-10,7,iOS,1.3.0,SES99397,详情,1.0
E4002813,U2390,page_view,2026-04-02 06:17:19,2026-04-02,6,Web,1.1.0,SES96537,首页,20.6
E4002814,U44895,click,2026-04-18 11:21:48,2026-04-18,11,Web,1.1.0,SES46161,首页,11.8
E4002815,U42284,app_open,2026-04-25 15:12:05,2026-04-25,15,Web,1.3.0,SES72372,购物车,4.2
E4002816,U29277,page_view,2026-04-22 08:58:47,2026-04-22,8,Web,1.0.0,SES98947,设置,19.4
E4002817,U24662,page_view,2026-04-24 12:27:22,2026-04-24,12,iOS,1.0.0,SES16138,详情,41.2
E4002818,U11896,logout,2026-04-06 17:57:41,2026-04-06,17,Android,1.1.0,SES50679,购物车,135.8
E4002819,U34396,logout,2026-04-29 02:40:17,2026-04-29,2,Android,1.1.0,SES42310,设置,16.8
E4002820,U26808,purchase,2026-04-05 02:39:14,2026-04-05,2,iOS,1.0.0,SES75476,首页,4.8
E4002821,U3715,page_view,2026-04-25 22:28:35,2026-04-25,22,Android,1.1.0,SES37134,搜索,10.3
E4002822,U16315,logout,2026-04-21 17:16:19,2026-04-21,17,iOS,1.2.0,SES35093,详情,20.8
E4002823,U37768,app_open,2026-04-24 23:12:09,2026-04-24,23,Web,1.2.0,SES71458,设置,1.3
E4002824,U20943,search,2026-04-13 02:42:45,2026-04-13,2,iOS,1.2.0,SES41707,购物车,19.8
E4002825,U24344,search,2026-04-14 08:15:46,2026-04-14,8,iOS,1.0.0,SES35136,首页,50.9
E4002826,U41109,app_open,2026-04-27 16:32:45,2026-04-27,16,Android,1.3.0,SES42823,我的,4.1
E4002827,U30754,search,2026-04-24 00:14:42,2026-04-24,0,Android,1.1.0,SES89359,购物车,21.6
E4002828,U22979,search,2026-04-20 04:43:02,2026-04-20,4,iOS,1.1.0,SES84864,设置,21.9
E4002829,U34478,logout,2026-04-09 05:26:53,2026-04-09,5,iOS,1.2.0,SES28278,首页,7.0
E4002830,U22479,page_view,2026-04-12 21:32:16,2026-04-12,21,Android,1.3.0,SES20346,首页,5.8
E4002831,U3332,app_open,2026-04-14 11:09:27,2026-04-14,11,iOS,1.2.0,SES20948,搜索,29.5
E4002832,U20805,click,2026-04-01 19:59:47,2026-04-01,19,Web,1.2.0,SES61446,我的,22.6
E4002833,U5660,share,2026-04-24 02:01:25,2026-04-24,2,iOS,1.3.0,SES70605,搜索,10.9
E4002834,U28300,page_view,2026-04-05 03:44:54,2026-04-05,3,Android,1.3.0,SES62445,搜索,33.4
E4002835,U13491,page_view,2026-04-30 06:20:49,2026-04-30,6,Android,1.1.0,SES17053,搜索,30.7
E4002836,U25290,click,2026-04-20 06:12:34,2026-04-20,6,Android,1.3.0,SES67011,设置,36.6
E4002837,U39946,app_open,2026-04-01 18:45:14,2026-04-01,18,iOS,1.0.0,SES71449,购物车,6.7
E4002838,U8931,search,2026-04-12 15:27:18,2026-04-12,15,iOS,1.0.0,SES16733,首页,5.3
E4002839,U11760,page_view,2026-04-30 20:56:40,2026-04-30,20,iOS,1.3.0,SES94984,搜索,7.3
E4002840,U16831,purchase,2026-04-10 02:56:29,2026-04-10,2,Web,1.1.0,SES32134,首页,42.2
E4002841,U47999,click,2026-04-01 20:00:53,2026-04-01,20,Web,1.3.0,SES88017,我的,5.8
E4002842,U18429,app_open,2026-04-15 01:03:16,2026-04-15,1,Android,1.3.0,SES87021,我的,26.9
E4002843,U26344,app_open,2026-04-25 08:13:22,2026-04-25,8,iOS,1.1.0,SES95853,我的,64.4
E4002844,U35262,app_open,2026-04-07 20:50:53,2026-04-07,20,iOS,1.0.0,SES16177,购物车,16.1
E4002845,U17801,page_view,2026-04-18 03:25:01,2026-04-18,3,Android,1.2.0,SES40664,设置,2.6
E4002846,U3047,click,2026-04-18 02:01:24,2026-04-18,2,iOS,1.1.0,SES22234,我的,36.1
E4002847,U27841,app_open,2026-04-04 13:57:30,2026-04-04,13,Android,1.0.0,SES85965,首页,123.1
E4002848,U28147,share,2026-04-01 20:27:40,2026-04-01,20,Android,1.0.0,SES26640,详情,9.1
E4002849,U48013,app_open,2026-04-08 04:08:25,2026-04-08,4,Android,1.1.0,SES58163,详情,52.6
E4002850,U25399,app_open,2026-04-08 01:24:55,2026-04-08,1,iOS,1.2.0,SES38330,搜索,30.1
E4002851,U16985,click,2026-04-27 13:59:21,2026-04-27,13,Web,1.0.0,SES61610,首页,124.1
E4002852,U46267,page_view,2026-04-09 02:34:13,2026-04-09,2,Web,1.0.0,SES91554,设置,29.2
E4002853,U42146,page_view,2026-04-26 13:32:33,2026-04-26,13,Web,1.2.0,SES66128,设置,0.7
E4002854,U36961,search,2026-04-24 05:31:36,2026-04-24,5,Android,1.0.0,SES59571,设置,6.6
E4002855,U44611,click,2026-04-01 13:24:47,2026-04-01,13,Web,1.2.0,SES62088,详情,1.6
E4002856,U23374,search,2026-04-03 05:18:56,2026-04-03,5,Android,1.1.0,SES46783,搜索,174.3
E4002857,U11603,click,2026-04-16 01:17:33,2026-04-16,1,Android,1.2.0,SES27391,搜索,34.8
E4002858,U11609,click,2026-04-24 13:18:23,2026-04-24,13,Web,1.0.0,SES88710,搜索,20.4
E4002859,U40090,app_open,2026-04-24 05:27:43,2026-04-24,5,iOS,1.2.0,SES70871,搜索,82.4
E4002860,U41257,share,2026-04-25 07:07:07,2026-04-25,7,Web,1.2.0,SES53379,搜索,27.8
E4002861,U31070,app_open,2026-04-06 22:36:42,2026-04-06,22,iOS,1.0.0,SES62616,我的,8.1
E4002862,U26941,app_open,2026-04-17 12:41:36,2026-04-17,12,iOS,1.3.0,SES72170,搜索,15.5
E4002863,U48131,app_open,2026-04-27 02:48:03,2026-04-27,2,iOS,1.1.0,SES56127,详情,0.4
E4002864,U30368,app_open,2026-04-27 14:48:22,2026-04-27,14,Android,1.1.0,SES66878,详情,23.0
E4002865,U14779,page_view,2026-04-12 11:45:54,2026-04-12,11,Android,1.1.0,SES68604,首页,64.6
E4002866,U37411,app_open,2026-04-15 19:30:33,2026-04-15,19,iOS,1.1.0,SES16927,首页,8.1
E4002867,U12543,app_open,2026-04-22 08:11:37,2026-04-22,8,iOS,1.1.0,SES20729,详情,15.9
E4002868,U22691,app_open,2026-04-06 13:32:49,2026-04-06,13,Android,1.2.0,SES74221,首页,30.2
E4002869,U14456,purchase,2026-04-20 08:04:08,2026-04-20,8,Android,1.3.0,SES81986,我的,1.5
E4002870,U43346,page_view,2026-04-13 04:59:11,2026-04-13,4,iOS,1.2.0,SES33798,我的,60.1
E4002871,U47013,app_open,2026-04-26 22:28:25,2026-04-26,22,iOS,1.3.0,SES75781,搜索,98.9
E4002872,U35730,search,2026-04-15 13:57:52,2026-04-15,13,Android,1.3.0,SES18835,我的,77.5
E4002873,U20516,page_view,2026-04-14 00:36:13,2026-04-14,0,Android,1.1.0,SES18397,详情,3.5
E4002874,U22060,share,2026-04-02 01:53:47,2026-04-02,1,iOS,1.1.0,SES36338,购物车,3.1
E4002875,U34688,page_view,2026-04-15 08:11:11,2026-04-15,8,Android,1.3.0,SES37696,搜索,6.0
E4002876,U6857,page_view,2026-04-07 04:51:20,2026-04-07,4,Web,1.0.0,SES82412,搜索,11.2
E4002877,U29921,click,2026-04-08 22:15:52,2026-04-08,22,Web,1.0.0,SES28568,设置,18.8
E4002878,U26560,app_open,2026-04-11 17:55:57,2026-04-11,17,Web,1.0.0,SES51864,首页,57.0
E4002879,U32698,page_view,2026-04-13 20:25:43,2026-04-13,20,Android,1.1.0,SES85413,购物车,7.1
E4002880,U43545,page_view,2026-04-22 19:35:28,2026-04-22,19,iOS,1.3.0,SES91735,搜索,56.2
E4002881,U36392,page_view,2026-04-02 23:13:14,2026-04-02,23,iOS,1.0.0,SES62603,购物车,12.6
E4002882,U27452,click,2026-04-07 04:24:04,2026-04-07,4,Web,1.2.0,SES88130,我的,72.3
E4002883,U39361,page_view,2026-04-25 10:38:47,2026-04-25,10,iOS,1.0.0,SES89147,设置,6.9
E4002884,U40152,page_view,2026-04-18 12:30:49,2026-04-18,12,Web,1.3.0,SES14271,我的,1.2
E4002885,U32170,search,2026-04-25 02:11:08,2026-04-25,2,Web,1.3.0,SES39338,购物车,32.7
E4002886,U37208,click,2026-04-30 18:35:25,2026-04-30,18,iOS,1.2.0,SES51007,搜索,99.0
E4002887,U8410,click,2026-04-28 18:58:35,2026-04-28,18,iOS,1.1.0,SES49789,设置,95.4
E4002888,U14114,share,2026-04-08 14:18:10,2026-04-08,14,Android,1.3.0,SES86258,我的,13.6
E4002889,U43789,page_view,2026-04-29 19:55:04,2026-04-29,19,Web,1.2.0,SES50252,我的,6.0
E4002890,U24396,click,2026-04-03 06:12:52,2026-04-03,6,iOS,1.2.0,SES37837,设置,3.0
E4002891,U37241,search,2026-04-01 23:09:09,2026-04-01,23,Web,1.1.0,SES41278,详情,4.1
E4002892,U9548,page_view,2026-04-24 14:14:41,2026-04-24,14,iOS,1.1.0,SES31665,我的,10.1
E4002893,U11136,app_open,2026-04-02 13:42:58,2026-04-02,13,iOS,1.3.0,SES65242,搜索,7.4
E4002894,U5049,page_view,2026-04-30 02:51:33,2026-04-30,2,iOS,1.2.0,SES88169,购物车,3.4
E4002895,U39760,page_view,2026-04-09 09:47:06,2026-04-09,9,iOS,1.2.0,SES81134,我的,37.3
E4002896,U43017,register,2026-04-29 10:35:45,2026-04-29,10,iOS,1.3.0,SES57178,首页,119.8
E4002897,U24308,page_view,2026-04-13 21:39:31,2026-04-13,21,Android,1.0.0,SES33910,详情,5.2
E4002898,U45321,page_view,2026-04-08 00:41:08,2026-04-08,0,iOS,1.0.0,SES73250,设置,3.4
E4002899,U44384,share,2026-04-24 16:39:42,2026-04-24,16,Web,1.2.0,SES98584,购物车,40.8
E4002900,U6500,logout,2026-04-12 09:42:33,2026-04-12,9,Web,1.0.0,SES48725,首页,46.6
E4002901,U17749,search,2026-04-27 00:12:43,2026-04-27,0,Android,1.3.0,SES53528,我的,13.4
E4002902,U21958,page_view,2026-04-17 16:22:25,2026-04-17,16,iOS,1.2.0,SES41850,首页,1.3
E4002903,U18418,page_view,2026-04-21 17:49:22,2026-04-21,17,Web,1.2.0,SES18642,设置,10.6
E4002904,U26489,page_view,2026-04-29 21:37:28,2026-04-29,21,Android,1.2.0,SES50129,我的,17.3
E4002905,U26908,app_open,2026-04-30 12:09:49,2026-04-30,12,Android,1.1.0,SES90309,首页,54.9
E4002906,U23927,page_view,2026-04-01 13:09:46,2026-04-01,13,Android,1.2.0,SES58532,我的,62.0
E4002907,U12534,search,2026-04-16 22:31:55,2026-04-16,22,iOS,1.0.0,SES66085,设置,1.0
E4002908,U32878,page_view,2026-04-01 21:12:06,2026-04-01,21,iOS,1.3.0,SES76909,设置,10.8
E4002909,U23574,page_view,2026-04-10 15:05:08,2026-04-10,15,Android,1.1.0,SES81309,我的,32.5
E4002910,U43972,search,2026-04-14 15:26:32,2026-04-14,15,Android,1.0.0,SES22943,购物车,31.1
E4002911,U43559,search,2026-04-08 18:42:18,2026-04-08,18,iOS,1.2.0,SES99745,购物车,16.1
E4002912,U21219,click,2026-04-28 20:21:53,2026-04-28,20,Android,1.3.0,SES79564,我的,45.2
E4002913,U13737,page_view,2026-04-03 21:32:49,2026-04-03,21,Web,1.3.0,SES57744,详情,9.0
E4002914,U25623,search,2026-04-26 12:10:07,2026-04-26,12,iOS,1.2.0,SES90359,设置,36.5
E4002915,U14467,search,2026-04-26 22:29:18,2026-04-26,22,iOS,1.2.0,SES42914,设置,9.8
E4002916,U42717,search,2026-04-01 05:56:47,2026-04-01,5,Web,1.1.0,SES10738,搜索,2.1
E4002917,U31728,click,2026-04-28 12:30:07,2026-04-28,12,Web,1.2.0,SES27963,我的,86.5
E4002918,U42334,app_open,2026-04-17 12:29:05,2026-04-17,12,iOS,1.1.0,SES33781,购物车,31.8
E4002919,U28022,page_view,2026-04-18 12:28:12,2026-04-18,12,Android,1.3.0,SES56544,首页,14.5
E4002920,U20585,page_view,2026-04-28 18:28:57,2026-04-28,18,Android,1.0.0,SES94563,我的,23.4
E4002921,U16917,page_view,2026-04-15 21:54:32,2026-04-15,21,iOS,1.3.0,SES84995,首页,13.7
E4002922,U8625,purchase,2026-04-09 15:17:49,2026-04-09,15,Android,1.1.0,SES21724,设置,14.6
E4002923,U14352,share,2026-04-25 22:52:16,2026-04-25,22,Web,1.1.0,SES63448,搜索,3.2
E4002924,U1647,click,2026-04-29 19:22:53,2026-04-29,19,iOS,1.2.0,SES24194,详情,88.5
E4002925,U20778,search,2026-04-07 18:34:58,2026-04-07,18,Android,1.1.0,SES10872,购物车,52.9
E4002926,U3547,page_view,2026-04-14 20:59:59,2026-04-14,20,Android,1.3.0,SES18151,我的,0.2
E4002927,U41312,click,2026-04-08 19:51:37,2026-04-08,19,Web,1.1.0,SES57605,购物车,27.2
E4002928,U45502,app_open,2026-04-24 13:30:06,2026-04-24,13,Web,1.1.0,SES65244,搜索,10.2
E4002929,U12389,click,2026-04-29 17:38:07,2026-04-29,17,iOS,1.2.0,SES62431,搜索,33.5
E4002930,U36974,app_open,2026-04-20 08:41:49,2026-04-20,8,iOS,1.1.0,SES56764,首页,26.1
E4002931,U22434,page_view,2026-04-09 20:36:53,2026-04-09,20,Web,1.3.0,SES50421,首页,39.4
E4002932,U5753,click,2026-04-18 12:39:22,2026-04-18,12,iOS,1.0.0,SES67660,首页,25.2
E4002933,U22879,click,2026-04-17 09:28:07,2026-04-17,9,Web,1.2.0,SES93935,详情,3.1
E4002934,U8888,search,2026-04-09 01:31:36,2026-04-09,1,Web,1.1.0,SES33845,搜索,12.3
E4002935,U17444,page_view,2026-04-08 17:41:20,2026-04-08,17,Web,1.1.0,SES54133,我的,13.3
E4002936,U24458,page_view,2026-04-02 18:09:46,2026-04-02,18,Android,1.0.0,SES93978,首页,15.3
E4002937,U12949,page_view,2026-04-25 04:16:42,2026-04-25,4,Web,1.0.0,SES33615,详情,3.8
E4002938,U11740,page_view,2026-04-07 01:41:20,2026-04-07,1,Android,1.0.0,SES15239,搜索,8.3
E4002939,U16564,logout,2026-04-24 03:56:24,2026-04-24,3,iOS,1.1.0,SES31999,我的,12.8
E4002940,U24498,page_view,2026-04-04 17:49:23,2026-04-04,17,Android,1.3.0,SES48850,设置,16.2
E4002941,U6691,page_view,2026-04-29 06:19:25,2026-04-29,6,Android,1.2.0,SES52843,首页,35.7
E4002942,U25275,click,2026-04-08 12:03:25,2026-04-08,12,Web,1.2.0,SES79863,我的,56.9
E4002943,U25125,page_view,2026-04-12 10:15:42,2026-04-12,10,Android,1.1.0,SES96281,购物车,61.3
E4002944,U23169,page_view,2026-04-29 09:57:46,2026-04-29,9,Android,1.0.0,SES80540,购物车,64.6
E4002945,U2700,click,2026-04-13 23:18:51,2026-04-13,23,iOS,1.0.0,SES88600,首页,29.3
E4002946,U21725,logout,2026-04-12 18:45:17,2026-04-12,18,Android,1.3.0,SES31827,设置,100.8
E4002947,U13523,click,2026-04-12 02:15:10,2026-04-12,2,iOS,1.0.0,SES10351,首页,3.7
E4002948,U4206,purchase,2026-04-10 10:48:50,2026-04-10,10,iOS,1.0.0,SES57011,购物车,0.2
E4002949,U28643,page_view,2026-04-19 20:21:00,2026-04-19,20,Android,1.3.0,SES95039,详情,13.2
E4002950,U15507,click,2026-04-07 11:34:31,2026-04-07,11,Android,1.3.0,SES72904,搜索,24.5
E4002951,U3124,purchase,2026-04-16 19:01:28,2026-04-16,19,Web,1.3.0,SES79024,设置,47.2
E4002952,U2393,purchase,2026-04-25 14:01:00,2026-04-25,14,Web,1.3.0,SES42729,详情,70.9
E4002953,U6489,click,2026-04-10 23:22:08,2026-04-10,23,iOS,1.1.0,SES18611,我的,3.9
E4002954,U21463,share,2026-04-14 22:30:19,2026-04-14,22,Android,1.0.0,SES24557,详情,52.4
E4002955,U47699,click,2026-04-01 01:48:23,2026-04-01,1,Android,1.0.0,SES36609,我的,11.1
E4002956,U38182,click,2026-04-05 18:18:33,2026-04-05,18,Web,1.2.0,SES12444,我的,54.0
E4002957,U20337,share,2026-04-15 03:36:09,2026-04-15,3,Android,1.2.0,SES58883,搜索,28.6
E4002958,U29089,app_open,2026-04-07 07:47:11,2026-04-07,7,Android,1.1.0,SES97209,我的,34.6
E4002959,U7140,register,2026-04-13 08:19:41,2026-04-13,8,Android,1.0.0,SES95187,我的,1.2
E4002960,U2704,search,2026-04-20 15:50:53,2026-04-20,15,Web,1.3.0,SES64191,我的,22.2
E4002961,U32975,page_view,2026-04-16 20:31:16,2026-04-16,20,Web,1.0.0,SES49096,购物车,24.9
E4002962,U13597,app_open,2026-04-15 21:22:22,2026-04-15,21,Web,1.3.0,SES92135,搜索,18.5
E4002963,U42515,click,2026-04-11 16:44:41,2026-04-11,16,Web,1.2.0,SES31727,我的,13.1
E4002964,U42120,purchase,2026-04-07 03:12:44,2026-04-07,3,Web,1.1.0,SES59821,搜索,127.0
E4002965,U13394,logout,2026-04-04 12:51:44,2026-04-04,12,iOS,1.1.0,SES30468,搜索,2.7
E4002966,U17509,logout,2026-04-03 08:57:54,2026-04-03,8,Web,1.3.0,SES88688,首页,49.5
E4002967,U41971,click,2026-04-11 19:25:20,2026-04-11,19,Web,1.0.0,SES21497,详情,1.9
E4002968,U47504,click,2026-04-11 14:06:51,2026-04-11,14,Android,1.3.0,SES80194,我的,2.4
E4002969,U37421,page_view,2026-04-14 18:00:32,2026-04-14,18,iOS,1.2.0,SES43590,详情,19.5
E4002970,U34193,page_view,2026-04-17 23:39:55,2026-04-17,23,iOS,1.2.0,SES26693,设置,21.4
E4002971,U39962,app_open,2026-04-12 08:33:43,2026-04-12,8,iOS,1.3.0,SES56261,搜索,39.4
E4002972,U41960,logout,2026-04-25 18:25:58,2026-04-25,18,iOS,1.0.0,SES79192,首页,9.2
E4002973,U39441,click,2026-04-03 11:08:55,2026-04-03,11,Android,1.1.0,SES42555,购物车,29.5
E4002974,U14318,search,2026-04-12 00:45:35,2026-04-12,0,Web,1.0.0,SES30205,详情,45.1
E4002975,U28162,click,2026-04-22 06:16:27,2026-04-22,6,Android,1.3.0,SES19329,搜索,5.2
E4002976,U7409,search,2026-04-18 13:23:02,2026-04-18,13,Android,1.3.0,SES26064,购物车,7.3
E4002977,U19690,app_open,2026-04-16 09:15:43,2026-04-16,9,Web,1.1.0,SES55529,搜索,6.9
E4002978,U19662,share,2026-04-14 02:35:01,2026-04-14,2,Web,1.0.0,SES62142,设置,70.3
E4002979,U30322,page_view,2026-04-17 02:38:07,2026-04-17,2,Web,1.1.0,SES58071,我的,41.3
E4002980,U2919,search,2026-04-22 05:06:05,2026-04-22,5,Android,1.2.0,SES38531,购物车,2.5
E4002981,U21168,page_view,2026-04-11 15:01:30,2026-04-11,15,iOS,1.2.0,SES53582,设置,41.4
E4002982,U44806,register,2026-04-14 01:33:35,2026-04-14,1,Android,1.2.0,SES42236,设置,26.1
E4002983,U41572,app_open,2026-04-11 06:46:17,2026-04-11,6,iOS,1.2.0,SES53842,购物车,13.0
E4002984,U42360,page_view,2026-04-04 15:33:00,2026-04-04,15,iOS,1.2.0,SES88422,搜索,3.2
E4002985,U25805,app_open,2026-04-05 04:04:47,2026-04-05,4,Web,1.2.0,SES81531,设置,81.7
E4002986,U41382,page_view,2026-04-04 22:07:11,2026-04-04,22,iOS,1.0.0,SES80878,首页,14.6
E4002987,U34389,app_open,2026-04-19 22:38:42,2026-04-19,22,iOS,1.3.0,SES35447,首页,47.6
E4002988,U48565,logout,2026-04-01 01:23:37,2026-04-01,1,iOS,1.3.0,SES64802,设置,16.9
E4002989,U35309,app_open,2026-04-12 13:14:02,2026-04-12,13,Android,1.1.0,SES61843,详情,20.5
E4002990,U45095,page_view,2026-04-26 00:42:53,2026-04-26,0,iOS,1.3.0,SES23739,详情,13.8
E4002991,U34079,app_open,2026-04-23 06:49:18,2026-04-23,6,iOS,1.2.0,SES91068,详情,6.2
E4002992,U5214,app_open,2026-04-19 02:26:27,2026-04-19,2,Web,1.1.0,SES63839,我的,3.6
E4002993,U15481,app_open,2026-04-09 00:28:31,2026-04-09,0,Web,1.2.0,SES20605,首页,43.7
E4002994,U23665,logout,2026-04-10 14:29:44,2026-04-10,14,iOS,1.3.0,SES63713,首页,36.9
E4002995,U37434,click,2026-04-07 18:29:28,2026-04-07,18,Web,1.0.0,SES13861,我的,10.6
E4002996,U40647,click,2026-04-20 05:53:16,2026-04-20,5,iOS,1.1.0,SES78446,首页,7.3
E4002997,U46594,search,2026-04-23 10:25:43,2026-04-23,10,iOS,1.2.0,SES79862,首页,37.8
E4002998,U36700,page_view,2026-04-13 14:58:35,2026-04-13,14,Android,1.0.0,SES95178,设置,33.0
E4002999,U21023,page_view,2026-04-17 03:53:30,2026-04-17,3,Web,1.0.0,SES60814,我的,64.7
E4003000,U18705,purchase,2026-04-07 07:29:43,2026-04-07,7,Android,1.3.0,SES85802,搜索,18.1
E4003001,U47383,click,2026-04-23 09:49:23,2026-04-23,9,Android,1.3.0,SES10953,我的,95.3
E4003002,U15315,click,2026-04-05 18:35:22,2026-04-05,18,iOS,1.3.0,SES72951,首页,9.6
E4003003,U7467,page_view,2026-04-11 01:45:31,2026-04-11,1,iOS,1.3.0,SES79155,首页,74.1
E4003004,U15185,click,2026-04-13 11:43:37,2026-04-13,11,Android,1.2.0,SES19395,购物车,8.4
E4003005,U14798,page_view,2026-04-12 12:59:57,2026-04-12,12,iOS,1.3.0,SES23579,搜索,17.3
E4003006,U49594,page_view,2026-04-19 17:25:34,2026-04-19,17,Web,1.0.0,SES81457,设置,22.1
E4003007,U20627,page_view,2026-04-15 04:48:21,2026-04-15,4,iOS,1.0.0,SES44254,详情,7.7
E4003008,U13796,click,2026-04-08 18:27:16,2026-04-08,18,iOS,1.3.0,SES34922,首页,3.3
E4003009,U43660,app_open,2026-04-05 14:14:15,2026-04-05,14,iOS,1.0.0,SES14382,购物车,25.3
E4003010,U30141,click,2026-04-07 18:43:22,2026-04-07,18,Web,1.3.0,SES23616,首页,12.4
E4003011,U4132,logout,2026-04-20 02:19:13,2026-04-20,2,Android,1.3.0,SES87429,搜索,114.3
E4003012,U32920,search,2026-04-11 18:34:47,2026-04-11,18,Android,1.1.0,SES13974,设置,56.5
E4003013,U26089,app_open,2026-04-09 05:16:12,2026-04-09,5,iOS,1.3.0,SES96465,搜索,38.2
E4003014,U10116,app_open,2026-04-13 16:01:13,2026-04-13,16,Web,1.3.0,SES42482,详情,0.0
E4003015,U22043,app_open,2026-04-17 18:18:56,2026-04-17,18,iOS,1.0.0,SES13649,详情,21.8
E4003016,U19893,click,2026-04-20 23:46:48,2026-04-20,23,Android,1.2.0,SES49072,搜索,1.3
E4003017,U1809,click,2026-04-06 23:32:24,2026-04-06,23,Android,1.3.0,SES57840,设置,18.9
E4003018,U40596,click,2026-04-11 22:39:32,2026-04-11,22,iOS,1.3.0,SES13824,详情,41.5
E4003019,U4367,click,2026-04-19 03:56:43,2026-04-19,3,iOS,1.2.0,SES77204,搜索,5.6
E4003020,U25428,page_view,2026-04-18 23:37:07,2026-04-18,23,Android,1.1.0,SES40841,搜索,9.2
E4003021,U41479,app_open,2026-04-07 03:43:05,2026-04-07,3,Android,1.0.0,SES96327,设置,37.6
E4003022,U46938,page_view,2026-04-14 01:41:21,2026-04-14,1,Android,1.0.0,SES73249,购物车,68.4
E4003023,U22390,page_view,2026-04-20 08:46:45,2026-04-20,8,Web,1.1.0,SES90626,详情,9.7
E4003024,U41279,page_view,2026-04-03 17:17:31,2026-04-03,17,iOS,1.1.0,SES92657,详情,64.9
E4003025,U20375,page_view,2026-04-07 10:05:04,2026-04-07,10,Android,1.1.0,SES88024,设置,12.7
E4003026,U10084,click,2026-04-01 10:29:27,2026-04-01,10,Android,1.2.0,SES38457,我的,0.7
E4003027,U21946,page_view,2026-04-21 18:38:32,2026-04-21,18,Android,1.3.0,SES54364,设置,92.0
E4003028,U45461,purchase,2026-04-15 02:54:37,2026-04-15,2,Web,1.0.0,SES17570,首页,36.0
E4003029,U30607,page_view,2026-04-02 11:45:55,2026-04-02,11,Web,1.3.0,SES65316,购物车,37.1
E4003030,U45133,page_view,2026-04-05 22:55:13,2026-04-05,22,iOS,1.2.0,SES61751,购物车,5.0
E4003031,U38873,logout,2026-04-21 14:27:05,2026-04-21,14,iOS,1.3.0,SES73610,设置,51.5
E4003032,U17547,page_view,2026-04-03 11:38:52,2026-04-03,11,Web,1.1.0,SES75144,设置,36.8
E4003033,U19236,click,2026-04-19 15:22:31,2026-04-19,15,Android,1.2.0,SES65723,购物车,28.4
E4003034,U34275,page_view,2026-04-02 10:54:28,2026-04-02,10,iOS,1.0.0,SES79620,我的,41.5
E4003035,U23349,page_view,2026-04-09 04:20:13,2026-04-09,4,Web,1.1.0,SES67016,首页,4.5
E4003036,U39685,click,2026-04-23 14:22:52,2026-04-23,14,Web,1.0.0,SES70144,购物车,30.4
E4003037,U2079,page_view,2026-04-09 12:53:02,2026-04-09,12,iOS,1.3.0,SES38469,购物车,23.9
E4003038,U33229,click,2026-04-21 01:33:05,2026-04-21,1,Android,1.3.0,SES94388,设置,8.0
E4003039,U47875,click,2026-04-14 09:08:20,2026-04-14,9,iOS,1.2.0,SES26175,我的,1.4
E4003040,U41083,click,2026-04-22 17:14:29,2026-04-22,17,iOS,1.0.0,SES14928,首页,70.4
E4003041,U45691,search,2026-04-14 05:40:33,2026-04-14,5,Web,1.2.0,SES44042,购物车,5.7
E4003042,U2263,page_view,2026-04-04 09:17:04,2026-04-04,9,Web,1.0.0,SES50242,我的,43.8
E4003043,U22951,purchase,2026-04-23 04:10:09,2026-04-23,4,Web,1.2.0,SES19949,详情,18.1
E4003044,U41650,click,2026-04-27 06:12:06,2026-04-27,6,iOS,1.2.0,SES93219,设置,0.2
E4003045,U20638,app_open,2026-04-30 10:45:40,2026-04-30,10,Web,1.1.0,SES70339,首页,32.5
E4003046,U3523,click,2026-04-13 23:40:41,2026-04-13,23,iOS,1.3.0,SES65731,设置,67.6
E4003047,U38178,click,2026-04-08 20:07:18,2026-04-08,20,Android,1.3.0,SES82773,设置,4.9
E4003048,U49567,page_view,2026-04-24 17:47:41,2026-04-24,17,iOS,1.0.0,SES43287,搜索,46.9
E4003049,U25797,click,2026-04-25 12:46:00,2026-04-25,12,Android,1.0.0,SES87743,设置,7.3
E4003050,U15551,app_open,2026-04-23 07:14:17,2026-04-23,7,Web,1.0.0,SES84850,详情,63.9
E4003051,U2371,click,2026-04-05 02:40:22,2026-04-05,2,Android,1.2.0,SES26686,设置,52.7
E4003052,U21294,page_view,2026-04-17 20:11:46,2026-04-17,20,Android,1.1.0,SES24932,购物车,17.7
E4003053,U2588,app_open,2026-04-05 20:53:28,2026-04-05,20,Android,1.3.0,SES24739,设置,23.0
E4003054,U17276,click,2026-04-18 19:18:40,2026-04-18,19,iOS,1.2.0,SES76925,购物车,2.8
E4003055,U25798,page_view,2026-04-10 10:23:20,2026-04-10,10,iOS,1.3.0,SES82549,首页,79.7
E4003056,U25106,page_view,2026-04-02 14:29:19,2026-04-02,14,iOS,1.0.0,SES67042,搜索,16.4
E4003057,U35157,app_open,2026-04-15 06:29:41,2026-04-15,6,Android,1.2.0,SES52438,设置,6.6
E4003058,U41199,purchase,2026-04-01 14:38:11,2026-04-01,14,Android,1.0.0,SES62450,购物车,5.6
E4003059,U26017,page_view,2026-04-30 10:00:08,2026-04-30,10,Web,1.1.0,SES45308,我的,20.2
E4003060,U40676,click,2026-04-26 01:27:31,2026-04-26,1,iOS,1.2.0,SES54964,搜索,40.0
E4003061,U28234,page_view,2026-04-25 06:00:15,2026-04-25,6,Android,1.2.0,SES63933,设置,17.0
E4003062,U23323,app_open,2026-04-24 06:39:06,2026-04-24,6,iOS,1.3.0,SES65902,详情,5.2
E4003063,U20636,search,2026-04-05 09:18:52,2026-04-05,9,Web,1.0.0,SES52185,购物车,84.1
E4003064,U20833,page_view,2026-04-25 21:38:33,2026-04-25,21,Android,1.3.0,SES35351,搜索,56.3
E4003065,U22783,page_view,2026-04-30 16:36:57,2026-04-30,16,iOS,1.0.0,SES79220,设置,10.9
E4003066,U35463,page_view,2026-04-08 07:32:44,2026-04-08,7,Web,1.3.0,SES36176,搜索,38.6
E4003067,U39547,page_view,2026-04-07 08:30:42,2026-04-07,8,iOS,1.0.0,SES16342,设置,108.5
E4003068,U40306,page_view,2026-04-18 16:04:41,2026-04-18,16,Android,1.1.0,SES89857,首页,16.5
E4003069,U48956,click,2026-04-13 20:45:57,2026-04-13,20,Web,1.3.0,SES72116,购物车,11.2
E4003070,U49810,search,2026-04-15 17:53:58,2026-04-15,17,iOS,1.1.0,SES75601,购物车,2.5
E4003071,U25167,page_view,2026-04-10 05:11:09,2026-04-10,5,Web,1.2.0,SES10373,我的,77.1
E4003072,U26060,app_open,2026-04-15 03:10:30,2026-04-15,3,Android,1.0.0,SES57255,搜索,17.7
E4003073,U16425,page_view,2026-04-09 02:23:00,2026-04-09,2,Android,1.0.0,SES46718,购物车,1.3
E4003074,U11411,page_view,2026-04-23 09:13:33,2026-04-23,9,Web,1.0.0,SES82524,首页,34.9
E4003075,U32795,page_view,2026-04-16 08:27:41,2026-04-16,8,iOS,1.0.0,SES25767,购物车,4.6
E4003076,U36567,click,2026-04-16 09:40:08,2026-04-16,9,iOS,1.2.0,SES96199,搜索,10.1
E4003077,U2384,click,2026-04-30 09:09:45,2026-04-30,9,iOS,1.2.0,SES56173,搜索,6.6
E4003078,U39492,click,2026-04-28 10:27:13,2026-04-28,10,Android,1.2.0,SES14296,详情,9.4
E4003079,U20434,page_view,2026-04-02 17:07:01,2026-04-02,17,Android,1.2.0,SES55804,购物车,9.3
E4003080,U39184,page_view,2026-04-06 15:26:07,2026-04-06,15,iOS,1.0.0,SES97800,设置,4.4
E4003081,U26139,search,2026-04-20 18:48:27,2026-04-20,18,iOS,1.0.0,SES59691,我的,19.9
E4003082,U36334,page_view,2026-04-10 14:35:45,2026-04-10,14,Android,1.1.0,SES42107,详情,11.6
E4003083,U43211,page_view,2026-04-17 08:57:11,2026-04-17,8,Web,1.0.0,SES82104,详情,53.4
E4003084,U35140,search,2026-04-24 12:36:54,2026-04-24,12,Web,1.3.0,SES33541,详情,9.7
E4003085,U44750,click,2026-04-02 01:15:30,2026-04-02,1,Android,1.3.0,SES39134,首页,10.0
E4003086,U30723,app_open,2026-04-16 03:28:31,2026-04-16,3,Web,1.3.0,SES58341,购物车,0.8
E4003087,U20148,page_view,2026-04-12 08:37:18,2026-04-12,8,Android,1.0.0,SES42618,搜索,15.4
E4003088,U1385,page_view,2026-04-07 19:10:19,2026-04-07,19,Web,1.3.0,SES76756,购物车,51.2
E4003089,U16200,app_open,2026-04-21 12:42:23,2026-04-21,12,iOS,1.0.0,SES26341,我的,27.9
E4003090,U48914,app_open,2026-04-04 00:09:42,2026-04-04,0,Android,1.3.0,SES73047,首页,18.4
E4003091,U43365,page_view,2026-04-04 15:41:12,2026-04-04,15,Android,1.2.0,SES34415,首页,19.9
E4003092,U9634,click,2026-04-26 23:37:25,2026-04-26,23,iOS,1.0.0,SES53150,搜索,59.7
E4003093,U18624,app_open,2026-04-18 21:59:54,2026-04-18,21,Android,1.0.0,SES61784,详情,17.5
E4003094,U31656,page_view,2026-04-03 04:28:35,2026-04-03,4,Android,1.0.0,SES25324,购物车,18.5
E4003095,U29917,app_open,2026-04-21 23:35:25,2026-04-21,23,iOS,1.1.0,SES60764,搜索,101.1
E4003096,U28461,app_open,2026-04-17 01:11:40,2026-04-17,1,Web,1.3.0,SES22714,首页,24.4
E4003097,U49728,page_view,2026-04-02 06:01:23,2026-04-02,6,iOS,1.2.0,SES59691,购物车,19.5
E4003098,U21001,page_view,2026-04-09 10:02:21,2026-04-09,10,iOS,1.0.0,SES32096,首页,1.7
E4003099,U6694,app_open,2026-04-12 20:20:49,2026-04-12,20,Web,1.1.0,SES58563,购物车,1.1
E4003100,U38851,app_open,2026-04-29 13:05:04,2026-04-29,13,Android,1.0.0,SES42200,我的,16.9
E4003101,U49342,app_open,2026-04-28 12:22:04,2026-04-28,12,iOS,1.2.0,SES58198,搜索,26.5
E4003102,U15286,page_view,2026-04-06 04:25:47,2026-04-06,4,Android,1.2.0,SES38889,我的,24.1
E4003103,U27849,page_view,2026-04-11 13:31:01,2026-04-11,13,iOS,1.3.0,SES20171,首页,50.5
E4003104,U7346,click,2026-04-22 08:30:26,2026-04-22,8,Android,1.2.0,SES14181,详情,9.2
E4003105,U17041,page_view,2026-04-16 15:10:43,2026-04-16,15,Android,1.1.0,SES54350,搜索,59.7
E4003106,U46297,app_open,2026-04-18 12:39:20,2026-04-18,12,iOS,1.2.0,SES29881,搜索,1.1
E4003107,U36263,app_open,2026-04-07 21:46:05,2026-04-07,21,Web,1.0.0,SES24831,首页,18.7
E4003108,U13304,app_open,2026-04-04 12:31:06,2026-04-04,12,iOS,1.0.0,SES23850,首页,14.7
E4003109,U28727,page_view,2026-04-22 10:01:54,2026-04-22,10,iOS,1.0.0,SES48947,设置,24.7
E4003110,U36997,click,2026-04-09 20:31:01,2026-04-09,20,Android,1.2.0,SES59094,设置,0.3
E4003111,U35563,page_view,2026-04-15 23:02:41,2026-04-15,23,Web,1.3.0,SES69518,搜索,29.1
E4003112,U39655,click,2026-04-24 22:06:38,2026-04-24,22,Android,1.2.0,SES77241,购物车,6.3
E4003113,U42751,register,2026-04-27 06:46:51,2026-04-27,6,Android,1.1.0,SES34105,设置,48.2
E4003114,U39411,search,2026-04-08 19:08:32,2026-04-08,19,iOS,1.3.0,SES13401,详情,16.3
E4003115,U6953,page_view,2026-04-12 04:15:16,2026-04-12,4,iOS,1.2.0,SES62408,搜索,7.2
E4003116,U30332,search,2026-04-30 07:03:08,2026-04-30,7,Android,1.1.0,SES89881,搜索,1.0
E4003117,U9987,app_open,2026-04-11 15:39:11,2026-04-11,15,Android,1.2.0,SES27228,首页,34.6
E4003118,U34318,page_view,2026-04-10 23:39:35,2026-04-10,23,Web,1.3.0,SES27751,首页,4.9
E4003119,U25141,logout,2026-04-13 10:37:27,2026-04-13,10,Android,1.1.0,SES21411,购物车,17.1
E4003120,U12788,page_view,2026-04-19 06:13:35,2026-04-19,6,iOS,1.2.0,SES11929,设置,11.2
E4003121,U11934,page_view,2026-04-19 06:36:30,2026-04-19,6,Web,1.3.0,SES85579,搜索,19.7
E4003122,U17808,app_open,2026-04-03 17:31:31,2026-04-03,17,iOS,1.2.0,SES54846,首页,10.3
E4003123,U23707,app_open,2026-04-28 19:17:39,2026-04-28,19,Web,1.3.0,SES28869,详情,28.0
E4003124,U10338,app_open,2026-04-09 05:29:31,2026-04-09,5,iOS,1.0.0,SES13233,购物车,102.6
E4003125,U19559,search,2026-04-24 05:35:09,2026-04-24,5,iOS,1.1.0,SES74772,搜索,22.2
E4003126,U26550,app_open,2026-04-10 16:41:41,2026-04-10,16,Web,1.1.0,SES50991,我的,18.7
E4003127,U12075,search,2026-04-23 07:56:37,2026-04-23,7,Web,1.3.0,SES74746,首页,54.9
E4003128,U22699,purchase,2026-04-11 14:24:21,2026-04-11,14,iOS,1.1.0,SES49368,我的,6.4
E4003129,U45034,app_open,2026-04-25 01:47:50,2026-04-25,1,iOS,1.0.0,SES77759,设置,18.3
E4003130,U15788,app_open,2026-04-17 10:52:40,2026-04-17,10,iOS,1.2.0,SES58879,详情,13.6
E4003131,U11117,page_view,2026-04-02 10:45:42,2026-04-02,10,Android,1.0.0,SES94828,我的,1.2
E4003132,U21422,page_view,2026-04-13 14:13:06,2026-04-13,14,iOS,1.0.0,SES42246,设置,19.6
E4003133,U12328,app_open,2026-04-21 03:42:52,2026-04-21,3,Web,1.3.0,SES73544,设置,15.8
E4003134,U31219,logout,2026-04-07 13:45:22,2026-04-07,13,Android,1.0.0,SES25195,首页,23.5
E4003135,U39409,click,2026-04-14 14:25:42,2026-04-14,14,Web,1.2.0,SES51115,搜索,40.0
E4003136,U26844,search,2026-04-25 22:18:35,2026-04-25,22,Android,1.3.0,SES43684,首页,52.7
E4003137,U6551,page_view,2026-04-04 03:43:32,2026-04-04,3,Web,1.2.0,SES35626,搜索,35.7
E4003138,U21948,app_open,2026-04-28 04:24:44,2026-04-28,4,Android,1.1.0,SES13323,搜索,25.7
E4003139,U12447,app_open,2026-04-16 07:44:50,2026-04-16,7,iOS,1.0.0,SES17818,设置,38.2
E4003140,U19021,page_view,2026-04-14 02:04:43,2026-04-14,2,Web,1.3.0,SES46901,首页,6.9
E4003141,U4864,logout,2026-04-01 20:28:05,2026-04-01,20,Web,1.3.0,SES38179,搜索,2.0
E4003142,U26829,page_view,2026-04-27 21:57:16,2026-04-27,21,Android,1.0.0,SES39290,详情,67.0
E4003143,U38785,page_view,2026-04-18 05:29:25,2026-04-18,5,Web,1.0.0,SES78142,首页,21.7
E4003144,U23203,search,2026-04-12 08:27:12,2026-04-12,8,Android,1.3.0,SES37477,设置,24.4
E4003145,U46429,page_view,2026-04-28 17:38:08,2026-04-28,17,iOS,1.1.0,SES95342,购物车,23.6
E4003146,U34028,app_open,2026-04-10 21:50:59,2026-04-10,21,Web,1.1.0,SES59678,设置,31.2
E4003147,U1921,purchase,2026-04-23 06:52:56,2026-04-23,6,Android,1.2.0,SES24564,设置,7.5
E4003148,U44347,search,2026-04-29 22:20:50,2026-04-29,22,iOS,1.0.0,SES73325,设置,163.9
E4003149,U12971,app_open,2026-04-12 05:35:59,2026-04-12,5,Web,1.3.0,SES49420,购物车,8.4
E4003150,U42720,app_open,2026-04-22 19:12:05,2026-04-22,19,Android,1.0.0,SES56611,设置,9.9
E4003151,U34077,page_view,2026-04-27 11:14:41,2026-04-27,11,iOS,1.1.0,SES33165,设置,11.8
E4003152,U42063,page_view,2026-04-11 02:23:30,2026-04-11,2,Android,1.3.0,SES79293,搜索,37.8
E4003153,U16843,purchase,2026-04-30 09:59:30,2026-04-30,9,iOS,1.3.0,SES98486,详情,10.1
E4003154,U14990,app_open,2026-04-05 11:38:37,2026-04-05,11,Web,1.3.0,SES59150,详情,41.8
E4003155,U29026,app_open,2026-04-24 04:11:48,2026-04-24,4,iOS,1.3.0,SES18078,详情,3.6
E4003156,U5810,purchase,2026-04-23 21:22:50,2026-04-23,21,Android,1.1.0,SES97001,首页,44.0
E4003157,U2866,app_open,2026-04-04 03:06:16,2026-04-04,3,iOS,1.2.0,SES32137,购物车,85.8
E4003158,U16909,click,2026-04-27 00:25:42,2026-04-27,0,Web,1.2.0,SES18016,购物车,15.9
E4003159,U46924,share,2026-04-22 18:53:54,2026-04-22,18,Web,1.2.0,SES91750,购物车,14.2
E4003160,U37763,click,2026-04-12 12:25:15,2026-04-12,12,Android,1.2.0,SES37773,详情,6.1
E4003161,U47123,search,2026-04-08 04:18:59,2026-04-08,4,Android,1.3.0,SES97913,首页,21.9
E4003162,U45519,click,2026-04-28 04:28:04,2026-04-28,4,iOS,1.0.0,SES13138,首页,2.5
E4003163,U32341,app_open,2026-04-29 21:05:45,2026-04-29,21,Web,1.0.0,SES30847,设置,39.3
E4003164,U8800,page_view,2026-04-15 21:43:16,2026-04-15,21,Android,1.1.0,SES84927,我的,15.5
E4003165,U48858,page_view,2026-04-27 21:21:17,2026-04-27,21,Android,1.2.0,SES55736,首页,1.4
E4003166,U29904,app_open,2026-04-27 09:58:43,2026-04-27,9,Android,1.3.0,SES88827,详情,36.8
E4003167,U35679,app_open,2026-04-28 16:08:26,2026-04-28,16,Web,1.1.0,SES70976,我的,29.9
E4003168,U8271,click,2026-04-16 08:46:49,2026-04-16,8,iOS,1.1.0,SES60190,我的,7.5
E4003169,U39659,click,2026-04-21 03:13:28,2026-04-21,3,Android,1.1.0,SES98572,首页,39.4
E4003170,U35879,page_view,2026-04-26 20:48:28,2026-04-26,20,Android,1.3.0,SES93234,详情,3.5
E4003171,U30557,app_open,2026-04-09 21:35:15,2026-04-09,21,Web,1.1.0,SES25347,设置,27.3
E4003172,U14972,click,2026-04-24 18:38:04,2026-04-24,18,iOS,1.1.0,SES95329,搜索,5.3
E4003173,U9950,page_view,2026-04-02 15:57:32,2026-04-02,15,iOS,1.3.0,SES93385,购物车,16.6
E4003174,U6651,page_view,2026-04-11 03:36:06,2026-04-11,3,iOS,1.0.0,SES32457,首页,26.8
E4003175,U43254,page_view,2026-04-24 06:14:30,2026-04-24,6,Web,1.1.0,SES11381,搜索,20.6
E4003176,U14708,click,2026-04-23 06:11:26,2026-04-23,6,iOS,1.3.0,SES64397,详情,12.3
E4003177,U20948,page_view,2026-04-05 12:00:45,2026-04-05,12,Web,1.2.0,SES17804,详情,65.6
E4003178,U30107,page_view,2026-04-23 03:53:25,2026-04-23,3,iOS,1.2.0,SES59151,我的,8.2
E4003179,U32017,click,2026-04-23 10:35:49,2026-04-23,10,Android,1.1.0,SES85449,设置,1.3
E4003180,U21730,page_view,2026-04-05 20:14:59,2026-04-05,20,Web,1.3.0,SES79386,首页,1.5
E4003181,U15761,logout,2026-04-10 09:35:13,2026-04-10,9,Web,1.2.0,SES91203,购物车,35.3
E4003182,U43314,logout,2026-04-01 10:07:21,2026-04-01,10,iOS,1.2.0,SES57813,首页,23.0
E4003183,U11061,page_view,2026-04-21 22:01:05,2026-04-21,22,iOS,1.3.0,SES57791,设置,62.3
E4003184,U36469,click,2026-04-09 23:54:54,2026-04-09,23,Web,1.2.0,SES92384,购物车,1.8
E4003185,U20335,click,2026-04-14 16:45:50,2026-04-14,16,Web,1.1.0,SES52178,我的,60.6
E4003186,U31863,click,2026-04-20 19:34:18,2026-04-20,19,Web,1.3.0,SES85382,搜索,23.5
E4003187,U25514,page_view,2026-04-23 10:17:37,2026-04-23,10,iOS,1.1.0,SES14471,设置,68.0
E4003188,U3992,click,2026-04-11 16:27:14,2026-04-11,16,Web,1.1.0,SES47198,搜索,1.1
E4003189,U31602,app_open,2026-04-29 20:26:00,2026-04-29,20,Web,1.1.0,SES13154,购物车,6.2
E4003190,U6024,page_view,2026-04-08 15:33:58,2026-04-08,15,iOS,1.3.0,SES74059,我的,2.4
E4003191,U19900,search,2026-04-02 11:33:16,2026-04-02,11,iOS,1.1.0,SES56251,详情,30.1
E4003192,U9880,page_view,2026-04-18 22:25:04,2026-04-18,22,Web,1.2.0,SES70403,设置,49.0
E4003193,U7848,app_open,2026-04-08 09:38:52,2026-04-08,9,iOS,1.2.0,SES21693,我的,71.9
E4003194,U38907,click,2026-04-08 23:23:06,2026-04-08,23,iOS,1.3.0,SES96647,详情,9.3
E4003195,U47615,search,2026-04-12 02:34:52,2026-04-12,2,Web,1.0.0,SES10101,设置,16.9
E4003196,U26847,click,2026-04-04 14:24:12,2026-04-04,14,iOS,1.2.0,SES48172,首页,23.4
E4003197,U13071,purchase,2026-04-21 16:32:38,2026-04-21,16,iOS,1.1.0,SES36731,搜索,41.6
E4003198,U19915,app_open,2026-04-13 23:32:17,2026-04-13,23,Android,1.1.0,SES53107,我的,2.9
E4003199,U29990,page_view,2026-04-18 23:13:57,2026-04-18,23,Web,1.3.0,SES45349,我的,6.3
E4003200,U10863,page_view,2026-04-28 00:39:29,2026-04-28,0,Web,1.2.0,SES47006,购物车,65.8
E4003201,U28243,register,2026-04-13 16:55:15,2026-04-13,16,iOS,1.3.0,SES22163,搜索,28.7
E4003202,U15241,purchase,2026-04-08 21:25:19,2026-04-08,21,Web,1.2.0,SES31436,设置,20.1
E4003203,U11649,app_open,2026-04-28 16:55:03,2026-04-28,16,Android,1.0.0,SES77075,首页,13.2
E4003204,U42289,page_view,2026-04-02 07:10:16,2026-04-02,7,Android,1.1.0,SES26572,购物车,34.2
E4003205,U13417,purchase,2026-04-02 02:48:03,2026-04-02,2,iOS,1.1.0,SES41506,详情,34.5
E4003206,U28504,page_view,2026-04-01 20:40:46,2026-04-01,20,iOS,1.3.0,SES33027,详情,26.2
E4003207,U28692,search,2026-04-23 04:41:22,2026-04-23,4,Android,1.1.0,SES90271,购物车,3.8
E4003208,U44336,page_view,2026-04-14 04:31:54,2026-04-14,4,iOS,1.0.0,SES29886,购物车,151.1
E4003209,U23865,search,2026-04-28 03:32:32,2026-04-28,3,iOS,1.1.0,SES26189,首页,5.1
E4003210,U23015,app_open,2026-04-21 07:53:56,2026-04-21,7,Android,1.0.0,SES51487,搜索,4.4
E4003211,U13826,click,2026-04-29 21:17:30,2026-04-29,21,iOS,1.2.0,SES21669,详情,3.3
E4003212,U23116,page_view,2026-04-11 17:09:04,2026-04-11,17,Android,1.2.0,SES35773,首页,30.6
E4003213,U12511,click,2026-04-15 17:25:43,2026-04-15,17,Web,1.0.0,SES12542,首页,15.5
E4003214,U36229,app_open,2026-04-04 15:03:09,2026-04-04,15,iOS,1.1.0,SES90242,设置,0.4
E4003215,U18179,app_open,2026-04-15 03:55:27,2026-04-15,3,Web,1.3.0,SES79146,我的,72.9
E4003216,U23980,app_open,2026-04-18 09:07:24,2026-04-18,9,Android,1.1.0,SES79325,设置,42.7
E4003217,U4078,app_open,2026-04-13 05:50:10,2026-04-13,5,Web,1.2.0,SES30231,详情,157.2
E4003218,U27540,click,2026-04-09 07:59:55,2026-04-09,7,Android,1.3.0,SES46654,设置,2.9
E4003219,U34206,page_view,2026-04-07 19:11:56,2026-04-07,19,Android,1.1.0,SES32303,我的,19.4
E4003220,U30625,click,2026-04-04 15:08:34,2026-04-04,15,iOS,1.2.0,SES25106,我的,9.9
E4003221,U17233,share,2026-04-14 02:44:10,2026-04-14,2,Web,1.1.0,SES52334,购物车,12.4
E4003222,U49947,app_open,2026-04-14 23:39:14,2026-04-14,23,iOS,1.1.0,SES17621,购物车,21.5
E4003223,U10731,share,2026-04-11 03:54:47,2026-04-11,3,Web,1.3.0,SES89096,搜索,67.2
E4003224,U30706,purchase,2026-04-08 07:30:32,2026-04-08,7,Android,1.2.0,SES41554,购物车,18.7
E4003225,U26811,page_view,2026-04-23 22:57:38,2026-04-23,22,Web,1.0.0,SES23164,购物车,42.8
E4003226,U14854,app_open,2026-04-23 12:22:47,2026-04-23,12,Android,1.0.0,SES47286,详情,8.9
E4003227,U22529,app_open,2026-04-20 14:57:13,2026-04-20,14,Android,1.3.0,SES24556,购物车,1.2
E4003228,U25063,page_view,2026-04-21 12:50:24,2026-04-21,12,iOS,1.2.0,SES38991,详情,41.1
E4003229,U25097,page_view,2026-04-23 15:40:04,2026-04-23,15,iOS,1.1.0,SES69719,购物车,13.7
E4003230,U17532,purchase,2026-04-17 18:17:59,2026-04-17,18,Web,1.1.0,SES23373,我的,1.7
E4003231,U45307,page_view,2026-04-11 11:52:02,2026-04-11,11,iOS,1.1.0,SES50858,购物车,42.0
E4003232,U39464,page_view,2026-04-06 22:27:56,2026-04-06,22,Android,1.0.0,SES91805,购物车,5.7
E4003233,U14003,app_open,2026-04-26 06:36:35,2026-04-26,6,iOS,1.1.0,SES46224,设置,18.0
E4003234,U9743,click,2026-04-08 19:13:30,2026-04-08,19,iOS,1.2.0,SES85934,详情,85.6
E4003235,U12880,click,2026-04-27 19:23:05,2026-04-27,19,Android,1.3.0,SES87374,我的,9.9
E4003236,U35163,purchase,2026-04-29 10:53:25,2026-04-29,10,iOS,1.0.0,SES60535,我的,11.7
E4003237,U19707,click,2026-04-05 11:45:19,2026-04-05,11,Android,1.2.0,SES69737,购物车,119.5
E4003238,U27970,page_view,2026-04-10 01:45:59,2026-04-10,1,iOS,1.1.0,SES84384,详情,10.9
E4003239,U9443,search,2026-04-19 13:49:16,2026-04-19,13,iOS,1.2.0,SES76336,购物车,8.2
E4003240,U45939,page_view,2026-04-03 17:50:40,2026-04-03,17,iOS,1.1.0,SES34909,我的,18.3
E4003241,U14364,click,2026-04-30 13:26:57,2026-04-30,13,iOS,1.0.0,SES95329,首页,112.9
E4003242,U16751,app_open,2026-04-20 19:27:49,2026-04-20,19,Android,1.0.0,SES80937,搜索,16.4
E4003243,U29480,page_view,2026-04-25 16:17:35,2026-04-25,16,iOS,1.0.0,SES40079,详情,71.9
E4003244,U22239,app_open,2026-04-20 08:45:11,2026-04-20,8,Web,1.0.0,SES54233,我的,1.7
E4003245,U4686,share,2026-04-17 03:27:12,2026-04-17,3,Android,1.1.0,SES51425,首页,5.4
E4003246,U14477,click,2026-04-09 21:23:53,2026-04-09,21,Web,1.1.0,SES73435,搜索,8.4
E4003247,U7176,click,2026-04-30 11:04:39,2026-04-30,11,Web,1.3.0,SES66734,购物车,41.5
E4003248,U30201,page_view,2026-04-06 22:05:09,2026-04-06,22,iOS,1.3.0,SES24148,搜索,97.8
E4003249,U49664,page_view,2026-04-18 17:52:25,2026-04-18,17,iOS,1.3.0,SES81451,搜索,1.2
E4003250,U31061,search,2026-04-04 22:11:21,2026-04-04,22,Web,1.2.0,SES22771,设置,59.4
E4003251,U37933,app_open,2026-04-10 06:54:34,2026-04-10,6,Web,1.2.0,SES78924,详情,11.4
E4003252,U47470,click,2026-04-30 02:00:12,2026-04-30,2,iOS,1.2.0,SES22531,设置,121.6
E4003253,U15713,page_view,2026-04-08 01:07:09,2026-04-08,1,Android,1.1.0,SES48880,设置,33.9
E4003254,U3725,app_open,2026-04-05 15:37:42,2026-04-05,15,iOS,1.0.0,SES59568,首页,4.2
E4003255,U16892,click,2026-04-19 16:48:38,2026-04-19,16,Android,1.1.0,SES77594,首页,47.7
E4003256,U8302,page_view,2026-04-17 19:34:58,2026-04-17,19,Android,1.3.0,SES23498,设置,54.5
E4003257,U37579,page_view,2026-04-11 04:36:40,2026-04-11,4,Web,1.1.0,SES59745,首页,26.1
E4003258,U45074,search,2026-04-22 18:38:19,2026-04-22,18,iOS,1.2.0,SES83881,我的,0.9
E4003259,U1430,purchase,2026-04-17 17:33:23,2026-04-17,17,Web,1.0.0,SES14295,设置,116.2
E4003260,U25773,page_view,2026-04-30 16:19:07,2026-04-30,16,Web,1.3.0,SES53916,我的,10.2
E4003261,U37467,page_view,2026-04-01 15:22:38,2026-04-01,15,iOS,1.1.0,SES17893,详情,103.2
E4003262,U29290,app_open,2026-04-09 02:33:56,2026-04-09,2,iOS,1.1.0,SES97836,我的,68.9
E4003263,U47648,logout,2026-04-23 02:23:59,2026-04-23,2,Web,1.0.0,SES96849,购物车,21.8
E4003264,U1331,click,2026-04-14 22:21:38,2026-04-14,22,Android,1.2.0,SES83423,搜索,51.3
E4003265,U11589,share,2026-04-01 09:36:36,2026-04-01,9,Android,1.3.0,SES90905,搜索,21.9
E4003266,U28224,app_open,2026-04-25 17:55:47,2026-04-25,17,Android,1.2.0,SES33688,详情,3.6
E4003267,U8265,page_view,2026-04-26 13:16:15,2026-04-26,13,Android,1.2.0,SES77839,设置,35.8
E4003268,U12073,page_view,2026-04-15 11:39:59,2026-04-15,11,iOS,1.0.0,SES51398,我的,17.3
E4003269,U18375,logout,2026-04-02 15:51:18,2026-04-02,15,Web,1.0.0,SES82470,详情,11.3
E4003270,U36029,logout,2026-04-26 23:10:04,2026-04-26,23,Web,1.3.0,SES20364,首页,18.9
E4003271,U24041,app_open,2026-04-25 11:07:56,2026-04-25,11,Web,1.3.0,SES64949,搜索,3.1
E4003272,U43012,page_view,2026-04-05 15:18:06,2026-04-05,15,Android,1.0.0,SES95295,详情,1.8
E4003273,U41663,app_open,2026-04-24 04:41:33,2026-04-24,4,Web,1.3.0,SES93914,详情,54.3
E4003274,U42563,logout,2026-04-16 12:58:10,2026-04-16,12,Web,1.2.0,SES17434,设置,7.4
E4003275,U43258,app_open,2026-04-09 22:36:30,2026-04-09,22,Android,1.1.0,SES78732,购物车,55.0
E4003276,U16981,page_view,2026-04-11 21:40:21,2026-04-11,21,Android,1.0.0,SES61229,详情,8.0
E4003277,U36521,click,2026-04-03 15:42:10,2026-04-03,15,Web,1.3.0,SES65444,首页,20.7
E4003278,U13585,app_open,2026-04-18 12:43:12,2026-04-18,12,Android,1.3.0,SES97237,详情,30.7
E4003279,U45179,page_view,2026-04-01 10:27:16,2026-04-01,10,Android,1.0.0,SES68592,设置,28.2
E4003280,U39336,app_open,2026-04-01 03:28:26,2026-04-01,3,Web,1.3.0,SES44129,我的,9.2
E4003281,U26369,search,2026-04-25 06:47:52,2026-04-25,6,iOS,1.2.0,SES97910,购物车,53.1
E4003282,U6645,app_open,2026-04-03 01:01:06,2026-04-03,1,Web,1.1.0,SES41029,我的,21.2
E4003283,U17500,purchase,2026-04-04 15:29:43,2026-04-04,15,iOS,1.0.0,SES27452,我的,7.4
E4003284,U12562,page_view,2026-04-12 06:22:01,2026-04-12,6,Android,1.1.0,SES85029,我的,53.5
E4003285,U2505,click,2026-04-08 17:26:03,2026-04-08,17,iOS,1.0.0,SES63360,购物车,71.6
E4003286,U37963,click,2026-04-17 10:02:33,2026-04-17,10,Web,1.0.0,SES86336,搜索,19.7
E4003287,U26840,app_open,2026-04-07 16:18:31,2026-04-07,16,Android,1.1.0,SES86917,设置,24.0
E4003288,U23729,purchase,2026-04-27 09:34:12,2026-04-27,9,Web,1.1.0,SES34239,首页,21.7
E4003289,U45280,page_view,2026-04-07 07:07:53,2026-04-07,7,Web,1.1.0,SES38941,搜索,10.9
E4003290,U22461,page_view,2026-04-11 16:20:12,2026-04-11,16,Web,1.1.0,SES91913,搜索,20.6
E4003291,U30428,click,2026-04-30 07:22:15,2026-04-30,7,iOS,1.0.0,SES78545,购物车,13.9
E4003292,U45527,click,2026-04-15 18:23:14,2026-04-15,18,Android,1.2.0,SES93434,购物车,36.8
E4003293,U2191,app_open,2026-04-02 01:00:55,2026-04-02,1,Android,1.0.0,SES90337,我的,23.7
E4003294,U10464,page_view,2026-04-22 00:00:25,2026-04-22,0,iOS,1.2.0,SES24437,详情,98.7
E4003295,U41724,click,2026-04-14 08:47:41,2026-04-14,8,iOS,1.1.0,SES12107,搜索,15.1
E4003296,U28692,page_view,2026-04-18 10:02:08,2026-04-18,10,iOS,1.0.0,SES51360,详情,6.9
E4003297,U36979,app_open,2026-04-07 18:44:41,2026-04-07,18,Web,1.1.0,SES24022,详情,5.8
E4003298,U33083,app_open,2026-04-25 11:23:39,2026-04-25,11,iOS,1.3.0,SES75388,详情,30.2
E4003299,U6549,click,2026-04-04 10:28:07,2026-04-04,10,iOS,1.2.0,SES27328,购物车,27.4
E4003300,U23618,click,2026-04-02 00:41:19,2026-04-02,0,Web,1.2.0,SES89967,详情,16.7
E4003301,U27896,click,2026-04-16 06:09:26,2026-04-16,6,Android,1.0.0,SES96323,我的,9.9
E4003302,U31252,share,2026-04-17 05:08:42,2026-04-17,5,Android,1.3.0,SES76693,详情,5.0
E4003303,U23707,app_open,2026-04-18 00:05:28,2026-04-18,0,iOS,1.0.0,SES87415,我的,48.1
E4003304,U37866,app_open,2026-04-25 15:51:11,2026-04-25,15,iOS,1.0.0,SES77718,搜索,56.1
E4003305,U31833,app_open,2026-04-17 01:35:33,2026-04-17,1,Android,1.3.0,SES58441,搜索,5.2
E4003306,U44148,app_open,2026-04-29 08:16:46,2026-04-29,8,Android,1.2.0,SES69207,设置,5.1
E4003307,U36236,page_view,2026-04-02 20:30:11,2026-04-02,20,iOS,1.0.0,SES39972,我的,48.0
E4003308,U9618,purchase,2026-04-23 04:41:47,2026-04-23,4,Web,1.0.0,SES61083,首页,9.9
E4003309,U9646,click,2026-04-12 04:46:40,2026-04-12,4,Web,1.3.0,SES46830,设置,3.9
E4003310,U49993,app_open,2026-04-09 23:25:59,2026-04-09,23,iOS,1.3.0,SES36717,详情,9.8
E4003311,U37128,search,2026-04-07 02:47:06,2026-04-07,2,Web,1.3.0,SES57083,首页,13.9
E4003312,U42406,click,2026-04-29 09:42:02,2026-04-29,9,iOS,1.3.0,SES63729,首页,16.1
E4003313,U26578,click,2026-04-21 17:41:39,2026-04-21,17,Android,1.2.0,SES78893,首页,11.1
E4003314,U46274,click,2026-04-10 16:30:49,2026-04-10,16,Web,1.3.0,SES11561,设置,10.0
E4003315,U45822,app_open,2026-04-30 17:33:41,2026-04-30,17,Android,1.2.0,SES95819,详情,8.3
E4003316,U14091,share,2026-04-11 06:38:58,2026-04-11,6,Web,1.1.0,SES17371,搜索,7.9
E4003317,U43126,app_open,2026-04-23 22:14:12,2026-04-23,22,iOS,1.0.0,SES23276,搜索,7.4
E4003318,U31150,page_view,2026-04-01 04:28:46,2026-04-01,4,Web,1.0.0,SES44900,详情,12.1
E4003319,U47651,page_view,2026-04-12 17:44:27,2026-04-12,17,iOS,1.1.0,SES75098,首页,35.2
E4003320,U36460,click,2026-04-11 17:10:49,2026-04-11,17,iOS,1.1.0,SES95179,购物车,10.3
E4003321,U9944,register,2026-04-21 01:30:22,2026-04-21,1,Web,1.0.0,SES38277,详情,46.7
E4003322,U20081,app_open,2026-04-27 22:16:09,2026-04-27,22,iOS,1.2.0,SES23401,详情,17.9
E4003323,U8138,click,2026-04-09 12:57:16,2026-04-09,12,Android,1.2.0,SES47707,购物车,32.4
E4003324,U40500,purchase,2026-04-06 04:08:27,2026-04-06,4,Android,1.0.0,SES73156,我的,14.8
E4003325,U45735,page_view,2026-04-22 03:23:01,2026-04-22,3,Android,1.3.0,SES65196,详情,16.7
E4003326,U4733,app_open,2026-04-30 09:13:20,2026-04-30,9,Web,1.0.0,SES93874,搜索,94.1
E4003327,U22898,app_open,2026-04-15 05:28:58,2026-04-15,5,Web,1.2.0,SES48415,详情,53.9
E4003328,U9524,search,2026-04-25 22:54:39,2026-04-25,22,iOS,1.1.0,SES19042,我的,19.5
E4003329,U14515,page_view,2026-04-18 22:19:18,2026-04-18,22,iOS,1.2.0,SES32224,首页,26.8
E4003330,U24999,page_view,2026-04-20 09:44:13,2026-04-20,9,Android,1.2.0,SES34042,详情,50.9
E4003331,U33782,logout,2026-04-14 03:07:06,2026-04-14,3,Web,1.1.0,SES94697,购物车,78.5
E4003332,U11164,app_open,2026-04-07 15:36:38,2026-04-07,15,iOS,1.0.0,SES54345,设置,10.3
E4003333,U43080,page_view,2026-04-03 01:46:22,2026-04-03,1,Web,1.2.0,SES75633,搜索,20.5
E4003334,U22385,click,2026-04-02 12:02:24,2026-04-02,12,Android,1.2.0,SES88097,首页,41.4
E4003335,U7281,click,2026-04-10 15:42:21,2026-04-10,15,Android,1.2.0,SES91883,购物车,8.1
E4003336,U29377,page_view,2026-04-16 18:40:18,2026-04-16,18,Android,1.0.0,SES31045,详情,6.4
E4003337,U7286,register,2026-04-26 09:39:04,2026-04-26,9,Web,1.2.0,SES55821,首页,60.4
E4003338,U6539,page_view,2026-04-20 03:40:41,2026-04-20,3,iOS,1.2.0,SES77760,首页,33.3
E4003339,U43339,click,2026-04-17 19:36:16,2026-04-17,19,iOS,1.0.0,SES39157,我的,31.3
E4003340,U40967,page_view,2026-04-06 20:18:16,2026-04-06,20,Android,1.2.0,SES23462,首页,19.5
E4003341,U19129,page_view,2026-04-11 17:40:39,2026-04-11,17,iOS,1.0.0,SES17415,我的,31.9
E4003342,U23053,page_view,2026-04-27 21:19:24,2026-04-27,21,Android,1.1.0,SES29551,搜索,39.9
E4003343,U11149,register,2026-04-14 17:52:23,2026-04-14,17,iOS,1.0.0,SES21083,我的,53.2
E4003344,U32942,click,2026-04-11 19:55:53,2026-04-11,19,Android,1.2.0,SES58154,购物车,110.0
E4003345,U40432,page_view,2026-04-07 07:13:22,2026-04-07,7,Android,1.2.0,SES47369,详情,18.2
E4003346,U41134,page_view,2026-04-21 08:25:32,2026-04-21,8,iOS,1.1.0,SES82498,搜索,23.9
E4003347,U49088,logout,2026-04-21 15:31:21,2026-04-21,15,iOS,1.3.0,SES41470,搜索,38.5
E4003348,U23331,app_open,2026-04-03 01:38:08,2026-04-03,1,Web,1.3.0,SES35050,搜索,46.6
E4003349,U3545,page_view,2026-04-14 14:08:04,2026-04-14,14,iOS,1.1.0,SES72396,首页,10.0
E4003350,U9537,page_view,2026-04-24 19:47:02,2026-04-24,19,Web,1.2.0,SES56559,搜索,4.9
E4003351,U42599,click,2026-04-01 02:09:20,2026-04-01,2,Web,1.1.0,SES21968,设置,24.5
E4003352,U10159,page_view,2026-04-09 00:23:54,2026-04-09,0,Web,1.1.0,SES21544,详情,26.4
E4003353,U21253,page_view,2026-04-11 22:31:41,2026-04-11,22,Web,1.2.0,SES56423,首页,7.2
E4003354,U1722,register,2026-04-12 11:21:13,2026-04-12,11,Android,1.0.0,SES61381,我的,1.7
E4003355,U40869,click,2026-04-29 06:18:36,2026-04-29,6,Web,1.2.0,SES32170,设置,3.5
E4003356,U10170,page_view,2026-04-09 02:09:22,2026-04-09,2,Web,1.0.0,SES12210,详情,9.0
E4003357,U10142,click,2026-04-08 20:47:57,2026-04-08,20,Web,1.0.0,SES82253,我的,12.9
E4003358,U14769,page_view,2026-04-23 17:26:25,2026-04-23,17,Android,1.0.0,SES68490,我的,22.9
E4003359,U30397,app_open,2026-04-23 01:45:54,2026-04-23,1,Android,1.1.0,SES44571,首页,90.2
E4003360,U32404,page_view,2026-04-23 09:44:03,2026-04-23,9,Web,1.1.0,SES60294,搜索,2.5
E4003361,U23678,logout,2026-04-21 06:32:37,2026-04-21,6,Web,1.1.0,SES33231,我的,21.4
E4003362,U16020,app_open,2026-04-16 01:05:07,2026-04-16,1,iOS,1.0.0,SES97513,搜索,31.1
E4003363,U35858,click,2026-04-20 03:04:21,2026-04-20,3,iOS,1.0.0,SES14882,首页,3.9
E4003364,U3178,page_view,2026-04-24 15:24:48,2026-04-24,15,iOS,1.1.0,SES91292,我的,20.4
E4003365,U9858,app_open,2026-04-21 23:23:22,2026-04-21,23,Web,1.3.0,SES79176,搜索,20.0
E4003366,U15590,page_view,2026-04-18 07:06:13,2026-04-18,7,Web,1.0.0,SES23033,我的,64.2
E4003367,U47856,app_open,2026-04-13 07:47:27,2026-04-13,7,iOS,1.0.0,SES70593,详情,4.0
E4003368,U15009,click,2026-04-06 00:43:57,2026-04-06,0,Android,1.3.0,SES98883,设置,3.4
E4003369,U30310,click,2026-04-22 03:29:39,2026-04-22,3,iOS,1.0.0,SES31479,首页,34.7
E4003370,U16344,app_open,2026-04-01 19:11:42,2026-04-01,19,iOS,1.3.0,SES32184,详情,9.1
E4003371,U30798,app_open,2026-04-19 05:42:16,2026-04-19,5,iOS,1.1.0,SES99393,详情,5.2
E4003372,U11219,page_view,2026-04-21 14:51:29,2026-04-21,14,Web,1.3.0,SES19404,设置,13.9
E4003373,U30270,page_view,2026-04-16 20:12:10,2026-04-16,20,Android,1.0.0,SES58724,购物车,115.0
E4003374,U30779,search,2026-04-03 09:39:51,2026-04-03,9,Web,1.1.0,SES77655,详情,9.3
E4003375,U18625,logout,2026-04-21 11:50:46,2026-04-21,11,Web,1.1.0,SES71701,我的,11.1
E4003376,U27335,click,2026-04-26 02:47:14,2026-04-26,2,Android,1.1.0,SES80399,我的,0.4
E4003377,U43331,app_open,2026-04-29 11:28:05,2026-04-29,11,Android,1.3.0,SES25881,搜索,81.7
E4003378,U7752,page_view,2026-04-02 23:26:06,2026-04-02,23,iOS,1.1.0,SES36333,搜索,32.1
E4003379,U1029,page_view,2026-04-21 17:07:56,2026-04-21,17,iOS,1.0.0,SES79013,详情,0.1
E4003380,U13518,page_view,2026-04-13 04:04:48,2026-04-13,4,Web,1.3.0,SES44493,购物车,66.3
E4003381,U47700,click,2026-04-21 22:03:52,2026-04-21,22,iOS,1.2.0,SES64348,详情,73.3
E4003382,U2929,click,2026-04-22 03:57:33,2026-04-22,3,Web,1.3.0,SES76159,设置,11.9
E4003383,U36080,page_view,2026-04-21 22:30:37,2026-04-21,22,Android,1.2.0,SES96203,首页,112.7
E4003384,U12474,logout,2026-04-29 16:53:04,2026-04-29,16,Android,1.3.0,SES62288,设置,48.9
E4003385,U8178,page_view,2026-04-16 04:27:54,2026-04-16,4,Web,1.0.0,SES86186,首页,3.6
E4003386,U25998,click,2026-04-13 15:29:31,2026-04-13,15,Android,1.2.0,SES69807,详情,15.0
E4003387,U5220,page_view,2026-04-11 04:40:39,2026-04-11,4,Android,1.2.0,SES39485,设置,5.8
E4003388,U3075,register,2026-04-07 18:24:42,2026-04-07,18,Android,1.2.0,SES94447,我的,9.9
E4003389,U42566,search,2026-04-08 15:37:06,2026-04-08,15,Web,1.3.0,SES77156,设置,51.8
E4003390,U36525,page_view,2026-04-21 11:24:08,2026-04-21,11,iOS,1.0.0,SES58201,我的,34.5
E4003391,U20380,page_view,2026-04-03 19:38:27,2026-04-03,19,iOS,1.0.0,SES28723,设置,14.1
E4003392,U40276,click,2026-04-09 23:34:15,2026-04-09,23,Web,1.0.0,SES12241,设置,20.9
E4003393,U41937,app_open,2026-04-07 19:12:32,2026-04-07,19,Web,1.1.0,SES57788,购物车,10.4
E4003394,U46215,search,2026-04-13 13:25:58,2026-04-13,13,Android,1.1.0,SES79925,搜索,22.9
E4003395,U40008,page_view,2026-04-07 08:41:37,2026-04-07,8,Web,1.0.0,SES19707,搜索,41.9
E4003396,U21522,search,2026-04-20 08:29:41,2026-04-20,8,Web,1.1.0,SES14953,购物车,18.2
E4003397,U22065,page_view,2026-04-18 11:34:13,2026-04-18,11,Web,1.0.0,SES59248,详情,52.7
E4003398,U40711,click,2026-04-15 07:59:22,2026-04-15,7,Web,1.1.0,SES28778,我的,11.2
E4003399,U15405,page_view,2026-04-17 03:43:15,2026-04-17,3,Android,1.2.0,SES91470,我的,63.9
E4003400,U35851,page_view,2026-04-15 06:52:01,2026-04-15,6,Android,1.1.0,SES32209,设置,30.7
E4003401,U45388,logout,2026-04-10 22:36:21,2026-04-10,22,iOS,1.2.0,SES59308,我的,21.3
E4003402,U43502,logout,2026-04-19 22:20:14,2026-04-19,22,Android,1.2.0,SES21734,我的,16.6
E4003403,U25780,click,2026-04-06 11:36:23,2026-04-06,11,Web,1.2.0,SES58487,我的,21.7
E4003404,U8177,app_open,2026-04-06 22:09:56,2026-04-06,22,iOS,1.0.0,SES45781,搜索,24.9
E4003405,U11339,page_view,2026-04-04 04:35:05,2026-04-04,4,Web,1.0.0,SES88049,设置,65.5
E4003406,U24693,click,2026-04-12 01:18:22,2026-04-12,1,iOS,1.3.0,SES46947,首页,18.5
E4003407,U44707,click,2026-04-18 21:34:45,2026-04-18,21,Web,1.3.0,SES63236,首页,9.5
E4003408,U20433,click,2026-04-06 22:20:54,2026-04-06,22,iOS,1.0.0,SES24063,我的,0.6
E4003409,U35019,purchase,2026-04-09 22:39:25,2026-04-09,22,Web,1.2.0,SES56287,详情,16.0
E4003410,U5110,click,2026-04-08 17:59:44,2026-04-08,17,Android,1.0.0,SES57983,我的,31.1
E4003411,U30221,purchase,2026-04-21 21:17:46,2026-04-21,21,Web,1.3.0,SES99504,设置,19.4
E4003412,U15815,search,2026-04-05 13:24:01,2026-04-05,13,iOS,1.2.0,SES34391,购物车,50.4
E4003413,U38324,page_view,2026-04-09 13:54:15,2026-04-09,13,Android,1.1.0,SES69492,我的,125.4
E4003414,U45464,search,2026-04-12 17:34:16,2026-04-12,17,Web,1.1.0,SES96605,搜索,28.4
E4003415,U23856,click,2026-04-10 20:55:46,2026-04-10,20,Web,1.1.0,SES21357,我的,0.1
E4003416,U48033,page_view,2026-04-01 06:33:58,2026-04-01,6,Web,1.3.0,SES63747,详情,1.9
E4003417,U37128,app_open,2026-04-08 19:44:28,2026-04-08,19,Android,1.3.0,SES21583,详情,15.4
E4003418,U7889,page_view,2026-04-27 04:14:52,2026-04-27,4,Web,1.3.0,SES84357,首页,18.0
E4003419,U31200,purchase,2026-04-20 17:22:36,2026-04-20,17,Android,1.3.0,SES45295,首页,6.0
E4003420,U22570,logout,2026-04-18 21:24:23,2026-04-18,21,iOS,1.3.0,SES50573,详情,43.8
E4003421,U49947,page_view,2026-04-10 23:50:07,2026-04-10,23,Android,1.0.0,SES10554,我的,47.0
E4003422,U12519,logout,2026-04-07 11:16:13,2026-04-07,11,Web,1.2.0,SES51370,首页,34.8
E4003423,U8058,register,2026-04-11 05:57:44,2026-04-11,5,iOS,1.3.0,SES48642,搜索,53.7
E4003424,U20529,app_open,2026-04-28 17:09:47,2026-04-28,17,Web,1.0.0,SES40462,购物车,25.1
E4003425,U18608,page_view,2026-04-03 08:57:03,2026-04-03,8,iOS,1.2.0,SES53408,详情,36.7
E4003426,U31014,click,2026-04-05 04:53:05,2026-04-05,4,Android,1.2.0,SES22083,设置,28.4
E4003427,U32741,page_view,2026-04-12 05:10:28,2026-04-12,5,Android,1.2.0,SES74111,搜索,12.7
E4003428,U4175,page_view,2026-04-05 21:09:23,2026-04-05,21,Web,1.0.0,SES89990,搜索,16.3
E4003429,U6908,purchase,2026-04-27 23:04:55,2026-04-27,23,iOS,1.3.0,SES82458,搜索,68.2
E4003430,U18766,page_view,2026-04-03 04:17:40,2026-04-03,4,iOS,1.2.0,SES27043,购物车,1.4
E4003431,U36225,click,2026-04-19 19:42:44,2026-04-19,19,Web,1.1.0,SES39333,设置,33.5
E4003432,U2728,page_view,2026-04-14 05:58:29,2026-04-14,5,Android,1.1.0,SES25128,购物车,2.2
E4003433,U34231,app_open,2026-04-29 17:13:25,2026-04-29,17,iOS,1.1.0,SES83917,搜索,83.7
E4003434,U25536,page_view,2026-04-28 06:12:17,2026-04-28,6,Android,1.2.0,SES96663,设置,1.1
E4003435,U5115,app_open,2026-04-02 11:51:27,2026-04-02,11,iOS,1.3.0,SES61720,详情,32.2
E4003436,U33105,app_open,2026-04-28 14:52:09,2026-04-28,14,iOS,1.2.0,SES89261,购物车,1.3
E4003437,U18901,purchase,2026-04-21 18:25:26,2026-04-21,18,Android,1.3.0,SES72872,搜索,15.6
E4003438,U15862,page_view,2026-04-25 05:56:39,2026-04-25,5,iOS,1.1.0,SES11352,首页,11.5
E4003439,U19782,logout,2026-04-18 03:01:30,2026-04-18,3,Android,1.2.0,SES72554,首页,34.6
E4003440,U40699,page_view,2026-04-29 17:44:06,2026-04-29,17,Web,1.0.0,SES24870,设置,22.9
E4003441,U21289,click,2026-04-13 22:00:51,2026-04-13,22,Web,1.3.0,SES68314,购物车,19.3
E4003442,U5673,click,2026-04-19 19:01:22,2026-04-19,19,Android,1.0.0,SES48237,我的,10.1
E4003443,U29955,click,2026-04-01 03:22:19,2026-04-01,3,Web,1.1.0,SES16089,详情,54.6
E4003444,U7476,click,2026-04-06 22:07:57,2026-04-06,22,Android,1.0.0,SES50441,设置,7.1
E4003445,U43282,app_open,2026-04-11 21:32:14,2026-04-11,21,Android,1.2.0,SES18028,我的,95.0
E4003446,U39689,click,2026-04-03 07:42:27,2026-04-03,7,Android,1.0.0,SES82600,设置,1.2
E4003447,U32061,logout,2026-04-04 07:10:07,2026-04-04,7,Android,1.0.0,SES12059,设置,27.3
E4003448,U10449,page_view,2026-04-16 00:20:24,2026-04-16,0,Android,1.1.0,SES98586,购物车,11.4
E4003449,U14131,page_view,2026-04-03 04:52:30,2026-04-03,4,Android,1.1.0,SES49611,首页,55.4
E4003450,U35856,click,2026-04-16 21:19:27,2026-04-16,21,Android,1.0.0,SES32849,购物车,8.4
E4003451,U20752,app_open,2026-04-14 20:38:12,2026-04-14,20,iOS,1.1.0,SES27757,设置,52.6
E4003452,U17858,app_open,2026-04-08 12:44:23,2026-04-08,12,Android,1.1.0,SES42796,搜索,3.8
E4003453,U16331,search,2026-04-26 22:50:23,2026-04-26,22,Android,1.3.0,SES96724,详情,7.1
E4003454,U15727,page_view,2026-04-15 22:20:26,2026-04-15,22,iOS,1.1.0,SES88472,设置,66.7
E4003455,U5122,page_view,2026-04-10 16:37:53,2026-04-10,16,iOS,1.2.0,SES83642,设置,27.6
E4003456,U36400,purchase,2026-04-16 11:06:36,2026-04-16,11,iOS,1.1.0,SES64487,详情,9.3
E4003457,U1105,click,2026-04-20 18:25:31,2026-04-20,18,iOS,1.2.0,SES89013,首页,41.8
E4003458,U29659,app_open,2026-04-28 16:11:29,2026-04-28,16,iOS,1.1.0,SES20512,搜索,5.6
E4003459,U32743,page_view,2026-04-15 10:53:54,2026-04-15,10,Android,1.3.0,SES47824,设置,113.4
E4003460,U32753,page_view,2026-04-29 12:19:10,2026-04-29,12,Android,1.3.0,SES64705,购物车,0.1
E4003461,U38710,purchase,2026-04-13 23:10:15,2026-04-13,23,Web,1.2.0,SES79220,购物车,59.5
E4003462,U46753,page_view,2026-04-18 00:37:37,2026-04-18,0,iOS,1.0.0,SES17258,首页,12.3
E4003463,U43124,app_open,2026-04-22 22:10:02,2026-04-22,22,Android,1.2.0,SES32693,我的,86.6
E4003464,U5047,share,2026-04-21 08:18:54,2026-04-21,8,iOS,1.2.0,SES67523,首页,6.6
E4003465,U48855,page_view,2026-04-09 00:40:43,2026-04-09,0,Android,1.1.0,SES19858,设置,102.4
E4003466,U42883,click,2026-04-22 09:17:55,2026-04-22,9,Android,1.1.0,SES20901,我的,7.6
E4003467,U9256,search,2026-04-10 18:11:39,2026-04-10,18,iOS,1.1.0,SES37976,详情,53.1
E4003468,U47678,page_view,2026-04-19 11:55:10,2026-04-19,11,Android,1.0.0,SES32222,设置,14.5
E4003469,U26468,click,2026-04-23 19:49:33,2026-04-23,19,iOS,1.1.0,SES41511,我的,43.7
E4003470,U38987,purchase,2026-04-21 21:22:57,2026-04-21,21,Web,1.0.0,SES55064,设置,8.1
E4003471,U37344,click,2026-04-05 05:06:40,2026-04-05,5,iOS,1.0.0,SES30074,设置,10.1
E4003472,U46690,page_view,2026-04-28 09:54:02,2026-04-28,9,Android,1.0.0,SES78487,首页,56.8
E4003473,U22573,search,2026-04-11 01:23:54,2026-04-11,1,Web,1.0.0,SES29380,首页,12.7
E4003474,U31408,app_open,2026-04-21 08:50:00,2026-04-21,8,Android,1.2.0,SES27763,我的,32.3
E4003475,U15326,click,2026-04-11 01:23:56,2026-04-11,1,Web,1.3.0,SES74899,搜索,199.6
E4003476,U47140,click,2026-04-22 21:35:43,2026-04-22,21,Web,1.2.0,SES88721,购物车,17.2
E4003477,U49485,click,2026-04-27 17:54:33,2026-04-27,17,Web,1.1.0,SES78630,详情,12.3
E4003478,U31191,page_view,2026-04-21 14:44:37,2026-04-21,14,Web,1.3.0,SES96661,我的,2.4
E4003479,U44394,search,2026-04-16 14:17:45,2026-04-16,14,iOS,1.1.0,SES60918,我的,21.1
E4003480,U21728,share,2026-04-02 14:14:48,2026-04-02,14,Android,1.2.0,SES30206,详情,7.9
E4003481,U5166,purchase,2026-04-05 22:10:08,2026-04-05,22,Web,1.3.0,SES14470,搜索,95.1
E4003482,U33244,app_open,2026-04-20 22:12:20,2026-04-20,22,Web,1.1.0,SES41501,我的,48.5
E4003483,U5243,app_open,2026-04-08 13:23:51,2026-04-08,13,Android,1.1.0,SES43099,详情,16.7
E4003484,U29830,share,2026-04-03 16:54:29,2026-04-03,16,iOS,1.0.0,SES27471,我的,4.6
E4003485,U22253,click,2026-04-04 06:23:49,2026-04-04,6,Android,1.1.0,SES35874,我的,35.9
E4003486,U36858,search,2026-04-13 00:22:27,2026-04-13,0,Android,1.3.0,SES58698,设置,21.4
E4003487,U43873,page_view,2026-04-05 06:53:15,2026-04-05,6,Web,1.2.0,SES77865,我的,3.8
E4003488,U9986,app_open,2026-04-22 03:45:49,2026-04-22,3,Web,1.3.0,SES69249,搜索,62.5
E4003489,U29191,page_view,2026-04-13 09:55:35,2026-04-13,9,Web,1.2.0,SES78359,详情,0.0
E4003490,U49436,page_view,2026-04-03 06:23:12,2026-04-03,6,Android,1.2.0,SES72209,搜索,41.6
E4003491,U30242,page_view,2026-04-20 12:01:05,2026-04-20,12,Web,1.2.0,SES75769,购物车,7.8
E4003492,U25610,page_view,2026-04-05 17:15:57,2026-04-05,17,Android,1.1.0,SES34431,详情,7.0
E4003493,U14053,click,2026-04-30 15:33:04,2026-04-30,15,Web,1.3.0,SES26752,设置,66.3
E4003494,U5100,page_view,2026-04-09 09:23:44,2026-04-09,9,iOS,1.3.0,SES15719,设置,13.0
E4003495,U28104,app_open,2026-04-07 12:40:32,2026-04-07,12,iOS,1.3.0,SES51814,搜索,37.4
E4003496,U36802,search,2026-04-21 03:37:48,2026-04-21,3,Android,1.1.0,SES53083,我的,6.3
E4003497,U7745,app_open,2026-04-20 02:10:00,2026-04-20,2,Android,1.0.0,SES64347,详情,41.0
E4003498,U22755,page_view,2026-04-10 03:58:10,2026-04-10,3,Web,1.1.0,SES42070,搜索,21.8
E4003499,U21219,click,2026-04-03 14:18:11,2026-04-03,14,Web,1.3.0,SES36311,搜索,8.2
E4003500,U27017,page_view,2026-04-26 23:09:03,2026-04-26,23,Web,1.2.0,SES19325,购物车,11.9
E4003501,U5423,page_view,2026-04-17 08:21:31,2026-04-17,8,Web,1.1.0,SES89524,详情,1.8
E4003502,U8711,page_view,2026-04-15 23:59:29,2026-04-15,23,iOS,1.2.0,SES72858,购物车,33.7
E4003503,U32117,click,2026-04-14 03:15:37,2026-04-14,3,Web,1.1.0,SES90415,首页,2.7
E4003504,U2573,page_view,2026-04-01 17:28:08,2026-04-01,17,iOS,1.1.0,SES57996,搜索,7.3
E4003505,U18134,click,2026-04-30 07:18:47,2026-04-30,7,Android,1.2.0,SES49842,首页,75.5
E4003506,U42900,page_view,2026-04-18 21:48:59,2026-04-18,21,Android,1.1.0,SES45442,购物车,1.7
E4003507,U12675,page_view,2026-04-05 10:18:09,2026-04-05,10,Web,1.1.0,SES16478,购物车,85.6
E4003508,U16277,search,2026-04-01 09:10:27,2026-04-01,9,Android,1.0.0,SES14120,详情,16.8
E4003509,U43233,click,2026-04-11 15:29:41,2026-04-11,15,Android,1.0.0,SES96608,购物车,10.9
E4003510,U46412,click,2026-04-19 10:02:54,2026-04-19,10,iOS,1.3.0,SES67013,首页,46.2
E4003511,U38158,page_view,2026-04-06 03:22:13,2026-04-06,3,Web,1.2.0,SES52108,详情,35.5
E4003512,U26070,page_view,2026-04-19 14:46:18,2026-04-19,14,Android,1.0.0,SES53486,我的,27.8
E4003513,U10502,page_view,2026-04-22 10:02:49,2026-04-22,10,iOS,1.2.0,SES22622,详情,33.0
E4003514,U48052,logout,2026-04-10 19:15:29,2026-04-10,19,Web,1.3.0,SES85334,设置,5.2
E4003515,U18220,search,2026-04-09 23:07:49,2026-04-09,23,iOS,1.0.0,SES80494,首页,45.5
E4003516,U48056,logout,2026-04-18 20:45:19,2026-04-18,20,Android,1.0.0,SES19809,首页,96.6
E4003517,U25508,app_open,2026-04-05 19:10:26,2026-04-05,19,iOS,1.2.0,SES21772,设置,21.3
E4003518,U29908,search,2026-04-16 16:52:46,2026-04-16,16,iOS,1.1.0,SES45644,首页,8.5
E4003519,U30881,search,2026-04-03 19:37:39,2026-04-03,19,Web,1.0.0,SES12168,我的,4.0
E4003520,U33305,click,2026-04-23 17:10:32,2026-04-23,17,iOS,1.0.0,SES79822,首页,21.1
E4003521,U36433,click,2026-04-07 18:10:15,2026-04-07,18,Android,1.0.0,SES68210,设置,9.0
E4003522,U30954,page_view,2026-04-21 19:58:15,2026-04-21,19,Web,1.1.0,SES86048,设置,34.4
E4003523,U6428,logout,2026-04-19 06:27:37,2026-04-19,6,Web,1.1.0,SES92099,搜索,31.4
E4003524,U5059,page_view,2026-04-10 14:10:05,2026-04-10,14,Web,1.3.0,SES58176,详情,70.5
E4003525,U39335,app_open,2026-04-05 02:01:21,2026-04-05,2,Android,1.2.0,SES42450,购物车,15.2
E4003526,U20053,app_open,2026-04-23 22:40:45,2026-04-23,22,Web,1.0.0,SES64960,购物车,25.5
E4003527,U6424,app_open,2026-04-04 13:19:33,2026-04-04,13,Web,1.2.0,SES86813,搜索,26.4
E4003528,U26404,click,2026-04-16 06:27:21,2026-04-16,6,iOS,1.1.0,SES41562,设置,62.4
E4003529,U22476,click,2026-04-04 14:41:34,2026-04-04,14,iOS,1.2.0,SES66250,设置,77.0
E4003530,U17960,app_open,2026-04-03 14:46:51,2026-04-03,14,Web,1.3.0,SES22554,搜索,8.0
E4003531,U45159,app_open,2026-04-28 06:34:16,2026-04-28,6,Web,1.3.0,SES55681,设置,22.4
E4003532,U45788,purchase,2026-04-01 20:39:47,2026-04-01,20,Web,1.0.0,SES70375,搜索,21.7
E4003533,U32438,app_open,2026-04-22 07:14:54,2026-04-22,7,Android,1.0.0,SES25439,详情,19.3
E4003534,U14929,app_open,2026-04-08 12:54:00,2026-04-08,12,Android,1.3.0,SES42065,详情,7.9
E4003535,U44750,app_open,2026-04-23 00:17:12,2026-04-23,0,Web,1.0.0,SES85964,购物车,31.0
E4003536,U47677,share,2026-04-19 22:17:36,2026-04-19,22,Android,1.1.0,SES65324,购物车,41.8
E4003537,U18531,search,2026-04-30 17:53:59,2026-04-30,17,Web,1.3.0,SES58484,我的,53.4
E4003538,U28521,page_view,2026-04-19 05:37:17,2026-04-19,5,Android,1.2.0,SES90212,我的,7.7
E4003539,U32774,click,2026-04-03 07:12:39,2026-04-03,7,Android,1.2.0,SES38922,设置,4.7
E4003540,U31997,click,2026-04-23 19:50:52,2026-04-23,19,iOS,1.2.0,SES41775,首页,72.1
E4003541,U34886,app_open,2026-04-25 14:19:20,2026-04-25,14,Web,1.0.0,SES79599,我的,25.6
E4003542,U5228,logout,2026-04-19 01:34:24,2026-04-19,1,iOS,1.3.0,SES13516,搜索,7.1
E4003543,U29226,search,2026-04-28 14:51:02,2026-04-28,14,iOS,1.1.0,SES14763,我的,66.3
E4003544,U8360,app_open,2026-04-14 13:35:48,2026-04-14,13,iOS,1.1.0,SES78831,首页,14.6
E4003545,U2246,purchase,2026-04-24 01:00:22,2026-04-24,1,iOS,1.3.0,SES94794,我的,26.4
E4003546,U8343,app_open,2026-04-29 06:02:22,2026-04-29,6,Android,1.1.0,SES28644,我的,5.8
E4003547,U23122,page_view,2026-04-03 01:46:17,2026-04-03,1,iOS,1.1.0,SES40756,购物车,2.6
E4003548,U11762,page_view,2026-04-16 12:21:53,2026-04-16,12,Android,1.1.0,SES98485,设置,47.8
E4003549,U47257,page_view,2026-04-20 19:57:10,2026-04-20,19,Android,1.0.0,SES93361,设置,32.5
E4003550,U36193,search,2026-04-07 07:42:40,2026-04-07,7,Android,1.0.0,SES10690,购物车,35.3
E4003551,U43356,share,2026-04-13 23:23:09,2026-04-13,23,Android,1.1.0,SES48182,详情,28.2
E4003552,U12140,search,2026-04-20 21:41:21,2026-04-20,21,Android,1.1.0,SES11311,详情,28.8
E4003553,U28961,click,2026-04-10 18:16:19,2026-04-10,18,iOS,1.1.0,SES59500,购物车,60.0
E4003554,U36287,app_open,2026-04-13 08:30:36,2026-04-13,8,Android,1.0.0,SES35295,首页,0.4
E4003555,U6153,logout,2026-04-08 04:12:27,2026-04-08,4,iOS,1.2.0,SES96784,搜索,59.8
E4003556,U11731,page_view,2026-04-14 01:02:02,2026-04-14,1,Web,1.0.0,SES65466,购物车,58.7
E4003557,U14269,app_open,2026-04-06 05:47:21,2026-04-06,5,Android,1.1.0,SES81100,详情,14.3
E4003558,U12219,page_view,2026-04-25 10:23:33,2026-04-25,10,Android,1.2.0,SES57233,首页,6.5
E4003559,U47787,app_open,2026-04-13 21:47:50,2026-04-13,21,Android,1.2.0,SES14625,首页,8.6
E4003560,U47000,page_view,2026-04-10 10:57:08,2026-04-10,10,iOS,1.2.0,SES75537,搜索,39.7
E4003561,U41491,search,2026-04-26 02:40:47,2026-04-26,2,Android,1.3.0,SES67320,我的,47.3
E4003562,U14431,search,2026-04-22 08:29:42,2026-04-22,8,iOS,1.2.0,SES44218,详情,40.6
E4003563,U48042,click,2026-04-08 07:24:35,2026-04-08,7,Web,1.1.0,SES42216,详情,24.8
E4003564,U18338,search,2026-04-14 06:45:37,2026-04-14,6,iOS,1.1.0,SES95235,首页,127.6
E4003565,U9840,logout,2026-04-08 08:43:04,2026-04-08,8,Web,1.2.0,SES13138,首页,6.4
E4003566,U26983,share,2026-04-18 09:16:52,2026-04-18,9,Android,1.3.0,SES44680,搜索,4.9
E4003567,U7508,purchase,2026-04-06 20:43:28,2026-04-06,20,Android,1.2.0,SES74193,详情,5.0
E4003568,U19938,click,2026-04-07 08:09:38,2026-04-07,8,Web,1.3.0,SES25882,搜索,15.6
E4003569,U25691,click,2026-04-14 03:08:19,2026-04-14,3,Android,1.2.0,SES74551,首页,9.8
E4003570,U37114,share,2026-04-18 22:58:35,2026-04-18,22,Web,1.3.0,SES95182,我的,5.9
E4003571,U49105,search,2026-04-29 02:10:52,2026-04-29,2,Android,1.3.0,SES86950,搜索,55.0
E4003572,U24203,click,2026-04-11 08:22:00,2026-04-11,8,iOS,1.3.0,SES86625,搜索,60.6
E4003573,U35929,click,2026-04-23 05:32:29,2026-04-23,5,iOS,1.2.0,SES62679,搜索,83.4
E4003574,U2617,logout,2026-04-27 09:47:26,2026-04-27,9,Web,1.0.0,SES32955,我的,1.3
E4003575,U20354,logout,2026-04-28 03:41:42,2026-04-28,3,Android,1.1.0,SES18446,设置,2.5
E4003576,U18657,search,2026-04-23 21:14:47,2026-04-23,21,Web,1.0.0,SES11694,设置,6.4
E4003577,U49072,click,2026-04-02 13:03:42,2026-04-02,13,Android,1.2.0,SES92724,详情,8.8
E4003578,U12771,click,2026-04-05 04:33:54,2026-04-05,4,Android,1.2.0,SES13003,首页,16.0
E4003579,U12256,page_view,2026-04-22 15:17:12,2026-04-22,15,Android,1.1.0,SES62479,我的,5.4
E4003580,U35639,app_open,2026-04-05 03:11:09,2026-04-05,3,iOS,1.3.0,SES14015,购物车,75.7
E4003581,U25267,page_view,2026-04-26 04:15:09,2026-04-26,4,iOS,1.1.0,SES20493,首页,3.4
E4003582,U39160,page_view,2026-04-28 11:34:11,2026-04-28,11,Web,1.0.0,SES66546,详情,23.9
E4003583,U30955,click,2026-04-27 18:04:19,2026-04-27,18,Web,1.1.0,SES85181,首页,7.2
E4003584,U10659,click,2026-04-01 03:57:32,2026-04-01,3,Android,1.3.0,SES17597,搜索,0.5
E4003585,U44555,purchase,2026-04-11 15:02:26,2026-04-11,15,Web,1.1.0,SES83310,详情,32.7
E4003586,U3594,page_view,2026-04-19 05:47:05,2026-04-19,5,Android,1.0.0,SES14849,详情,1.6
E4003587,U40871,app_open,2026-04-07 02:03:42,2026-04-07,2,Android,1.3.0,SES91482,详情,108.1
E4003588,U37454,page_view,2026-04-24 03:29:46,2026-04-24,3,Android,1.0.0,SES93565,设置,52.1
E4003589,U16169,app_open,2026-04-19 18:09:56,2026-04-19,18,Android,1.0.0,SES91054,购物车,66.8
E4003590,U41680,page_view,2026-04-04 01:09:14,2026-04-04,1,Web,1.1.0,SES97349,详情,44.0
E4003591,U21069,purchase,2026-04-05 20:35:53,2026-04-05,20,Web,1.2.0,SES15267,搜索,57.6
E4003592,U34472,search,2026-04-18 07:40:27,2026-04-18,7,iOS,1.1.0,SES12638,购物车,10.8
E4003593,U19147,page_view,2026-04-25 23:34:11,2026-04-25,23,Web,1.3.0,SES19391,设置,59.1
E4003594,U40064,click,2026-04-12 22:00:58,2026-04-12,22,Android,1.2.0,SES26803,搜索,9.1
E4003595,U48313,purchase,2026-04-11 02:20:58,2026-04-11,2,iOS,1.0.0,SES57425,详情,17.5
E4003596,U20013,page_view,2026-04-20 12:44:41,2026-04-20,12,Android,1.2.0,SES89957,搜索,32.1
E4003597,U39277,click,2026-04-27 23:42:45,2026-04-27,23,iOS,1.2.0,SES62857,设置,6.0
E4003598,U19472,app_open,2026-04-28 08:08:58,2026-04-28,8,iOS,1.1.0,SES28425,购物车,36.0
E4003599,U34764,purchase,2026-04-15 04:06:45,2026-04-15,4,Web,1.3.0,SES95101,设置,44.4
E4003600,U39531,click,2026-04-13 09:47:06,2026-04-13,9,iOS,1.3.0,SES11254,设置,24.1
E4003601,U35944,app_open,2026-04-25 14:04:54,2026-04-25,14,iOS,1.2.0,SES23741,首页,49.7
E4003602,U32110,purchase,2026-04-08 01:01:08,2026-04-08,1,iOS,1.2.0,SES40746,设置,1.8
E4003603,U35008,page_view,2026-04-02 10:47:26,2026-04-02,10,iOS,1.3.0,SES32405,我的,16.7
E4003604,U30257,logout,2026-04-02 04:55:28,2026-04-02,4,Web,1.0.0,SES20436,设置,124.5
E4003605,U36301,search,2026-04-07 14:16:09,2026-04-07,14,iOS,1.2.0,SES43899,首页,17.8
E4003606,U17951,search,2026-04-05 14:01:50,2026-04-05,14,iOS,1.1.0,SES94389,我的,0.8
E4003607,U49598,page_view,2026-04-26 00:05:54,2026-04-26,0,Android,1.0.0,SES87012,搜索,8.4
E4003608,U15388,register,2026-04-01 01:18:29,2026-04-01,1,iOS,1.2.0,SES15493,购物车,143.7
E4003609,U18467,app_open,2026-04-14 23:18:48,2026-04-14,23,Android,1.1.0,SES43098,详情,50.5
E4003610,U24833,search,2026-04-21 15:30:02,2026-04-21,15,iOS,1.3.0,SES22480,我的,13.5
E4003611,U24923,page_view,2026-04-22 17:47:53,2026-04-22,17,Web,1.1.0,SES52034,详情,27.8
E4003612,U22158,click,2026-04-13 17:50:22,2026-04-13,17,Android,1.2.0,SES34469,首页,3.8
E4003613,U31177,app_open,2026-04-10 14:09:03,2026-04-10,14,Android,1.0.0,SES26985,我的,4.2
E4003614,U19588,register,2026-04-06 23:31:34,2026-04-06,23,iOS,1.3.0,SES41433,我的,3.7
E4003615,U4797,app_open,2026-04-27 14:58:09,2026-04-27,14,Web,1.3.0,SES12483,详情,39.6
E4003616,U48067,share,2026-04-18 19:55:54,2026-04-18,19,Android,1.1.0,SES22760,搜索,87.1
E4003617,U19288,app_open,2026-04-27 04:23:28,2026-04-27,4,Android,1.2.0,SES93263,搜索,32.8
E4003618,U48110,page_view,2026-04-25 04:35:09,2026-04-25,4,Web,1.2.0,SES47806,设置,2.0
E4003619,U9832,page_view,2026-04-29 11:54:39,2026-04-29,11,Web,1.2.0,SES52352,搜索,64.1
E4003620,U15472,app_open,2026-04-23 01:05:11,2026-04-23,1,Web,1.0.0,SES43234,首页,30.2
E4003621,U9848,page_view,2026-04-30 19:40:37,2026-04-30,19,iOS,1.1.0,SES91287,我的,1.9
E4003622,U6319,app_open,2026-04-03 11:37:09,2026-04-03,11,Android,1.2.0,SES72542,搜索,58.7
E4003623,U4943,page_view,2026-04-16 17:05:42,2026-04-16,17,iOS,1.1.0,SES62801,详情,38.2
E4003624,U15275,purchase,2026-04-03 15:19:25,2026-04-03,15,Web,1.2.0,SES57888,我的,47.8
E4003625,U23641,page_view,2026-04-13 09:54:27,2026-04-13,9,Android,1.0.0,SES64841,详情,34.6
E4003626,U11514,page_view,2026-04-06 00:54:37,2026-04-06,0,Android,1.2.0,SES57819,搜索,24.4
E4003627,U9687,page_view,2026-04-16 07:10:51,2026-04-16,7,Web,1.0.0,SES29359,购物车,16.2
E4003628,U45904,page_view,2026-04-25 08:43:21,2026-04-25,8,Web,1.2.0,SES44556,我的,4.2
E4003629,U1508,app_open,2026-04-27 00:53:08,2026-04-27,0,iOS,1.1.0,SES42777,首页,99.5
E4003630,U10447,click,2026-04-21 13:47:27,2026-04-21,13,Web,1.3.0,SES64230,购物车,73.7
E4003631,U44023,app_open,2026-04-24 20:00:55,2026-04-24,20,Web,1.2.0,SES26067,首页,172.4
E4003632,U31505,page_view,2026-04-23 18:03:29,2026-04-23,18,Web,1.2.0,SES12613,设置,30.6
E4003633,U20732,logout,2026-04-26 02:18:08,2026-04-26,2,Android,1.1.0,SES27923,首页,95.5
E4003634,U28626,page_view,2026-04-28 11:44:58,2026-04-28,11,Web,1.0.0,SES14505,我的,8.6
E4003635,U42047,logout,2026-04-11 04:44:40,2026-04-11,4,Android,1.2.0,SES50669,购物车,58.3
E4003636,U36495,app_open,2026-04-28 02:18:35,2026-04-28,2,Web,1.1.0,SES64042,搜索,37.2
E4003637,U7119,app_open,2026-04-30 04:56:26,2026-04-30,4,Web,1.3.0,SES81802,首页,3.2
E4003638,U33714,logout,2026-04-23 23:18:18,2026-04-23,23,iOS,1.0.0,SES70751,设置,1.7
E4003639,U2352,click,2026-04-24 21:52:23,2026-04-24,21,iOS,1.0.0,SES25172,我的,93.0
E4003640,U9543,page_view,2026-04-11 07:44:43,2026-04-11,7,Web,1.1.0,SES49982,详情,46.6
E4003641,U15955,app_open,2026-04-14 17:47:42,2026-04-14,17,Web,1.3.0,SES80163,首页,2.0
E4003642,U12437,app_open,2026-04-25 13:03:51,2026-04-25,13,Android,1.1.0,SES12059,搜索,23.9
E4003643,U42028,page_view,2026-04-26 04:40:02,2026-04-26,4,Web,1.1.0,SES69124,设置,63.6
E4003644,U32222,app_open,2026-04-24 15:35:02,2026-04-24,15,iOS,1.1.0,SES93463,详情,115.2
E4003645,U39791,share,2026-04-19 05:24:10,2026-04-19,5,Web,1.0.0,SES49045,设置,56.1
E4003646,U14650,purchase,2026-04-27 21:07:46,2026-04-27,21,Android,1.0.0,SES73339,我的,28.6
E4003647,U6702,page_view,2026-04-15 17:27:03,2026-04-15,17,Web,1.1.0,SES43350,设置,77.6
E4003648,U6077,logout,2026-04-27 13:45:29,2026-04-27,13,Android,1.1.0,SES61342,首页,1.3
E4003649,U16887,page_view,2026-04-04 03:24:29,2026-04-04,3,Android,1.0.0,SES39532,详情,1.6
E4003650,U18017,click,2026-04-20 09:43:03,2026-04-20,9,iOS,1.2.0,SES37709,详情,9.5
E4003651,U18118,page_view,2026-04-13 09:18:44,2026-04-13,9,Android,1.1.0,SES31461,首页,38.9
E4003652,U45345,app_open,2026-04-24 23:53:54,2026-04-24,23,iOS,1.3.0,SES32637,设置,16.6
E4003653,U39561,click,2026-04-08 17:48:58,2026-04-08,17,iOS,1.0.0,SES69368,购物车,33.4
E4003654,U4408,click,2026-04-06 14:56:58,2026-04-06,14,iOS,1.0.0,SES45098,详情,21.4
E4003655,U38060,click,2026-04-01 16:59:12,2026-04-01,16,iOS,1.0.0,SES92168,购物车,10.0
E4003656,U11078,purchase,2026-04-08 10:45:45,2026-04-08,10,Android,1.0.0,SES55338,购物车,25.4
E4003657,U27838,click,2026-04-11 15:22:51,2026-04-11,15,Android,1.2.0,SES77914,我的,11.0
E4003658,U4078,app_open,2026-04-25 09:59:34,2026-04-25,9,iOS,1.2.0,SES15691,搜索,9.0
E4003659,U41007,page_view,2026-04-02 16:43:16,2026-04-02,16,Web,1.2.0,SES15607,详情,23.5
E4003660,U20809,logout,2026-04-14 07:43:20,2026-04-14,7,iOS,1.3.0,SES54018,搜索,56.4
E4003661,U17400,page_view,2026-04-23 15:35:22,2026-04-23,15,iOS,1.2.0,SES99035,搜索,3.0
E4003662,U37933,app_open,2026-04-23 01:25:06,2026-04-23,1,Android,1.2.0,SES84159,设置,78.3
E4003663,U30825,page_view,2026-04-26 00:32:57,2026-04-26,0,iOS,1.1.0,SES79054,购物车,9.7
E4003664,U48339,purchase,2026-04-25 15:25:46,2026-04-25,15,Android,1.3.0,SES49644,首页,2.5
E4003665,U29968,click,2026-04-28 06:56:56,2026-04-28,6,iOS,1.2.0,SES79184,首页,105.8
E4003666,U43780,search,2026-04-22 09:46:07,2026-04-22,9,iOS,1.2.0,SES13977,购物车,0.2
E4003667,U48851,page_view,2026-04-26 03:23:44,2026-04-26,3,iOS,1.0.0,SES24872,首页,2.1
E4003668,U6179,register,2026-04-02 23:23:56,2026-04-02,23,Web,1.2.0,SES47475,设置,66.5
E4003669,U13640,search,2026-04-26 14:44:46,2026-04-26,14,Android,1.2.0,SES45568,搜索,6.7
E4003670,U1032,search,2026-04-20 12:31:55,2026-04-20,12,iOS,1.3.0,SES12157,首页,5.7
E4003671,U49381,page_view,2026-04-12 07:55:21,2026-04-12,7,Web,1.3.0,SES67721,搜索,45.8
E4003672,U18949,page_view,2026-04-19 10:45:53,2026-04-19,10,Android,1.1.0,SES19286,我的,38.3
E4003673,U45763,logout,2026-04-16 04:48:52,2026-04-16,4,iOS,1.3.0,SES58220,首页,0.0
E4003674,U16974,app_open,2026-04-11 00:45:20,2026-04-11,0,Android,1.3.0,SES59199,详情,2.3
E4003675,U7466,page_view,2026-04-28 21:02:03,2026-04-28,21,Web,1.1.0,SES15162,购物车,33.7
E4003676,U30497,purchase,2026-04-02 09:58:27,2026-04-02,9,Web,1.1.0,SES71969,设置,5.4
E4003677,U46410,share,2026-04-11 23:30:41,2026-04-11,23,Android,1.2.0,SES74999,详情,55.1
E4003678,U16049,page_view,2026-04-20 21:32:35,2026-04-20,21,Web,1.3.0,SES91654,我的,7.1
E4003679,U13760,share,2026-04-22 00:17:15,2026-04-22,0,Android,1.0.0,SES94294,详情,1.2
E4003680,U15961,click,2026-04-27 09:43:44,2026-04-27,9,Android,1.1.0,SES14543,搜索,11.8
E4003681,U10802,app_open,2026-04-07 07:41:57,2026-04-07,7,Web,1.1.0,SES18833,我的,41.8
E4003682,U9603,click,2026-04-28 09:59:47,2026-04-28,9,iOS,1.3.0,SES16546,首页,77.2
E4003683,U41145,page_view,2026-04-23 14:37:26,2026-04-23,14,Android,1.2.0,SES62983,搜索,28.8
E4003684,U35895,click,2026-04-14 10:44:09,2026-04-14,10,iOS,1.1.0,SES67276,搜索,44.6
E4003685,U20872,click,2026-04-15 21:25:20,2026-04-15,21,Web,1.3.0,SES12481,购物车,10.7
E4003686,U23607,page_view,2026-04-12 02:26:23,2026-04-12,2,Web,1.2.0,SES69909,我的,10.9
E4003687,U49144,page_view,2026-04-06 11:37:30,2026-04-06,11,Android,1.1.0,SES37219,搜索,0.5
E4003688,U29088,page_view,2026-04-21 10:12:04,2026-04-21,10,Web,1.0.0,SES10635,设置,14.7
E4003689,U42216,logout,2026-04-04 16:44:42,2026-04-04,16,iOS,1.0.0,SES56498,购物车,33.2
E4003690,U24292,click,2026-04-16 14:48:25,2026-04-16,14,Android,1.2.0,SES39149,我的,22.7
E4003691,U8971,purchase,2026-04-07 22:46:12,2026-04-07,22,Web,1.1.0,SES40359,我的,53.6
E4003692,U41351,page_view,2026-04-10 13:13:15,2026-04-10,13,Web,1.2.0,SES63896,首页,4.9
E4003693,U35222,search,2026-04-14 19:12:24,2026-04-14,19,Web,1.0.0,SES29012,详情,0.2
E4003694,U31673,app_open,2026-04-28 01:38:34,2026-04-28,1,iOS,1.1.0,SES91045,设置,15.7
E4003695,U5052,click,2026-04-16 01:11:15,2026-04-16,1,Web,1.1.0,SES28573,设置,3.3
E4003696,U30951,search,2026-04-29 10:19:23,2026-04-29,10,Web,1.3.0,SES95297,我的,25.4
E4003697,U24706,page_view,2026-04-07 19:04:21,2026-04-07,19,Web,1.3.0,SES31206,设置,62.7
E4003698,U12585,logout,2026-04-02 14:57:06,2026-04-02,14,Android,1.0.0,SES82230,首页,14.2
E4003699,U6595,page_view,2026-04-06 06:44:51,2026-04-06,6,Web,1.3.0,SES77323,设置,2.7
E4003700,U9917,app_open,2026-04-30 23:27:16,2026-04-30,23,iOS,1.1.0,SES96666,设置,29.9
E4003701,U46905,search,2026-04-28 23:26:46,2026-04-28,23,iOS,1.1.0,SES65668,首页,39.2
E4003702,U6673,click,2026-04-19 22:09:57,2026-04-19,22,iOS,1.2.0,SES95442,设置,0.1
E4003703,U3448,logout,2026-04-04 05:29:51,2026-04-04,5,Web,1.3.0,SES69108,购物车,16.1
E4003704,U49163,page_view,2026-04-27 05:07:05,2026-04-27,5,Android,1.0.0,SES41664,我的,91.5
E4003705,U42131,click,2026-04-11 16:30:18,2026-04-11,16,Web,1.3.0,SES88746,设置,92.7
E4003706,U46572,logout,2026-04-08 21:09:52,2026-04-08,21,Web,1.2.0,SES35672,设置,6.5
E4003707,U1944,click,2026-04-04 11:06:02,2026-04-04,11,Android,1.1.0,SES42888,搜索,8.3
E4003708,U26440,page_view,2026-04-02 14:38:21,2026-04-02,14,Android,1.0.0,SES80968,首页,11.6
E4003709,U17132,logout,2026-04-20 15:19:43,2026-04-20,15,Web,1.0.0,SES24231,我的,50.2
E4003710,U32474,logout,2026-04-16 17:16:45,2026-04-16,17,Web,1.3.0,SES36693,详情,28.1
E4003711,U8788,app_open,2026-04-29 09:57:11,2026-04-29,9,Android,1.2.0,SES36849,首页,17.1
E4003712,U37196,page_view,2026-04-14 04:12:25,2026-04-14,4,iOS,1.3.0,SES81352,详情,46.8
E4003713,U24568,page_view,2026-04-05 01:48:50,2026-04-05,1,Android,1.3.0,SES78940,设置,32.0
E4003714,U38290,click,2026-04-16 22:17:04,2026-04-16,22,iOS,1.0.0,SES66549,购物车,53.8
E4003715,U34640,page_view,2026-04-24 19:40:49,2026-04-24,19,iOS,1.0.0,SES89262,设置,21.2
E4003716,U40669,page_view,2026-04-20 10:14:34,2026-04-20,10,Android,1.2.0,SES10733,我的,5.7
E4003717,U39377,share,2026-04-26 08:05:34,2026-04-26,8,iOS,1.1.0,SES47734,我的,14.8
E4003718,U19668,search,2026-04-20 14:55:01,2026-04-20,14,Android,1.1.0,SES49211,搜索,10.1
E4003719,U17437,logout,2026-04-04 22:16:42,2026-04-04,22,Android,1.3.0,SES59279,我的,0.0
E4003720,U45868,app_open,2026-04-03 04:18:13,2026-04-03,4,Android,1.2.0,SES71240,设置,32.7
E4003721,U27779,click,2026-04-04 11:05:42,2026-04-04,11,iOS,1.1.0,SES51553,我的,49.3
E4003722,U28421,search,2026-04-07 18:50:24,2026-04-07,18,Android,1.1.0,SES26982,设置,10.3
E4003723,U38823,logout,2026-04-15 11:21:58,2026-04-15,11,Android,1.1.0,SES82711,搜索,2.5
E4003724,U10234,app_open,2026-04-09 04:23:27,2026-04-09,4,Android,1.1.0,SES45299,首页,37.5
E4003725,U22623,click,2026-04-20 06:50:57,2026-04-20,6,Android,1.3.0,SES78868,首页,11.9
E4003726,U43457,click,2026-04-21 18:28:16,2026-04-21,18,Android,1.0.0,SES58457,搜索,0.0
E4003727,U38199,page_view,2026-04-12 00:08:03,2026-04-12,0,Web,1.3.0,SES29552,购物车,31.7
E4003728,U18827,app_open,2026-04-02 08:51:40,2026-04-02,8,Web,1.2.0,SES79072,我的,1.5
E4003729,U35738,app_open,2026-04-22 06:19:53,2026-04-22,6,iOS,1.1.0,SES26580,购物车,71.6
E4003730,U17548,search,2026-04-17 17:29:39,2026-04-17,17,Android,1.1.0,SES41463,我的,113.5
E4003731,U29568,app_open,2026-04-24 17:52:29,2026-04-24,17,Android,1.1.0,SES12613,首页,65.2
E4003732,U38009,page_view,2026-04-14 22:20:02,2026-04-14,22,iOS,1.1.0,SES15514,设置,5.6
E4003733,U27505,search,2026-04-12 20:46:45,2026-04-12,20,Android,1.1.0,SES24444,详情,53.6
E4003734,U25897,page_view,2026-04-15 09:33:05,2026-04-15,9,iOS,1.3.0,SES59017,设置,10.7
E4003735,U2155,purchase,2026-04-01 19:49:14,2026-04-01,19,Android,1.3.0,SES60992,购物车,25.4
E4003736,U5475,click,2026-04-21 14:10:20,2026-04-21,14,Web,1.3.0,SES98917,搜索,32.3
E4003737,U46065,page_view,2026-04-27 03:36:08,2026-04-27,3,iOS,1.0.0,SES83952,购物车,59.7
E4003738,U33740,search,2026-04-04 09:36:07,2026-04-04,9,iOS,1.0.0,SES78896,购物车,16.5
E4003739,U12911,app_open,2026-04-11 17:58:31,2026-04-11,17,Web,1.1.0,SES98069,设置,12.0
E4003740,U27167,logout,2026-04-09 02:55:09,2026-04-09,2,Web,1.2.0,SES43239,搜索,19.3
E4003741,U48567,page_view,2026-04-05 15:37:51,2026-04-05,15,Web,1.2.0,SES29336,购物车,41.3
E4003742,U42775,app_open,2026-04-23 04:59:56,2026-04-23,4,Web,1.2.0,SES66657,设置,30.8
E4003743,U22613,click,2026-04-28 14:40:13,2026-04-28,14,Web,1.2.0,SES21658,详情,6.0
E4003744,U15160,register,2026-04-08 03:53:27,2026-04-08,3,Android,1.3.0,SES63212,首页,75.7
E4003745,U44662,page_view,2026-04-08 22:32:51,2026-04-08,22,Android,1.3.0,SES93758,首页,57.5
E4003746,U34826,click,2026-04-09 12:25:17,2026-04-09,12,Android,1.2.0,SES80800,我的,68.3
E4003747,U45013,app_open,2026-04-01 10:31:14,2026-04-01,10,Web,1.3.0,SES73156,首页,75.6
E4003748,U26776,search,2026-04-09 17:02:55,2026-04-09,17,Android,1.2.0,SES46449,搜索,0.1
E4003749,U31072,app_open,2026-04-30 18:34:39,2026-04-30,18,iOS,1.1.0,SES42771,我的,29.5
E4003750,U22766,search,2026-04-25 13:50:07,2026-04-25,13,Android,1.2.0,SES45996,首页,50.0
E4003751,U7278,page_view,2026-04-08 23:56:55,2026-04-08,23,Web,1.0.0,SES42848,设置,19.5
E4003752,U22274,click,2026-04-03 09:03:46,2026-04-03,9,Web,1.2.0,SES27639,详情,56.8
E4003753,U11658,page_view,2026-04-18 18:30:00,2026-04-18,18,iOS,1.1.0,SES38184,详情,100.2
E4003754,U41437,search,2026-04-30 01:13:58,2026-04-30,1,iOS,1.0.0,SES36023,购物车,27.7
E4003755,U19547,app_open,2026-04-20 22:24:27,2026-04-20,22,iOS,1.3.0,SES45074,购物车,17.6
E4003756,U41476,page_view,2026-04-27 21:05:07,2026-04-27,21,iOS,1.2.0,SES51134,首页,78.3
E4003757,U16089,app_open,2026-04-13 11:04:05,2026-04-13,11,Android,1.3.0,SES46493,购物车,122.3
E4003758,U40597,app_open,2026-04-12 11:06:47,2026-04-12,11,iOS,1.1.0,SES92087,设置,10.7
E4003759,U11022,page_view,2026-04-20 19:44:57,2026-04-20,19,iOS,1.3.0,SES50013,设置,5.6
E4003760,U21821,app_open,2026-04-24 20:12:56,2026-04-24,20,Web,1.3.0,SES86448,设置,9.0
E4003761,U16233,click,2026-04-11 12:40:27,2026-04-11,12,Web,1.1.0,SES51131,搜索,71.2
E4003762,U24039,search,2026-04-02 03:46:49,2026-04-02,3,Web,1.0.0,SES77828,我的,68.1
E4003763,U14663,page_view,2026-04-26 06:31:50,2026-04-26,6,Android,1.3.0,SES75579,设置,1.5
E4003764,U39337,purchase,2026-04-08 10:58:51,2026-04-08,10,Web,1.1.0,SES49910,购物车,5.9
E4003765,U34774,page_view,2026-04-27 07:04:55,2026-04-27,7,iOS,1.2.0,SES10410,首页,11.0
E4003766,U45403,page_view,2026-04-09 14:43:08,2026-04-09,14,Android,1.2.0,SES42280,我的,3.6
E4003767,U47653,search,2026-04-30 17:55:53,2026-04-30,17,iOS,1.1.0,SES79098,详情,75.6
E4003768,U31483,app_open,2026-04-02 04:47:42,2026-04-02,4,iOS,1.0.0,SES79629,我的,71.2
E4003769,U3648,page_view,2026-04-05 20:09:33,2026-04-05,20,Web,1.1.0,SES34579,购物车,38.7
E4003770,U22765,page_view,2026-04-03 21:50:56,2026-04-03,21,Android,1.1.0,SES31046,搜索,5.0
E4003771,U24739,app_open,2026-04-03 02:15:11,2026-04-03,2,iOS,1.3.0,SES37792,我的,23.5
E4003772,U16485,click,2026-04-03 08:52:39,2026-04-03,8,Web,1.1.0,SES51715,搜索,1.0
E4003773,U38684,purchase,2026-04-13 22:22:01,2026-04-13,22,Android,1.1.0,SES80776,首页,15.8
E4003774,U7581,logout,2026-04-15 18:26:41,2026-04-15,18,Android,1.2.0,SES72410,首页,119.2
E4003775,U9127,click,2026-04-26 08:30:46,2026-04-26,8,Android,1.0.0,SES10800,详情,8.5
E4003776,U8240,click,2026-04-19 06:01:05,2026-04-19,6,Web,1.0.0,SES87800,搜索,29.1
E4003777,U32418,click,2026-04-03 17:04:07,2026-04-03,17,iOS,1.3.0,SES47314,详情,55.3
E4003778,U21686,page_view,2026-04-27 00:58:32,2026-04-27,0,iOS,1.1.0,SES57627,详情,63.8
E4003779,U40836,search,2026-04-05 00:33:39,2026-04-05,0,iOS,1.1.0,SES46511,搜索,15.5
E4003780,U42757,page_view,2026-04-20 08:04:16,2026-04-20,8,Web,1.3.0,SES47697,搜索,121.2
E4003781,U4607,click,2026-04-19 09:11:18,2026-04-19,9,iOS,1.2.0,SES59539,设置,16.4
E4003782,U9915,page_view,2026-04-20 13:53:45,2026-04-20,13,Android,1.2.0,SES32716,搜索,23.6
E4003783,U4525,click,2026-04-06 09:28:10,2026-04-06,9,Web,1.3.0,SES48028,我的,11.4
E4003784,U18775,app_open,2026-04-06 19:06:46,2026-04-06,19,iOS,1.3.0,SES47172,购物车,1.5
E4003785,U10308,click,2026-04-01 08:12:56,2026-04-01,8,Web,1.1.0,SES59830,搜索,16.9
E4003786,U10422,click,2026-04-04 11:45:54,2026-04-04,11,Android,1.1.0,SES72661,搜索,20.6
E4003787,U21521,click,2026-04-30 07:29:44,2026-04-30,7,iOS,1.2.0,SES45481,我的,12.1
E4003788,U29836,page_view,2026-04-14 21:31:50,2026-04-14,21,Android,1.3.0,SES29470,我的,25.0
E4003789,U37330,page_view,2026-04-20 01:50:54,2026-04-20,1,Android,1.1.0,SES33642,首页,1.3
E4003790,U13853,search,2026-04-28 12:32:56,2026-04-28,12,iOS,1.2.0,SES52701,首页,19.3
E4003791,U21525,page_view,2026-04-19 16:31:15,2026-04-19,16,Android,1.0.0,SES14211,购物车,5.1
E4003792,U23850,logout,2026-04-01 03:07:12,2026-04-01,3,iOS,1.1.0,SES37377,设置,19.8
E4003793,U19721,search,2026-04-14 20:07:27,2026-04-14,20,iOS,1.3.0,SES73899,我的,26.1
E4003794,U20714,page_view,2026-04-02 11:34:13,2026-04-02,11,iOS,1.1.0,SES55919,购物车,9.9
E4003795,U6858,click,2026-04-02 06:05:04,2026-04-02,6,Android,1.2.0,SES75077,详情,1.4
E4003796,U41462,page_view,2026-04-27 17:29:49,2026-04-27,17,Web,1.1.0,SES91264,我的,48.0
E4003797,U48202,page_view,2026-04-20 05:28:40,2026-04-20,5,Android,1.2.0,SES74444,我的,33.8
E4003798,U27866,app_open,2026-04-03 06:26:29,2026-04-03,6,Android,1.1.0,SES44810,购物车,3.4
E4003799,U11162,page_view,2026-04-09 13:57:21,2026-04-09,13,Web,1.1.0,SES52165,详情,0.8
E4003800,U23035,app_open,2026-04-25 09:49:08,2026-04-25,9,Android,1.3.0,SES88666,购物车,141.3
E4003801,U23051,app_open,2026-04-15 18:00:06,2026-04-15,18,Android,1.1.0,SES35850,首页,55.1
E4003802,U5492,app_open,2026-04-10 14:14:36,2026-04-10,14,iOS,1.1.0,SES85792,购物车,12.4
E4003803,U34666,app_open,2026-04-17 21:48:15,2026-04-17,21,iOS,1.0.0,SES64449,详情,51.8
E4003804,U43136,app_open,2026-04-10 10:24:37,2026-04-10,10,Android,1.3.0,SES96295,购物车,94.3
E4003805,U21261,page_view,2026-04-06 20:58:06,2026-04-06,20,Web,1.3.0,SES59024,搜索,9.0
E4003806,U12424,register,2026-04-12 06:16:06,2026-04-12,6,Android,1.3.0,SES66391,详情,60.0
E4003807,U12869,app_open,2026-04-07 13:46:01,2026-04-07,13,iOS,1.2.0,SES64296,搜索,4.3
E4003808,U21463,page_view,2026-04-27 00:02:48,2026-04-27,0,Web,1.0.0,SES48444,搜索,54.7
E4003809,U27636,search,2026-04-20 13:40:51,2026-04-20,13,Android,1.2.0,SES72985,详情,5.0
E4003810,U20765,app_open,2026-04-17 04:51:29,2026-04-17,4,iOS,1.0.0,SES63260,详情,12.1
E4003811,U1767,search,2026-04-15 13:46:05,2026-04-15,13,Web,1.2.0,SES39463,详情,0.3
E4003812,U13640,click,2026-04-17 04:44:23,2026-04-17,4,Android,1.1.0,SES66453,首页,20.0
E4003813,U45848,page_view,2026-04-04 08:00:42,2026-04-04,8,Android,1.0.0,SES87377,购物车,10.7
E4003814,U4313,click,2026-04-09 21:55:42,2026-04-09,21,Android,1.1.0,SES59809,购物车,3.4
E4003815,U28847,logout,2026-04-25 12:09:39,2026-04-25,12,Web,1.1.0,SES71362,搜索,18.4
E4003816,U41951,click,2026-04-03 03:54:12,2026-04-03,3,iOS,1.0.0,SES36558,首页,3.4
E4003817,U29930,page_view,2026-04-18 02:48:26,2026-04-18,2,Android,1.2.0,SES18662,设置,3.9
E4003818,U18099,click,2026-04-17 03:29:56,2026-04-17,3,Android,1.1.0,SES80664,设置,18.9
E4003819,U37184,app_open,2026-04-01 05:13:15,2026-04-01,5,iOS,1.2.0,SES82031,详情,6.2
E4003820,U16754,page_view,2026-04-05 01:27:51,2026-04-05,1,Web,1.0.0,SES71830,购物车,24.6
E4003821,U37171,click,2026-04-18 15:09:42,2026-04-18,15,Web,1.1.0,SES90065,首页,72.6
E4003822,U46877,click,2026-04-29 19:15:35,2026-04-29,19,iOS,1.3.0,SES26966,购物车,8.0
E4003823,U39574,page_view,2026-04-20 06:07:20,2026-04-20,6,Web,1.1.0,SES61799,购物车,7.7
E4003824,U40205,click,2026-04-04 07:35:10,2026-04-04,7,Android,1.2.0,SES54189,搜索,67.9
E4003825,U27905,app_open,2026-04-05 05:23:15,2026-04-05,5,Web,1.0.0,SES60982,搜索,14.0
E4003826,U3851,purchase,2026-04-16 15:47:51,2026-04-16,15,iOS,1.1.0,SES20840,我的,33.3
E4003827,U29071,search,2026-04-19 16:30:05,2026-04-19,16,Android,1.1.0,SES40707,我的,22.9
E4003828,U8676,page_view,2026-04-05 21:32:28,2026-04-05,21,Web,1.3.0,SES11177,搜索,94.2
E4003829,U27273,app_open,2026-04-13 13:57:28,2026-04-13,13,Android,1.0.0,SES48034,搜索,44.6
E4003830,U19152,click,2026-04-29 00:52:17,2026-04-29,0,Web,1.1.0,SES72545,搜索,10.4
E4003831,U27669,purchase,2026-04-27 20:07:50,2026-04-27,20,iOS,1.0.0,SES50401,我的,35.2
E4003832,U14489,search,2026-04-20 17:46:31,2026-04-20,17,Android,1.2.0,SES46934,购物车,6.9
E4003833,U36110,page_view,2026-04-23 18:38:43,2026-04-23,18,iOS,1.3.0,SES34333,设置,101.4
E4003834,U11551,page_view,2026-04-30 20:01:41,2026-04-30,20,iOS,1.0.0,SES15548,详情,12.0
E4003835,U29839,page_view,2026-04-02 22:16:30,2026-04-02,22,Android,1.2.0,SES51230,我的,4.8
E4003836,U23079,page_view,2026-04-18 12:14:47,2026-04-18,12,Android,1.2.0,SES96566,详情,24.4
E4003837,U33830,purchase,2026-04-03 08:41:46,2026-04-03,8,iOS,1.0.0,SES56003,搜索,7.2
E4003838,U39826,app_open,2026-04-12 14:09:52,2026-04-12,14,Web,1.0.0,SES95515,购物车,3.0
E4003839,U27878,click,2026-04-05 14:35:27,2026-04-05,14,Web,1.0.0,SES68718,我的,8.8
E4003840,U42771,purchase,2026-04-03 14:35:53,2026-04-03,14,Web,1.2.0,SES13593,购物车,11.5
E4003841,U25577,click,2026-04-29 04:54:53,2026-04-29,4,Android,1.1.0,SES79970,设置,10.1
E4003842,U29821,page_view,2026-04-04 13:51:04,2026-04-04,13,iOS,1.2.0,SES60566,搜索,79.4
E4003843,U17279,app_open,2026-04-27 05:55:50,2026-04-27,5,iOS,1.1.0,SES66412,首页,55.2
E4003844,U5301,purchase,2026-04-12 05:03:12,2026-04-12,5,Web,1.2.0,SES85033,我的,33.5
E4003845,U27121,page_view,2026-04-23 18:52:12,2026-04-23,18,Web,1.0.0,SES58389,详情,15.2
E4003846,U18010,click,2026-04-02 16:18:29,2026-04-02,16,Android,1.3.0,SES38715,我的,72.3
E4003847,U13552,app_open,2026-04-07 08:14:43,2026-04-07,8,Android,1.1.0,SES69005,详情,4.0
E4003848,U33208,app_open,2026-04-14 18:12:36,2026-04-14,18,Web,1.1.0,SES87427,详情,16.2
E4003849,U4586,click,2026-04-30 11:47:37,2026-04-30,11,Web,1.0.0,SES78859,搜索,7.6
E4003850,U13739,click,2026-04-14 18:48:49,2026-04-14,18,Web,1.3.0,SES42897,详情,4.0
E4003851,U39773,page_view,2026-04-03 14:25:08,2026-04-03,14,Android,1.0.0,SES92841,详情,15.1
E4003852,U49795,app_open,2026-04-14 05:36:16,2026-04-14,5,Android,1.1.0,SES70009,首页,11.4
E4003853,U48650,page_view,2026-04-10 17:19:19,2026-04-10,17,Android,1.1.0,SES95747,我的,60.3
E4003854,U23010,share,2026-04-05 06:04:53,2026-04-05,6,Android,1.3.0,SES14294,设置,86.4
E4003855,U28449,page_view,2026-04-21 18:10:27,2026-04-21,18,Android,1.1.0,SES18863,设置,10.5
E4003856,U18641,app_open,2026-04-15 19:10:53,2026-04-15,19,Android,1.0.0,SES22142,购物车,15.8
E4003857,U9042,app_open,2026-04-28 12:00:10,2026-04-28,12,Web,1.1.0,SES82697,设置,18.7
E4003858,U26140,page_view,2026-04-07 09:50:36,2026-04-07,9,Android,1.1.0,SES42588,首页,0.8
E4003859,U19809,search,2026-04-25 10:29:47,2026-04-25,10,Android,1.0.0,SES62038,首页,19.4
E4003860,U21227,click,2026-04-17 08:51:37,2026-04-17,8,iOS,1.3.0,SES38499,设置,6.5
E4003861,U18868,purchase,2026-04-05 20:51:12,2026-04-05,20,Android,1.1.0,SES98079,搜索,37.0
E4003862,U13195,page_view,2026-04-26 20:37:05,2026-04-26,20,Android,1.1.0,SES85296,首页,39.0
E4003863,U46656,click,2026-04-19 09:15:19,2026-04-19,9,iOS,1.0.0,SES81193,首页,62.2
E4003864,U22856,click,2026-04-27 01:04:36,2026-04-27,1,iOS,1.0.0,SES57762,我的,47.6
E4003865,U33413,page_view,2026-04-04 04:45:16,2026-04-04,4,Android,1.2.0,SES75350,首页,23.1
E4003866,U11157,app_open,2026-04-12 18:33:33,2026-04-12,18,Web,1.2.0,SES14081,购物车,55.4
E4003867,U27502,page_view,2026-04-14 10:21:33,2026-04-14,10,iOS,1.3.0,SES11887,设置,16.4
E4003868,U35654,page_view,2026-04-02 01:49:38,2026-04-02,1,Android,1.2.0,SES74231,设置,29.1
E4003869,U15315,share,2026-04-21 11:25:39,2026-04-21,11,Android,1.1.0,SES95921,首页,3.0
E4003870,U49071,page_view,2026-04-18 05:20:57,2026-04-18,5,Web,1.0.0,SES28384,搜索,17.7
E4003871,U42428,page_view,2026-04-04 07:31:38,2026-04-04,7,iOS,1.1.0,SES78040,设置,1.4
E4003872,U1144,search,2026-04-24 05:26:50,2026-04-24,5,Android,1.0.0,SES48377,设置,12.9
E4003873,U16587,search,2026-04-19 23:41:09,2026-04-19,23,Web,1.3.0,SES44966,购物车,62.3
E4003874,U12515,search,2026-04-04 01:37:41,2026-04-04,1,Android,1.2.0,SES53798,购物车,19.5
E4003875,U24086,click,2026-04-14 16:53:35,2026-04-14,16,Web,1.2.0,SES63485,搜索,7.1
E4003876,U12083,click,2026-04-27 09:49:27,2026-04-27,9,Web,1.2.0,SES33737,设置,3.7
E4003877,U9695,page_view,2026-04-19 16:50:56,2026-04-19,16,iOS,1.0.0,SES48762,首页,90.4
E4003878,U2712,page_view,2026-04-12 09:16:07,2026-04-12,9,Web,1.1.0,SES60863,我的,141.4
E4003879,U43566,logout,2026-04-23 16:12:52,2026-04-23,16,Web,1.1.0,SES78096,首页,3.0
E4003880,U27196,click,2026-04-16 23:05:33,2026-04-16,23,Android,1.1.0,SES73646,设置,0.1
E4003881,U27042,share,2026-04-01 12:24:23,2026-04-01,12,Android,1.2.0,SES64518,购物车,39.2
E4003882,U38602,app_open,2026-04-17 20:31:46,2026-04-17,20,Web,1.1.0,SES10139,我的,45.6
E4003883,U10400,page_view,2026-04-15 11:25:16,2026-04-15,11,Web,1.3.0,SES11816,搜索,52.8
E4003884,U6746,click,2026-04-20 20:27:49,2026-04-20,20,Web,1.0.0,SES68156,搜索,21.7
E4003885,U9053,page_view,2026-04-14 03:20:12,2026-04-14,3,Android,1.3.0,SES89995,详情,25.7
E4003886,U2004,page_view,2026-04-25 04:10:53,2026-04-25,4,Android,1.2.0,SES39591,设置,34.0
E4003887,U7086,page_view,2026-04-03 13:24:08,2026-04-03,13,Web,1.2.0,SES47844,详情,35.3
E4003888,U32452,search,2026-04-06 08:51:11,2026-04-06,8,iOS,1.0.0,SES33472,详情,43.5
E4003889,U29300,click,2026-04-06 20:32:26,2026-04-06,20,iOS,1.1.0,SES24879,首页,5.7
E4003890,U33762,search,2026-04-13 01:32:01,2026-04-13,1,Android,1.3.0,SES42320,购物车,22.4
E4003891,U36264,page_view,2026-04-09 06:06:03,2026-04-09,6,Android,1.1.0,SES38303,搜索,14.7
E4003892,U38675,app_open,2026-04-23 23:03:51,2026-04-23,23,Android,1.1.0,SES92389,购物车,11.5
E4003893,U18085,page_view,2026-04-06 10:37:35,2026-04-06,10,iOS,1.1.0,SES54707,购物车,48.8
E4003894,U37543,page_view,2026-04-26 06:30:41,2026-04-26,6,iOS,1.2.0,SES93822,设置,109.7
E4003895,U15500,search,2026-04-12 02:15:33,2026-04-12,2,Android,1.0.0,SES19914,详情,1.8
E4003896,U30434,purchase,2026-04-20 10:49:28,2026-04-20,10,Web,1.3.0,SES71058,搜索,10.6
E4003897,U23172,logout,2026-04-07 06:16:29,2026-04-07,6,iOS,1.2.0,SES71790,搜索,16.6
E4003898,U5633,app_open,2026-04-25 17:05:19,2026-04-25,17,iOS,1.0.0,SES84936,详情,1.0
E4003899,U25044,click,2026-04-27 05:24:38,2026-04-27,5,Web,1.2.0,SES33356,搜索,53.2
E4003900,U43099,page_view,2026-04-24 04:45:20,2026-04-24,4,Web,1.3.0,SES32951,搜索,44.8
E4003901,U9208,page_view,2026-04-02 16:51:54,2026-04-02,16,Web,1.3.0,SES12638,我的,1.3
E4003902,U46825,page_view,2026-04-02 14:13:23,2026-04-02,14,Web,1.0.0,SES40590,我的,73.9
E4003903,U29837,logout,2026-04-23 17:53:33,2026-04-23,17,Web,1.3.0,SES58618,设置,56.3
E4003904,U34276,click,2026-04-23 18:12:31,2026-04-23,18,Android,1.1.0,SES87498,详情,25.3
E4003905,U38938,page_view,2026-04-20 13:23:59,2026-04-20,13,Web,1.0.0,SES86988,购物车,28.0
E4003906,U37982,page_view,2026-04-24 16:20:24,2026-04-24,16,Web,1.0.0,SES24262,搜索,4.7
E4003907,U2058,page_view,2026-04-29 06:35:48,2026-04-29,6,Web,1.0.0,SES77604,我的,19.5
E4003908,U21848,click,2026-04-05 02:22:38,2026-04-05,2,Android,1.0.0,SES37737,我的,57.7
E4003909,U16215,page_view,2026-04-19 18:34:06,2026-04-19,18,Android,1.1.0,SES91978,设置,51.6
E4003910,U17445,search,2026-04-10 03:38:49,2026-04-10,3,iOS,1.1.0,SES29650,首页,79.3
E4003911,U24350,app_open,2026-04-12 09:08:23,2026-04-12,9,iOS,1.0.0,SES55790,详情,63.0
E4003912,U29650,click,2026-04-04 14:57:28,2026-04-04,14,iOS,1.1.0,SES88865,我的,13.0
E4003913,U33638,page_view,2026-04-15 01:38:04,2026-04-15,1,Web,1.2.0,SES51603,我的,43.8
E4003914,U36802,app_open,2026-04-18 03:29:00,2026-04-18,3,Web,1.2.0,SES31989,购物车,78.9
E4003915,U14404,page_view,2026-04-23 23:55:43,2026-04-23,23,iOS,1.3.0,SES79726,详情,8.5
E4003916,U36194,page_view,2026-04-16 23:30:11,2026-04-16,23,Web,1.0.0,SES80586,设置,20.6
E4003917,U14739,click,2026-04-19 12:36:20,2026-04-19,12,iOS,1.0.0,SES39754,搜索,15.2
E4003918,U27672,search,2026-04-16 14:44:06,2026-04-16,14,iOS,1.0.0,SES89755,我的,65.7
E4003919,U19275,click,2026-04-20 13:12:50,2026-04-20,13,iOS,1.0.0,SES48016,详情,29.1
E4003920,U26668,page_view,2026-04-15 14:15:22,2026-04-15,14,Android,1.1.0,SES62095,我的,62.8
E4003921,U5711,page_view,2026-04-24 11:40:49,2026-04-24,11,iOS,1.0.0,SES67310,搜索,9.9
E4003922,U24692,register,2026-04-12 18:25:31,2026-04-12,18,iOS,1.1.0,SES88287,搜索,27.2
E4003923,U15688,page_view,2026-04-11 04:29:32,2026-04-11,4,iOS,1.3.0,SES35280,详情,10.7
E4003924,U45060,purchase,2026-04-03 18:32:38,2026-04-03,18,Web,1.3.0,SES38855,购物车,25.9
E4003925,U41802,app_open,2026-04-25 21:12:36,2026-04-25,21,iOS,1.0.0,SES52343,搜索,54.1
E4003926,U40721,page_view,2026-04-13 06:56:49,2026-04-13,6,Android,1.3.0,SES15955,首页,79.6
E4003927,U39829,click,2026-04-17 05:29:49,2026-04-17,5,Web,1.2.0,SES17085,设置,16.4
E4003928,U24536,app_open,2026-04-10 19:55:30,2026-04-10,19,Android,1.1.0,SES64716,首页,1.7
E4003929,U20942,page_view,2026-04-19 17:36:39,2026-04-19,17,iOS,1.3.0,SES17659,购物车,1.8
E4003930,U5768,page_view,2026-04-02 13:19:40,2026-04-02,13,iOS,1.2.0,SES33149,搜索,37.1
E4003931,U14380,click,2026-04-22 14:25:01,2026-04-22,14,Web,1.2.0,SES42962,购物车,10.6
E4003932,U11946,click,2026-04-29 18:52:38,2026-04-29,18,Web,1.2.0,SES15609,搜索,7.7
E4003933,U40919,search,2026-04-24 01:44:47,2026-04-24,1,iOS,1.2.0,SES51174,搜索,16.3
E4003934,U49578,search,2026-04-06 10:27:40,2026-04-06,10,iOS,1.1.0,SES89215,搜索,4.3
E4003935,U3465,page_view,2026-04-19 20:37:01,2026-04-19,20,iOS,1.2.0,SES71579,购物车,141.8
E4003936,U4061,page_view,2026-04-10 07:31:47,2026-04-10,7,Android,1.3.0,SES59192,设置,5.5
E4003937,U38327,click,2026-04-03 03:13:19,2026-04-03,3,Android,1.1.0,SES87156,我的,19.5
E4003938,U25336,click,2026-04-22 22:44:55,2026-04-22,22,Android,1.1.0,SES92107,搜索,12.7
E4003939,U29863,page_view,2026-04-20 02:38:37,2026-04-20,2,iOS,1.2.0,SES91743,详情,10.2
E4003940,U9486,click,2026-04-24 17:12:50,2026-04-24,17,Android,1.0.0,SES47025,我的,6.0
E4003941,U30938,page_view,2026-04-08 02:16:36,2026-04-08,2,Android,1.3.0,SES31806,首页,1.8
E4003942,U29176,page_view,2026-04-16 00:30:02,2026-04-16,0,Android,1.0.0,SES27587,购物车,11.7
E4003943,U32907,page_view,2026-04-07 23:33:01,2026-04-07,23,Web,1.3.0,SES97633,我的,61.9
E4003944,U29245,click,2026-04-04 10:58:49,2026-04-04,10,Web,1.0.0,SES65256,设置,55.3
E4003945,U6404,page_view,2026-04-15 16:11:11,2026-04-15,16,Android,1.1.0,SES43474,设置,3.9
E4003946,U39411,page_view,2026-04-17 00:37:07,2026-04-17,0,iOS,1.1.0,SES82581,首页,13.1
E4003947,U13151,app_open,2026-04-15 16:43:19,2026-04-15,16,Android,1.0.0,SES43239,首页,8.0
E4003948,U30041,app_open,2026-04-30 06:59:32,2026-04-30,6,Android,1.0.0,SES29305,首页,35.3
E4003949,U4644,click,2026-04-21 22:06:36,2026-04-21,22,Web,1.3.0,SES63728,详情,130.2
E4003950,U28746,search,2026-04-21 11:36:42,2026-04-21,11,Web,1.1.0,SES19569,详情,29.3
E4003951,U47214,click,2026-04-02 23:14:29,2026-04-02,23,iOS,1.2.0,SES34161,搜索,40.8
E4003952,U48304,page_view,2026-04-03 12:48:33,2026-04-03,12,Android,1.3.0,SES39738,我的,28.6
E4003953,U20669,search,2026-04-05 09:08:38,2026-04-05,9,Web,1.3.0,SES60240,搜索,9.9
E4003954,U47479,search,2026-04-10 03:03:25,2026-04-10,3,Android,1.1.0,SES39391,详情,50.2
E4003955,U42205,click,2026-04-05 10:52:43,2026-04-05,10,iOS,1.2.0,SES26180,搜索,18.1
E4003956,U32857,click,2026-04-11 06:54:47,2026-04-11,6,iOS,1.3.0,SES19263,设置,24.7
E4003957,U6010,click,2026-04-06 18:14:29,2026-04-06,18,Web,1.3.0,SES91483,搜索,36.1
E4003958,U27707,page_view,2026-04-19 21:03:11,2026-04-19,21,iOS,1.1.0,SES17631,首页,5.7
E4003959,U4432,app_open,2026-04-24 17:22:57,2026-04-24,17,iOS,1.1.0,SES74831,设置,19.9
E4003960,U27314,page_view,2026-04-20 09:06:27,2026-04-20,9,Android,1.3.0,SES35651,首页,24.2
E4003961,U23233,page_view,2026-04-03 21:14:22,2026-04-03,21,Android,1.0.0,SES27019,设置,22.5
E4003962,U19604,page_view,2026-04-11 13:37:54,2026-04-11,13,Android,1.3.0,SES27626,我的,1.6
E4003963,U48373,click,2026-04-01 13:07:21,2026-04-01,13,Web,1.0.0,SES24242,购物车,33.8
E4003964,U27422,page_view,2026-04-02 00:10:55,2026-04-02,0,iOS,1.3.0,SES59315,详情,2.4
E4003965,U9219,click,2026-04-24 05:45:01,2026-04-24,5,Android,1.1.0,SES40486,设置,92.9
E4003966,U2293,search,2026-04-23 14:13:55,2026-04-23,14,Web,1.0.0,SES52999,我的,12.4
E4003967,U17981,page_view,2026-04-04 00:28:09,2026-04-04,0,Web,1.1.0,SES19290,设置,17.3
E4003968,U2047,click,2026-04-01 11:16:03,2026-04-01,11,Android,1.2.0,SES73594,详情,35.0
E4003969,U30410,page_view,2026-04-30 07:13:05,2026-04-30,7,Web,1.2.0,SES46062,首页,30.3
E4003970,U19339,app_open,2026-04-15 02:51:54,2026-04-15,2,Web,1.0.0,SES88291,购物车,6.8
E4003971,U38958,page_view,2026-04-10 15:38:47,2026-04-10,15,Android,1.3.0,SES18415,设置,45.8
E4003972,U21877,app_open,2026-04-24 14:51:26,2026-04-24,14,iOS,1.2.0,SES67217,购物车,29.4
E4003973,U11011,page_view,2026-04-16 16:44:07,2026-04-16,16,Android,1.3.0,SES92327,首页,65.2
E4003974,U23598,logout,2026-04-06 13:59:43,2026-04-06,13,iOS,1.2.0,SES21559,购物车,18.4
E4003975,U45998,register,2026-04-03 18:37:01,2026-04-03,18,iOS,1.1.0,SES54033,首页,28.0
E4003976,U27202,logout,2026-04-11 19:39:59,2026-04-11,19,Android,1.2.0,SES21195,详情,64.3
E4003977,U33713,click,2026-04-25 18:46:39,2026-04-25,18,iOS,1.1.0,SES98326,首页,41.5
E4003978,U33550,click,2026-04-08 06:51:54,2026-04-08,6,iOS,1.2.0,SES28658,首页,57.3
E4003979,U17803,page_view,2026-04-18 08:48:56,2026-04-18,8,Web,1.1.0,SES76681,首页,11.4
E4003980,U32016,search,2026-04-05 22:08:54,2026-04-05,22,Web,1.2.0,SES80681,详情,10.5
E4003981,U33064,app_open,2026-04-03 10:41:28,2026-04-03,10,Android,1.0.0,SES17955,设置,32.8
E4003982,U45100,page_view,2026-04-12 18:06:23,2026-04-12,18,iOS,1.2.0,SES91562,首页,15.1
E4003983,U4484,click,2026-04-01 14:32:51,2026-04-01,14,Web,1.1.0,SES74755,我的,11.0
E4003984,U10278,search,2026-04-26 14:14:53,2026-04-26,14,Web,1.0.0,SES25658,我的,36.2
E4003985,U47917,click,2026-04-12 17:56:43,2026-04-12,17,Web,1.3.0,SES85978,设置,23.6
E4003986,U44809,app_open,2026-04-03 12:06:15,2026-04-03,12,Android,1.1.0,SES53574,我的,2.3
E4003987,U25052,page_view,2026-04-22 04:04:24,2026-04-22,4,Web,1.2.0,SES93485,我的,24.3
E4003988,U49487,page_view,2026-04-03 22:01:54,2026-04-03,22,Android,1.3.0,SES53169,购物车,63.1
E4003989,U34395,click,2026-04-02 16:21:59,2026-04-02,16,Android,1.1.0,SES93228,设置,65.3
E4003990,U48913,search,2026-04-12 23:19:13,2026-04-12,23,iOS,1.3.0,SES63017,详情,1.4
E4003991,U47489,click,2026-04-19 08:25:21,2026-04-19,8,Web,1.1.0,SES33884,购物车,155.4
E4003992,U9339,search,2026-04-20 20:17:38,2026-04-20,20,iOS,1.3.0,SES23461,详情,10.4
E4003993,U39201,app_open,2026-04-05 11:22:09,2026-04-05,11,Web,1.3.0,SES41679,购物车,74.7
E4003994,U10655,click,2026-04-19 12:37:25,2026-04-19,12,iOS,1.3.0,SES67567,详情,11.0
E4003995,U13456,page_view,2026-04-26 09:23:11,2026-04-26,9,Android,1.1.0,SES94741,设置,13.7
E4003996,U43655,purchase,2026-04-24 22:42:22,2026-04-24,22,Web,1.1.0,SES13899,我的,29.2
E4003997,U10735,purchase,2026-04-13 12:52:44,2026-04-13,12,Android,1.0.0,SES69014,我的,5.3
E4003998,U49546,page_view,2026-04-10 17:26:11,2026-04-10,17,Web,1.2.0,SES44950,购物车,9.6
E4003999,U8119,click,2026-04-18 03:48:39,2026-04-18,3,iOS,1.0.0,SES50145,设置,3.3
E4004000,U35584,click,2026-04-01 16:07:40,2026-04-01,16,Web,1.0.0,SES88991,购物车,19.1
E4004001,U38457,click,2026-04-26 16:19:12,2026-04-26,16,Android,1.0.0,SES95635,搜索,100.9
E4004002,U41940,register,2026-04-15 10:55:18,2026-04-15,10,Android,1.0.0,SES43600,搜索,2.9
E4004003,U12609,page_view,2026-04-09 02:11:20,2026-04-09,2,Android,1.1.0,SES54428,设置,35.2
E4004004,U4337,search,2026-04-26 12:19:37,2026-04-26,12,Web,1.3.0,SES20596,我的,7.8
E4004005,U7362,purchase,2026-04-14 23:04:49,2026-04-14,23,iOS,1.1.0,SES14997,搜索,83.0
E4004006,U28339,app_open,2026-04-19 08:41:07,2026-04-19,8,Android,1.3.0,SES83236,首页,130.0
E4004007,U1455,logout,2026-04-08 15:03:45,2026-04-08,15,Android,1.2.0,SES75053,详情,20.3
E4004008,U31845,page_view,2026-04-02 04:22:36,2026-04-02,4,Web,1.0.0,SES37121,首页,17.1
E4004009,U25276,search,2026-04-05 00:48:06,2026-04-05,0,Android,1.0.0,SES88756,我的,12.7
E4004010,U1746,page_view,2026-04-07 19:32:46,2026-04-07,19,iOS,1.2.0,SES51570,设置,23.7
E4004011,U27649,click,2026-04-03 18:59:55,2026-04-03,18,Web,1.3.0,SES82941,搜索,51.1
E4004012,U49789,page_view,2026-04-13 11:02:51,2026-04-13,11,iOS,1.3.0,SES29739,搜索,59.8
E4004013,U8060,share,2026-04-20 21:12:18,2026-04-20,21,Web,1.2.0,SES78929,详情,142.4
E4004014,U35985,page_view,2026-04-03 06:32:20,2026-04-03,6,Android,1.0.0,SES73237,详情,8.1
E4004015,U44673,page_view,2026-04-30 00:15:02,2026-04-30,0,Android,1.3.0,SES51063,设置,19.4
E4004016,U29647,click,2026-04-24 02:31:13,2026-04-24,2,Android,1.1.0,SES66242,我的,2.3
E4004017,U10530,purchase,2026-04-14 10:20:47,2026-04-14,10,iOS,1.3.0,SES29339,搜索,11.4
E4004018,U40266,click,2026-04-27 22:59:48,2026-04-27,22,Android,1.2.0,SES77994,详情,3.6
E4004019,U9302,page_view,2026-04-12 23:04:01,2026-04-12,23,Web,1.2.0,SES84022,设置,6.7
E4004020,U17709,app_open,2026-04-25 14:55:47,2026-04-25,14,Android,1.3.0,SES68498,搜索,4.8
E4004021,U7608,app_open,2026-04-08 02:02:29,2026-04-08,2,Android,1.2.0,SES23867,购物车,27.7
E4004022,U29184,click,2026-04-27 03:56:19,2026-04-27,3,Android,1.1.0,SES71752,我的,25.8
E4004023,U19291,share,2026-04-27 08:09:07,2026-04-27,8,iOS,1.3.0,SES27882,详情,12.3
E4004024,U7588,page_view,2026-04-04 00:45:29,2026-04-04,0,Web,1.3.0,SES15038,搜索,18.3
E4004025,U30648,page_view,2026-04-04 18:33:43,2026-04-04,18,iOS,1.1.0,SES68610,搜索,9.0
E4004026,U3087,page_view,2026-04-18 00:41:47,2026-04-18,0,iOS,1.0.0,SES65444,我的,5.5
E4004027,U36033,click,2026-04-17 22:57:43,2026-04-17,22,Android,1.3.0,SES18510,购物车,48.4
E4004028,U40727,app_open,2026-04-06 12:06:12,2026-04-06,12,iOS,1.2.0,SES44976,购物车,11.2
E4004029,U10064,app_open,2026-04-04 05:29:51,2026-04-04,5,Android,1.0.0,SES28555,首页,13.4
E4004030,U27922,click,2026-04-17 16:19:13,2026-04-17,16,Web,1.3.0,SES30752,我的,103.1
E4004031,U16586,page_view,2026-04-04 07:26:57,2026-04-04,7,Web,1.3.0,SES67719,搜索,53.0
E4004032,U16892,app_open,2026-04-12 00:54:04,2026-04-12,0,Android,1.2.0,SES89763,购物车,83.0
E4004033,U46559,logout,2026-04-23 02:42:40,2026-04-23,2,Web,1.1.0,SES58556,详情,6.8
E4004034,U10929,purchase,2026-04-23 18:59:45,2026-04-23,18,Android,1.3.0,SES70379,设置,60.2
E4004035,U37830,click,2026-04-02 17:41:25,2026-04-02,17,Android,1.1.0,SES33226,搜索,4.6
E4004036,U38982,page_view,2026-04-21 00:28:35,2026-04-21,0,iOS,1.1.0,SES21827,我的,8.8
E4004037,U44908,page_view,2026-04-29 12:40:42,2026-04-29,12,Android,1.0.0,SES35061,设置,94.8
E4004038,U1775,page_view,2026-04-04 17:49:34,2026-04-04,17,Web,1.0.0,SES87582,首页,55.0
E4004039,U21229,page_view,2026-04-08 06:26:09,2026-04-08,6,iOS,1.1.0,SES67263,设置,32.4
E4004040,U36082,share,2026-04-07 19:27:46,2026-04-07,19,iOS,1.2.0,SES25951,设置,35.9
E4004041,U23082,purchase,2026-04-09 05:11:59,2026-04-09,5,iOS,1.1.0,SES98366,详情,1.4
E4004042,U29934,page_view,2026-04-28 16:55:24,2026-04-28,16,Android,1.1.0,SES11248,我的,0.8
E4004043,U36393,click,2026-04-06 09:28:05,2026-04-06,9,iOS,1.1.0,SES13627,首页,18.8
E4004044,U38715,search,2026-04-06 00:26:02,2026-04-06,0,Android,1.3.0,SES19216,搜索,11.0
E4004045,U36124,click,2026-04-28 00:28:22,2026-04-28,0,iOS,1.3.0,SES28341,设置,25.9
E4004046,U33788,click,2026-04-25 22:34:34,2026-04-25,22,Android,1.0.0,SES94299,购物车,47.9
E4004047,U7716,click,2026-04-10 00:51:39,2026-04-10,0,Web,1.0.0,SES73096,我的,83.6
E4004048,U16985,click,2026-04-16 03:03:48,2026-04-16,3,Web,1.0.0,SES97126,搜索,1.0
E4004049,U38478,page_view,2026-04-07 15:36:59,2026-04-07,15,Android,1.1.0,SES16659,我的,3.2
E4004050,U25470,page_view,2026-04-17 08:01:38,2026-04-17,8,iOS,1.1.0,SES29650,我的,14.9
E4004051,U49915,page_view,2026-04-04 10:59:21,2026-04-04,10,Web,1.0.0,SES16259,设置,25.2
E4004052,U14919,app_open,2026-04-17 13:48:01,2026-04-17,13,Android,1.3.0,SES15653,购物车,6.7
E4004053,U29808,page_view,2026-04-17 00:09:08,2026-04-17,0,iOS,1.2.0,SES66883,首页,8.1
E4004054,U7071,page_view,2026-04-14 00:49:47,2026-04-14,0,Web,1.0.0,SES30967,购物车,38.6
E4004055,U32202,click,2026-04-08 05:10:25,2026-04-08,5,Android,1.1.0,SES91719,设置,3.9
E4004056,U35389,purchase,2026-04-20 22:24:55,2026-04-20,22,Android,1.0.0,SES14434,购物车,54.9
E4004057,U24845,click,2026-04-24 07:52:47,2026-04-24,7,iOS,1.0.0,SES64643,详情,15.7
E4004058,U18513,page_view,2026-04-12 15:46:39,2026-04-12,15,iOS,1.2.0,SES14088,搜索,48.5
E4004059,U42643,page_view,2026-04-23 16:52:48,2026-04-23,16,Android,1.1.0,SES48545,详情,73.6
E4004060,U34855,purchase,2026-04-13 08:02:36,2026-04-13,8,Android,1.1.0,SES48250,搜索,48.9
E4004061,U1428,click,2026-04-19 05:32:07,2026-04-19,5,Android,1.2.0,SES70037,首页,7.6
E4004062,U24688,click,2026-04-26 22:10:27,2026-04-26,22,iOS,1.3.0,SES38613,我的,19.4
E4004063,U48616,logout,2026-04-26 22:08:24,2026-04-26,22,Web,1.0.0,SES58576,详情,82.9
E4004064,U25599,purchase,2026-04-22 01:06:03,2026-04-22,1,iOS,1.2.0,SES10126,搜索,30.9
E4004065,U49437,app_open,2026-04-21 11:23:21,2026-04-21,11,iOS,1.3.0,SES60767,设置,9.4
E4004066,U24400,page_view,2026-04-05 02:55:33,2026-04-05,2,Web,1.1.0,SES41332,搜索,78.5
E4004067,U16341,page_view,2026-04-24 08:18:32,2026-04-24,8,Android,1.0.0,SES88947,设置,6.4
E4004068,U34915,logout,2026-04-06 00:15:04,2026-04-06,0,Android,1.2.0,SES77324,搜索,28.4
E4004069,U49362,page_view,2026-04-24 04:01:34,2026-04-24,4,Web,1.1.0,SES49848,购物车,5.9
E4004070,U13192,search,2026-04-13 07:12:30,2026-04-13,7,Web,1.3.0,SES38641,搜索,38.7
E4004071,U12246,page_view,2026-04-11 08:58:55,2026-04-11,8,Web,1.3.0,SES83775,购物车,5.1
E4004072,U45705,click,2026-04-27 07:00:15,2026-04-27,7,iOS,1.1.0,SES27222,搜索,60.0
E4004073,U9344,page_view,2026-04-23 06:29:10,2026-04-23,6,Android,1.1.0,SES34965,详情,9.1
E4004074,U6157,page_view,2026-04-02 07:12:08,2026-04-02,7,Android,1.1.0,SES17672,我的,43.3
E4004075,U15541,search,2026-04-13 07:20:08,2026-04-13,7,Web,1.3.0,SES41090,我的,0.5
E4004076,U3388,search,2026-04-12 08:50:00,2026-04-12,8,Android,1.3.0,SES36078,我的,10.2
E4004077,U5033,share,2026-04-21 12:30:19,2026-04-21,12,Web,1.2.0,SES81005,首页,4.7
E4004078,U35443,app_open,2026-04-21 15:15:38,2026-04-21,15,Android,1.0.0,SES40179,详情,16.7
E4004079,U44306,search,2026-04-10 21:35:51,2026-04-10,21,iOS,1.1.0,SES68427,设置,2.1
E4004080,U19274,page_view,2026-04-17 18:52:07,2026-04-17,18,Web,1.0.0,SES95100,我的,10.4
E4004081,U5821,click,2026-04-05 09:01:45,2026-04-05,9,Web,1.3.0,SES64172,购物车,10.4
E4004082,U38060,page_view,2026-04-10 10:07:53,2026-04-10,10,iOS,1.1.0,SES68470,详情,23.9
E4004083,U32938,page_view,2026-04-07 01:48:18,2026-04-07,1,Web,1.1.0,SES36898,我的,14.2
E4004084,U31362,page_view,2026-04-24 07:12:42,2026-04-24,7,Web,1.1.0,SES21859,设置,134.5
E4004085,U7768,purchase,2026-04-26 08:42:34,2026-04-26,8,Web,1.2.0,SES47759,首页,8.9
E4004086,U21076,share,2026-04-07 03:14:34,2026-04-07,3,Web,1.3.0,SES19150,我的,1.8
E4004087,U36378,click,2026-04-23 11:45:47,2026-04-23,11,iOS,1.1.0,SES40143,我的,31.8
E4004088,U47536,app_open,2026-04-26 20:31:05,2026-04-26,20,Web,1.0.0,SES78500,首页,8.7
E4004089,U43512,register,2026-04-19 08:06:04,2026-04-19,8,Web,1.2.0,SES94448,搜索,10.3
E4004090,U4682,search,2026-04-14 05:53:40,2026-04-14,5,Web,1.1.0,SES66208,首页,0.9
E4004091,U27861,search,2026-04-16 19:19:13,2026-04-16,19,Web,1.2.0,SES78872,我的,19.7
E4004092,U44058,app_open,2026-04-20 11:26:48,2026-04-20,11,iOS,1.2.0,SES39641,详情,3.4
E4004093,U21273,page_view,2026-04-09 17:42:19,2026-04-09,17,Android,1.3.0,SES10214,设置,15.0
E4004094,U7789,logout,2026-04-18 03:50:46,2026-04-18,3,Android,1.1.0,SES51461,设置,46.5
E4004095,U23151,click,2026-04-09 23:41:23,2026-04-09,23,iOS,1.0.0,SES45014,我的,15.8
E4004096,U45111,page_view,2026-04-18 13:14:12,2026-04-18,13,Android,1.3.0,SES11544,详情,26.3
E4004097,U44895,click,2026-04-02 23:11:17,2026-04-02,23,Android,1.1.0,SES87907,搜索,23.8
E4004098,U43046,page_view,2026-04-17 16:17:22,2026-04-17,16,iOS,1.1.0,SES42477,详情,26.7
E4004099,U1738,click,2026-04-20 23:00:44,2026-04-20,23,Android,1.3.0,SES70478,我的,39.1
E4004100,U24868,click,2026-04-18 02:33:59,2026-04-18,2,Web,1.2.0,SES59972,详情,16.0
E4004101,U10569,search,2026-04-03 21:04:18,2026-04-03,21,iOS,1.0.0,SES40480,购物车,19.8
E4004102,U11287,click,2026-04-29 17:26:55,2026-04-29,17,iOS,1.0.0,SES42398,设置,11.3
E4004103,U35663,click,2026-04-17 08:03:18,2026-04-17,8,Web,1.2.0,SES74389,设置,3.3
E4004104,U17896,page_view,2026-04-05 05:53:37,2026-04-05,5,Android,1.1.0,SES71802,搜索,45.8
E4004105,U30890,app_open,2026-04-01 08:21:17,2026-04-01,8,Web,1.0.0,SES77928,详情,19.1
E4004106,U3985,logout,2026-04-02 07:40:57,2026-04-02,7,Android,1.1.0,SES13536,首页,9.1
E4004107,U38750,app_open,2026-04-04 13:04:52,2026-04-04,13,Web,1.3.0,SES72191,购物车,27.1
E4004108,U21021,page_view,2026-04-27 04:55:37,2026-04-27,4,iOS,1.3.0,SES92397,购物车,35.7
E4004109,U23506,page_view,2026-04-27 12:33:33,2026-04-27,12,Web,1.1.0,SES65309,设置,19.7
E4004110,U28537,share,2026-04-29 17:32:30,2026-04-29,17,iOS,1.3.0,SES89053,首页,47.7
E4004111,U44698,page_view,2026-04-02 21:56:06,2026-04-02,21,Web,1.1.0,SES34628,我的,31.8
E4004112,U41897,search,2026-04-14 18:43:37,2026-04-14,18,iOS,1.1.0,SES91778,我的,9.3
E4004113,U27562,page_view,2026-04-09 18:01:13,2026-04-09,18,Android,1.2.0,SES62667,设置,27.2
E4004114,U47180,page_view,2026-04-25 04:04:48,2026-04-25,4,Android,1.1.0,SES83525,首页,78.4
E4004115,U20838,page_view,2026-04-12 15:36:56,2026-04-12,15,Android,1.3.0,SES94073,我的,104.9
E4004116,U29064,click,2026-04-25 14:01:47,2026-04-25,14,Web,1.3.0,SES87323,首页,5.5
E4004117,U3774,app_open,2026-04-04 01:16:02,2026-04-04,1,Web,1.2.0,SES72463,首页,4.6
E4004118,U13741,page_view,2026-04-22 15:32:01,2026-04-22,15,Web,1.2.0,SES53103,首页,21.7
E4004119,U30674,page_view,2026-04-16 04:18:01,2026-04-16,4,Android,1.3.0,SES91283,购物车,98.5
E4004120,U43562,app_open,2026-04-14 06:31:00,2026-04-14,6,iOS,1.0.0,SES66816,搜索,15.1
E4004121,U20085,app_open,2026-04-11 16:36:35,2026-04-11,16,iOS,1.0.0,SES77361,我的,18.1
E4004122,U18437,page_view,2026-04-04 22:47:43,2026-04-04,22,Android,1.2.0,SES37899,首页,4.8
E4004123,U24643,page_view,2026-04-22 11:19:32,2026-04-22,11,Web,1.2.0,SES93931,详情,50.6
E4004124,U47821,page_view,2026-04-20 01:33:50,2026-04-20,1,Web,1.0.0,SES39955,我的,53.8
E4004125,U11740,search,2026-04-29 10:58:38,2026-04-29,10,Android,1.2.0,SES27140,我的,23.6
E4004126,U21963,click,2026-04-14 22:19:19,2026-04-14,22,Web,1.1.0,SES15778,首页,12.3
E4004127,U25915,logout,2026-04-06 21:46:39,2026-04-06,21,Web,1.2.0,SES93378,详情,12.7
E4004128,U8283,search,2026-04-24 00:56:23,2026-04-24,0,Web,1.0.0,SES25658,首页,11.0
E4004129,U11253,app_open,2026-04-08 15:59:04,2026-04-08,15,Android,1.0.0,SES53556,搜索,24.9
E4004130,U25507,search,2026-04-19 03:30:35,2026-04-19,3,iOS,1.0.0,SES13997,搜索,26.1
E4004131,U39492,app_open,2026-04-12 04:31:32,2026-04-12,4,Web,1.3.0,SES75872,首页,70.9
E4004132,U46131,purchase,2026-04-12 20:04:28,2026-04-12,20,Android,1.3.0,SES51206,搜索,42.8
E4004133,U25167,register,2026-04-22 14:38:51,2026-04-22,14,Android,1.2.0,SES22897,购物车,15.9
E4004134,U32083,app_open,2026-04-26 01:52:52,2026-04-26,1,iOS,1.3.0,SES13909,设置,48.1
E4004135,U13647,app_open,2026-04-07 16:44:35,2026-04-07,16,Android,1.2.0,SES92340,详情,6.8
E4004136,U46456,logout,2026-04-22 23:27:49,2026-04-22,23,Android,1.3.0,SES37905,详情,74.7
E4004137,U9530,page_view,2026-04-01 00:46:16,2026-04-01,0,Web,1.0.0,SES20245,首页,20.0
E4004138,U10658,page_view,2026-04-11 11:14:56,2026-04-11,11,Web,1.1.0,SES63893,购物车,16.0
E4004139,U38209,register,2026-04-25 09:11:38,2026-04-25,9,Web,1.3.0,SES32838,首页,28.5
E4004140,U31569,page_view,2026-04-05 13:01:41,2026-04-05,13,Android,1.2.0,SES59310,搜索,6.7
E4004141,U8757,page_view,2026-04-09 18:50:53,2026-04-09,18,Android,1.0.0,SES53088,首页,78.3
E4004142,U45576,page_view,2026-04-23 23:04:54,2026-04-23,23,Web,1.3.0,SES91216,搜索,63.6
E4004143,U28558,page_view,2026-04-25 00:18:13,2026-04-25,0,iOS,1.3.0,SES68862,设置,17.8
E4004144,U14673,register,2026-04-11 07:44:05,2026-04-11,7,iOS,1.1.0,SES39905,搜索,17.6
E4004145,U8153,page_view,2026-04-24 00:03:52,2026-04-24,0,iOS,1.0.0,SES77336,首页,9.4
E4004146,U39979,app_open,2026-04-27 06:37:51,2026-04-27,6,Web,1.3.0,SES53240,首页,40.8
E4004147,U11876,app_open,2026-04-09 04:29:42,2026-04-09,4,iOS,1.2.0,SES63372,设置,16.9
E4004148,U14724,page_view,2026-04-26 17:36:23,2026-04-26,17,iOS,1.0.0,SES44556,购物车,4.0
E4004149,U25028,page_view,2026-04-15 09:16:12,2026-04-15,9,Android,1.3.0,SES20356,详情,46.8
E4004150,U12615,page_view,2026-04-10 15:18:00,2026-04-10,15,Web,1.2.0,SES61129,详情,0.8
E4004151,U42958,page_view,2026-04-13 04:34:01,2026-04-13,4,iOS,1.3.0,SES80542,详情,24.9
E4004152,U19292,page_view,2026-04-09 18:01:27,2026-04-09,18,iOS,1.2.0,SES79039,设置,5.0
E4004153,U12582,page_view,2026-04-28 01:09:46,2026-04-28,1,Android,1.3.0,SES15637,我的,36.0
E4004154,U24246,click,2026-04-09 01:10:46,2026-04-09,1,iOS,1.3.0,SES84552,首页,5.4
E4004155,U33903,app_open,2026-04-16 16:52:48,2026-04-16,16,iOS,1.0.0,SES51717,我的,45.5
E4004156,U1405,app_open,2026-04-04 08:35:44,2026-04-04,8,Web,1.3.0,SES56783,首页,21.6
E4004157,U42882,page_view,2026-04-04 23:15:09,2026-04-04,23,Web,1.1.0,SES41489,我的,30.7
E4004158,U11709,page_view,2026-04-02 16:45:04,2026-04-02,16,iOS,1.1.0,SES27187,搜索,0.4
E4004159,U44037,click,2026-04-02 10:51:29,2026-04-02,10,Android,1.1.0,SES24262,我的,5.4
E4004160,U11147,app_open,2026-04-12 13:50:15,2026-04-12,13,iOS,1.2.0,SES96685,购物车,69.1
E4004161,U15895,page_view,2026-04-25 20:30:34,2026-04-25,20,Android,1.3.0,SES77387,购物车,0.8
E4004162,U23316,page_view,2026-04-03 15:24:55,2026-04-03,15,Web,1.0.0,SES12273,搜索,14.6
E4004163,U22770,logout,2026-04-11 01:26:11,2026-04-11,1,Android,1.0.0,SES19299,首页,158.6
E4004164,U31851,page_view,2026-04-15 05:02:11,2026-04-15,5,iOS,1.2.0,SES37214,购物车,19.4
E4004165,U4604,app_open,2026-04-30 19:46:08,2026-04-30,19,iOS,1.3.0,SES49984,我的,29.7
E4004166,U30468,page_view,2026-04-23 19:33:18,2026-04-23,19,Android,1.1.0,SES11279,首页,41.7
E4004167,U31642,page_view,2026-04-27 03:02:52,2026-04-27,3,iOS,1.2.0,SES70158,详情,28.4
E4004168,U36092,click,2026-04-28 00:44:33,2026-04-28,0,Android,1.3.0,SES81210,设置,45.4
E4004169,U24937,page_view,2026-04-26 01:12:43,2026-04-26,1,Android,1.2.0,SES19625,首页,27.2
E4004170,U40459,logout,2026-04-25 15:42:31,2026-04-25,15,Android,1.2.0,SES57028,设置,27.7
E4004171,U16646,page_view,2026-04-06 04:14:38,2026-04-06,4,iOS,1.2.0,SES75689,购物车,20.3
E4004172,U45484,click,2026-04-02 01:58:50,2026-04-02,1,Web,1.3.0,SES77994,搜索,26.2
E4004173,U24171,share,2026-04-11 05:55:27,2026-04-11,5,Web,1.0.0,SES56098,我的,7.4
E4004174,U40005,page_view,2026-04-21 12:45:07,2026-04-21,12,iOS,1.0.0,SES59241,我的,35.4
E4004175,U9826,page_view,2026-04-03 17:10:28,2026-04-03,17,Android,1.1.0,SES36808,搜索,22.3
E4004176,U4209,click,2026-04-29 03:59:50,2026-04-29,3,Android,1.3.0,SES60091,设置,13.5
E4004177,U12462,click,2026-04-02 03:44:14,2026-04-02,3,Web,1.2.0,SES22178,设置,104.8
E4004178,U2547,logout,2026-04-13 04:38:50,2026-04-13,4,iOS,1.2.0,SES34990,详情,7.4
E4004179,U3679,search,2026-04-16 16:40:03,2026-04-16,16,Web,1.3.0,SES59838,详情,19.0
E4004180,U44342,page_view,2026-04-30 23:02:44,2026-04-30,23,iOS,1.2.0,SES12602,详情,10.9
E4004181,U7276,register,2026-04-08 21:36:11,2026-04-08,21,iOS,1.1.0,SES42845,首页,7.6
E4004182,U16706,click,2026-04-25 00:20:12,2026-04-25,0,Android,1.1.0,SES25037,详情,9.7
E4004183,U23623,app_open,2026-04-30 06:05:46,2026-04-30,6,Android,1.1.0,SES35692,首页,19.7
E4004184,U35165,app_open,2026-04-13 11:48:13,2026-04-13,11,Android,1.1.0,SES81651,设置,46.9
E4004185,U20876,click,2026-04-20 03:10:52,2026-04-20,3,Web,1.0.0,SES42801,购物车,63.2
E4004186,U44370,click,2026-04-15 23:42:24,2026-04-15,23,Android,1.3.0,SES52006,首页,58.2
E4004187,U2230,page_view,2026-04-20 13:37:19,2026-04-20,13,iOS,1.0.0,SES96495,搜索,35.5
E4004188,U18957,app_open,2026-04-19 03:27:03,2026-04-19,3,iOS,1.2.0,SES39237,购物车,19.4
E4004189,U14423,app_open,2026-04-13 01:17:24,2026-04-13,1,Web,1.1.0,SES30515,设置,12.3
E4004190,U45658,search,2026-04-06 04:19:43,2026-04-06,4,Web,1.0.0,SES68732,搜索,4.5
E4004191,U2181,click,2026-04-01 02:52:57,2026-04-01,2,Android,1.3.0,SES28947,首页,78.9
E4004192,U3550,click,2026-04-26 19:55:20,2026-04-26,19,Android,1.3.0,SES38890,购物车,23.4
E4004193,U47272,click,2026-04-06 16:41:30,2026-04-06,16,Android,1.0.0,SES56225,购物车,1.9
E4004194,U40778,page_view,2026-04-18 18:24:43,2026-04-18,18,Web,1.3.0,SES96925,首页,15.3
E4004195,U32161,click,2026-04-24 09:38:54,2026-04-24,9,Android,1.3.0,SES83370,设置,25.5
E4004196,U41011,page_view,2026-04-06 15:16:21,2026-04-06,15,iOS,1.1.0,SES12273,详情,55.9
E4004197,U42109,purchase,2026-04-13 04:31:52,2026-04-13,4,iOS,1.3.0,SES79284,设置,32.7
E4004198,U4605,app_open,2026-04-06 13:19:48,2026-04-06,13,Web,1.3.0,SES39527,详情,5.0
E4004199,U45270,app_open,2026-04-11 08:56:09,2026-04-11,8,iOS,1.2.0,SES97093,购物车,83.9
E4004200,U40351,page_view,2026-04-21 22:11:43,2026-04-21,22,Web,1.3.0,SES71472,首页,8.7
E4004201,U43704,app_open,2026-04-22 04:06:19,2026-04-22,4,Web,1.0.0,SES50116,购物车,33.8
E4004202,U8032,click,2026-04-18 03:59:23,2026-04-18,3,Android,1.1.0,SES35391,购物车,38.6
E4004203,U5121,click,2026-04-26 14:34:49,2026-04-26,14,iOS,1.2.0,SES80477,购物车,4.6
E4004204,U49888,click,2026-04-10 13:19:22,2026-04-10,13,Web,1.2.0,SES43558,购物车,34.6
E4004205,U29151,purchase,2026-04-20 06:05:36,2026-04-20,6,Android,1.2.0,SES14764,设置,12.0
E4004206,U41820,click,2026-04-21 16:59:10,2026-04-21,16,Web,1.1.0,SES90496,首页,0.3
E4004207,U21602,page_view,2026-04-17 10:21:22,2026-04-17,10,Android,1.2.0,SES85045,详情,18.0
E4004208,U10950,page_view,2026-04-15 06:49:01,2026-04-15,6,Android,1.2.0,SES21658,首页,17.4
E4004209,U24027,page_view,2026-04-13 04:32:46,2026-04-13,4,Android,1.3.0,SES35342,详情,53.6
E4004210,U5049,app_open,2026-04-17 10:22:44,2026-04-17,10,Android,1.3.0,SES12537,详情,28.9
E4004211,U7929,click,2026-04-12 23:27:32,2026-04-12,23,Android,1.1.0,SES15802,设置,42.0
E4004212,U42135,search,2026-04-18 20:28:07,2026-04-18,20,Android,1.1.0,SES36795,首页,10.4
E4004213,U49920,click,2026-04-04 22:10:02,2026-04-04,22,Web,1.3.0,SES60443,购物车,4.1
E4004214,U39694,purchase,2026-04-09 20:50:33,2026-04-09,20,Android,1.3.0,SES27732,我的,0.3
E4004215,U40744,click,2026-04-23 03:18:35,2026-04-23,3,Android,1.0.0,SES89496,首页,34.7
E4004216,U32202,page_view,2026-04-04 11:08:41,2026-04-04,11,Web,1.3.0,SES35378,购物车,38.9
E4004217,U15676,click,2026-04-29 23:34:56,2026-04-29,23,Android,1.3.0,SES68507,设置,52.5
E4004218,U39041,page_view,2026-04-23 16:15:56,2026-04-23,16,Web,1.2.0,SES35142,设置,14.7
E4004219,U14554,app_open,2026-04-20 03:03:41,2026-04-20,3,Web,1.0.0,SES96694,我的,50.1
E4004220,U11545,page_view,2026-04-12 04:40:04,2026-04-12,4,iOS,1.0.0,SES38231,首页,48.1
E4004221,U42142,page_view,2026-04-18 23:17:16,2026-04-18,23,iOS,1.1.0,SES89338,我的,2.7
E4004222,U35596,register,2026-04-02 00:41:25,2026-04-02,0,iOS,1.0.0,SES83037,详情,10.4
E4004223,U48767,page_view,2026-04-24 14:47:38,2026-04-24,14,Android,1.1.0,SES58986,详情,14.0
E4004224,U34999,purchase,2026-04-30 09:35:51,2026-04-30,9,Web,1.3.0,SES98376,详情,30.4
E4004225,U28461,page_view,2026-04-05 13:29:11,2026-04-05,13,iOS,1.0.0,SES60794,搜索,13.4
E4004226,U22495,page_view,2026-04-29 16:21:16,2026-04-29,16,iOS,1.1.0,SES15008,详情,29.3
E4004227,U18314,click,2026-04-25 13:59:48,2026-04-25,13,Web,1.0.0,SES18435,搜索,10.7
E4004228,U33917,click,2026-04-17 03:22:04,2026-04-17,3,Web,1.1.0,SES36146,购物车,17.6
E4004229,U21140,register,2026-04-01 23:46:50,2026-04-01,23,Android,1.1.0,SES54089,我的,49.4
E4004230,U6300,click,2026-04-12 16:46:44,2026-04-12,16,Android,1.2.0,SES58971,我的,10.2
E4004231,U21155,page_view,2026-04-26 20:51:13,2026-04-26,20,iOS,1.0.0,SES73189,首页,2.2
E4004232,U18015,click,2026-04-26 23:27:39,2026-04-26,23,Android,1.0.0,SES99482,设置,35.2
E4004233,U36256,page_view,2026-04-09 21:06:43,2026-04-09,21,Web,1.1.0,SES80361,详情,14.3
E4004234,U27053,app_open,2026-04-11 03:49:18,2026-04-11,3,Web,1.2.0,SES37766,首页,6.0
E4004235,U26976,app_open,2026-04-01 23:32:25,2026-04-01,23,iOS,1.3.0,SES72928,搜索,1.0
E4004236,U28529,app_open,2026-04-15 07:06:18,2026-04-15,7,Android,1.2.0,SES38754,购物车,30.1
E4004237,U27477,app_open,2026-04-19 14:11:29,2026-04-19,14,iOS,1.0.0,SES99694,我的,64.6
E4004238,U16018,page_view,2026-04-22 23:45:41,2026-04-22,23,iOS,1.0.0,SES21156,购物车,50.7
E4004239,U2383,register,2026-04-10 21:22:41,2026-04-10,21,Android,1.0.0,SES60254,详情,2.7
E4004240,U24708,click,2026-04-04 14:01:54,2026-04-04,14,iOS,1.3.0,SES35486,详情,15.1
E4004241,U1083,app_open,2026-04-18 18:17:48,2026-04-18,18,iOS,1.0.0,SES67948,购物车,4.1
E4004242,U49591,purchase,2026-04-13 06:20:23,2026-04-13,6,Web,1.3.0,SES97692,搜索,32.6
E4004243,U35701,logout,2026-04-08 01:05:02,2026-04-08,1,Web,1.3.0,SES27840,首页,25.2
E4004244,U38721,app_open,2026-04-12 21:39:06,2026-04-12,21,Web,1.0.0,SES96820,购物车,5.5
E4004245,U20069,logout,2026-04-13 02:58:05,2026-04-13,2,Android,1.0.0,SES24095,设置,66.1
E4004246,U6846,search,2026-04-30 03:32:04,2026-04-30,3,iOS,1.0.0,SES84693,详情,31.2
E4004247,U11701,purchase,2026-04-28 13:27:00,2026-04-28,13,iOS,1.3.0,SES63724,我的,56.1
E4004248,U11581,page_view,2026-04-02 17:57:06,2026-04-02,17,iOS,1.3.0,SES52347,首页,91.3
E4004249,U10474,purchase,2026-04-10 09:22:07,2026-04-10,9,Android,1.1.0,SES75627,首页,18.9
E4004250,U21946,purchase,2026-04-08 12:14:54,2026-04-08,12,iOS,1.2.0,SES82928,设置,66.8
E4004251,U18548,page_view,2026-04-27 07:12:58,2026-04-27,7,iOS,1.3.0,SES85236,详情,46.4
E4004252,U12454,page_view,2026-04-04 04:23:37,2026-04-04,4,iOS,1.2.0,SES31921,购物车,50.4
E4004253,U28612,search,2026-04-17 22:04:16,2026-04-17,22,Android,1.1.0,SES44498,我的,42.4
E4004254,U32724,register,2026-04-24 14:17:01,2026-04-24,14,iOS,1.1.0,SES69960,我的,0.0
E4004255,U2299,page_view,2026-04-29 16:31:54,2026-04-29,16,Android,1.0.0,SES42088,设置,1.0
E4004256,U3112,search,2026-04-16 03:24:51,2026-04-16,3,Web,1.0.0,SES23329,详情,5.1
E4004257,U44421,logout,2026-04-11 16:42:05,2026-04-11,16,iOS,1.0.0,SES98036,详情,25.0
E4004258,U39258,click,2026-04-04 02:59:31,2026-04-04,2,iOS,1.3.0,SES33180,设置,12.8
E4004259,U31388,page_view,2026-04-10 08:42:42,2026-04-10,8,Web,1.2.0,SES21980,详情,20.4
E4004260,U6484,page_view,2026-04-19 19:57:26,2026-04-19,19,Android,1.2.0,SES43804,购物车,24.9
E4004261,U13841,page_view,2026-04-27 06:32:26,2026-04-27,6,Web,1.0.0,SES93660,搜索,28.3
E4004262,U2951,app_open,2026-04-30 22:30:09,2026-04-30,22,Android,1.1.0,SES26139,详情,50.6
E4004263,U35214,page_view,2026-04-25 01:23:17,2026-04-25,1,Web,1.3.0,SES96776,搜索,1.9
E4004264,U44882,app_open,2026-04-25 17:19:33,2026-04-25,17,Web,1.3.0,SES40675,首页,31.2
E4004265,U21971,click,2026-04-29 14:46:21,2026-04-29,14,iOS,1.1.0,SES23010,购物车,7.7
E4004266,U49707,app_open,2026-04-06 12:38:29,2026-04-06,12,Web,1.0.0,SES92723,首页,53.5
E4004267,U32199,page_view,2026-04-30 07:02:38,2026-04-30,7,Android,1.0.0,SES92869,设置,5.4
E4004268,U14807,app_open,2026-04-04 04:27:50,2026-04-04,4,Android,1.1.0,SES77558,我的,48.2
E4004269,U30350,page_view,2026-04-16 12:35:17,2026-04-16,12,iOS,1.0.0,SES42859,设置,104.1
E4004270,U18005,click,2026-04-18 06:21:02,2026-04-18,6,iOS,1.3.0,SES23797,详情,19.9
E4004271,U21009,app_open,2026-04-10 17:46:42,2026-04-10,17,iOS,1.0.0,SES39845,设置,1.7
E4004272,U4550,page_view,2026-04-27 06:32:05,2026-04-27,6,iOS,1.3.0,SES43715,详情,30.5
E4004273,U25228,search,2026-04-29 08:35:03,2026-04-29,8,Web,1.1.0,SES50077,设置,15.2
E4004274,U47555,search,2026-04-18 03:31:17,2026-04-18,3,Web,1.0.0,SES89496,我的,16.3
E4004275,U42562,page_view,2026-04-24 11:14:46,2026-04-24,11,iOS,1.1.0,SES91784,搜索,52.9
E4004276,U19743,search,2026-04-16 16:24:53,2026-04-16,16,Web,1.1.0,SES13240,设置,3.6
E4004277,U13838,app_open,2026-04-22 10:29:13,2026-04-22,10,iOS,1.3.0,SES17226,设置,13.2
E4004278,U7797,page_view,2026-04-24 06:02:25,2026-04-24,6,iOS,1.0.0,SES74034,设置,10.5
E4004279,U12454,page_view,2026-04-11 11:41:23,2026-04-11,11,Web,1.0.0,SES97761,设置,7.2
E4004280,U23487,page_view,2026-04-29 01:57:37,2026-04-29,1,iOS,1.2.0,SES96524,首页,29.9
E4004281,U30324,click,2026-04-24 14:54:59,2026-04-24,14,Android,1.2.0,SES65518,首页,40.8
E4004282,U41589,page_view,2026-04-17 13:36:15,2026-04-17,13,Android,1.3.0,SES44661,首页,43.9
E4004283,U24013,page_view,2026-04-07 01:35:06,2026-04-07,1,Web,1.2.0,SES32635,我的,37.8
E4004284,U25507,click,2026-04-12 20:54:51,2026-04-12,20,Android,1.0.0,SES62754,我的,6.1
E4004285,U5566,page_view,2026-04-15 11:46:51,2026-04-15,11,iOS,1.3.0,SES46258,详情,55.1
E4004286,U3430,logout,2026-04-17 19:16:19,2026-04-17,19,Android,1.2.0,SES14878,设置,5.5
E4004287,U2875,page_view,2026-04-09 01:05:38,2026-04-09,1,Android,1.2.0,SES82029,首页,8.9
E4004288,U4096,page_view,2026-04-20 05:35:08,2026-04-20,5,Web,1.3.0,SES65551,我的,17.8
E4004289,U34115,click,2026-04-30 19:47:23,2026-04-30,19,iOS,1.2.0,SES93919,我的,31.6
E4004290,U19875,page_view,2026-04-08 02:16:21,2026-04-08,2,Web,1.1.0,SES71110,购物车,31.2
E4004291,U42389,logout,2026-04-14 10:07:41,2026-04-14,10,Web,1.3.0,SES25226,设置,30.4
E4004292,U35805,page_view,2026-04-22 06:06:54,2026-04-22,6,Web,1.0.0,SES96293,首页,28.0
E4004293,U7419,search,2026-04-05 14:06:52,2026-04-05,14,Web,1.1.0,SES90576,详情,22.3
E4004294,U36557,logout,2026-04-29 05:41:18,2026-04-29,5,Web,1.1.0,SES16565,我的,18.6
E4004295,U14382,click,2026-04-17 23:39:27,2026-04-17,23,Web,1.1.0,SES95913,设置,13.3
E4004296,U3875,app_open,2026-04-01 21:26:28,2026-04-01,21,Android,1.1.0,SES27176,详情,28.1
E4004297,U31851,page_view,2026-04-05 23:08:48,2026-04-05,23,Web,1.1.0,SES83814,设置,18.5
E4004298,U49325,app_open,2026-04-03 19:15:50,2026-04-03,19,Android,1.2.0,SES44372,购物车,32.0
E4004299,U40955,logout,2026-04-06 05:18:44,2026-04-06,5,Web,1.2.0,SES15391,详情,43.5
E4004300,U6151,click,2026-04-16 07:39:57,2026-04-16,7,iOS,1.3.0,SES42204,我的,19.8
E4004301,U1638,app_open,2026-04-24 13:57:50,2026-04-24,13,Android,1.1.0,SES66378,购物车,9.4
E4004302,U8387,page_view,2026-04-27 03:49:25,2026-04-27,3,Android,1.2.0,SES28266,设置,21.6
E4004303,U10873,page_view,2026-04-06 10:51:06,2026-04-06,10,Android,1.0.0,SES42218,搜索,27.1
E4004304,U9365,click,2026-04-02 03:24:55,2026-04-02,3,iOS,1.0.0,SES86661,首页,4.9
E4004305,U34559,page_view,2026-04-03 00:02:26,2026-04-03,0,Android,1.2.0,SES75448,购物车,4.9
E4004306,U17265,click,2026-04-20 12:47:12,2026-04-20,12,Android,1.3.0,SES67385,详情,89.4
E4004307,U11703,search,2026-04-03 06:01:58,2026-04-03,6,Web,1.2.0,SES42584,我的,26.5
E4004308,U19280,page_view,2026-04-04 01:06:39,2026-04-04,1,Android,1.1.0,SES60432,购物车,28.0
E4004309,U18486,search,2026-04-05 17:44:30,2026-04-05,17,Android,1.0.0,SES21383,搜索,63.5
E4004310,U43382,page_view,2026-04-30 11:11:47,2026-04-30,11,iOS,1.2.0,SES34846,首页,22.8
E4004311,U37945,page_view,2026-04-03 07:11:33,2026-04-03,7,Web,1.3.0,SES53738,我的,75.8
E4004312,U23100,click,2026-04-08 15:46:45,2026-04-08,15,Web,1.1.0,SES63524,购物车,8.5
E4004313,U15453,logout,2026-04-23 01:43:57,2026-04-23,1,Android,1.1.0,SES85809,购物车,22.8
E4004314,U17578,click,2026-04-11 20:21:33,2026-04-11,20,Web,1.2.0,SES28840,我的,16.5
E4004315,U49438,page_view,2026-04-04 22:20:21,2026-04-04,22,Web,1.3.0,SES92463,购物车,41.6
E4004316,U7707,page_view,2026-04-27 16:09:10,2026-04-27,16,iOS,1.1.0,SES76582,详情,19.7
E4004317,U13933,page_view,2026-04-20 08:10:56,2026-04-20,8,Web,1.2.0,SES54119,购物车,16.8
E4004318,U30839,click,2026-04-14 01:06:43,2026-04-14,1,iOS,1.2.0,SES97379,首页,73.6
E4004319,U37072,page_view,2026-04-17 11:00:44,2026-04-17,11,iOS,1.0.0,SES35174,设置,21.4
E4004320,U12653,app_open,2026-04-26 01:18:14,2026-04-26,1,Android,1.1.0,SES87506,搜索,2.2
E4004321,U24629,click,2026-04-07 06:14:57,2026-04-07,6,iOS,1.0.0,SES45531,设置,52.6
E4004322,U5368,app_open,2026-04-13 15:34:11,2026-04-13,15,iOS,1.1.0,SES69795,我的,41.1
E4004323,U38604,register,2026-04-28 11:36:51,2026-04-28,11,Android,1.2.0,SES84438,首页,64.4
E4004324,U36012,search,2026-04-18 05:48:39,2026-04-18,5,Android,1.2.0,SES85769,详情,25.8
E4004325,U38603,page_view,2026-04-28 00:01:52,2026-04-28,0,iOS,1.2.0,SES52149,详情,25.9
E4004326,U2214,logout,2026-04-18 07:20:27,2026-04-18,7,iOS,1.3.0,SES41990,购物车,21.7
E4004327,U27278,app_open,2026-04-09 03:50:51,2026-04-09,3,iOS,1.1.0,SES30641,我的,35.2
E4004328,U31346,page_view,2026-04-20 22:25:40,2026-04-20,22,iOS,1.2.0,SES84544,我的,10.4
E4004329,U31000,page_view,2026-04-26 22:07:59,2026-04-26,22,Web,1.3.0,SES20940,购物车,87.6
E4004330,U4079,search,2026-04-27 18:45:30,2026-04-27,18,Web,1.0.0,SES92923,首页,47.4
E4004331,U1140,page_view,2026-04-12 21:51:15,2026-04-12,21,Android,1.0.0,SES41893,首页,22.5
E4004332,U10557,purchase,2026-04-16 12:10:58,2026-04-16,12,Web,1.0.0,SES73915,设置,1.2
E4004333,U33361,app_open,2026-04-21 05:56:19,2026-04-21,5,iOS,1.2.0,SES94357,我的,10.9
E4004334,U26989,share,2026-04-09 02:59:26,2026-04-09,2,Android,1.1.0,SES82597,设置,93.8
E4004335,U41622,page_view,2026-04-15 10:39:36,2026-04-15,10,Android,1.3.0,SES87719,详情,4.2
E4004336,U36114,page_view,2026-04-09 09:40:15,2026-04-09,9,Web,1.1.0,SES78240,搜索,0.6
E4004337,U43458,click,2026-04-04 10:21:47,2026-04-04,10,iOS,1.1.0,SES53148,搜索,39.2
E4004338,U11090,page_view,2026-04-07 07:02:23,2026-04-07,7,Android,1.0.0,SES41884,搜索,3.6
E4004339,U25393,page_view,2026-04-04 04:07:14,2026-04-04,4,iOS,1.2.0,SES98991,详情,5.5
E4004340,U25818,click,2026-04-10 22:33:43,2026-04-10,22,iOS,1.0.0,SES23779,搜索,27.9
E4004341,U10078,app_open,2026-04-15 13:39:27,2026-04-15,13,Web,1.3.0,SES88485,首页,19.4
E4004342,U6536,page_view,2026-04-04 15:55:02,2026-04-04,15,Web,1.0.0,SES40405,设置,10.0
E4004343,U12861,purchase,2026-04-13 04:21:06,2026-04-13,4,Web,1.0.0,SES50386,搜索,15.6
E4004344,U5243,search,2026-04-18 22:50:24,2026-04-18,22,Android,1.0.0,SES20422,详情,61.1
E4004345,U19508,click,2026-04-10 01:11:36,2026-04-10,1,Android,1.2.0,SES57222,设置,67.3
E4004346,U7798,app_open,2026-04-12 09:30:49,2026-04-12,9,Android,1.3.0,SES12479,我的,126.6
E4004347,U47413,purchase,2026-04-14 21:34:29,2026-04-14,21,iOS,1.2.0,SES84197,我的,21.0
E4004348,U1825,page_view,2026-04-18 11:50:18,2026-04-18,11,Android,1.3.0,SES79736,详情,17.7
E4004349,U7882,click,2026-04-01 11:13:19,2026-04-01,11,iOS,1.1.0,SES87631,我的,1.1
E4004350,U24968,logout,2026-04-21 06:05:20,2026-04-21,6,iOS,1.0.0,SES92604,搜索,24.7
E4004351,U26430,page_view,2026-04-05 08:59:24,2026-04-05,8,iOS,1.0.0,SES59894,设置,33.4
E4004352,U45619,search,2026-04-04 19:09:37,2026-04-04,19,Web,1.0.0,SES85786,首页,9.7
E4004353,U10447,page_view,2026-04-30 09:25:47,2026-04-30,9,Android,1.1.0,SES59293,设置,7.3
E4004354,U24720,app_open,2026-04-11 07:51:01,2026-04-11,7,iOS,1.2.0,SES68115,我的,26.2
E4004355,U16453,page_view,2026-04-14 01:10:48,2026-04-14,1,iOS,1.3.0,SES93889,详情,9.4
E4004356,U33796,register,2026-04-16 13:06:53,2026-04-16,13,Web,1.3.0,SES18932,搜索,9.9
E4004357,U19134,app_open,2026-04-20 12:57:27,2026-04-20,12,iOS,1.3.0,SES37631,购物车,5.0
E4004358,U11435,page_view,2026-04-05 03:34:29,2026-04-05,3,Android,1.2.0,SES42335,我的,57.6
E4004359,U9394,page_view,2026-04-02 05:21:05,2026-04-02,5,iOS,1.3.0,SES75521,搜索,46.0
E4004360,U41413,page_view,2026-04-07 00:00:52,2026-04-07,0,Web,1.3.0,SES32352,设置,12.4
E4004361,U10332,app_open,2026-04-14 17:32:13,2026-04-14,17,Android,1.0.0,SES49030,设置,76.2
E4004362,U32882,page_view,2026-04-23 04:07:58,2026-04-23,4,Web,1.3.0,SES92312,首页,12.4
E4004363,U5254,logout,2026-04-14 10:58:37,2026-04-14,10,iOS,1.3.0,SES91278,详情,25.0
E4004364,U47548,search,2026-04-27 06:53:35,2026-04-27,6,iOS,1.0.0,SES47460,详情,11.5
E4004365,U32620,click,2026-04-15 06:15:12,2026-04-15,6,Android,1.0.0,SES83612,我的,48.9
E4004366,U8565,page_view,2026-04-25 00:20:39,2026-04-25,0,iOS,1.0.0,SES50230,我的,53.5
E4004367,U23279,share,2026-04-04 07:07:51,2026-04-04,7,Android,1.2.0,SES16358,搜索,26.2
E4004368,U2989,click,2026-04-05 15:39:55,2026-04-05,15,Android,1.2.0,SES10402,我的,28.3
E4004369,U34315,page_view,2026-04-27 08:28:36,2026-04-27,8,Web,1.3.0,SES50342,详情,26.5
E4004370,U3734,page_view,2026-04-17 06:40:02,2026-04-17,6,iOS,1.1.0,SES20519,我的,37.6
E4004371,U46179,purchase,2026-04-17 20:38:43,2026-04-17,20,Web,1.0.0,SES49770,搜索,8.5
E4004372,U23817,click,2026-04-12 02:35:02,2026-04-12,2,iOS,1.2.0,SES19696,购物车,1.6
E4004373,U23161,register,2026-04-07 03:03:40,2026-04-07,3,Android,1.1.0,SES80096,设置,42.7
E4004374,U27130,click,2026-04-14 05:37:49,2026-04-14,5,Android,1.2.0,SES40152,搜索,12.2
E4004375,U14981,page_view,2026-04-15 08:25:38,2026-04-15,8,Android,1.1.0,SES54353,搜索,136.0
E4004376,U11008,page_view,2026-04-19 04:45:54,2026-04-19,4,Web,1.3.0,SES41438,购物车,168.6
E4004377,U39353,app_open,2026-04-13 13:52:06,2026-04-13,13,Android,1.3.0,SES32042,购物车,74.1
E4004378,U43371,page_view,2026-04-06 13:04:17,2026-04-06,13,Web,1.1.0,SES30597,首页,35.8
E4004379,U9107,page_view,2026-04-21 03:50:15,2026-04-21,3,Web,1.3.0,SES45079,我的,7.3
E4004380,U30649,click,2026-04-17 08:49:00,2026-04-17,8,iOS,1.2.0,SES62431,购物车,55.3
E4004381,U7358,app_open,2026-04-27 15:24:42,2026-04-27,15,Android,1.0.0,SES46968,搜索,4.5
E4004382,U44074,app_open,2026-04-01 19:03:19,2026-04-01,19,iOS,1.1.0,SES17034,购物车,36.3
E4004383,U17273,page_view,2026-04-29 14:42:52,2026-04-29,14,iOS,1.1.0,SES92923,购物车,5.5
E4004384,U22986,page_view,2026-04-19 22:53:28,2026-04-19,22,Android,1.3.0,SES45611,购物车,11.9
E4004385,U3544,click,2026-04-10 15:21:07,2026-04-10,15,Web,1.1.0,SES67808,搜索,0.1
E4004386,U16639,search,2026-04-02 19:56:39,2026-04-02,19,Android,1.0.0,SES83866,搜索,72.4
E4004387,U38594,page_view,2026-04-29 19:29:00,2026-04-29,19,Web,1.2.0,SES74743,详情,31.0
E4004388,U28103,app_open,2026-04-29 19:43:40,2026-04-29,19,Android,1.1.0,SES71848,我的,0.7
E4004389,U44525,app_open,2026-04-02 17:17:29,2026-04-02,17,iOS,1.1.0,SES89002,设置,2.3
E4004390,U13840,register,2026-04-27 18:57:27,2026-04-27,18,iOS,1.0.0,SES88057,设置,2.9
E4004391,U47669,click,2026-04-28 13:42:07,2026-04-28,13,Web,1.2.0,SES69837,首页,43.0
E4004392,U11849,page_view,2026-04-06 07:08:40,2026-04-06,7,iOS,1.1.0,SES75796,详情,11.0
E4004393,U43336,page_view,2026-04-21 02:42:26,2026-04-21,2,iOS,1.0.0,SES74677,设置,6.5
E4004394,U45229,purchase,2026-04-21 12:15:33,2026-04-21,12,iOS,1.0.0,SES14238,设置,72.5
E4004395,U37366,page_view,2026-04-14 20:53:47,2026-04-14,20,Web,1.3.0,SES51181,详情,19.6
E4004396,U5159,click,2026-04-14 23:19:12,2026-04-14,23,iOS,1.3.0,SES43873,我的,9.1
E4004397,U1852,app_open,2026-04-27 08:10:57,2026-04-27,8,iOS,1.0.0,SES72488,搜索,14.9
E4004398,U46584,logout,2026-04-12 14:40:08,2026-04-12,14,Android,1.0.0,SES56071,购物车,9.7
E4004399,U17960,page_view,2026-04-11 15:29:29,2026-04-11,15,iOS,1.3.0,SES22723,我的,76.0
E4004400,U32287,page_view,2026-04-09 00:14:05,2026-04-09,0,iOS,1.3.0,SES43841,详情,70.8
E4004401,U33311,page_view,2026-04-21 19:18:03,2026-04-21,19,iOS,1.1.0,SES51142,首页,17.3
E4004402,U45451,click,2026-04-08 02:00:27,2026-04-08,2,Android,1.0.0,SES77038,首页,7.7
E4004403,U27020,page_view,2026-04-16 08:32:59,2026-04-16,8,Android,1.1.0,SES42843,首页,2.4
E4004404,U49343,share,2026-04-12 00:59:30,2026-04-12,0,Web,1.2.0,SES58822,搜索,73.5
E4004405,U3806,click,2026-04-24 07:54:51,2026-04-24,7,Android,1.0.0,SES86237,购物车,140.1
E4004406,U13217,click,2026-04-17 06:40:36,2026-04-17,6,iOS,1.2.0,SES72659,设置,8.9
E4004407,U4581,app_open,2026-04-06 07:41:02,2026-04-06,7,Android,1.2.0,SES90161,首页,50.9
E4004408,U5988,page_view,2026-04-21 21:47:12,2026-04-21,21,Web,1.2.0,SES64842,设置,34.5
E4004409,U38407,page_view,2026-04-21 18:22:19,2026-04-21,18,Web,1.2.0,SES12227,详情,1.8
E4004410,U32629,purchase,2026-04-30 17:57:05,2026-04-30,17,Web,1.1.0,SES36664,详情,107.0
E4004411,U28132,click,2026-04-18 05:10:08,2026-04-18,5,Web,1.0.0,SES15869,搜索,20.2
E4004412,U16166,click,2026-04-30 21:07:24,2026-04-30,21,iOS,1.1.0,SES49895,详情,18.5
E4004413,U23480,page_view,2026-04-18 20:13:21,2026-04-18,20,Web,1.0.0,SES30818,购物车,11.4
E4004414,U39795,search,2026-04-26 12:32:55,2026-04-26,12,Web,1.2.0,SES95007,搜索,11.3
E4004415,U23930,purchase,2026-04-16 13:57:13,2026-04-16,13,Web,1.2.0,SES87619,搜索,44.3
E4004416,U10376,app_open,2026-04-08 07:19:27,2026-04-08,7,Web,1.1.0,SES82462,搜索,17.2
E4004417,U34456,app_open,2026-04-27 10:06:45,2026-04-27,10,Android,1.2.0,SES68980,我的,89.9
E4004418,U5111,app_open,2026-04-17 22:31:49,2026-04-17,22,Web,1.1.0,SES45132,购物车,38.3
E4004419,U18499,share,2026-04-16 09:27:24,2026-04-16,9,iOS,1.1.0,SES65075,设置,19.7
E4004420,U48461,click,2026-04-26 18:03:15,2026-04-26,18,Web,1.2.0,SES16114,我的,0.7
E4004421,U5641,app_open,2026-04-09 04:41:39,2026-04-09,4,iOS,1.3.0,SES60760,首页,21.0
E4004422,U18760,share,2026-04-27 16:04:01,2026-04-27,16,iOS,1.3.0,SES85675,搜索,14.1
E4004423,U22048,page_view,2026-04-03 19:16:44,2026-04-03,19,Web,1.2.0,SES99358,详情,139.1
E4004424,U3531,search,2026-04-13 02:39:09,2026-04-13,2,Android,1.2.0,SES33868,搜索,82.5
E4004425,U34053,page_view,2026-04-05 20:46:58,2026-04-05,20,Web,1.0.0,SES66027,设置,9.0
E4004426,U8583,search,2026-04-27 14:08:39,2026-04-27,14,iOS,1.3.0,SES82470,详情,2.3
E4004427,U8327,logout,2026-04-08 22:04:24,2026-04-08,22,Web,1.1.0,SES47712,购物车,6.2
E4004428,U36204,click,2026-04-25 11:28:49,2026-04-25,11,Web,1.3.0,SES36796,设置,35.7
E4004429,U14680,search,2026-04-07 09:42:51,2026-04-07,9,iOS,1.1.0,SES57075,首页,2.1
E4004430,U8830,page_view,2026-04-27 15:44:57,2026-04-27,15,iOS,1.0.0,SES16214,设置,2.5
E4004431,U33194,click,2026-04-12 10:58:54,2026-04-12,10,Web,1.2.0,SES89506,我的,4.0
E4004432,U9774,page_view,2026-04-25 06:01:34,2026-04-25,6,Web,1.2.0,SES40632,搜索,5.3
E4004433,U28232,app_open,2026-04-22 08:14:35,2026-04-22,8,Web,1.3.0,SES29852,设置,1.8
E4004434,U10571,app_open,2026-04-23 14:35:12,2026-04-23,14,Android,1.1.0,SES35555,设置,38.8
E4004435,U27773,page_view,2026-04-15 06:40:53,2026-04-15,6,Web,1.0.0,SES60151,首页,38.1
E4004436,U48531,click,2026-04-12 12:18:48,2026-04-12,12,Web,1.1.0,SES94432,设置,30.3
E4004437,U29113,page_view,2026-04-27 21:42:19,2026-04-27,21,Android,1.0.0,SES92676,设置,2.6
E4004438,U47923,app_open,2026-04-20 13:02:26,2026-04-20,13,Web,1.3.0,SES72169,搜索,16.1
E4004439,U49807,click,2026-04-07 00:49:07,2026-04-07,0,iOS,1.1.0,SES51890,搜索,71.0
E4004440,U27046,app_open,2026-04-19 15:38:54,2026-04-19,15,Web,1.1.0,SES85253,首页,8.0
E4004441,U28905,click,2026-04-16 07:42:28,2026-04-16,7,Web,1.0.0,SES72307,详情,16.5
E4004442,U36187,logout,2026-04-26 17:08:19,2026-04-26,17,Web,1.2.0,SES25621,首页,70.3
E4004443,U31246,page_view,2026-04-22 09:23:04,2026-04-22,9,Web,1.0.0,SES30712,购物车,4.9
E4004444,U45574,search,2026-04-25 01:53:01,2026-04-25,1,Web,1.3.0,SES66527,设置,8.6
E4004445,U45950,click,2026-04-21 10:16:49,2026-04-21,10,Android,1.1.0,SES92740,搜索,36.5
E4004446,U7222,app_open,2026-04-15 01:50:12,2026-04-15,1,Web,1.1.0,SES82745,我的,82.7
E4004447,U44327,purchase,2026-04-05 01:49:07,2026-04-05,1,iOS,1.2.0,SES49129,我的,100.9
E4004448,U29257,page_view,2026-04-17 17:25:34,2026-04-17,17,Android,1.3.0,SES21469,购物车,17.0
E4004449,U48023,share,2026-04-05 19:55:01,2026-04-05,19,iOS,1.0.0,SES28585,详情,69.9
E4004450,U20072,search,2026-04-27 14:37:23,2026-04-27,14,Web,1.1.0,SES49688,我的,32.5
E4004451,U44565,app_open,2026-04-04 00:55:40,2026-04-04,0,Web,1.1.0,SES31398,设置,19.0
E4004452,U3883,search,2026-04-28 10:09:56,2026-04-28,10,Web,1.3.0,SES72008,设置,23.3
E4004453,U49807,page_view,2026-04-22 20:06:41,2026-04-22,20,iOS,1.2.0,SES78026,设置,70.9
E4004454,U34743,page_view,2026-04-02 14:45:41,2026-04-02,14,Android,1.3.0,SES57836,设置,12.7
E4004455,U36120,page_view,2026-04-16 20:39:17,2026-04-16,20,Web,1.1.0,SES90717,购物车,35.4
E4004456,U11342,page_view,2026-04-20 15:22:43,2026-04-20,15,Android,1.0.0,SES24379,搜索,34.2
E4004457,U27592,click,2026-04-20 15:31:47,2026-04-20,15,Web,1.2.0,SES48604,搜索,1.4
E4004458,U16302,logout,2026-04-10 02:22:20,2026-04-10,2,Web,1.3.0,SES92037,搜索,11.2
E4004459,U25836,page_view,2026-04-08 12:17:14,2026-04-08,12,iOS,1.0.0,SES75518,我的,51.5
E4004460,U45158,click,2026-04-14 09:15:02,2026-04-14,9,Android,1.3.0,SES12895,首页,3.7
E4004461,U14219,page_view,2026-04-29 02:59:54,2026-04-29,2,Android,1.0.0,SES66129,搜索,4.7
E4004462,U35638,logout,2026-04-09 16:50:37,2026-04-09,16,iOS,1.1.0,SES19114,我的,21.0
E4004463,U37441,click,2026-04-15 18:22:06,2026-04-15,18,Android,1.3.0,SES46380,详情,20.6
E4004464,U13666,app_open,2026-04-03 12:34:00,2026-04-03,12,Web,1.2.0,SES98574,首页,151.8
E4004465,U38427,page_view,2026-04-05 08:51:48,2026-04-05,8,Web,1.0.0,SES72185,我的,22.9
E4004466,U22262,click,2026-04-18 18:01:22,2026-04-18,18,Web,1.1.0,SES76422,我的,16.5
E4004467,U41612,app_open,2026-04-26 14:00:16,2026-04-26,14,iOS,1.2.0,SES99472,设置,19.2
E4004468,U35082,page_view,2026-04-12 09:28:01,2026-04-12,9,Android,1.1.0,SES18282,设置,17.9
E4004469,U24450,logout,2026-04-20 13:39:55,2026-04-20,13,iOS,1.2.0,SES62780,搜索,108.7
E4004470,U40481,page_view,2026-04-07 17:01:47,2026-04-07,17,iOS,1.1.0,SES75515,搜索,1.9
E4004471,U17551,page_view,2026-04-25 21:10:52,2026-04-25,21,Android,1.1.0,SES40254,搜索,1.1
E4004472,U26384,page_view,2026-04-28 01:22:27,2026-04-28,1,Web,1.3.0,SES67681,搜索,14.6
E4004473,U10250,page_view,2026-04-24 04:14:36,2026-04-24,4,Android,1.1.0,SES23023,详情,68.1
E4004474,U29858,app_open,2026-04-15 07:59:07,2026-04-15,7,Android,1.1.0,SES15310,详情,73.3
E4004475,U17984,app_open,2026-04-26 02:44:59,2026-04-26,2,Android,1.0.0,SES53465,详情,62.0
E4004476,U13396,search,2026-04-27 03:17:59,2026-04-27,3,iOS,1.0.0,SES22135,详情,30.9
E4004477,U32963,page_view,2026-04-19 17:28:25,2026-04-19,17,Android,1.1.0,SES33901,详情,30.9
E4004478,U13918,page_view,2026-04-19 14:01:58,2026-04-19,14,Web,1.3.0,SES94488,详情,28.0
E4004479,U41956,page_view,2026-04-04 12:51:02,2026-04-04,12,iOS,1.2.0,SES27361,我的,19.4
E4004480,U42476,logout,2026-04-02 14:37:32,2026-04-02,14,Android,1.2.0,SES29430,搜索,38.3
E4004481,U1254,click,2026-04-25 17:28:58,2026-04-25,17,Web,1.1.0,SES55539,购物车,3.4
E4004482,U27770,page_view,2026-04-09 02:29:21,2026-04-09,2,Web,1.2.0,SES53053,购物车,5.4
E4004483,U47641,search,2026-04-27 11:56:10,2026-04-27,11,Web,1.1.0,SES15742,设置,107.6
E4004484,U3928,search,2026-04-24 15:06:51,2026-04-24,15,Android,1.2.0,SES88343,我的,9.2
E4004485,U19041,page_view,2026-04-04 11:40:45,2026-04-04,11,Android,1.3.0,SES77015,详情,8.2
E4004486,U34118,page_view,2026-04-27 09:54:30,2026-04-27,9,Android,1.0.0,SES26572,购物车,9.8
E4004487,U49136,share,2026-04-27 06:27:20,2026-04-27,6,Android,1.0.0,SES84897,搜索,15.3
E4004488,U39323,click,2026-04-02 05:17:11,2026-04-02,5,Web,1.1.0,SES62332,我的,35.0
E4004489,U46577,register,2026-04-12 06:40:30,2026-04-12,6,Android,1.3.0,SES95517,详情,20.4
E4004490,U25204,page_view,2026-04-07 17:49:50,2026-04-07,17,iOS,1.1.0,SES64450,首页,9.8
E4004491,U34927,page_view,2026-04-18 11:55:27,2026-04-18,11,iOS,1.1.0,SES67604,购物车,57.8
E4004492,U6266,click,2026-04-25 20:23:01,2026-04-25,20,Android,1.3.0,SES18204,搜索,85.7
E4004493,U18924,page_view,2026-04-30 23:28:39,2026-04-30,23,Android,1.0.0,SES56973,设置,4.6
E4004494,U19685,app_open,2026-04-30 14:33:41,2026-04-30,14,Web,1.3.0,SES39718,设置,44.8
E4004495,U33431,click,2026-04-17 18:06:24,2026-04-17,18,iOS,1.2.0,SES91168,购物车,28.8
E4004496,U2845,click,2026-04-25 13:56:30,2026-04-25,13,iOS,1.3.0,SES88092,我的,28.9
E4004497,U11540,click,2026-04-10 17:03:10,2026-04-10,17,iOS,1.2.0,SES54936,详情,4.7
E4004498,U14158,search,2026-04-28 03:38:24,2026-04-28,3,Android,1.2.0,SES86844,设置,21.6
E4004499,U42971,page_view,2026-04-13 00:29:38,2026-04-13,0,Android,1.0.0,SES80633,详情,1.5
E4004500,U13568,page_view,2026-04-22 09:19:36,2026-04-22,9,iOS,1.0.0,SES91231,购物车,3.8
E4004501,U18225,register,2026-04-15 04:52:09,2026-04-15,4,Web,1.1.0,SES38556,首页,16.9
E4004502,U24517,page_view,2026-04-29 06:49:09,2026-04-29,6,iOS,1.2.0,SES56180,首页,86.3
E4004503,U21530,page_view,2026-04-27 07:51:50,2026-04-27,7,Web,1.3.0,SES58524,购物车,58.3
E4004504,U26032,page_view,2026-04-08 03:03:13,2026-04-08,3,iOS,1.2.0,SES68375,详情,1.8
E4004505,U40698,page_view,2026-04-09 06:05:09,2026-04-09,6,iOS,1.0.0,SES63636,首页,26.1
E4004506,U13252,click,2026-04-18 17:47:12,2026-04-18,17,Android,1.3.0,SES65259,设置,11.4
E4004507,U40880,click,2026-04-01 12:10:48,2026-04-01,12,Web,1.1.0,SES40611,我的,16.5
E4004508,U25856,click,2026-04-02 20:25:01,2026-04-02,20,iOS,1.3.0,SES20869,搜索,13.0
E4004509,U28836,page_view,2026-04-14 18:43:47,2026-04-14,18,Web,1.1.0,SES72871,详情,1.5
E4004510,U44677,click,2026-04-25 02:02:48,2026-04-25,2,Android,1.0.0,SES88848,详情,9.1
E4004511,U22333,click,2026-04-18 18:21:53,2026-04-18,18,Android,1.2.0,SES78402,设置,13.0
E4004512,U9875,page_view,2026-04-13 05:11:22,2026-04-13,5,Android,1.3.0,SES74819,我的,25.8
E4004513,U29773,click,2026-04-25 11:46:17,2026-04-25,11,Android,1.1.0,SES61940,购物车,31.6
E4004514,U24282,app_open,2026-04-06 12:22:02,2026-04-06,12,Web,1.0.0,SES31577,首页,22.4
E4004515,U32016,page_view,2026-04-14 23:18:40,2026-04-14,23,Web,1.0.0,SES29313,设置,133.5
E4004516,U6129,page_view,2026-04-14 12:24:55,2026-04-14,12,iOS,1.1.0,SES34988,设置,18.2
E4004517,U37415,search,2026-04-05 02:42:43,2026-04-05,2,Web,1.2.0,SES23250,我的,9.5
E4004518,U29256,click,2026-04-04 11:25:20,2026-04-04,11,Android,1.1.0,SES94430,首页,21.3
E4004519,U20741,app_open,2026-04-15 21:30:33,2026-04-15,21,Android,1.2.0,SES58260,搜索,36.2
E4004520,U14477,app_open,2026-04-26 14:15:52,2026-04-26,14,Android,1.2.0,SES38858,搜索,61.8
E4004521,U46207,search,2026-04-19 00:41:32,2026-04-19,0,iOS,1.2.0,SES42754,首页,2.6
E4004522,U12938,search,2026-04-16 12:42:13,2026-04-16,12,Web,1.1.0,SES43712,首页,43.7
E4004523,U49166,app_open,2026-04-27 23:42:13,2026-04-27,23,Web,1.3.0,SES19881,搜索,60.7
E4004524,U38497,search,2026-04-16 17:34:50,2026-04-16,17,Web,1.3.0,SES64540,我的,45.9
E4004525,U12211,logout,2026-04-06 17:49:43,2026-04-06,17,Android,1.3.0,SES30269,购物车,15.9
E4004526,U43577,app_open,2026-04-04 17:07:46,2026-04-04,17,Android,1.3.0,SES93974,首页,57.8
E4004527,U44438,app_open,2026-04-12 03:48:53,2026-04-12,3,iOS,1.2.0,SES11899,我的,83.5
E4004528,U11609,page_view,2026-04-17 07:51:44,2026-04-17,7,Web,1.3.0,SES10624,首页,11.7
E4004529,U31472,page_view,2026-04-29 04:02:51,2026-04-29,4,iOS,1.3.0,SES48784,购物车,34.2
E4004530,U45416,app_open,2026-04-24 03:29:30,2026-04-24,3,Web,1.2.0,SES47721,详情,28.1
E4004531,U7075,click,2026-04-24 00:04:20,2026-04-24,0,iOS,1.2.0,SES12313,设置,22.7
E4004532,U6783,page_view,2026-04-18 13:24:32,2026-04-18,13,Android,1.2.0,SES90892,购物车,5.6
E4004533,U33218,click,2026-04-22 00:07:51,2026-04-22,0,iOS,1.0.0,SES75319,设置,27.9
E4004534,U25685,app_open,2026-04-01 18:51:59,2026-04-01,18,Android,1.3.0,SES63156,设置,21.6
E4004535,U29862,purchase,2026-04-08 15:51:51,2026-04-08,15,iOS,1.3.0,SES87829,设置,1.1
E4004536,U24895,page_view,2026-04-24 14:56:37,2026-04-24,14,iOS,1.3.0,SES82251,搜索,12.3
E4004537,U19423,page_view,2026-04-23 20:50:42,2026-04-23,20,Web,1.0.0,SES72938,购物车,10.6
E4004538,U33257,search,2026-04-19 19:55:56,2026-04-19,19,iOS,1.3.0,SES89716,购物车,48.5
E4004539,U1204,app_open,2026-04-26 09:56:03,2026-04-26,9,Web,1.2.0,SES23289,详情,47.4
E4004540,U38380,app_open,2026-04-21 06:17:54,2026-04-21,6,Web,1.1.0,SES58447,我的,4.1
E4004541,U29854,purchase,2026-04-27 15:15:22,2026-04-27,15,iOS,1.2.0,SES51005,搜索,19.4
E4004542,U1547,logout,2026-04-12 19:39:06,2026-04-12,19,iOS,1.1.0,SES68787,首页,22.0
E4004543,U22170,click,2026-04-27 01:20:41,2026-04-27,1,Android,1.1.0,SES95828,设置,8.7
E4004544,U14642,search,2026-04-28 09:52:24,2026-04-28,9,iOS,1.3.0,SES97312,首页,2.9
E4004545,U22754,page_view,2026-04-23 04:47:15,2026-04-23,4,Web,1.2.0,SES88608,设置,23.5
E4004546,U43211,page_view,2026-04-14 18:30:36,2026-04-14,18,iOS,1.3.0,SES84288,我的,27.9
E4004547,U17477,page_view,2026-04-15 11:49:33,2026-04-15,11,Android,1.1.0,SES22695,搜索,6.7
E4004548,U8292,page_view,2026-04-14 11:48:09,2026-04-14,11,Web,1.1.0,SES10873,搜索,23.8
E4004549,U36408,page_view,2026-04-28 04:07:23,2026-04-28,4,Web,1.2.0,SES10428,详情,18.4
E4004550,U36318,click,2026-04-07 13:45:34,2026-04-07,13,iOS,1.0.0,SES16713,设置,24.7
E4004551,U12354,page_view,2026-04-10 23:32:40,2026-04-10,23,iOS,1.2.0,SES34947,搜索,18.4
E4004552,U9763,page_view,2026-04-29 20:13:41,2026-04-29,20,Web,1.3.0,SES83895,详情,114.6
E4004553,U16518,logout,2026-04-13 15:28:41,2026-04-13,15,Web,1.2.0,SES88756,搜索,16.3
E4004554,U29627,click,2026-04-03 21:33:58,2026-04-03,21,iOS,1.0.0,SES41334,购物车,30.1
E4004555,U9976,page_view,2026-04-05 06:20:44,2026-04-05,6,iOS,1.2.0,SES29069,首页,17.9
E4004556,U26550,click,2026-04-25 20:45:31,2026-04-25,20,Web,1.1.0,SES40378,设置,28.9
E4004557,U25241,page_view,2026-04-23 14:33:08,2026-04-23,14,Android,1.3.0,SES76547,首页,92.4
E4004558,U33478,page_view,2026-04-02 22:29:40,2026-04-02,22,Android,1.0.0,SES35420,首页,15.0
E4004559,U38977,click,2026-04-21 12:29:19,2026-04-21,12,Android,1.1.0,SES64199,详情,24.2
E4004560,U35001,search,2026-04-21 22:35:53,2026-04-21,22,Web,1.3.0,SES21801,购物车,4.5
E4004561,U1269,logout,2026-04-19 08:06:41,2026-04-19,8,Android,1.3.0,SES79965,设置,2.9
E4004562,U22593,logout,2026-04-29 18:27:30,2026-04-29,18,Web,1.0.0,SES51808,首页,20.5
E4004563,U8499,search,2026-04-24 20:34:12,2026-04-24,20,iOS,1.3.0,SES48652,详情,12.2
E4004564,U3725,search,2026-04-03 02:59:37,2026-04-03,2,Android,1.2.0,SES84694,详情,23.8
E4004565,U39733,app_open,2026-04-29 16:31:02,2026-04-29,16,Android,1.3.0,SES54504,首页,8.2
E4004566,U24630,app_open,2026-04-12 00:43:26,2026-04-12,0,Android,1.1.0,SES74665,我的,25.5
E4004567,U21968,page_view,2026-04-06 22:05:49,2026-04-06,22,iOS,1.2.0,SES77242,详情,40.7
E4004568,U16647,click,2026-04-09 03:02:25,2026-04-09,3,Web,1.0.0,SES42150,搜索,8.9
E4004569,U46522,click,2026-04-27 15:57:30,2026-04-27,15,iOS,1.0.0,SES17163,设置,8.9
E4004570,U43976,app_open,2026-04-27 01:07:14,2026-04-27,1,iOS,1.2.0,SES90146,购物车,40.7
E4004571,U38624,purchase,2026-04-23 17:54:44,2026-04-23,17,Web,1.2.0,SES19914,搜索,17.6
E4004572,U41820,click,2026-04-08 10:03:14,2026-04-08,10,Android,1.2.0,SES91381,设置,1.0
E4004573,U12687,click,2026-04-03 11:00:48,2026-04-03,11,iOS,1.3.0,SES44347,设置,5.2
E4004574,U44773,click,2026-04-14 23:43:20,2026-04-14,23,Web,1.1.0,SES16460,设置,24.2
E4004575,U22741,page_view,2026-04-12 23:04:20,2026-04-12,23,Android,1.1.0,SES31502,首页,5.2
E4004576,U38572,app_open,2026-04-18 09:42:57,2026-04-18,9,Android,1.0.0,SES33605,我的,18.0
E4004577,U22433,page_view,2026-04-03 03:04:13,2026-04-03,3,Web,1.2.0,SES22182,搜索,6.9
E4004578,U30973,page_view,2026-04-08 09:35:12,2026-04-08,9,Web,1.1.0,SES66547,购物车,51.9
E4004579,U45742,app_open,2026-04-21 02:03:40,2026-04-21,2,Web,1.0.0,SES48532,首页,14.3
E4004580,U15336,search,2026-04-20 00:02:23,2026-04-20,0,Web,1.3.0,SES94522,设置,39.2
E4004581,U23434,search,2026-04-05 14:50:45,2026-04-05,14,iOS,1.1.0,SES37105,首页,52.8
E4004582,U17166,page_view,2026-04-26 16:35:27,2026-04-26,16,Android,1.1.0,SES19204,设置,18.3
E4004583,U1119,page_view,2026-04-13 19:47:23,2026-04-13,19,Android,1.3.0,SES93800,详情,6.8
E4004584,U13202,app_open,2026-04-03 22:09:51,2026-04-03,22,iOS,1.1.0,SES38476,购物车,129.9
E4004585,U43959,logout,2026-04-26 07:45:20,2026-04-26,7,Android,1.1.0,SES51992,详情,18.8
E4004586,U42310,search,2026-04-08 17:44:03,2026-04-08,17,Web,1.3.0,SES72738,搜索,16.6
E4004587,U35625,app_open,2026-04-23 09:58:13,2026-04-23,9,Android,1.0.0,SES43387,首页,44.8
E4004588,U40829,purchase,2026-04-13 06:01:52,2026-04-13,6,iOS,1.1.0,SES82776,我的,11.3
E4004589,U39763,app_open,2026-04-22 09:08:23,2026-04-22,9,iOS,1.0.0,SES18307,设置,15.0
E4004590,U4575,app_open,2026-04-04 15:52:33,2026-04-04,15,iOS,1.1.0,SES25033,首页,25.7
E4004591,U23758,click,2026-04-20 02:22:09,2026-04-20,2,Web,1.1.0,SES76118,首页,29.0
E4004592,U9543,page_view,2026-04-09 03:42:07,2026-04-09,3,Web,1.0.0,SES40649,首页,40.2
E4004593,U16633,click,2026-04-24 13:45:00,2026-04-24,13,iOS,1.2.0,SES82251,详情,72.3
E4004594,U6906,page_view,2026-04-02 09:03:40,2026-04-02,9,Web,1.2.0,SES79079,详情,12.2
E4004595,U36946,search,2026-04-24 13:35:27,2026-04-24,13,iOS,1.2.0,SES58494,详情,39.5
E4004596,U3305,click,2026-04-29 07:09:46,2026-04-29,7,iOS,1.0.0,SES92739,搜索,102.1
E4004597,U7535,app_open,2026-04-20 15:55:30,2026-04-20,15,Web,1.0.0,SES22124,购物车,1.3
E4004598,U4497,click,2026-04-02 10:30:39,2026-04-02,10,Android,1.2.0,SES11799,购物车,14.4
E4004599,U33152,click,2026-04-17 22:32:23,2026-04-17,22,iOS,1.1.0,SES86054,我的,17.3
E4004600,U32534,search,2026-04-20 21:50:28,2026-04-20,21,Android,1.3.0,SES49550,设置,18.3
E4004601,U1173,logout,2026-04-01 04:00:51,2026-04-01,4,iOS,1.0.0,SES82665,详情,34.0
E4004602,U17710,click,2026-04-16 06:07:59,2026-04-16,6,Web,1.2.0,SES71949,设置,17.3
E4004603,U13716,page_view,2026-04-06 20:54:14,2026-04-06,20,Android,1.1.0,SES78026,详情,21.8
E4004604,U15913,app_open,2026-04-09 07:13:20,2026-04-09,7,iOS,1.2.0,SES91556,搜索,4.9
E4004605,U45964,app_open,2026-04-07 09:47:01,2026-04-07,9,iOS,1.2.0,SES59771,首页,20.8
E4004606,U27284,share,2026-04-01 22:19:02,2026-04-01,22,Web,1.1.0,SES98487,搜索,28.2
E4004607,U36086,search,2026-04-12 00:54:07,2026-04-12,0,iOS,1.1.0,SES73901,我的,1.5
E4004608,U23696,click,2026-04-20 22:13:34,2026-04-20,22,Android,1.2.0,SES54034,首页,40.2
E4004609,U34630,page_view,2026-04-21 04:46:49,2026-04-21,4,Web,1.1.0,SES26541,购物车,9.0
E4004610,U48315,app_open,2026-04-30 20:52:10,2026-04-30,20,iOS,1.0.0,SES73054,首页,9.7
E4004611,U21889,page_view,2026-04-21 07:02:43,2026-04-21,7,iOS,1.3.0,SES93111,首页,59.9
E4004612,U38166,page_view,2026-04-12 20:16:18,2026-04-12,20,iOS,1.2.0,SES83942,详情,50.1
E4004613,U44930,page_view,2026-04-27 20:56:19,2026-04-27,20,iOS,1.0.0,SES72973,我的,105.9
E4004614,U12378,page_view,2026-04-02 13:51:44,2026-04-02,13,iOS,1.1.0,SES26072,搜索,5.0
E4004615,U37518,app_open,2026-04-11 23:49:27,2026-04-11,23,Web,1.0.0,SES93034,我的,114.7
E4004616,U40846,search,2026-04-17 09:35:38,2026-04-17,9,iOS,1.2.0,SES42066,首页,29.7
E4004617,U34349,page_view,2026-04-01 00:34:23,2026-04-01,0,iOS,1.2.0,SES46024,首页,5.2
E4004618,U38762,page_view,2026-04-15 17:20:58,2026-04-15,17,Web,1.3.0,SES86320,首页,15.7
E4004619,U27771,search,2026-04-07 08:52:21,2026-04-07,8,iOS,1.1.0,SES93071,我的,4.6
E4004620,U5177,page_view,2026-04-13 11:39:45,2026-04-13,11,iOS,1.1.0,SES80920,设置,26.3
E4004621,U23419,page_view,2026-04-04 19:53:06,2026-04-04,19,iOS,1.3.0,SES78005,详情,60.0
E4004622,U21413,click,2026-04-06 10:36:22,2026-04-06,10,Android,1.0.0,SES93471,设置,109.9
E4004623,U19663,page_view,2026-04-28 17:18:36,2026-04-28,17,Web,1.1.0,SES62711,我的,12.3
E4004624,U20064,app_open,2026-04-11 18:49:23,2026-04-11,18,Web,1.2.0,SES75576,搜索,28.6
E4004625,U43053,page_view,2026-04-28 08:25:24,2026-04-28,8,Android,1.0.0,SES27846,首页,15.9
E4004626,U48484,search,2026-04-25 11:16:50,2026-04-25,11,iOS,1.0.0,SES46906,详情,1.2
E4004627,U11879,click,2026-04-22 03:26:44,2026-04-22,3,Android,1.3.0,SES39339,购物车,59.9
E4004628,U28071,page_view,2026-04-08 05:52:34,2026-04-08,5,iOS,1.0.0,SES37544,搜索,13.8
E4004629,U39423,app_open,2026-04-17 09:59:31,2026-04-17,9,iOS,1.2.0,SES22680,购物车,16.2
E4004630,U16145,purchase,2026-04-12 07:48:57,2026-04-12,7,iOS,1.0.0,SES29443,搜索,1.4
E4004631,U13893,purchase,2026-04-11 10:18:02,2026-04-11,10,Web,1.0.0,SES95717,首页,41.7
E4004632,U14575,page_view,2026-04-09 20:05:51,2026-04-09,20,Android,1.2.0,SES44753,首页,45.8
E4004633,U6860,purchase,2026-04-15 22:46:11,2026-04-15,22,iOS,1.2.0,SES18715,购物车,46.7
E4004634,U17555,app_open,2026-04-13 14:10:43,2026-04-13,14,Android,1.2.0,SES54792,搜索,7.3
E4004635,U47688,click,2026-04-06 20:09:17,2026-04-06,20,Web,1.2.0,SES57602,搜索,45.2
E4004636,U16652,app_open,2026-04-23 20:28:33,2026-04-23,20,iOS,1.1.0,SES97168,我的,15.3
E4004637,U40184,search,2026-04-07 15:40:19,2026-04-07,15,Android,1.3.0,SES72683,设置,6.3
E4004638,U45039,search,2026-04-29 05:40:24,2026-04-29,5,iOS,1.2.0,SES57675,我的,7.8
E4004639,U38250,page_view,2026-04-02 03:33:07,2026-04-02,3,iOS,1.3.0,SES23208,搜索,22.2
E4004640,U23448,page_view,2026-04-24 04:03:58,2026-04-24,4,iOS,1.3.0,SES86342,设置,7.7
E4004641,U42659,app_open,2026-04-23 13:22:16,2026-04-23,13,Android,1.3.0,SES59032,详情,9.5
E4004642,U45269,click,2026-04-30 11:27:18,2026-04-30,11,Android,1.3.0,SES32686,首页,121.8
E4004643,U27441,page_view,2026-04-13 05:47:08,2026-04-13,5,Android,1.0.0,SES73676,设置,14.7
E4004644,U24950,register,2026-04-16 02:53:11,2026-04-16,2,Web,1.2.0,SES74241,首页,51.6
E4004645,U16277,page_view,2026-04-09 05:39:07,2026-04-09,5,Web,1.2.0,SES60648,首页,0.2
E4004646,U14588,page_view,2026-04-06 04:35:57,2026-04-06,4,iOS,1.3.0,SES79031,设置,22.4
E4004647,U41392,logout,2026-04-11 12:13:07,2026-04-11,12,Web,1.1.0,SES47031,详情,2.5
E4004648,U5164,page_view,2026-04-03 18:36:34,2026-04-03,18,Web,1.3.0,SES96240,我的,60.8
E4004649,U36432,app_open,2026-04-29 00:16:04,2026-04-29,0,iOS,1.1.0,SES43484,首页,11.0
E4004650,U34397,search,2026-04-03 18:16:57,2026-04-03,18,iOS,1.3.0,SES12576,首页,2.2
E4004651,U10578,search,2026-04-27 07:19:33,2026-04-27,7,Android,1.1.0,SES86477,我的,67.6
E4004652,U12201,page_view,2026-04-27 07:08:25,2026-04-27,7,Android,1.0.0,SES31963,我的,38.3
E4004653,U3612,page_view,2026-04-04 22:28:47,2026-04-04,22,Android,1.3.0,SES56614,购物车,12.3
E4004654,U1521,app_open,2026-04-06 23:53:58,2026-04-06,23,Android,1.0.0,SES91410,购物车,19.6
E4004655,U42857,click,2026-04-17 06:22:40,2026-04-17,6,iOS,1.1.0,SES42006,我的,15.4
E4004656,U3123,page_view,2026-04-04 16:39:04,2026-04-04,16,Android,1.0.0,SES90051,我的,12.7
E4004657,U24617,page_view,2026-04-19 15:51:34,2026-04-19,15,Android,1.3.0,SES64440,首页,0.9
E4004658,U29172,page_view,2026-04-25 10:02:30,2026-04-25,10,Web,1.2.0,SES91781,首页,19.1
E4004659,U19951,click,2026-04-06 09:19:28,2026-04-06,9,Android,1.1.0,SES40319,详情,136.8
E4004660,U29078,search,2026-04-30 15:54:43,2026-04-30,15,Android,1.1.0,SES75807,设置,12.4
E4004661,U43080,search,2026-04-28 12:04:45,2026-04-28,12,iOS,1.1.0,SES34723,搜索,6.3
E4004662,U16492,search,2026-04-16 05:53:00,2026-04-16,5,Android,1.0.0,SES16367,我的,17.5
E4004663,U34207,app_open,2026-04-26 12:04:24,2026-04-26,12,Android,1.2.0,SES93020,首页,19.0
E4004664,U2866,page_view,2026-04-06 09:14:55,2026-04-06,9,iOS,1.3.0,SES39597,设置,47.8
E4004665,U34979,search,2026-04-06 01:54:21,2026-04-06,1,Android,1.2.0,SES69014,我的,53.3
E4004666,U11478,purchase,2026-04-28 16:29:33,2026-04-28,16,Web,1.1.0,SES84088,首页,20.8
E4004667,U30512,search,2026-04-20 11:24:12,2026-04-20,11,Android,1.2.0,SES97893,搜索,16.7
E4004668,U39357,page_view,2026-04-30 13:29:17,2026-04-30,13,iOS,1.2.0,SES29591,详情,13.3
E4004669,U3886,page_view,2026-04-05 22:26:17,2026-04-05,22,Web,1.2.0,SES26747,搜索,5.8
E4004670,U8103,search,2026-04-08 06:39:02,2026-04-08,6,Android,1.1.0,SES52768,我的,11.4
E4004671,U17356,page_view,2026-04-19 10:25:51,2026-04-19,10,Android,1.2.0,SES89314,我的,5.4
E4004672,U2533,page_view,2026-04-21 03:51:25,2026-04-21,3,Web,1.3.0,SES39559,详情,42.8
E4004673,U10948,click,2026-04-18 23:35:40,2026-04-18,23,Android,1.2.0,SES48385,搜索,27.9
E4004674,U3200,app_open,2026-04-22 07:16:59,2026-04-22,7,iOS,1.1.0,SES60471,搜索,6.9
E4004675,U28447,app_open,2026-04-26 16:56:23,2026-04-26,16,Web,1.3.0,SES14338,详情,15.9
E4004676,U10331,logout,2026-04-30 00:56:39,2026-04-30,0,Web,1.0.0,SES32941,首页,5.8
E4004677,U37228,page_view,2026-04-03 07:15:53,2026-04-03,7,iOS,1.2.0,SES86235,搜索,50.6
E4004678,U17811,click,2026-04-01 03:12:25,2026-04-01,3,Web,1.0.0,SES45213,搜索,14.8
E4004679,U26317,page_view,2026-04-01 16:04:12,2026-04-01,16,iOS,1.3.0,SES67554,购物车,22.8
E4004680,U32951,logout,2026-04-05 09:54:08,2026-04-05,9,Android,1.1.0,SES94446,详情,4.3
E4004681,U49796,purchase,2026-04-25 08:05:09,2026-04-25,8,iOS,1.0.0,SES56373,详情,5.6
E4004682,U11337,page_view,2026-04-18 14:58:14,2026-04-18,14,Android,1.3.0,SES19773,设置,2.9
E4004683,U20534,page_view,2026-04-10 03:43:01,2026-04-10,3,Android,1.0.0,SES31038,搜索,31.3
E4004684,U8116,app_open,2026-04-30 18:17:22,2026-04-30,18,Web,1.1.0,SES44649,我的,7.4
E4004685,U29012,page_view,2026-04-05 07:01:56,2026-04-05,7,iOS,1.2.0,SES48590,首页,11.3
E4004686,U1403,page_view,2026-04-07 23:59:21,2026-04-07,23,iOS,1.2.0,SES63135,搜索,27.0
E4004687,U3933,search,2026-04-06 19:22:47,2026-04-06,19,iOS,1.0.0,SES82117,设置,15.8
E4004688,U19989,click,2026-04-19 20:47:37,2026-04-19,20,Android,1.3.0,SES29865,搜索,30.1
E4004689,U32739,search,2026-04-15 07:32:03,2026-04-15,7,Android,1.3.0,SES29347,搜索,19.1
E4004690,U21075,page_view,2026-04-28 09:07:37,2026-04-28,9,Web,1.0.0,SES54096,搜索,18.5
E4004691,U30838,page_view,2026-04-16 07:03:55,2026-04-16,7,Web,1.2.0,SES82154,我的,20.9
E4004692,U33323,page_view,2026-04-17 02:48:01,2026-04-17,2,iOS,1.2.0,SES12898,详情,13.8
E4004693,U1040,page_view,2026-04-15 07:57:45,2026-04-15,7,Android,1.3.0,SES83410,搜索,11.8
E4004694,U40127,search,2026-04-10 04:03:18,2026-04-10,4,iOS,1.2.0,SES49349,首页,50.5
E4004695,U18742,share,2026-04-09 04:09:09,2026-04-09,4,iOS,1.1.0,SES73310,详情,43.2
E4004696,U28905,page_view,2026-04-15 10:03:14,2026-04-15,10,iOS,1.1.0,SES44447,我的,6.6
E4004697,U17162,page_view,2026-04-24 19:29:50,2026-04-24,19,Android,1.1.0,SES87627,设置,8.9
E4004698,U6432,page_view,2026-04-25 22:29:54,2026-04-25,22,iOS,1.1.0,SES32658,搜索,55.3
E4004699,U36465,page_view,2026-04-17 14:47:33,2026-04-17,14,iOS,1.3.0,SES38264,详情,9.0
E4004700,U5158,search,2026-04-18 23:57:18,2026-04-18,23,Android,1.1.0,SES24557,我的,0.8
E4004701,U42926,purchase,2026-04-07 12:13:27,2026-04-07,12,Web,1.2.0,SES57490,购物车,3.1
E4004702,U23524,click,2026-04-07 12:21:11,2026-04-07,12,iOS,1.3.0,SES76818,我的,26.0
E4004703,U28411,logout,2026-04-26 16:28:39,2026-04-26,16,Web,1.2.0,SES44752,详情,56.6
E4004704,U35316,page_view,2026-04-16 17:06:15,2026-04-16,17,iOS,1.2.0,SES24304,首页,42.6
E4004705,U18641,purchase,2026-04-14 02:40:59,2026-04-14,2,Web,1.2.0,SES86372,首页,32.9
E4004706,U9108,page_view,2026-04-26 05:16:27,2026-04-26,5,Web,1.1.0,SES80765,设置,24.1
E4004707,U6004,app_open,2026-04-22 07:01:48,2026-04-22,7,iOS,1.0.0,SES32061,设置,7.4
E4004708,U11024,click,2026-04-21 12:12:27,2026-04-21,12,Web,1.1.0,SES69715,设置,59.4
E4004709,U24443,click,2026-04-07 09:17:03,2026-04-07,9,Web,1.0.0,SES56291,首页,37.7
E4004710,U40168,page_view,2026-04-14 14:11:31,2026-04-14,14,Android,1.2.0,SES63979,我的,6.1
E4004711,U17927,search,2026-04-08 01:19:06,2026-04-08,1,Web,1.3.0,SES79623,详情,10.1
E4004712,U8428,page_view,2026-04-15 15:20:45,2026-04-15,15,Android,1.1.0,SES87639,详情,55.5
E4004713,U17606,click,2026-04-15 18:02:13,2026-04-15,18,iOS,1.1.0,SES63429,首页,25.4
E4004714,U7483,purchase,2026-04-12 02:00:45,2026-04-12,2,Android,1.3.0,SES64711,详情,5.2
E4004715,U16065,page_view,2026-04-12 20:27:59,2026-04-12,20,Android,1.0.0,SES29609,搜索,11.5
E4004716,U7474,page_view,2026-04-19 03:14:05,2026-04-19,3,iOS,1.3.0,SES32570,设置,8.1
E4004717,U7237,app_open,2026-04-07 01:32:22,2026-04-07,1,Web,1.1.0,SES71320,我的,12.7
E4004718,U23593,click,2026-04-02 14:43:43,2026-04-02,14,Web,1.0.0,SES98378,首页,25.4
E4004719,U16987,page_view,2026-04-06 11:42:30,2026-04-06,11,iOS,1.2.0,SES21254,首页,0.1
E4004720,U44641,page_view,2026-04-27 07:29:53,2026-04-27,7,iOS,1.2.0,SES13821,我的,53.4
E4004721,U9125,page_view,2026-04-15 07:39:22,2026-04-15,7,iOS,1.0.0,SES91607,首页,17.9
E4004722,U6891,page_view,2026-04-01 11:26:23,2026-04-01,11,Android,1.3.0,SES19595,首页,41.5
E4004723,U35041,page_view,2026-04-25 21:05:23,2026-04-25,21,Android,1.3.0,SES53776,设置,48.7
E4004724,U6135,page_view,2026-04-04 18:22:46,2026-04-04,18,Web,1.0.0,SES53836,我的,26.9
E4004725,U37004,app_open,2026-04-30 06:50:09,2026-04-30,6,Android,1.3.0,SES38192,我的,41.1
E4004726,U19492,click,2026-04-02 08:04:59,2026-04-02,8,Web,1.1.0,SES63507,购物车,33.0
E4004727,U11330,page_view,2026-04-25 09:22:49,2026-04-25,9,Web,1.0.0,SES89265,搜索,35.7
E4004728,U13981,search,2026-04-16 14:53:24,2026-04-16,14,Android,1.0.0,SES30530,购物车,8.3
E4004729,U32909,logout,2026-04-28 22:59:31,2026-04-28,22,iOS,1.0.0,SES93668,详情,34.3
E4004730,U43539,click,2026-04-05 03:21:09,2026-04-05,3,Web,1.0.0,SES69753,详情,39.9
E4004731,U14196,app_open,2026-04-22 11:01:31,2026-04-22,11,Android,1.3.0,SES34181,搜索,5.6
E4004732,U44217,app_open,2026-04-30 04:17:27,2026-04-30,4,Web,1.2.0,SES72276,详情,26.2
E4004733,U7926,page_view,2026-04-17 17:43:39,2026-04-17,17,Web,1.3.0,SES74178,购物车,48.2
E4004734,U13877,click,2026-04-05 09:03:16,2026-04-05,9,iOS,1.1.0,SES52319,我的,0.4
E4004735,U20480,page_view,2026-04-09 07:45:43,2026-04-09,7,Web,1.0.0,SES85573,详情,4.4
E4004736,U29702,click,2026-04-05 00:10:21,2026-04-05,0,iOS,1.3.0,SES68115,搜索,23.2
E4004737,U34878,page_view,2026-04-16 21:11:14,2026-04-16,21,Web,1.0.0,SES34328,我的,8.6
E4004738,U49013,page_view,2026-04-25 06:25:51,2026-04-25,6,Android,1.0.0,SES98935,首页,89.6
E4004739,U6886,search,2026-04-25 08:02:26,2026-04-25,8,iOS,1.1.0,SES43663,我的,41.3
E4004740,U7061,app_open,2026-04-11 07:50:06,2026-04-11,7,Android,1.2.0,SES35416,搜索,22.6
E4004741,U29302,app_open,2026-04-19 08:28:12,2026-04-19,8,Web,1.2.0,SES34503,搜索,6.0
E4004742,U12165,page_view,2026-04-21 23:48:20,2026-04-21,23,iOS,1.2.0,SES11771,设置,45.6
E4004743,U6133,purchase,2026-04-23 02:04:19,2026-04-23,2,iOS,1.2.0,SES16858,购物车,50.9
E4004744,U7773,click,2026-04-26 15:56:38,2026-04-26,15,Web,1.0.0,SES14060,购物车,14.9
E4004745,U38458,page_view,2026-04-26 05:17:20,2026-04-26,5,Web,1.0.0,SES43525,我的,18.0
E4004746,U32206,page_view,2026-04-12 21:28:03,2026-04-12,21,Web,1.2.0,SES52744,设置,1.3
E4004747,U10515,logout,2026-04-28 09:43:06,2026-04-28,9,Web,1.0.0,SES30548,购物车,22.4
E4004748,U21661,click,2026-04-30 03:13:25,2026-04-30,3,Android,1.0.0,SES59246,设置,14.1
E4004749,U12112,search,2026-04-23 15:22:27,2026-04-23,15,iOS,1.2.0,SES79247,设置,2.1
E4004750,U44013,page_view,2026-04-12 06:51:56,2026-04-12,6,iOS,1.2.0,SES71081,详情,0.3
E4004751,U12993,page_view,2026-04-26 04:08:57,2026-04-26,4,Web,1.0.0,SES93372,首页,41.9
E4004752,U30405,app_open,2026-04-14 23:07:15,2026-04-14,23,Android,1.2.0,SES91314,详情,51.6
E4004753,U23009,page_view,2026-04-23 16:02:43,2026-04-23,16,Web,1.1.0,SES65883,设置,43.7
E4004754,U31067,page_view,2026-04-24 13:53:21,2026-04-24,13,Web,1.1.0,SES36101,设置,61.7
E4004755,U13243,page_view,2026-04-26 12:01:57,2026-04-26,12,iOS,1.2.0,SES91004,设置,5.2
E4004756,U25724,app_open,2026-04-16 04:33:59,2026-04-16,4,Web,1.2.0,SES32178,设置,27.3
E4004757,U27646,app_open,2026-04-01 19:06:22,2026-04-01,19,iOS,1.2.0,SES85369,搜索,3.8
E4004758,U40808,page_view,2026-04-08 19:02:56,2026-04-08,19,Web,1.2.0,SES77149,搜索,35.2
E4004759,U34738,click,2026-04-27 20:23:37,2026-04-27,20,Web,1.1.0,SES13432,设置,2.9
E4004760,U1159,page_view,2026-04-09 12:42:26,2026-04-09,12,Android,1.3.0,SES65196,我的,0.0
E4004761,U14315,page_view,2026-04-19 03:43:41,2026-04-19,3,iOS,1.2.0,SES98570,详情,8.6
E4004762,U30647,click,2026-04-01 15:28:07,2026-04-01,15,Web,1.3.0,SES57938,首页,12.6
E4004763,U44742,app_open,2026-04-12 17:15:13,2026-04-12,17,Android,1.1.0,SES38145,购物车,7.3
E4004764,U42964,page_view,2026-04-20 07:37:05,2026-04-20,7,Web,1.3.0,SES97536,首页,0.5
E4004765,U45542,page_view,2026-04-29 23:38:25,2026-04-29,23,iOS,1.3.0,SES86797,详情,15.5
E4004766,U16934,purchase,2026-04-17 23:30:51,2026-04-17,23,Android,1.1.0,SES68007,详情,8.4
E4004767,U36331,logout,2026-04-12 03:26:34,2026-04-12,3,Web,1.0.0,SES89056,我的,41.3
E4004768,U1034,click,2026-04-30 04:54:33,2026-04-30,4,Web,1.3.0,SES40583,我的,0.4
E4004769,U25885,search,2026-04-16 20:52:01,2026-04-16,20,Web,1.2.0,SES73841,搜索,71.7
E4004770,U36415,app_open,2026-04-20 12:46:49,2026-04-20,12,iOS,1.3.0,SES26164,详情,23.2
E4004771,U28158,page_view,2026-04-22 13:19:02,2026-04-22,13,iOS,1.0.0,SES18062,设置,127.6
E4004772,U32267,click,2026-04-26 06:09:30,2026-04-26,6,Web,1.3.0,SES73744,详情,63.3
E4004773,U8920,search,2026-04-22 23:20:03,2026-04-22,23,Web,1.0.0,SES32306,详情,17.1
E4004774,U35433,page_view,2026-04-29 11:52:42,2026-04-29,11,iOS,1.1.0,SES69181,首页,16.1
E4004775,U47896,click,2026-04-09 06:33:52,2026-04-09,6,iOS,1.0.0,SES89742,购物车,2.5
E4004776,U30257,click,2026-04-30 08:50:33,2026-04-30,8,Android,1.0.0,SES86879,设置,17.6
E4004777,U9080,click,2026-04-29 04:28:27,2026-04-29,4,iOS,1.0.0,SES50759,首页,8.9
E4004778,U47518,app_open,2026-04-07 22:03:35,2026-04-07,22,iOS,1.0.0,SES42706,首页,27.6
E4004779,U9657,click,2026-04-06 16:06:01,2026-04-06,16,iOS,1.0.0,SES46720,搜索,19.3
E4004780,U8913,page_view,2026-04-26 22:36:32,2026-04-26,22,Web,1.1.0,SES91443,设置,45.4
E4004781,U14318,page_view,2026-04-25 13:28:53,2026-04-25,13,Web,1.1.0,SES36981,首页,32.9
E4004782,U35114,share,2026-04-12 08:43:27,2026-04-12,8,iOS,1.1.0,SES23992,购物车,13.9
E4004783,U45906,click,2026-04-18 13:24:43,2026-04-18,13,Web,1.3.0,SES39425,我的,8.3
E4004784,U1762,page_view,2026-04-02 14:47:09,2026-04-02,14,Web,1.0.0,SES92788,详情,20.2
E4004785,U17521,search,2026-04-22 02:06:30,2026-04-22,2,iOS,1.2.0,SES38387,设置,43.5
E4004786,U46157,app_open,2026-04-23 22:57:39,2026-04-23,22,Web,1.1.0,SES54416,我的,16.8
E4004787,U5032,search,2026-04-18 05:13:52,2026-04-18,5,Android,1.0.0,SES22896,搜索,34.6
E4004788,U14164,app_open,2026-04-30 03:29:20,2026-04-30,3,Android,1.0.0,SES15290,搜索,64.9
E4004789,U46082,click,2026-04-13 23:19:05,2026-04-13,23,Android,1.3.0,SES18211,详情,1.6
E4004790,U36408,click,2026-04-22 05:46:25,2026-04-22,5,iOS,1.3.0,SES83330,购物车,24.1
E4004791,U33130,page_view,2026-04-11 03:43:04,2026-04-11,3,Android,1.3.0,SES81610,首页,14.1
E4004792,U7759,register,2026-04-08 18:35:17,2026-04-08,18,iOS,1.1.0,SES43184,我的,35.5
E4004793,U29703,purchase,2026-04-20 22:50:01,2026-04-20,22,iOS,1.3.0,SES34309,详情,64.2
E4004794,U43623,search,2026-04-22 10:18:09,2026-04-22,10,iOS,1.0.0,SES20403,我的,48.1
E4004795,U22031,purchase,2026-04-20 11:21:21,2026-04-20,11,Web,1.1.0,SES47771,搜索,17.0
E4004796,U44824,logout,2026-04-23 05:12:50,2026-04-23,5,Web,1.0.0,SES57471,设置,19.9
E4004797,U22313,page_view,2026-04-13 05:11:20,2026-04-13,5,iOS,1.0.0,SES63279,购物车,1.3
E4004798,U6025,app_open,2026-04-03 03:01:19,2026-04-03,3,iOS,1.0.0,SES34908,首页,73.6
E4004799,U25460,page_view,2026-04-16 17:03:10,2026-04-16,17,Android,1.2.0,SES79947,我的,22.1
E4004800,U21738,app_open,2026-04-17 15:57:01,2026-04-17,15,Android,1.3.0,SES32407,首页,10.0
E4004801,U3281,page_view,2026-04-01 16:29:42,2026-04-01,16,Android,1.1.0,SES19495,详情,39.7
E4004802,U23997,app_open,2026-04-05 13:26:20,2026-04-05,13,Web,1.3.0,SES23947,我的,17.2
E4004803,U37800,page_view,2026-04-12 06:54:55,2026-04-12,6,Web,1.0.0,SES49695,购物车,60.8
E4004804,U44165,app_open,2026-04-19 04:40:02,2026-04-19,4,Android,1.1.0,SES63770,购物车,18.0
E4004805,U40338,page_view,2026-04-24 07:09:45,2026-04-24,7,Web,1.2.0,SES30908,购物车,83.3
E4004806,U11349,page_view,2026-04-28 13:58:26,2026-04-28,13,iOS,1.0.0,SES82540,搜索,15.5
E4004807,U32969,search,2026-04-30 01:09:37,2026-04-30,1,iOS,1.1.0,SES30623,购物车,34.3
E4004808,U21988,logout,2026-04-21 07:40:20,2026-04-21,7,iOS,1.2.0,SES53719,搜索,5.7
E4004809,U13194,page_view,2026-04-15 15:23:45,2026-04-15,15,Web,1.2.0,SES54930,搜索,36.7
E4004810,U23519,app_open,2026-04-25 20:55:23,2026-04-25,20,iOS,1.3.0,SES21084,购物车,9.2
E4004811,U16359,page_view,2026-04-14 15:43:49,2026-04-14,15,iOS,1.1.0,SES13722,搜索,37.5
E4004812,U42004,search,2026-04-17 02:03:27,2026-04-17,2,Web,1.2.0,SES19207,首页,167.7
E4004813,U28412,page_view,2026-04-17 23:41:59,2026-04-17,23,iOS,1.0.0,SES13719,详情,12.4
E4004814,U25491,logout,2026-04-27 20:36:18,2026-04-27,20,iOS,1.3.0,SES10348,详情,50.9
E4004815,U35860,app_open,2026-04-25 15:03:09,2026-04-25,15,Web,1.2.0,SES66212,我的,21.0
E4004816,U30621,search,2026-04-01 13:34:50,2026-04-01,13,Android,1.3.0,SES98317,首页,27.5
E4004817,U33845,page_view,2026-04-23 02:45:58,2026-04-23,2,Web,1.3.0,SES47090,购物车,0.4
E4004818,U29355,logout,2026-04-11 16:05:19,2026-04-11,16,Android,1.2.0,SES80689,详情,11.5
E4004819,U8497,page_view,2026-04-24 08:02:41,2026-04-24,8,Android,1.2.0,SES39817,详情,24.0
E4004820,U19871,app_open,2026-04-18 02:22:52,2026-04-18,2,iOS,1.2.0,SES51031,我的,46.5
E4004821,U28606,search,2026-04-09 16:48:29,2026-04-09,16,Android,1.2.0,SES24046,首页,4.7
E4004822,U41882,page_view,2026-04-02 06:51:45,2026-04-02,6,Android,1.3.0,SES40066,详情,3.0
E4004823,U31293,search,2026-04-04 14:44:03,2026-04-04,14,Android,1.2.0,SES47277,我的,17.9
E4004824,U18424,register,2026-04-30 08:49:06,2026-04-30,8,Android,1.2.0,SES19479,详情,16.8
E4004825,U39489,logout,2026-04-15 16:05:32,2026-04-15,16,Android,1.1.0,SES90748,我的,0.4
E4004826,U28671,app_open,2026-04-11 00:12:23,2026-04-11,0,Android,1.3.0,SES33123,设置,20.3
E4004827,U41830,click,2026-04-20 09:31:19,2026-04-20,9,Android,1.1.0,SES43368,搜索,75.7
E4004828,U32414,register,2026-04-14 20:07:05,2026-04-14,20,Android,1.1.0,SES71325,详情,30.9
E4004829,U9958,page_view,2026-04-17 15:46:56,2026-04-17,15,Android,1.1.0,SES82670,购物车,14.1
E4004830,U20749,app_open,2026-04-14 12:17:59,2026-04-14,12,Web,1.3.0,SES93321,我的,21.4
E4004831,U40589,page_view,2026-04-04 18:20:39,2026-04-04,18,Web,1.3.0,SES88656,购物车,22.0
E4004832,U26273,app_open,2026-04-04 17:04:33,2026-04-04,17,iOS,1.1.0,SES66545,搜索,10.5
E4004833,U47651,page_view,2026-04-24 16:03:07,2026-04-24,16,Android,1.1.0,SES21150,详情,12.4
E4004834,U5680,register,2026-04-09 12:56:49,2026-04-09,12,Android,1.0.0,SES18323,搜索,17.8
E4004835,U30196,page_view,2026-04-14 02:25:35,2026-04-14,2,Web,1.2.0,SES40832,设置,2.5
E4004836,U25043,app_open,2026-04-22 03:18:31,2026-04-22,3,iOS,1.2.0,SES39817,首页,33.2
E4004837,U32291,click,2026-04-15 04:54:57,2026-04-15,4,Web,1.2.0,SES70285,详情,23.2
E4004838,U4050,purchase,2026-04-14 05:22:44,2026-04-14,5,Android,1.0.0,SES16725,首页,4.9
E4004839,U44739,purchase,2026-04-01 05:09:55,2026-04-01,5,Web,1.2.0,SES65933,设置,26.4
E4004840,U27319,page_view,2026-04-01 06:12:00,2026-04-01,6,iOS,1.3.0,SES50429,首页,29.9
E4004841,U3431,search,2026-04-19 14:38:11,2026-04-19,14,iOS,1.0.0,SES16492,设置,67.4
E4004842,U35318,page_view,2026-04-20 04:44:02,2026-04-20,4,Android,1.0.0,SES93490,我的,16.5
E4004843,U46763,page_view,2026-04-09 03:39:38,2026-04-09,3,Android,1.1.0,SES77314,购物车,33.3
E4004844,U22532,click,2026-04-11 14:02:26,2026-04-11,14,iOS,1.3.0,SES44981,搜索,2.4
E4004845,U2704,page_view,2026-04-08 01:26:49,2026-04-08,1,Android,1.3.0,SES19480,首页,16.4
E4004846,U43318,click,2026-04-02 16:42:39,2026-04-02,16,Android,1.2.0,SES32074,我的,6.3
E4004847,U41869,search,2026-04-12 07:11:58,2026-04-12,7,Android,1.3.0,SES84990,我的,5.8
E4004848,U18818,app_open,2026-04-21 17:21:55,2026-04-21,17,iOS,1.2.0,SES80763,我的,127.2
E4004849,U28643,click,2026-04-03 22:24:32,2026-04-03,22,Web,1.1.0,SES16795,设置,5.3
E4004850,U23415,app_open,2026-04-15 19:28:37,2026-04-15,19,Android,1.0.0,SES36737,购物车,0.0
E4004851,U36040,click,2026-04-28 23:39:17,2026-04-28,23,Android,1.0.0,SES46015,详情,9.8
E4004852,U9284,page_view,2026-04-07 18:18:38,2026-04-07,18,Web,1.0.0,SES84083,我的,15.3
E4004853,U29183,click,2026-04-07 14:03:04,2026-04-07,14,iOS,1.2.0,SES16848,购物车,8.3
E4004854,U44950,page_view,2026-04-15 15:48:24,2026-04-15,15,Android,1.1.0,SES72653,购物车,21.2
E4004855,U44717,click,2026-04-27 19:56:26,2026-04-27,19,Web,1.3.0,SES77261,详情,13.1
E4004856,U11981,search,2026-04-20 15:29:52,2026-04-20,15,iOS,1.1.0,SES71020,搜索,32.9
E4004857,U18661,click,2026-04-25 05:39:23,2026-04-25,5,Web,1.1.0,SES17590,详情,39.7
E4004858,U38773,page_view,2026-04-01 01:09:30,2026-04-01,1,iOS,1.2.0,SES23329,详情,15.0
E4004859,U45153,page_view,2026-04-25 01:06:13,2026-04-25,1,iOS,1.2.0,SES71918,设置,2.7
E4004860,U28948,app_open,2026-04-14 10:23:59,2026-04-14,10,iOS,1.2.0,SES83224,购物车,31.6
E4004861,U30631,page_view,2026-04-30 22:07:06,2026-04-30,22,iOS,1.1.0,SES77253,购物车,66.1
E4004862,U7234,click,2026-04-10 17:34:03,2026-04-10,17,Web,1.2.0,SES18544,首页,66.1
E4004863,U40357,logout,2026-04-15 11:31:42,2026-04-15,11,iOS,1.0.0,SES84173,详情,12.3
E4004864,U35919,page_view,2026-04-02 23:59:00,2026-04-02,23,Web,1.1.0,SES23981,首页,27.3
E4004865,U38959,app_open,2026-04-27 21:47:19,2026-04-27,21,iOS,1.3.0,SES98554,详情,33.7
E4004866,U40504,app_open,2026-04-10 09:33:02,2026-04-10,9,iOS,1.0.0,SES44913,我的,30.9
E4004867,U3707,share,2026-04-23 11:14:40,2026-04-23,11,Web,1.2.0,SES48165,搜索,32.8
E4004868,U43588,click,2026-04-28 16:26:50,2026-04-28,16,Android,1.2.0,SES54550,详情,9.6
E4004869,U48663,logout,2026-04-16 05:29:21,2026-04-16,5,iOS,1.1.0,SES17343,首页,12.0
E4004870,U1707,app_open,2026-04-16 23:09:02,2026-04-16,23,iOS,1.0.0,SES46644,我的,49.1
E4004871,U48267,click,2026-04-09 02:10:35,2026-04-09,2,Web,1.2.0,SES38169,详情,62.6
E4004872,U35301,app_open,2026-04-24 18:43:03,2026-04-24,18,Web,1.3.0,SES57982,设置,43.0
E4004873,U39213,click,2026-04-18 12:43:27,2026-04-18,12,Android,1.1.0,SES10745,详情,12.7
E4004874,U45654,click,2026-04-30 02:39:32,2026-04-30,2,iOS,1.1.0,SES51599,首页,0.4
E4004875,U8783,purchase,2026-04-30 23:14:17,2026-04-30,23,iOS,1.2.0,SES30731,详情,3.8
E4004876,U19630,purchase,2026-04-02 06:10:48,2026-04-02,6,Android,1.1.0,SES23293,详情,20.8
E4004877,U42570,page_view,2026-04-08 20:42:26,2026-04-08,20,Android,1.2.0,SES77845,首页,63.9
E4004878,U21542,page_view,2026-04-26 20:58:08,2026-04-26,20,iOS,1.0.0,SES46585,搜索,36.7
E4004879,U13262,app_open,2026-04-25 21:34:14,2026-04-25,21,Web,1.3.0,SES27561,首页,2.8
E4004880,U39560,click,2026-04-28 05:48:10,2026-04-28,5,iOS,1.1.0,SES12738,搜索,86.4
E4004881,U18260,click,2026-04-26 04:57:24,2026-04-26,4,Android,1.1.0,SES72363,详情,21.6
E4004882,U28321,app_open,2026-04-02 06:04:52,2026-04-02,6,iOS,1.1.0,SES84485,首页,83.8
E4004883,U26965,page_view,2026-04-13 02:25:40,2026-04-13,2,Android,1.1.0,SES24912,首页,7.0
E4004884,U30142,search,2026-04-29 17:34:17,2026-04-29,17,iOS,1.3.0,SES32716,设置,49.1
E4004885,U21138,logout,2026-04-07 06:41:32,2026-04-07,6,iOS,1.3.0,SES58498,我的,7.7
E4004886,U19083,page_view,2026-04-10 17:38:26,2026-04-10,17,iOS,1.1.0,SES53043,购物车,1.9
E4004887,U23416,app_open,2026-04-11 20:16:36,2026-04-11,20,Android,1.1.0,SES10194,首页,6.8
E4004888,U29693,page_view,2026-04-24 22:37:55,2026-04-24,22,iOS,1.0.0,SES66496,详情,2.9
E4004889,U34521,search,2026-04-15 13:54:06,2026-04-15,13,Android,1.1.0,SES73860,详情,32.3
E4004890,U30628,page_view,2026-04-18 11:45:03,2026-04-18,11,iOS,1.1.0,SES57198,首页,53.3
E4004891,U24603,page_view,2026-04-29 14:14:27,2026-04-29,14,Web,1.3.0,SES31146,搜索,18.8
E4004892,U19644,app_open,2026-04-01 12:02:16,2026-04-01,12,Web,1.0.0,SES59665,设置,3.2
E4004893,U42953,logout,2026-04-14 06:14:00,2026-04-14,6,Web,1.2.0,SES77773,首页,20.3
E4004894,U31599,app_open,2026-04-25 22:23:01,2026-04-25,22,Android,1.3.0,SES74124,首页,33.1
E4004895,U19587,page_view,2026-04-29 07:43:46,2026-04-29,7,Android,1.1.0,SES73987,我的,22.8
E4004896,U45313,page_view,2026-04-29 01:48:44,2026-04-29,1,Android,1.2.0,SES25546,搜索,44.5
E4004897,U22193,click,2026-04-15 10:15:00,2026-04-15,10,Android,1.3.0,SES50613,我的,1.2
E4004898,U7964,page_view,2026-04-04 04:26:51,2026-04-04,4,Web,1.0.0,SES66360,搜索,30.3
E4004899,U47938,register,2026-04-25 05:28:15,2026-04-25,5,iOS,1.0.0,SES28669,购物车,95.2
E4004900,U25634,page_view,2026-04-28 21:34:53,2026-04-28,21,Web,1.0.0,SES32480,搜索,33.2
E4004901,U25358,search,2026-04-03 14:34:23,2026-04-03,14,Web,1.0.0,SES62927,购物车,12.1
E4004902,U9870,click,2026-04-15 00:08:40,2026-04-15,0,Web,1.0.0,SES26005,详情,48.3
E4004903,U8362,app_open,2026-04-04 01:06:20,2026-04-04,1,Web,1.1.0,SES59663,详情,77.8
E4004904,U23379,search,2026-04-16 08:06:10,2026-04-16,8,Android,1.1.0,SES80715,我的,4.3
E4004905,U5826,click,2026-04-24 22:48:19,2026-04-24,22,Android,1.2.0,SES32221,购物车,31.3
E4004906,U24933,search,2026-04-12 21:47:18,2026-04-12,21,Android,1.1.0,SES61804,搜索,12.4
E4004907,U10948,click,2026-04-02 18:26:52,2026-04-02,18,Android,1.2.0,SES31042,设置,9.1
E4004908,U44184,search,2026-04-27 08:53:36,2026-04-27,8,Android,1.0.0,SES67988,设置,36.8
E4004909,U3930,page_view,2026-04-06 11:26:57,2026-04-06,11,iOS,1.3.0,SES48835,搜索,71.7
E4004910,U38743,click,2026-04-23 12:10:05,2026-04-23,12,iOS,1.2.0,SES55249,设置,14.0
E4004911,U47846,logout,2026-04-21 14:36:17,2026-04-21,14,iOS,1.1.0,SES86470,购物车,4.5
E4004912,U41601,page_view,2026-04-22 12:30:55,2026-04-22,12,Web,1.3.0,SES12024,我的,2.0
E4004913,U26640,page_view,2026-04-12 09:53:08,2026-04-12,9,iOS,1.1.0,SES35051,详情,9.4
E4004914,U33599,purchase,2026-04-16 16:04:17,2026-04-16,16,Web,1.0.0,SES33592,我的,10.0
E4004915,U43627,page_view,2026-04-03 10:40:52,2026-04-03,10,iOS,1.3.0,SES99204,详情,23.5
E4004916,U49581,app_open,2026-04-29 02:35:17,2026-04-29,2,Android,1.3.0,SES78301,购物车,4.7
E4004917,U12981,app_open,2026-04-09 04:54:28,2026-04-09,4,Android,1.1.0,SES51246,搜索,163.0
E4004918,U4533,page_view,2026-04-07 07:52:01,2026-04-07,7,Web,1.1.0,SES57828,购物车,23.8
E4004919,U26593,page_view,2026-04-14 19:19:18,2026-04-14,19,Android,1.3.0,SES66314,详情,7.0
E4004920,U18494,page_view,2026-04-10 05:53:34,2026-04-10,5,Android,1.3.0,SES83736,购物车,14.8
E4004921,U33715,logout,2026-04-23 01:15:02,2026-04-23,1,Android,1.3.0,SES29009,设置,23.8
E4004922,U31515,app_open,2026-04-22 17:11:07,2026-04-22,17,Android,1.0.0,SES40293,设置,7.9
E4004923,U3791,page_view,2026-04-29 00:23:03,2026-04-29,0,Web,1.1.0,SES51073,搜索,31.1
E4004924,U46457,app_open,2026-04-23 07:52:31,2026-04-23,7,Web,1.2.0,SES97194,详情,30.6
E4004925,U3033,page_view,2026-04-28 19:20:46,2026-04-28,19,Web,1.3.0,SES47730,我的,80.2
E4004926,U40678,logout,2026-04-26 20:56:52,2026-04-26,20,iOS,1.3.0,SES52407,搜索,4.4
E4004927,U46541,click,2026-04-20 11:05:46,2026-04-20,11,iOS,1.2.0,SES84524,购物车,12.6
E4004928,U19033,app_open,2026-04-18 00:31:27,2026-04-18,0,Web,1.2.0,SES72529,设置,18.5
E4004929,U3794,app_open,2026-04-11 10:29:03,2026-04-11,10,Web,1.2.0,SES67560,购物车,9.5
E4004930,U4115,page_view,2026-04-13 21:11:41,2026-04-13,21,iOS,1.3.0,SES44657,我的,2.2
E4004931,U31487,purchase,2026-04-21 10:53:15,2026-04-21,10,Web,1.2.0,SES93234,购物车,4.0
E4004932,U21402,page_view,2026-04-09 02:50:34,2026-04-09,2,Android,1.2.0,SES48833,我的,22.3
E4004933,U43034,page_view,2026-04-08 10:38:25,2026-04-08,10,iOS,1.2.0,SES97471,首页,71.2
E4004934,U19660,click,2026-04-22 11:10:10,2026-04-22,11,Web,1.1.0,SES46736,详情,10.7
E4004935,U19292,page_view,2026-04-20 01:14:18,2026-04-20,1,iOS,1.0.0,SES75675,设置,13.5
E4004936,U31820,click,2026-04-07 21:41:47,2026-04-07,21,Web,1.2.0,SES59745,设置,26.5
E4004937,U25565,purchase,2026-04-03 10:28:02,2026-04-03,10,iOS,1.3.0,SES35405,设置,88.3
E4004938,U32322,click,2026-04-13 16:59:38,2026-04-13,16,Web,1.1.0,SES87418,设置,15.0
E4004939,U19815,click,2026-04-25 11:07:56,2026-04-25,11,iOS,1.2.0,SES45229,购物车,27.4
E4004940,U43500,app_open,2026-04-17 23:25:38,2026-04-17,23,Android,1.0.0,SES77741,设置,48.7
E4004941,U19736,click,2026-04-26 08:12:42,2026-04-26,8,iOS,1.1.0,SES86630,购物车,19.1
E4004942,U22514,click,2026-04-01 16:53:26,2026-04-01,16,Android,1.1.0,SES60000,搜索,121.4
E4004943,U11467,logout,2026-04-22 18:33:20,2026-04-22,18,Android,1.2.0,SES56533,搜索,39.4
E4004944,U48006,share,2026-04-03 05:05:01,2026-04-03,5,Web,1.1.0,SES21004,首页,6.9
E4004945,U33438,page_view,2026-04-23 23:54:12,2026-04-23,23,Web,1.2.0,SES24401,设置,37.2
E4004946,U43842,page_view,2026-04-09 16:39:03,2026-04-09,16,Web,1.3.0,SES19167,首页,2.2
E4004947,U2101,search,2026-04-08 23:29:14,2026-04-08,23,Android,1.0.0,SES27000,购物车,5.8
E4004948,U1704,page_view,2026-04-16 22:28:31,2026-04-16,22,iOS,1.1.0,SES98444,设置,29.5
E4004949,U35724,app_open,2026-04-23 00:00:40,2026-04-23,0,iOS,1.2.0,SES13349,搜索,16.1
E4004950,U6027,app_open,2026-04-16 09:27:46,2026-04-16,9,iOS,1.1.0,SES15631,首页,1.1
E4004951,U19178,click,2026-04-13 03:04:00,2026-04-13,3,Android,1.1.0,SES35872,详情,43.9
E4004952,U43313,app_open,2026-04-10 20:55:55,2026-04-10,20,Web,1.1.0,SES44838,设置,7.8
E4004953,U15458,page_view,2026-04-30 05:57:11,2026-04-30,5,Android,1.2.0,SES86105,详情,70.8
E4004954,U8690,search,2026-04-23 19:22:34,2026-04-23,19,Android,1.1.0,SES74687,设置,29.7
E4004955,U38576,click,2026-04-27 09:10:37,2026-04-27,9,Android,1.3.0,SES11149,搜索,4.1
E4004956,U3170,click,2026-04-20 11:10:21,2026-04-20,11,Android,1.0.0,SES88432,购物车,13.3
E4004957,U24009,page_view,2026-04-26 05:07:13,2026-04-26,5,iOS,1.2.0,SES27803,设置,20.0
E4004958,U5169,page_view,2026-04-14 03:05:46,2026-04-14,3,iOS,1.0.0,SES75602,购物车,24.3
E4004959,U42367,purchase,2026-04-01 08:01:32,2026-04-01,8,Android,1.2.0,SES62948,购物车,18.5
E4004960,U34664,logout,2026-04-24 05:03:52,2026-04-24,5,Android,1.3.0,SES10443,详情,3.4
E4004961,U42368,page_view,2026-04-03 22:16:48,2026-04-03,22,Web,1.2.0,SES53304,设置,86.6
E4004962,U9219,purchase,2026-04-17 07:49:37,2026-04-17,7,Web,1.1.0,SES18313,详情,39.9
E4004963,U13274,page_view,2026-04-27 09:16:52,2026-04-27,9,Android,1.1.0,SES47575,我的,26.5
E4004964,U49767,app_open,2026-04-21 16:35:17,2026-04-21,16,Android,1.2.0,SES30477,设置,70.5
E4004965,U11339,app_open,2026-04-04 03:31:21,2026-04-04,3,Web,1.2.0,SES52215,我的,13.7
E4004966,U36163,click,2026-04-13 13:11:28,2026-04-13,13,Web,1.3.0,SES94528,搜索,0.3
E4004967,U29498,click,2026-04-16 12:31:57,2026-04-16,12,Web,1.1.0,SES64797,搜索,115.9
E4004968,U19429,purchase,2026-04-10 01:59:38,2026-04-10,1,iOS,1.3.0,SES98136,购物车,0.3
E4004969,U27151,page_view,2026-04-19 13:00:15,2026-04-19,13,iOS,1.2.0,SES41069,详情,34.0
E4004970,U12872,purchase,2026-04-18 20:49:32,2026-04-18,20,iOS,1.3.0,SES99257,设置,28.4
E4004971,U23080,app_open,2026-04-11 01:26:27,2026-04-11,1,Web,1.2.0,SES95570,设置,30.6
E4004972,U1767,page_view,2026-04-07 04:44:32,2026-04-07,4,Android,1.0.0,SES78717,我的,21.0
E4004973,U23389,click,2026-04-04 02:34:16,2026-04-04,2,Android,1.1.0,SES82587,首页,16.0
E4004974,U42964,purchase,2026-04-03 05:45:38,2026-04-03,5,Android,1.2.0,SES81017,详情,7.5
E4004975,U41213,page_view,2026-04-06 01:27:46,2026-04-06,1,Web,1.3.0,SES24670,设置,11.2
E4004976,U21310,app_open,2026-04-28 23:51:35,2026-04-28,23,Android,1.0.0,SES22301,购物车,4.7
E4004977,U35824,page_view,2026-04-17 21:32:23,2026-04-17,21,Android,1.3.0,SES86269,我的,14.4
E4004978,U4708,page_view,2026-04-02 21:05:53,2026-04-02,21,Android,1.2.0,SES66755,设置,10.6
E4004979,U40623,app_open,2026-04-09 14:19:16,2026-04-09,14,Web,1.0.0,SES72823,首页,23.2
E4004980,U25738,app_open,2026-04-25 05:11:36,2026-04-25,5,Web,1.3.0,SES32171,我的,57.9
E4004981,U19661,app_open,2026-04-01 13:41:00,2026-04-01,13,Web,1.0.0,SES86191,购物车,37.2
E4004982,U42733,page_view,2026-04-25 17:43:15,2026-04-25,17,iOS,1.3.0,SES86901,详情,16.0
E4004983,U18985,search,2026-04-24 01:08:48,2026-04-24,1,Android,1.0.0,SES89853,设置,14.2
E4004984,U13793,page_view,2026-04-05 06:08:57,2026-04-05,6,iOS,1.2.0,SES32459,详情,18.1
E4004985,U37248,page_view,2026-04-13 16:54:57,2026-04-13,16,iOS,1.1.0,SES20542,设置,30.5
E4004986,U43204,app_open,2026-04-09 03:50:07,2026-04-09,3,Android,1.0.0,SES98717,首页,83.0
E4004987,U30469,page_view,2026-04-29 05:38:07,2026-04-29,5,iOS,1.0.0,SES38821,详情,81.6
E4004988,U29831,page_view,2026-04-03 04:40:34,2026-04-03,4,Android,1.2.0,SES16593,我的,2.6
E4004989,U38226,click,2026-04-23 10:24:08,2026-04-23,10,Web,1.2.0,SES67590,设置,13.0
E4004990,U18732,click,2026-04-02 15:46:48,2026-04-02,15,Android,1.3.0,SES22841,首页,5.8
E4004991,U41978,page_view,2026-04-11 15:48:38,2026-04-11,15,Web,1.3.0,SES60077,详情,54.4
E4004992,U45587,page_view,2026-04-23 08:00:06,2026-04-23,8,Web,1.0.0,SES27168,详情,10.0
E4004993,U10290,click,2026-04-21 05:17:33,2026-04-21,5,iOS,1.0.0,SES98610,搜索,23.4
E4004994,U17650,click,2026-04-01 16:50:13,2026-04-01,16,iOS,1.2.0,SES83966,详情,36.9
E4004995,U1437,page_view,2026-04-03 16:22:37,2026-04-03,16,Android,1.1.0,SES31851,详情,62.9
E4004996,U42788,page_view,2026-04-27 21:21:13,2026-04-27,21,Android,1.3.0,SES57729,我的,22.3
E4004997,U44118,page_view,2026-04-26 13:55:01,2026-04-26,13,Android,1.3.0,SES39070,我的,2.1
E4004998,U15188,click,2026-04-21 13:12:52,2026-04-21,13,Web,1.2.0,SES49742,购物车,3.1
E4004999,U47375,click,2026-04-04 09:56:44,2026-04-04,9,iOS,1.1.0,SES42478,设置,42.1
