employee_id,bu_id,department,skill_tags,has_ai_skill,cert_count,has_cert,main_cert,hire_date,tenure_years,manager_id,performance_score,salary_band,region,gender,age,is_active,leave_date
E10000,BU-2,研发,React,0,0,0,,2023-12-16,0.61,M185,3.73,P3,华北,女,29,1,
E10001,BU-1,研发,运营,0,2,1,ACP,2021-08-28,4.13,M190,3.84,P4,西南,女,40,1,
E10002,BU-4,运营,Spark|Java|React|AI/ML,1,0,0,,2021-03-30,1.42,M145,3.04,P4,西南,男,36,1,
E10003,BU-1,销售,Go|Java|审计,0,0,0,,2022-03-24,13.51,M128,4.16,P6,西南,男,40,1,
E10004,BU-5,运营,K8s,0,3,1,CFA,2020-08-23,11.6,M105,4.84,P7,西南,女,30,1,
E10005,BU-1,运营,K8s|运营|AI/ML,1,0,0,,2020-11-20,1.37,M142,2.92,P4,华中,男,28,1,
E10006,BU-5,财务,运营|BD|审计,0,0,0,,2020-01-29,2.46,M103,2.99,P3,东北,男,41,1,
E10007,BU-1,销售,K8s|PM,0,0,0,,2020-02-07,15.25,M162,3.64,P3,西南,男,31,1,
E10008,BU-4,产品,AI/ML|Java,1,0,0,,2020-07-19,1.4,M149,2.93,P4,东北,女,26,1,
E10009,BU-5,产品,React,0,1,1,ACP,2021-03-25,5.25,M178,4.09,P5,华北,男,39,1,
E10010,BU-4,运营,Spark,0,0,0,,2020-08-30,1.74,M110,3.53,P4,西南,女,30,1,
E10011,BU-2,产品,运营,0,0,0,,2024-07-03,0.86,M175,4.42,P7,东北,男,39,0,
E10012,BU-3,研发,财务|AI/ML|Go,1,2,1,PMP,2024-01-30,0.69,M118,2.84,P3,东北,女,29,0,
E10013,BU-2,运营,审计|Java|AI/ML,1,0,0,,2022-03-19,3.82,M127,3.14,P7,华南,女,22,1,
E10014,BU-4,产品,Java|运营,0,0,0,,2024-01-18,15.54,M102,2.54,P7,华中,男,36,1,
E10015,BU-3,研发,审计|Go|财务,0,0,0,,2024-10-21,4.46,M134,2.77,P7,华中,女,31,1,
E10016,BU-3,运营,财务,0,0,0,,2022-01-12,10.85,M157,3.75,P4,华南,男,34,1,
E10017,BU-4,财务,Spark,0,2,1,CFA,2021-03-07,4.93,M125,3.69,P3,华中,女,35,1,
E10018,BU-4,销售,PM,0,0,0,,2024-02-25,10.73,M156,2.27,P6,西南,女,40,1,
E10019,BU-5,运营,React,0,0,0,,2024-05-12,4.9,M181,3.61,P5,西南,女,41,1,
E10020,BU-1,客服,AI/ML|BD|React,1,0,0,,2023-01-12,6.1,M107,3.23,P4,华东,男,29,1,
E10021,BU-6,市场,BD|Spark|Python|React,0,0,0,,2020-03-24,6.52,M124,3.25,P6,华中,女,24,1,
E10022,BU-6,HR,Java,0,0,0,,2022-09-24,1.88,M146,3.25,P7,华东,女,33,1,
E10023,BU-4,HR,运营|AI/ML|财务,1,0,0,,2024-10-01,4.76,M126,3.27,P7,华东,女,33,1,
E10024,BU-6,运营,React|财务|Java|BD,0,0,0,,2022-03-03,1.33,M155,3.03,P4,东北,女,44,1,
E10025,BU-5,产品,PM|BD|Go|AI/ML,1,0,0,,2020-12-31,4.13,M161,3.23,P6,华北,女,31,1,
E10026,BU-3,销售,审计|Go,0,0,0,,2022-10-17,2.77,M158,3.39,P4,华北,女,22,1,
E10027,BU-3,销售,审计,0,0,0,,2024-11-02,7.73,M136,3.33,P5,华北,男,45,1,
E10028,BU-1,运营,K8s|PM,0,0,0,,2024-02-24,0.79,M148,3.43,P3,东北,女,42,1,
E10029,BU-5,产品,Python|PM,0,2,1,K8s-CKA,2023-09-14,2.47,M102,3.03,P6,华北,女,36,1,
E10030,BU-4,HR,Java|Python|AI/ML|Go,1,0,0,,2022-08-05,3.4,M154,3.94,P6,华东,男,25,1,
E10031,BU-3,运营,Spark|AI/ML,1,0,0,,2022-03-27,2.2,M169,5.0,P4,华中,男,47,1,
E10032,BU-3,市场,Java|财务,0,0,0,,2021-12-22,0.18,M115,3.7,P4,华东,女,35,1,
E10033,BU-3,客服,审计|BD,0,0,0,,2020-05-09,2.57,M169,4.04,P5,华中,女,27,1,
E10034,BU-3,运营,Go,0,0,0,,2021-04-16,0.17,M121,3.72,P3,西南,男,42,1,
E10035,BU-3,财务,AI/ML|React|Python,1,0,0,,2020-04-02,1.98,M121,4.72,P4,华北,女,32,1,
E10036,BU-4,市场,Python,0,3,1,ACP,2024-01-14,0.17,M174,3.56,P7,华南,女,41,1,
E10037,BU-6,运营,Go|AI/ML,1,0,0,,2021-08-12,7.14,M134,3.15,P6,华东,女,29,1,
E10038,BU-2,客服,BD|Spark|Java|Go,0,0,0,,2024-03-12,0.1,M182,4.59,P5,华东,男,26,1,
E10039,BU-2,产品,运营|财务|K8s|BD,0,0,0,,2022-04-28,1.52,M119,4.21,P6,东北,女,25,1,
E10040,BU-5,市场,AI/ML,1,0,0,,2021-05-04,1.46,M172,4.21,P5,西南,女,31,1,
E10041,BU-3,市场,审计|Spark|Java,0,1,1,K8s-CKA,2021-03-01,7.6,M138,3.83,P4,华中,男,42,1,
E10042,BU-5,运营,AI/ML,1,2,1,AWS,2022-06-10,1.95,M123,3.27,P3,华中,女,43,1,
E10043,BU-5,产品,运营|Spark|AI/ML,1,0,0,,2020-12-05,0.11,M100,3.32,P5,华东,男,38,1,
E10044,BU-1,市场,运营|Go,0,0,0,,2024-11-26,0.7,M195,4.13,P7,西南,女,44,1,
E10045,BU-4,运营,K8s|Java,0,0,0,,2021-04-10,1.35,M192,2.93,P4,华东,女,34,1,
E10046,BU-4,HR,PM|AI/ML|BD|运营,1,0,0,,2020-02-19,10.84,M145,4.31,P4,华东,女,39,1,
E10047,BU-1,运营,BD|Python|React|PM,0,0,0,,2020-08-09,6.93,M191,5.0,P3,华北,女,22,1,
E10048,BU-6,销售,React,0,0,0,,2023-02-21,4.07,M185,2.56,P6,东北,男,38,1,
E10049,BU-1,运营,Spark|审计|Java,0,0,0,,2024-08-19,1.11,M172,2.55,P5,华中,女,33,1,
E10050,BU-5,研发,Spark|PM|Java,0,0,0,,2022-12-26,0.1,M180,3.74,P3,东北,女,25,1,
E10051,BU-1,产品,PM,0,0,0,,2022-11-01,4.13,M168,3.18,P3,华南,男,28,1,
E10052,BU-5,研发,Java|BD|React,0,2,1,CFA,2022-06-26,2.9,M123,3.61,P5,华南,女,31,1,
E10053,BU-6,产品,Go|Java,0,0,0,,2021-12-06,1.64,M198,3.24,P5,西南,女,35,1,
E10054,BU-2,运营,K8s|AI/ML|PM,1,0,0,,2020-12-19,7.19,M176,4.11,P4,华东,男,34,1,
E10055,BU-5,客服,React,0,0,0,,2024-07-16,11.93,M150,3.25,P6,华东,男,40,1,
E10056,BU-4,市场,BD|财务|运营,0,0,0,,2022-04-29,0.44,M168,3.81,P6,华中,男,32,1,
E10057,BU-2,运营,React|Java,0,0,0,,2023-05-30,8.26,M132,3.1,P3,华北,女,27,1,
E10058,BU-1,客服,审计,0,0,0,,2022-07-03,5.48,M110,3.37,P5,华东,女,22,1,
E10059,BU-2,运营,React|PM|Go|运营,0,3,1,K8s-CKA,2022-10-31,2.18,M170,3.21,P5,华南,男,33,1,
E10060,BU-3,客服,Python|BD,0,0,0,,2022-01-03,2.71,M179,3.59,P7,华中,男,44,0,
E10061,BU-1,市场,Go|Python|Java,0,1,1,Oracle DBA,2024-05-18,9.93,M136,4.02,P5,东北,男,22,1,
E10062,BU-2,研发,Java|BD|运营|Spark,0,1,1,CFA,2023-02-10,4.54,M177,3.25,P4,华中,女,46,1,
E10063,BU-6,财务,React|审计|Spark|Python,0,0,0,,2020-09-20,2.64,M141,3.95,P5,华东,女,36,1,
E10064,BU-5,运营,AI/ML,1,0,0,,2021-12-15,2.14,M172,3.36,P7,西南,男,37,1,
E10065,BU-1,HR,运营|React,0,0,0,,2020-09-25,1.91,M184,3.78,P5,华南,男,32,1,
E10066,BU-1,销售,运营,0,0,0,,2022-11-01,1.1,M181,2.89,P3,华北,女,25,1,
E10067,BU-1,销售,Go|BD,0,0,0,,2024-05-22,7.61,M171,4.57,P4,华中,女,22,1,
E10068,BU-2,研发,财务|Python|PM|Go,0,0,0,,2021-10-01,2.44,M121,3.09,P3,东北,女,22,1,
E10069,BU-5,运营,Java|运营,0,0,0,,2020-04-26,6.4,M107,3.68,P4,华东,女,29,1,
E10070,BU-5,研发,财务|Go|React,0,2,1,TensorFlow,2022-03-11,1.97,M112,3.77,P4,华中,男,27,1,
E10071,BU-5,财务,Java,0,0,0,,2021-09-07,0.6,M100,3.07,P4,华南,女,42,1,
E10072,BU-4,产品,BD,0,0,0,,2023-04-11,0.84,M161,3.36,P7,华南,女,29,1,
E10073,BU-6,产品,React|Java|财务,0,0,0,,2022-11-04,8.1,M119,4.42,P6,华南,女,38,1,
E10074,BU-4,HR,Go|Java|审计,0,0,0,,2024-08-17,2.96,M107,4.47,P4,华南,男,54,1,
E10075,BU-2,客服,Go|运营|Spark|PM,0,0,0,,2021-08-14,10.54,M179,4.01,P3,华北,男,35,1,
E10076,BU-1,研发,React|财务,0,1,1,TensorFlow,2022-01-07,1.8,M108,3.51,P5,东北,男,26,1,
E10077,BU-2,运营,Spark|Python,0,3,1,Oracle DBA,2023-12-01,4.55,M137,3.62,P5,西南,女,26,1,
E10078,BU-3,财务,财务|Go|K8s|Spark,0,0,0,,2024-09-18,0.95,M148,2.98,P4,西南,女,35,1,
E10079,BU-6,研发,React|Go,0,0,0,,2021-10-21,2.74,M193,2.82,P6,东北,男,34,1,
E10080,BU-5,研发,审计|K8s|Go|运营,0,0,0,,2023-12-11,0.9,M118,4.11,P3,西南,女,24,1,
E10081,BU-5,HR,运营,0,0,0,,2021-09-29,2.06,M134,3.81,P3,东北,女,30,1,
E10082,BU-3,市场,Go,0,0,0,,2024-04-08,1.1,M192,3.44,P3,东北,男,35,1,
E10083,BU-1,财务,Spark,0,0,0,,2021-12-03,1.84,M176,3.75,P4,东北,男,32,1,
E10084,BU-6,财务,AI/ML,1,0,0,,2020-01-08,9.54,M152,3.59,P5,华中,男,38,1,
E10085,BU-4,研发,Spark|运营|BD|审计,0,0,0,,2020-04-30,1.57,M175,2.88,P3,华中,男,24,1,
E10086,BU-4,销售,运营|Python,0,0,0,,2021-10-20,3.04,M184,3.63,P4,东北,女,39,1,
E10087,BU-5,研发,PM,0,0,0,,2024-03-10,11.06,M116,3.91,P6,华北,男,36,1,
E10088,BU-2,市场,Go|React|Java|审计,0,0,0,,2023-09-30,8.33,M137,3.83,P5,华东,女,36,0,
E10089,BU-3,市场,Java,0,0,0,,2020-01-13,1.15,M160,2.81,P6,华东,男,36,1,
E10090,BU-1,销售,AI/ML|审计,1,0,0,,2021-03-18,2.36,M123,3.07,P4,东北,男,36,1,
E10091,BU-1,产品,K8s|BD,0,0,0,,2024-05-27,2.24,M133,4.33,P5,华中,女,39,1,
E10092,BU-6,客服,Go|运营|BD,0,0,0,,2022-06-10,0.11,M182,3.46,P6,西南,男,40,1,
E10093,BU-5,财务,AI/ML|Go,1,0,0,,2021-04-08,0.95,M120,3.84,P4,华东,女,31,1,
E10094,BU-5,客服,财务|Go|Python,0,0,0,,2020-05-04,9.89,M133,3.88,P5,西南,女,29,1,
E10095,BU-4,运营,React|BD|Python,0,0,0,,2021-07-28,2.72,M162,3.88,P7,华北,女,30,1,
E10096,BU-4,财务,审计|运营,0,3,1,PMP,2022-01-23,1.33,M185,4.19,P6,华北,女,23,1,
E10097,BU-4,产品,财务|React,0,0,0,,2022-02-09,6.37,M196,3.99,P5,华东,女,31,1,
E10098,BU-6,产品,审计|Go|PM|BD,0,0,0,,2022-09-07,9.82,M134,3.62,P5,华北,男,29,1,
E10099,BU-6,客服,运营|Java,0,0,0,,2021-05-23,3.27,M126,4.3,P3,华南,女,35,1,
E10100,BU-2,市场,审计|Java|K8s|Go,0,1,1,Oracle DBA,2023-06-10,0.57,M114,3.04,P5,西南,女,28,1,
E10101,BU-2,市场,运营|财务|Java|Go,0,0,0,,2023-10-05,5.79,M166,4.25,P6,西南,男,39,1,
E10102,BU-1,运营,React|PM|AI/ML,1,0,0,,2023-02-05,0.98,M114,3.63,P4,华南,女,31,1,
E10103,BU-3,客服,Python|运营,0,0,0,,2023-10-08,1.03,M187,3.18,P5,华北,女,44,1,
E10104,BU-2,HR,Spark|财务|审计|Python,0,0,0,,2022-06-29,11.09,M155,3.54,P6,华南,女,41,1,
E10105,BU-4,研发,BD|PM,0,0,0,,2021-01-11,1.12,M180,2.53,P6,东北,男,32,1,
E10106,BU-6,销售,审计,0,0,0,,2020-04-03,1.61,M145,3.17,P4,华北,女,39,1,
E10107,BU-1,运营,Go|K8s,0,1,1,CFA,2022-01-31,0.62,M121,4.63,P7,华北,男,29,1,
E10108,BU-3,市场,运营,0,0,0,,2022-07-21,0.7,M184,3.42,P5,东北,女,40,1,
E10109,BU-2,研发,运营|Java,0,0,0,,2022-05-31,14.33,M165,3.54,P3,华东,男,23,1,
E10110,BU-2,客服,财务,0,0,0,,2024-03-12,9.96,M134,3.13,P6,东北,女,27,0,
E10111,BU-4,市场,Java|PM|React,0,0,0,,2022-12-10,1.95,M194,3.12,P4,东北,女,22,1,
E10112,BU-5,财务,Python,0,1,1,ACP,2023-01-14,0.66,M186,2.36,P4,华东,男,29,1,
E10113,BU-6,财务,审计|K8s|运营,0,0,0,,2024-03-21,0.1,M101,3.45,P6,华北,男,35,1,
E10114,BU-6,市场,财务|K8s|React,0,0,0,,2020-05-01,1.29,M127,3.63,P6,华南,女,37,1,
E10115,BU-3,客服,React|K8s|AI/ML,1,0,0,,2020-03-15,0.62,M162,3.19,P5,华中,男,23,0,
E10116,BU-5,研发,React|审计|Go,0,0,0,,2021-03-24,12.1,M161,4.35,P5,东北,男,36,1,
E10117,BU-3,财务,Go|运营|BD,0,0,0,,2022-07-09,11.05,M100,2.26,P5,华中,女,22,1,
E10118,BU-4,财务,K8s|Spark|审计|财务,0,0,0,,2020-10-05,0.88,M112,3.89,P7,华东,男,26,1,
E10119,BU-2,研发,Java|PM|Spark|React,0,0,0,,2024-01-26,0.4,M123,3.52,P4,华东,男,33,1,
E10120,BU-1,销售,运营|Java|Go,0,0,0,,2024-07-20,0.2,M167,4.04,P4,华中,女,33,1,
E10121,BU-1,运营,BD|Python|PM,0,0,0,,2020-03-11,0.76,M168,4.23,P5,华中,男,41,1,
E10122,BU-4,财务,React,0,0,0,,2020-09-24,3.23,M121,2.9,P3,华中,男,33,1,
E10123,BU-4,运营,Java|Spark|PM|K8s,0,0,0,,2020-04-21,3.76,M195,4.38,P6,西南,男,31,1,
E10124,BU-5,客服,审计,0,0,0,,2020-08-24,1.6,M153,3.49,P3,西南,女,36,1,
E10125,BU-2,客服,运营,0,0,0,,2021-03-04,5.77,M158,3.43,P7,西南,女,36,1,
E10126,BU-5,运营,React,0,0,0,,2022-12-14,1.72,M158,3.7,P7,华中,女,22,1,
E10127,BU-3,市场,财务|Spark|AI/ML,1,0,0,,2021-04-05,0.1,M134,3.2,P3,西南,男,43,1,
E10128,BU-5,客服,K8s|PM|BD,0,0,0,,2020-11-23,6.67,M142,3.88,P4,华北,女,37,1,
E10129,BU-5,HR,财务|运营|PM,0,0,0,,2021-10-17,3.26,M128,4.2,P7,华中,男,46,1,
E10130,BU-6,财务,财务|K8s,0,2,1,Oracle DBA,2022-06-08,10.45,M175,4.07,P6,华北,女,38,1,
E10131,BU-2,运营,Go|Java|AI/ML,1,0,0,,2021-07-17,4.75,M189,3.19,P5,华北,女,39,1,
E10132,BU-5,市场,React|AI/ML|PM|Java,1,0,0,,2020-03-09,4.35,M139,4.16,P7,华北,女,35,1,
E10133,BU-1,市场,运营|Java|React,0,0,0,,2020-09-29,5.71,M187,4.49,P6,西南,男,22,1,
E10134,BU-3,运营,财务|React|审计|AI/ML,1,0,0,,2022-11-22,4.91,M105,4.32,P5,东北,男,34,1,
E10135,BU-5,市场,Python|Spark|PM,0,0,0,,2024-11-19,1.04,M185,3.59,P7,华中,男,35,1,
E10136,BU-1,产品,Spark|审计|Java|AI/ML,1,0,0,,2022-12-17,2.0,M129,3.17,P7,东北,女,23,1,
E10137,BU-5,财务,Python|财务|React|审计,0,1,1,TensorFlow,2023-07-20,20.92,M179,3.86,P6,华东,男,36,1,
E10138,BU-4,市场,Java|Spark|Go|React,0,0,0,,2024-10-18,1.55,M189,4.86,P7,华南,女,36,1,
E10139,BU-1,市场,审计,0,3,1,AWS,2021-04-28,2.8,M189,3.12,P3,华东,女,34,1,
E10140,BU-6,研发,K8s|运营,0,0,0,,2024-04-27,5.34,M155,3.49,P7,华南,女,28,1,
E10141,BU-2,运营,Go|BD|PM|Python,0,0,0,,2023-02-20,0.37,M134,4.47,P5,东北,男,26,1,
E10142,BU-5,财务,BD|审计,0,0,0,,2020-03-17,3.61,M135,2.26,P3,华东,男,29,1,
E10143,BU-4,销售,BD|Python|审计|AI/ML,1,0,0,,2020-02-21,1.32,M119,2.8,P4,华中,男,36,1,
E10144,BU-4,研发,Spark,0,0,0,,2022-11-07,3.32,M139,3.79,P7,西南,女,37,1,
E10145,BU-1,HR,Spark,0,0,0,,2023-01-05,6.92,M184,3.57,P6,西南,男,29,0,
E10146,BU-4,客服,React,0,2,1,K8s-CKA,2021-08-04,4.97,M108,4.03,P6,西南,女,39,1,
E10147,BU-2,产品,审计|Spark|运营|React,0,0,0,,2022-03-20,2.3,M157,3.38,P3,华北,男,40,1,
E10148,BU-6,市场,Python|审计,0,0,0,,2020-01-06,2.26,M145,4.13,P5,华南,男,23,1,
E10149,BU-6,研发,Java|K8s|审计|React,0,0,0,,2021-03-27,1.87,M164,4.24,P5,东北,男,31,0,
E10150,BU-6,市场,运营|BD|K8s|PM,0,0,0,,2020-09-05,19.2,M170,3.38,P7,华东,男,23,1,
E10151,BU-2,运营,运营|Python|K8s|Go,0,0,0,,2023-06-11,0.16,M156,2.45,P6,华东,男,29,1,
E10152,BU-2,财务,PM,0,0,0,,2023-11-09,0.8,M188,3.99,P3,华中,男,25,1,
E10153,BU-3,研发,Go|K8s|审计,0,0,0,,2023-12-30,2.92,M146,3.02,P7,华中,女,22,1,
E10154,BU-3,研发,K8s|React|财务,0,0,0,,2020-01-21,5.06,M137,3.94,P6,华中,男,33,1,
E10155,BU-5,市场,PM|AI/ML|Python|运营,1,0,0,,2020-02-01,1.77,M196,3.63,P7,华东,女,26,1,
E10156,BU-2,研发,BD|财务|K8s|运营,0,0,0,,2024-05-14,0.17,M181,3.27,P6,华中,女,40,1,
E10157,BU-1,HR,财务,0,0,0,,2021-12-19,0.73,M157,3.21,P4,华中,男,29,1,
E10158,BU-3,研发,运营|AI/ML|Java|Go,1,0,0,,2023-01-11,3.13,M121,3.32,P3,华中,女,26,1,
E10159,BU-6,HR,财务|Java|K8s|运营,0,0,0,,2023-10-12,6.27,M121,2.65,P6,华南,男,43,1,
E10160,BU-5,HR,财务|Java,0,2,1,CFA,2021-06-03,3.56,M148,2.4,P6,华北,男,35,1,
E10161,BU-4,产品,Go|AI/ML|BD|Spark,1,0,0,,2024-02-28,0.37,M126,3.46,P5,华南,女,45,1,
E10162,BU-3,市场,BD|运营,0,0,0,,2022-11-14,6.67,M136,3.12,P6,华南,男,42,0,
E10163,BU-4,HR,PM|BD,0,2,1,K8s-CKA,2023-03-24,6.8,M121,4.24,P3,华南,女,22,1,
E10164,BU-5,运营,AI/ML|BD|运营,1,0,0,,2021-10-03,1.27,M112,3.07,P6,华中,男,22,1,
E10165,BU-4,客服,Spark|K8s,0,0,0,,2021-05-01,1.6,M167,3.75,P7,西南,男,27,1,
E10166,BU-1,财务,运营|审计,0,0,0,,2020-12-09,0.68,M105,3.41,P6,华北,男,27,1,
E10167,BU-5,HR,React|Java|财务|Spark,0,0,0,,2020-01-11,7.61,M185,3.04,P4,华北,男,28,1,
E10168,BU-2,市场,Java|Spark,0,3,1,ACP,2023-10-28,0.7,M123,2.47,P5,华南,女,36,1,
E10169,BU-2,运营,PM,0,0,0,,2022-12-16,0.19,M190,3.5,P7,华中,女,30,1,
E10170,BU-2,HR,React|运营,0,3,1,AWS,2024-06-07,3.79,M172,3.55,P7,东北,女,22,1,
E10171,BU-2,财务,审计|Python|Java|运营,0,0,0,,2022-10-08,6.48,M163,3.04,P6,东北,男,34,1,
E10172,BU-3,研发,K8s|审计|React,0,0,0,,2023-01-01,7.87,M198,3.47,P3,东北,男,29,0,
E10173,BU-3,产品,React,0,0,0,,2022-03-24,5.5,M185,3.42,P3,华北,男,28,0,
E10174,BU-3,HR,审计|React,0,0,0,,2021-03-27,6.84,M114,2.84,P4,华东,男,55,1,
E10175,BU-1,客服,审计,0,2,1,Oracle DBA,2023-03-14,0.82,M156,3.03,P6,华南,男,39,1,
E10176,BU-4,产品,财务|K8s,0,0,0,,2023-07-30,1.81,M143,2.8,P3,东北,女,30,1,
E10177,BU-4,销售,Java|BD|PM|React,0,2,1,Oracle DBA,2020-11-17,0.11,M159,3.27,P4,东北,男,27,1,
E10178,BU-2,产品,审计|AI/ML|Spark,1,0,0,,2020-07-13,8.02,M158,3.81,P4,华北,男,30,1,
E10179,BU-5,运营,运营|Java,0,0,0,,2021-06-29,1.33,M159,3.8,P5,西南,女,33,1,
E10180,BU-3,产品,BD|Python|React,0,0,0,,2020-05-05,1.29,M159,3.58,P5,东北,女,27,1,
E10181,BU-2,市场,Go|Java|运营|K8s,0,0,0,,2024-06-05,1.33,M160,3.25,P4,东北,男,22,1,
E10182,BU-6,销售,Go,0,1,1,AWS,2022-10-01,0.11,M146,2.64,P7,华中,女,27,1,
E10183,BU-4,运营,运营|React,0,0,0,,2023-11-15,2.93,M186,3.74,P3,华中,女,42,1,
E10184,BU-5,财务,运营|K8s|React|Java,0,0,0,,2021-11-04,0.57,M165,3.78,P6,华南,女,29,1,
E10185,BU-4,产品,审计,0,0,0,,2022-10-02,3.85,M154,3.2,P6,华中,女,27,1,
E10186,BU-3,财务,AI/ML,1,0,0,,2024-03-20,1.07,M135,3.34,P4,华北,男,35,1,
E10187,BU-2,客服,React,0,0,0,,2024-02-01,6.71,M150,3.45,P4,华中,女,39,1,
E10188,BU-2,销售,BD,0,0,0,,2022-09-18,1.4,M109,4.41,P5,西南,女,34,1,
E10189,BU-1,研发,Python|PM|Go,0,0,0,,2021-11-05,3.1,M150,3.11,P7,西南,男,28,1,
E10190,BU-1,客服,BD,0,0,0,,2023-12-08,18.34,M170,3.85,P3,华南,女,52,1,
E10191,BU-6,客服,BD|审计|Java|AI/ML,1,0,0,,2024-11-16,3.94,M169,3.63,P4,西南,女,22,1,
E10192,BU-1,市场,React|财务|Java|AI/ML,1,0,0,,2020-10-26,0.11,M120,3.39,P4,华东,女,36,1,
E10193,BU-2,客服,Java|审计|Python,0,0,0,,2024-01-09,12.2,M153,4.03,P3,东北,女,26,1,
E10194,BU-3,客服,Go,0,0,0,,2024-10-02,1.22,M161,3.46,P3,华东,男,24,1,
E10195,BU-1,财务,Spark,0,0,0,,2023-07-04,0.21,M181,3.77,P3,东北,女,26,1,
E10196,BU-2,财务,Java|Go|BD|Python,0,0,0,,2024-11-14,6.63,M162,3.42,P7,华中,女,27,1,
E10197,BU-5,产品,K8s|React|BD|PM,0,0,0,,2024-10-30,5.15,M122,3.55,P4,华东,女,38,1,
E10198,BU-3,市场,BD|React,0,0,0,,2020-02-25,0.1,M164,3.49,P3,西南,男,31,1,
E10199,BU-2,客服,AI/ML|React|财务|K8s,1,0,0,,2023-06-29,2.43,M131,3.51,P6,华北,女,38,1,
E10200,BU-5,研发,运营|PM|Spark|K8s,0,0,0,,2022-08-01,4.09,M118,2.11,P5,华东,女,35,1,
E10201,BU-1,产品,财务|Go|Spark,0,0,0,,2020-12-06,0.34,M187,4.27,P4,华中,女,24,1,
E10202,BU-2,财务,AI/ML|React|Go|K8s,1,0,0,,2020-04-22,3.46,M158,3.87,P7,华中,男,23,1,
E10203,BU-2,产品,运营,0,2,1,PMP,2024-02-24,4.6,M120,2.89,P4,东北,男,31,1,
E10204,BU-5,销售,AI/ML,1,0,0,,2023-12-02,3.34,M153,3.88,P3,华中,男,31,1,
E10205,BU-2,HR,财务,0,0,0,,2024-03-01,1.04,M143,2.47,P5,东北,女,30,1,
E10206,BU-4,运营,Java|审计|PM,0,0,0,,2021-12-07,14.28,M111,3.39,P7,华北,女,25,1,
E10207,BU-5,销售,PM|BD|审计|财务,0,0,0,,2021-06-19,0.16,M144,2.67,P3,西南,女,33,1,
E10208,BU-1,财务,财务|AI/ML|Java,1,0,0,,2023-11-06,1.05,M163,3.3,P5,华北,男,36,1,
E10209,BU-2,市场,Go,0,0,0,,2021-11-16,5.36,M193,3.33,P6,西南,女,25,1,
E10210,BU-3,研发,Spark|审计,0,0,0,,2021-08-07,0.24,M107,3.26,P4,华北,女,35,1,
E10211,BU-1,产品,Java|Spark|BD|审计,0,0,0,,2020-06-14,22.04,M174,2.59,P7,华东,男,33,1,
E10212,BU-3,销售,AI/ML,1,0,0,,2022-06-30,7.01,M113,3.36,P5,东北,男,34,1,
E10213,BU-2,财务,React|Go|运营|K8s,0,3,1,ACP,2024-02-26,15.06,M190,3.8,P4,华东,男,40,1,
E10214,BU-1,市场,BD,0,0,0,,2024-10-09,3.7,M123,3.52,P4,华北,男,22,1,
E10215,BU-2,财务,React|审计|Java|Spark,0,0,0,,2024-04-02,10.86,M154,3.92,P4,东北,男,35,0,
E10216,BU-5,销售,审计|React|Spark,0,0,0,,2021-05-18,5.93,M155,3.55,P5,西南,女,31,1,
E10217,BU-2,市场,React|BD|PM|审计,0,1,1,ACP,2021-11-10,2.91,M111,2.61,P7,东北,男,33,1,
E10218,BU-1,财务,财务|AI/ML|Spark,1,0,0,,2020-04-15,2.07,M179,2.63,P3,华北,男,35,1,
E10219,BU-4,运营,Go|PM|BD,0,2,1,CFA,2023-05-08,3.15,M169,3.06,P5,华中,男,35,1,
E10220,BU-2,产品,审计|BD|财务,0,0,0,,2020-02-05,0.19,M155,2.63,P6,华东,男,31,1,
E10221,BU-3,市场,Go,0,0,0,,2021-03-17,0.58,M111,3.98,P7,华中,女,49,1,
E10222,BU-3,产品,财务|Java|审计|Spark,0,0,0,,2022-09-27,3.59,M120,4.78,P5,西南,男,35,1,
E10223,BU-4,销售,K8s|AI/ML|财务|Go,1,0,0,,2024-11-21,2.01,M107,3.51,P4,西南,女,43,1,
E10224,BU-3,客服,React|Python,0,0,0,,2024-07-19,1.2,M198,3.89,P6,华南,男,40,0,
E10225,BU-6,研发,Python|React,0,0,0,,2023-10-01,1.09,M102,3.37,P4,华中,女,37,1,
E10226,BU-4,销售,运营|K8s,0,1,1,K8s-CKA,2023-02-05,0.66,M165,3.42,P6,东北,女,25,1,
E10227,BU-3,运营,Python|Go|审计,0,0,0,,2020-02-18,0.78,M185,3.76,P6,华南,男,32,1,
E10228,BU-3,研发,React|AI/ML|财务|PM,1,0,0,,2023-06-18,1.65,M139,4.68,P5,东北,男,32,1,
E10229,BU-1,财务,财务|Java|Go|审计,0,0,0,,2020-05-14,1.31,M177,4.33,P6,华东,女,34,1,
E10230,BU-2,销售,AI/ML,1,0,0,,2020-09-23,2.13,M185,3.52,P5,华北,男,32,1,
E10231,BU-6,运营,运营|Go,0,0,0,,2022-06-24,4.08,M102,2.97,P3,西南,女,22,1,
E10232,BU-2,产品,AI/ML|Java|财务|Go,1,0,0,,2020-02-08,5.65,M161,3.04,P3,西南,男,34,1,
E10233,BU-6,研发,React|Spark|Python,0,0,0,,2022-02-19,5.96,M194,2.87,P5,华东,女,32,1,
E10234,BU-2,财务,财务,0,0,0,,2021-08-01,2.81,M182,2.85,P3,华东,女,28,1,
E10235,BU-4,产品,Java|BD,0,1,1,CFA,2023-01-28,3.6,M188,3.43,P6,东北,女,25,1,
E10236,BU-4,客服,BD|PM,0,0,0,,2021-04-08,7.57,M106,3.41,P3,东北,男,42,1,
E10237,BU-3,销售,运营|财务|AI/ML,1,0,0,,2024-11-20,3.3,M167,3.75,P4,东北,女,29,1,
E10238,BU-4,产品,Python|AI/ML|Go|运营,1,0,0,,2021-11-11,9.74,M161,3.65,P5,华东,女,40,1,
E10239,BU-4,客服,BD|PM|运营|审计,0,0,0,,2021-03-31,0.1,M177,3.72,P3,华东,女,39,1,
E10240,BU-2,HR,Python|BD|财务,0,0,0,,2021-03-19,6.57,M185,4.35,P6,西南,女,29,1,
E10241,BU-2,财务,运营,0,0,0,,2021-03-12,5.02,M122,3.95,P5,华中,男,39,1,
E10242,BU-4,市场,运营|React|K8s|Go,0,0,0,,2022-01-29,12.51,M183,2.61,P7,华北,男,38,1,
E10243,BU-5,销售,Spark|Java|K8s,0,0,0,,2021-02-21,0.49,M126,4.1,P7,东北,女,26,1,
E10244,BU-3,产品,BD|审计|PM,0,0,0,,2024-05-22,17.56,M196,2.87,P4,东北,男,30,1,
E10245,BU-3,HR,Python,0,0,0,,2023-06-09,0.34,M116,3.82,P6,西南,男,40,1,
E10246,BU-3,销售,Python,0,0,0,,2023-02-10,0.81,M180,3.31,P3,东北,女,32,1,
E10247,BU-3,运营,审计,0,0,0,,2021-08-16,2.0,M130,3.04,P5,华中,男,28,1,
E10248,BU-3,研发,运营,0,0,0,,2021-08-15,5.73,M133,3.37,P5,华东,男,33,1,
E10249,BU-3,运营,审计|AI/ML|K8s|PM,1,0,0,,2022-01-02,0.79,M144,3.7,P6,西南,男,22,1,
E10250,BU-4,产品,财务|审计|React,0,0,0,,2024-10-19,5.98,M171,3.79,P6,华北,女,32,1,
E10251,BU-5,客服,运营|Go|AI/ML,1,0,0,,2021-07-27,7.07,M147,3.26,P6,西南,女,35,1,
E10252,BU-1,产品,运营|PM|Java|AI/ML,1,0,0,,2023-11-02,1.25,M154,4.24,P4,华东,男,34,1,
E10253,BU-4,HR,K8s|财务|运营,0,2,1,PMP,2021-05-05,0.87,M197,4.83,P5,华中,男,35,1,
E10254,BU-2,运营,BD|AI/ML|财务,1,0,0,,2022-02-14,0.42,M151,4.16,P4,华中,男,38,1,
E10255,BU-6,销售,Java|PM,0,2,1,Oracle DBA,2022-10-03,0.75,M162,3.01,P4,东北,男,28,1,
E10256,BU-4,研发,审计|财务,0,0,0,,2021-09-30,2.47,M110,3.49,P3,西南,女,27,1,
E10257,BU-1,客服,K8s,0,0,0,,2023-12-25,0.1,M173,3.02,P6,华中,男,39,1,
E10258,BU-5,财务,K8s|PM|Java,0,0,0,,2020-07-21,0.14,M153,3.1,P5,东北,女,34,1,
E10259,BU-3,产品,Java|BD|PM,0,0,0,,2024-03-27,0.58,M140,3.35,P3,华南,女,42,1,
E10260,BU-3,销售,React|审计,0,0,0,,2020-01-22,4.38,M109,3.53,P6,东北,男,35,1,
E10261,BU-3,HR,K8s|审计,0,0,0,,2022-05-04,0.38,M153,4.1,P5,华南,男,22,1,
E10262,BU-1,财务,审计|AI/ML|Python,1,0,0,,2023-10-19,1.22,M103,3.92,P7,华南,女,26,1,
E10263,BU-5,销售,PM,0,0,0,,2023-09-06,0.35,M120,3.07,P5,华南,女,30,1,
E10264,BU-4,HR,Java|财务|Spark,0,1,1,AWS,2024-08-27,4.19,M146,4.99,P7,东北,男,34,1,
E10265,BU-5,客服,K8s|Spark,0,1,1,PMP,2020-10-18,3.14,M129,4.4,P5,华南,男,32,1,
E10266,BU-6,HR,财务,0,0,0,,2021-10-27,12.07,M157,3.01,P6,西南,女,41,1,
E10267,BU-1,市场,运营|BD|财务,0,2,1,Oracle DBA,2020-12-26,0.37,M163,4.21,P3,华南,男,42,1,
E10268,BU-1,研发,审计|AI/ML,1,0,0,,2024-07-24,1.02,M191,3.32,P7,西南,男,34,1,
E10269,BU-6,客服,Go|React,0,0,0,,2020-04-25,5.43,M173,3.74,P3,东北,男,33,1,
E10270,BU-6,HR,Spark|React,0,0,0,,2024-07-21,4.25,M104,2.99,P5,华中,男,34,1,
E10271,BU-4,产品,Spark|Java|BD|财务,0,0,0,,2020-11-24,5.25,M166,3.59,P3,东北,女,37,1,
E10272,BU-2,产品,Python|Spark,0,0,0,,2021-04-01,3.47,M196,3.51,P5,华中,女,37,1,
E10273,BU-2,研发,财务,0,3,1,K8s-CKA,2021-10-24,2.04,M192,3.4,P4,华中,男,38,1,
E10274,BU-4,产品,AI/ML|K8s,1,0,0,,2024-07-26,3.67,M107,3.62,P6,华北,女,31,1,
E10275,BU-6,HR,Java,0,0,0,,2021-06-01,9.96,M192,3.78,P4,华东,女,23,1,
E10276,BU-2,产品,React|运营|Java,0,0,0,,2022-04-30,3.11,M138,3.78,P7,华中,女,35,1,
E10277,BU-3,客服,PM|K8s|Python,0,0,0,,2020-11-28,0.89,M121,3.61,P7,西南,男,28,1,
E10278,BU-6,产品,Python,0,0,0,,2022-02-09,5.17,M136,4.55,P5,华东,女,26,1,
E10279,BU-4,市场,运营,0,0,0,,2023-12-17,0.13,M179,3.62,P7,东北,男,40,1,
E10280,BU-4,运营,Java|React,0,0,0,,2023-07-23,10.75,M131,4.32,P5,华中,男,36,1,
E10281,BU-2,客服,Python|PM,0,2,1,TensorFlow,2020-12-03,3.01,M104,2.7,P6,华南,女,39,1,
E10282,BU-2,财务,运营|Python|React|Spark,0,0,0,,2023-07-30,3.89,M179,4.08,P4,东北,男,39,1,
E10283,BU-2,运营,AI/ML,1,0,0,,2020-07-24,16.61,M192,3.39,P6,东北,男,27,1,
E10284,BU-3,财务,AI/ML|Spark|PM|财务,1,0,0,,2020-01-09,0.1,M193,4.05,P3,华南,女,24,1,
E10285,BU-1,销售,Go|BD|PM|K8s,0,0,0,,2021-03-01,0.24,M105,3.47,P6,华东,男,34,1,
E10286,BU-4,市场,Spark,0,0,0,,2020-08-24,4.05,M187,3.15,P3,华中,女,26,1,
E10287,BU-2,产品,React,0,0,0,,2023-09-01,0.13,M180,1.58,P5,华北,女,33,1,
E10288,BU-4,产品,Java|审计,0,3,1,PMP,2020-05-06,0.96,M145,1.64,P5,华北,女,24,1,
E10289,BU-1,销售,AI/ML|Python,1,0,0,,2023-10-29,2.88,M166,3.86,P3,西南,女,22,1,
E10290,BU-3,运营,财务|BD|React|Spark,0,0,0,,2022-04-24,0.32,M145,3.14,P3,华东,男,34,1,
E10291,BU-2,HR,审计,0,0,0,,2023-11-10,6.23,M187,4.28,P5,华南,女,26,1,
E10292,BU-1,客服,Java,0,0,0,,2021-02-12,4.36,M127,3.4,P3,西南,男,34,1,
E10293,BU-5,客服,React|BD|Java|PM,0,3,1,PMP,2022-09-12,1.24,M158,3.33,P3,东北,男,22,1,
E10294,BU-4,HR,Python|审计,0,2,1,PMP,2022-10-22,7.88,M105,3.32,P3,华北,男,37,1,
E10295,BU-1,财务,AI/ML|Python|运营|Java,1,0,0,,2024-10-24,8.55,M105,3.63,P4,东北,女,28,1,
E10296,BU-2,运营,AI/ML|React|PM,1,0,0,,2024-07-03,6.94,M147,3.94,P5,华南,男,34,1,
E10297,BU-4,销售,审计|K8s|BD|财务,0,0,0,,2021-02-07,7.21,M149,2.97,P5,华南,女,42,1,
E10298,BU-6,销售,Python|财务|K8s,0,0,0,,2022-04-16,0.29,M130,3.73,P3,东北,女,22,1,
E10299,BU-5,客服,Go|运营,0,1,1,CFA,2021-01-09,0.14,M184,3.76,P5,华东,女,41,1,
E10300,BU-6,HR,BD,0,0,0,,2021-03-19,5.06,M135,3.42,P4,西南,男,35,1,
E10301,BU-2,运营,K8s|Spark|PM,0,1,1,PMP,2024-12-02,0.11,M137,2.8,P7,华南,男,23,1,
E10302,BU-2,财务,AI/ML,1,0,0,,2024-11-08,1.48,M143,3.3,P6,西南,女,37,1,
E10303,BU-2,销售,AI/ML|Java,1,0,0,,2021-08-03,3.14,M133,3.58,P5,华北,男,25,1,
E10304,BU-3,销售,运营|K8s|Go|BD,0,0,0,,2020-09-05,4.97,M139,4.01,P7,西南,男,35,1,
E10305,BU-4,产品,Python|React|K8s,0,0,0,,2020-02-22,0.96,M160,3.24,P6,华北,男,24,1,
E10306,BU-1,销售,PM|React|Go|K8s,0,1,1,AWS,2024-11-10,5.29,M149,3.0,P4,华中,男,34,1,
E10307,BU-1,市场,运营|AI/ML,1,0,0,,2024-07-06,1.43,M199,3.59,P6,东北,女,26,1,
E10308,BU-5,销售,Python|审计|PM,0,0,0,,2021-12-17,0.1,M198,3.85,P3,华南,女,23,1,
E10309,BU-5,客服,BD|Spark,0,2,1,CFA,2021-06-06,13.74,M121,3.22,P6,西南,男,22,1,
E10310,BU-5,运营,PM,0,0,0,,2023-08-25,4.44,M192,2.68,P5,华中,男,35,0,
E10311,BU-5,财务,PM|Spark|Go,0,0,0,,2024-03-16,6.11,M109,3.52,P3,西南,男,39,1,
E10312,BU-2,研发,AI/ML|Java|Go|BD,1,0,0,,2023-12-28,0.86,M133,3.4,P4,华南,女,29,1,
E10313,BU-2,研发,审计,0,1,1,TensorFlow,2022-06-11,0.21,M192,3.98,P3,华南,男,34,1,
E10314,BU-1,HR,PM|BD,0,0,0,,2023-04-01,0.32,M108,3.97,P5,华南,男,25,1,
E10315,BU-5,市场,审计|PM|Python|React,0,2,1,CFA,2023-03-26,6.02,M179,1.47,P4,东北,男,42,1,
E10316,BU-2,运营,Python,0,0,0,,2022-12-07,0.52,M120,3.75,P7,华北,女,29,1,
E10317,BU-1,客服,运营|Spark|PM|Python,0,0,0,,2024-05-10,0.28,M181,2.7,P5,东北,男,28,1,
E10318,BU-3,运营,Go,0,0,0,,2022-10-20,10.73,M176,4.19,P3,华东,男,38,1,
E10319,BU-1,运营,PM,0,0,0,,2023-07-30,4.44,M187,3.54,P5,华中,女,23,1,
E10320,BU-6,财务,PM|审计|React,0,0,0,,2020-08-02,4.7,M185,2.83,P3,华北,女,45,1,
E10321,BU-1,运营,Python|PM,0,2,1,K8s-CKA,2023-01-07,6.56,M142,4.2,P3,华东,女,22,1,
E10322,BU-3,研发,K8s|AI/ML|PM,1,0,0,,2024-08-20,5.74,M146,2.75,P7,华南,男,34,1,
E10323,BU-4,运营,审计|运营|AI/ML,1,0,0,,2022-06-14,2.11,M117,3.77,P7,华南,男,39,1,
E10324,BU-1,HR,React|K8s|Spark|运营,0,0,0,,2020-01-02,0.89,M153,3.13,P6,西南,女,34,1,
E10325,BU-6,客服,Python|审计|PM|React,0,0,0,,2023-02-05,1.3,M107,3.53,P5,西南,女,26,1,
E10326,BU-6,运营,Java|审计|Spark|React,0,0,0,,2021-09-09,0.14,M140,2.41,P4,华南,女,37,1,
E10327,BU-4,财务,运营|React|K8s,0,0,0,,2020-12-10,2.21,M179,3.69,P6,华东,女,29,1,
E10328,BU-5,HR,React|运营|K8s,0,0,0,,2023-04-20,2.04,M137,3.97,P5,华北,男,22,1,
E10329,BU-4,HR,PM|财务,0,0,0,,2020-08-10,11.43,M153,3.02,P6,东北,女,33,1,
E10330,BU-3,市场,React|Java,0,1,1,PMP,2021-10-20,0.1,M192,3.62,P7,东北,男,35,1,
E10331,BU-5,市场,AI/ML|K8s|PM,1,0,0,,2023-11-29,2.25,M141,3.25,P3,西南,女,31,1,
E10332,BU-2,产品,Go,0,0,0,,2020-07-25,6.78,M143,4.11,P6,华南,女,31,1,
E10333,BU-4,运营,Go|财务|Java|运营,0,0,0,,2020-01-25,7.23,M164,3.88,P6,华南,男,46,1,
E10334,BU-3,财务,运营|财务,0,0,0,,2020-07-03,0.24,M139,3.18,P7,华东,男,34,1,
E10335,BU-6,客服,财务|运营|PM,0,1,1,Oracle DBA,2021-01-26,18.45,M138,3.31,P3,西南,女,39,1,
E10336,BU-5,HR,React|审计|Python|AI/ML,1,0,0,,2023-01-07,2.13,M197,4.12,P3,华北,女,33,1,
E10337,BU-4,客服,运营|Java|Spark|财务,0,0,0,,2021-12-20,0.41,M153,3.59,P4,华中,男,26,1,
E10338,BU-4,财务,PM|Java|AI/ML,1,0,0,,2020-12-15,0.18,M190,3.87,P6,华中,男,42,1,
E10339,BU-1,销售,运营|Spark|财务,0,0,0,,2022-01-19,8.32,M131,3.24,P3,东北,男,33,1,
E10340,BU-3,财务,PM,0,0,0,,2020-09-27,4.43,M190,3.56,P4,东北,女,30,1,
E10341,BU-1,产品,Python|React,0,1,1,K8s-CKA,2023-07-22,3.28,M124,4.8,P3,东北,男,34,1,
E10342,BU-4,市场,Java|Spark|React|BD,0,0,0,,2023-06-11,0.1,M173,4.06,P4,华东,男,31,1,
E10343,BU-1,HR,AI/ML,1,0,0,,2022-04-23,18.16,M181,3.15,P5,华东,男,41,1,
E10344,BU-2,产品,Spark,0,1,1,Oracle DBA,2024-05-01,0.15,M130,4.11,P5,华中,女,30,1,
E10345,BU-3,运营,运营|Java|Spark,0,0,0,,2022-01-24,2.69,M105,3.4,P7,华北,女,29,1,
E10346,BU-5,客服,Java|K8s,0,0,0,,2024-09-17,4.09,M155,3.48,P5,华中,男,41,1,
E10347,BU-2,HR,PM|财务,0,0,0,,2021-06-07,3.06,M187,3.71,P6,华北,男,28,1,
E10348,BU-3,销售,Spark|Python,0,0,0,,2024-05-27,3.02,M115,4.0,P7,西南,男,40,1,
E10349,BU-6,HR,React|审计|Go,0,0,0,,2020-06-23,0.32,M116,3.56,P4,华北,女,30,1,
E10350,BU-2,HR,Spark,0,0,0,,2023-12-07,1.56,M154,3.46,P3,东北,男,36,1,
E10351,BU-3,销售,Java|PM|React|K8s,0,0,0,,2024-01-12,1.25,M142,2.99,P4,华中,女,33,1,
E10352,BU-3,HR,Java|React|财务|运营,0,0,0,,2021-04-07,3.82,M128,3.35,P6,华东,男,30,1,
E10353,BU-6,财务,Python,0,0,0,,2021-02-25,0.14,M159,1.93,P7,华中,女,27,1,
E10354,BU-5,市场,Java|K8s|AI/ML,1,0,0,,2020-03-18,1.86,M115,2.58,P7,华东,女,36,1,
E10355,BU-1,销售,Spark|财务,0,0,0,,2022-05-03,11.32,M193,3.23,P5,华中,女,23,1,
E10356,BU-4,销售,BD|Python|运营,0,1,1,TensorFlow,2020-10-29,6.48,M142,2.9,P4,华南,女,33,1,
E10357,BU-4,研发,Python|PM|财务|Java,0,0,0,,2023-08-18,1.62,M141,3.52,P7,华北,女,35,1,
E10358,BU-6,产品,BD|运营|K8s|审计,0,0,0,,2024-02-16,0.92,M122,2.91,P3,华东,女,31,1,
E10359,BU-3,产品,PM,0,0,0,,2022-02-02,1.36,M106,3.23,P3,华北,女,30,1,
E10360,BU-4,运营,运营|财务,0,0,0,,2022-02-26,4.92,M100,3.49,P3,华北,男,22,1,
E10361,BU-1,客服,Java|PM,0,0,0,,2021-02-13,7.38,M190,4.27,P4,华南,男,22,1,
E10362,BU-2,产品,K8s|Go|财务|BD,0,2,1,Oracle DBA,2020-03-01,8.2,M166,3.84,P5,东北,男,41,1,
E10363,BU-1,销售,运营,0,1,1,K8s-CKA,2021-07-29,2.88,M163,3.79,P7,华南,女,31,1,
E10364,BU-1,运营,Python|K8s|财务,0,0,0,,2021-03-12,5.85,M123,3.73,P4,西南,女,33,1,
E10365,BU-4,研发,运营,0,0,0,,2021-06-22,3.63,M196,4.05,P4,西南,女,42,1,
E10366,BU-2,运营,AI/ML|运营|K8s|BD,1,0,0,,2021-11-16,2.01,M151,3.1,P4,华中,男,30,1,
E10367,BU-5,销售,Spark|运营,0,0,0,,2022-03-19,4.01,M118,4.13,P7,东北,男,31,1,
E10368,BU-4,市场,PM|Spark|财务,0,1,1,K8s-CKA,2021-12-21,5.47,M177,4.68,P5,东北,男,29,1,
E10369,BU-4,研发,审计|AI/ML|PM|Spark,1,0,0,,2021-07-04,1.84,M129,2.62,P5,华中,女,31,0,
E10370,BU-3,销售,K8s|Java|运营,0,0,0,,2024-02-29,1.17,M170,3.11,P3,东北,女,43,0,
E10371,BU-5,市场,Python,0,1,1,TensorFlow,2022-02-06,12.34,M140,3.12,P3,华南,女,29,1,
E10372,BU-6,客服,Java|K8s,0,0,0,,2022-10-01,6.91,M133,3.59,P5,西南,男,34,1,
E10373,BU-5,研发,财务|审计,0,2,1,Oracle DBA,2024-01-11,1.91,M187,4.61,P5,华南,男,24,1,
E10374,BU-4,HR,审计|K8s,0,0,0,,2022-03-06,9.96,M135,3.12,P6,华南,男,35,1,
E10375,BU-6,销售,AI/ML|Go|Spark|BD,1,0,0,,2020-01-11,3.55,M135,5.0,P6,华北,女,43,1,
E10376,BU-6,销售,React|Java,0,3,1,PMP,2023-11-22,8.35,M128,4.98,P4,华北,女,33,1,
E10377,BU-5,运营,Java|PM|BD,0,0,0,,2024-01-31,0.18,M118,3.3,P7,华中,男,26,1,
E10378,BU-2,销售,Python|审计,0,3,1,AWS,2022-09-27,3.18,M169,3.03,P3,华南,女,31,1,
E10379,BU-3,客服,AI/ML|PM,1,0,0,,2023-02-20,0.89,M152,2.74,P6,东北,女,30,1,
E10380,BU-2,HR,Python|运营|财务,0,0,0,,2022-08-22,1.82,M149,2.82,P7,东北,女,22,1,
E10381,BU-1,研发,运营|AI/ML|财务,1,0,0,,2020-03-16,2.46,M124,2.84,P5,华南,男,32,1,
E10382,BU-1,产品,Python|PM,0,0,0,,2023-05-25,7.07,M116,3.46,P6,东北,女,31,1,
E10383,BU-2,财务,AI/ML,1,0,0,,2023-04-08,0.14,M122,3.58,P4,华东,女,33,1,
E10384,BU-5,HR,BD|Python|Java|AI/ML,1,0,0,,2023-09-23,1.31,M160,2.14,P7,华中,女,32,1,
E10385,BU-4,产品,Java|BD,0,0,0,,2024-01-03,5.57,M185,4.52,P4,华北,男,36,0,
E10386,BU-4,产品,BD|财务|审计|K8s,0,0,0,,2024-07-29,5.19,M188,2.14,P7,华北,男,35,1,
E10387,BU-2,产品,K8s|PM|Spark|财务,0,0,0,,2021-04-05,3.16,M137,3.47,P5,华东,女,26,1,
E10388,BU-1,运营,BD,0,0,0,,2020-12-08,10.84,M146,3.78,P4,华东,女,23,1,
E10389,BU-5,产品,K8s,0,0,0,,2024-06-02,5.98,M117,3.69,P5,华北,女,22,1,
E10390,BU-3,产品,React,0,0,0,,2023-03-19,0.26,M187,4.28,P5,东北,女,36,1,
E10391,BU-2,研发,K8s|运营|AI/ML,1,0,0,,2024-08-19,8.25,M154,4.07,P6,华东,女,36,1,
E10392,BU-1,研发,财务|AI/ML,1,0,0,,2020-11-21,2.3,M147,3.57,P6,华南,男,42,1,
E10393,BU-5,财务,Python,0,0,0,,2024-04-06,1.4,M129,3.48,P7,华南,男,33,1,
E10394,BU-4,财务,React,0,0,0,,2023-08-10,1.99,M195,3.08,P7,华北,男,36,1,
E10395,BU-1,销售,PM,0,0,0,,2021-01-20,0.1,M109,2.57,P3,西南,男,30,1,
E10396,BU-2,产品,AI/ML|K8s|PM,1,0,0,,2020-03-09,0.67,M180,3.77,P4,华南,女,37,1,
E10397,BU-6,产品,AI/ML,1,0,0,,2020-05-21,1.41,M112,3.06,P3,东北,男,27,1,
E10398,BU-3,产品,Python|财务|PM|审计,0,0,0,,2023-10-16,0.1,M196,4.26,P7,华东,男,37,1,
E10399,BU-4,运营,React|Spark,0,3,1,TensorFlow,2021-06-07,1.45,M114,5.0,P5,华东,男,35,1,
E10400,BU-1,运营,BD|Python|财务,0,0,0,,2020-12-24,1.21,M148,3.52,P4,华北,男,33,1,
E10401,BU-2,客服,Spark|审计|AI/ML|React,1,0,0,,2021-10-08,7.14,M152,3.56,P3,东北,女,37,1,
E10402,BU-3,产品,财务|K8s|PM|运营,0,0,0,,2020-03-17,1.52,M155,3.5,P3,华北,女,38,1,
E10403,BU-1,销售,Spark|PM,0,3,1,PMP,2020-04-18,3.86,M120,2.89,P5,华南,男,31,1,
E10404,BU-1,销售,K8s,0,0,0,,2021-09-09,2.32,M103,3.93,P3,华南,男,24,1,
E10405,BU-5,产品,BD,0,0,0,,2023-06-29,2.14,M190,2.49,P7,华中,男,40,1,
E10406,BU-1,销售,Go|K8s|PM|AI/ML,1,1,1,Oracle DBA,2022-01-03,0.83,M119,3.25,P5,华北,女,34,1,
E10407,BU-1,运营,Go|Python,0,0,0,,2020-07-16,3.95,M138,1.93,P6,华南,男,34,1,
E10408,BU-4,研发,财务|PM|审计|Java,0,0,0,,2024-07-25,5.27,M122,3.68,P7,东北,男,26,1,
E10409,BU-3,客服,BD|Python,0,0,0,,2024-03-12,1.21,M118,3.54,P5,东北,男,25,1,
E10410,BU-5,财务,K8s|财务|AI/ML,1,1,1,K8s-CKA,2020-02-17,18.19,M115,4.36,P6,华北,女,36,1,
E10411,BU-6,HR,运营|React,0,0,0,,2022-06-01,3.9,M191,3.19,P6,西南,女,42,1,
E10412,BU-6,财务,Spark|Python|财务,0,0,0,,2024-10-06,4.94,M140,4.44,P3,华东,女,29,1,
E10413,BU-4,财务,BD,0,0,0,,2024-07-30,1.46,M126,3.5,P4,东北,女,22,1,
E10414,BU-3,研发,Spark|Java|Python,0,0,0,,2021-06-25,0.32,M196,4.45,P4,华北,男,33,1,
E10415,BU-4,HR,运营,0,0,0,,2020-03-01,0.69,M111,2.68,P5,华中,女,31,1,
E10416,BU-1,研发,Spark|React|财务,0,0,0,,2021-05-06,0.55,M164,3.81,P5,华东,男,36,1,
E10417,BU-2,研发,PM|运营,0,0,0,,2023-03-22,10.09,M106,2.98,P3,华南,女,26,1,
E10418,BU-1,销售,财务|React,0,0,0,,2024-09-03,3.39,M194,4.78,P5,东北,女,41,1,
E10419,BU-3,客服,Java|React,0,0,0,,2023-04-05,1.05,M150,3.15,P4,华东,男,24,1,
E10420,BU-3,市场,财务|运营,0,0,0,,2020-02-13,2.4,M163,3.41,P5,华东,女,23,1,
E10421,BU-5,市场,Java|Go|React|财务,0,0,0,,2022-05-10,5.14,M130,2.44,P6,华北,男,50,1,
E10422,BU-3,HR,PM|Python|Go,0,1,1,AWS,2023-04-07,3.8,M101,2.61,P3,东北,男,39,1,
E10423,BU-1,销售,Spark,0,0,0,,2024-06-06,4.81,M134,3.82,P3,华中,男,39,1,
E10424,BU-2,HR,BD|React,0,0,0,,2021-03-23,0.63,M181,3.62,P7,东北,女,34,1,
E10425,BU-6,运营,Java,0,0,0,,2022-05-18,0.27,M158,3.86,P5,西南,女,40,1,
E10426,BU-6,产品,React|K8s|PM,0,3,1,Oracle DBA,2021-05-23,4.8,M130,3.54,P7,华中,男,31,1,
E10427,BU-6,HR,Spark|财务,0,0,0,,2022-01-29,1.08,M136,3.53,P5,华东,女,26,0,
E10428,BU-3,产品,Go|运营|财务,0,0,0,,2024-01-02,1.37,M165,4.59,P6,华南,男,42,1,
E10429,BU-1,研发,PM|AI/ML,1,0,0,,2024-01-12,2.07,M139,3.06,P3,华东,男,26,1,
E10430,BU-2,运营,Python|财务|BD,0,0,0,,2020-10-26,5.0,M164,5.0,P6,华北,女,39,1,
E10431,BU-6,客服,运营|Python,0,0,0,,2023-08-18,2.0,M107,3.73,P4,华中,男,39,1,
E10432,BU-4,HR,React,0,0,0,,2021-11-19,1.84,M199,3.64,P7,华中,女,38,1,
E10433,BU-4,市场,审计|财务,0,0,0,,2023-02-11,1.34,M118,4.91,P6,华南,男,44,0,
E10434,BU-3,客服,运营|财务,0,0,0,,2023-04-26,1.04,M193,4.11,P3,华南,男,39,1,
E10435,BU-3,销售,Python|K8s,0,0,0,,2021-01-15,4.93,M105,3.67,P5,东北,女,31,1,
E10436,BU-1,产品,K8s|AI/ML,1,0,0,,2024-06-11,0.1,M164,4.16,P4,西南,男,33,1,
E10437,BU-5,运营,Go|PM,0,0,0,,2021-03-05,0.4,M153,3.39,P4,华东,男,22,1,
E10438,BU-4,HR,Java|K8s,0,0,0,,2024-03-05,12.19,M133,3.96,P6,华东,男,35,1,
E10439,BU-1,HR,AI/ML|BD|Spark|React,1,0,0,,2022-01-31,7.81,M157,3.25,P7,华东,女,22,1,
E10440,BU-5,研发,Spark|运营|AI/ML|BD,1,0,0,,2023-08-22,3.22,M106,3.74,P5,华南,女,22,1,
E10441,BU-2,市场,PM,0,0,0,,2022-01-06,0.1,M194,3.62,P3,华北,男,34,1,
E10442,BU-4,研发,财务|PM|BD|运营,0,3,1,PMP,2020-12-31,0.41,M182,3.76,P5,西南,男,36,1,
E10443,BU-1,产品,财务|运营|BD,0,2,1,AWS,2021-12-02,1.22,M124,4.48,P5,华北,女,33,1,
E10444,BU-4,HR,Spark|PM|React,0,0,0,,2022-01-27,3.7,M182,3.38,P7,华北,男,25,1,
E10445,BU-2,HR,AI/ML|React|PM,1,3,1,TensorFlow,2023-04-05,3.74,M139,4.15,P6,华南,女,22,1,
E10446,BU-3,销售,财务|Spark|审计,0,0,0,,2024-11-27,6.1,M177,3.87,P5,华南,男,23,1,
E10447,BU-3,客服,审计,0,0,0,,2024-07-08,0.37,M170,3.43,P6,华南,男,34,0,
E10448,BU-1,HR,React,0,0,0,,2020-04-25,3.14,M190,3.44,P4,华中,女,30,1,
E10449,BU-5,运营,BD|PM|Go|财务,0,3,1,TensorFlow,2020-05-04,0.79,M100,3.39,P4,华南,女,38,1,
E10450,BU-6,销售,Go,0,0,0,,2022-10-17,0.56,M191,3.23,P4,西南,男,27,1,
E10451,BU-3,客服,AI/ML|Go|运营,1,0,0,,2023-07-13,0.32,M137,4.06,P3,华中,男,33,1,
E10452,BU-6,销售,Python|Go,0,0,0,,2021-08-31,6.96,M134,3.15,P6,华北,女,28,1,
E10453,BU-2,财务,K8s|BD|财务,0,0,0,,2022-03-16,3.1,M164,2.69,P4,华北,女,37,1,
E10454,BU-2,财务,K8s|运营|财务,0,3,1,PMP,2023-05-13,2.02,M123,3.89,P3,东北,男,26,1,
E10455,BU-6,客服,Java|财务|AI/ML|React,1,0,0,,2023-07-18,10.08,M194,3.76,P6,华东,女,24,1,
E10456,BU-4,产品,Spark|财务|PM|Go,0,0,0,,2024-05-03,5.04,M151,3.86,P5,东北,男,35,1,
E10457,BU-1,HR,Java|AI/ML|PM,1,0,0,,2021-02-10,1.67,M112,3.9,P7,华北,女,32,1,
E10458,BU-2,运营,财务,0,0,0,,2021-10-07,0.3,M183,3.5,P5,华中,女,22,1,
E10459,BU-6,客服,BD,0,0,0,,2020-02-26,6.25,M170,3.76,P5,华东,女,39,1,
E10460,BU-6,研发,AI/ML|财务,1,0,0,,2022-10-14,4.52,M158,3.26,P5,华中,男,30,1,
E10461,BU-3,运营,BD,0,2,1,PMP,2024-05-31,4.29,M141,3.46,P4,华东,男,40,1,
E10462,BU-5,运营,Java|财务|Python,0,1,1,PMP,2023-05-03,6.7,M198,2.75,P7,东北,男,25,0,
E10463,BU-3,研发,运营|BD|AI/ML|PM,1,0,0,,2020-02-01,0.83,M185,2.92,P7,西南,女,26,1,
E10464,BU-4,客服,React,0,0,0,,2023-01-30,3.6,M130,3.71,P4,华南,女,31,1,
E10465,BU-1,研发,BD|运营|Python,0,0,0,,2020-04-03,0.99,M132,2.46,P5,东北,女,33,0,
E10466,BU-2,研发,Python|审计|运营,0,1,1,Oracle DBA,2021-12-03,8.06,M135,3.52,P7,华南,女,35,1,
E10467,BU-3,市场,BD|Go|K8s,0,0,0,,2020-01-08,2.11,M160,3.07,P4,东北,男,35,1,
E10468,BU-2,HR,AI/ML|Java|BD|PM,1,0,0,,2021-02-25,1.12,M193,3.84,P4,华北,女,33,1,
E10469,BU-5,产品,Spark,0,0,0,,2021-11-20,7.57,M196,3.9,P5,西南,男,30,1,
E10470,BU-1,运营,Spark|AI/ML|审计,1,0,0,,2024-09-03,13.54,M100,2.65,P7,西南,男,27,1,
E10471,BU-3,销售,PM|Java,0,0,0,,2023-06-23,0.58,M124,4.52,P7,华北,男,29,1,
E10472,BU-5,财务,Python|财务|AI/ML,1,0,0,,2022-11-15,1.74,M103,4.36,P5,华中,男,22,1,
E10473,BU-1,HR,运营|AI/ML|Java|审计,1,3,1,K8s-CKA,2022-07-25,7.46,M188,2.42,P4,华南,男,29,1,
E10474,BU-4,销售,Java,0,0,0,,2020-07-29,5.26,M126,1.92,P7,西南,男,26,1,
E10475,BU-6,财务,Java,0,0,0,,2023-03-11,7.39,M181,3.19,P4,华中,男,38,1,
E10476,BU-6,市场,Python|Go|Java|React,0,2,1,CFA,2022-01-01,3.4,M194,3.22,P4,华南,女,38,1,
E10477,BU-4,财务,运营|Java|K8s,0,0,0,,2022-12-10,0.83,M140,2.62,P3,华东,女,30,1,
E10478,BU-3,财务,Java|Spark|BD,0,0,0,,2021-03-18,0.49,M155,4.67,P7,华东,女,36,1,
E10479,BU-2,财务,审计,0,0,0,,2020-08-10,6.45,M101,4.25,P5,华东,女,28,1,
E10480,BU-5,HR,AI/ML,1,3,1,CFA,2023-07-25,4.24,M155,2.93,P6,西南,女,41,1,
E10481,BU-2,HR,财务|PM|React,0,0,0,,2022-12-22,10.64,M104,4.83,P3,西南,女,22,1,
E10482,BU-4,运营,Spark|审计,0,0,0,,2021-07-09,0.36,M103,2.52,P6,西南,女,31,1,
E10483,BU-1,财务,PM|AI/ML|Python,1,0,0,,2021-10-23,2.49,M110,3.6,P6,华东,女,37,1,
E10484,BU-1,HR,审计,0,1,1,CFA,2023-11-21,2.64,M105,2.99,P3,华中,女,31,1,
E10485,BU-1,HR,运营|PM|Spark|Go,0,1,1,Oracle DBA,2021-02-08,12.54,M140,4.5,P7,西南,男,27,1,
E10486,BU-6,产品,Go|Java,0,0,0,,2020-07-23,0.99,M109,3.73,P6,西南,女,29,1,
E10487,BU-6,研发,运营|K8s|React|Go,0,0,0,,2020-04-25,4.01,M158,3.67,P7,华中,女,23,1,
E10488,BU-2,运营,运营,0,3,1,AWS,2022-12-11,13.82,M106,2.64,P6,东北,女,35,1,
E10489,BU-3,销售,K8s|AI/ML|Spark|Java,1,0,0,,2024-03-10,9.36,M172,3.28,P4,东北,女,35,1,
E10490,BU-5,客服,K8s|Python,0,0,0,,2020-03-12,6.56,M173,2.72,P7,华东,男,38,1,
E10491,BU-3,产品,Spark|Go|React|K8s,0,0,0,,2023-10-17,4.56,M132,4.26,P6,华南,女,26,0,
E10492,BU-1,产品,审计|运营|财务|Go,0,0,0,,2023-03-18,0.18,M132,3.71,P7,华北,男,47,1,
E10493,BU-2,研发,BD|K8s|AI/ML,1,0,0,,2024-04-24,5.5,M190,3.91,P6,西南,女,26,1,
E10494,BU-2,研发,PM|BD,0,0,0,,2024-07-14,1.84,M109,2.24,P4,东北,男,29,1,
E10495,BU-2,产品,AI/ML|Python|K8s,1,0,0,,2021-06-22,0.2,M115,3.15,P5,华北,女,41,1,
E10496,BU-3,财务,Java|AI/ML,1,0,0,,2021-10-10,0.61,M111,2.65,P3,华东,男,29,1,
E10497,BU-4,产品,Java|AI/ML|BD,1,3,1,CFA,2024-11-27,1.0,M140,2.7,P7,华东,男,39,1,
E10498,BU-6,市场,AI/ML|Java,1,0,0,,2020-04-19,1.77,M114,2.99,P4,华南,男,41,1,
E10499,BU-3,销售,Python,0,0,0,,2023-02-19,0.93,M185,2.54,P6,华南,女,30,1,
E10500,BU-4,研发,财务|运营|Python,0,0,0,,2022-06-05,10.86,M149,3.05,P7,华北,男,45,1,
E10501,BU-1,客服,运营|审计|React,0,0,0,,2022-12-15,0.34,M142,3.92,P6,西南,女,36,1,
E10502,BU-6,客服,Java,0,0,0,,2022-08-15,1.16,M180,4.52,P3,华南,男,43,1,
E10503,BU-3,HR,审计|BD|运营|Java,0,0,0,,2022-06-19,2.46,M108,2.77,P4,东北,男,30,1,
E10504,BU-1,HR,运营|K8s,0,0,0,,2021-12-15,3.81,M168,3.07,P6,华东,男,26,1,
E10505,BU-2,销售,审计|K8s|财务,0,0,0,,2020-09-26,3.97,M114,3.83,P4,东北,男,28,1,
E10506,BU-2,产品,运营|Python|React|财务,0,3,1,K8s-CKA,2023-02-15,1.94,M154,4.25,P3,华中,男,27,1,
E10507,BU-5,市场,Java,0,0,0,,2021-02-22,1.76,M155,3.59,P3,华东,男,40,1,
E10508,BU-3,财务,Java|审计|AI/ML,1,0,0,,2021-03-31,5.22,M176,3.66,P7,东北,女,38,1,
E10509,BU-5,HR,K8s,0,2,1,CFA,2022-11-07,1.62,M186,3.83,P6,华东,男,31,1,
E10510,BU-3,HR,Python|运营|财务|Go,0,0,0,,2021-12-30,2.42,M196,3.56,P4,东北,女,29,1,
E10511,BU-4,产品,AI/ML|财务|Go|PM,1,0,0,,2023-06-16,0.46,M116,4.22,P5,华中,女,32,1,
E10512,BU-6,研发,BD|财务|AI/ML,1,0,0,,2021-05-28,2.91,M151,3.27,P6,西南,女,31,1,
E10513,BU-2,运营,React|Java|审计|AI/ML,1,0,0,,2023-05-24,11.39,M155,4.42,P6,华中,女,38,1,
E10514,BU-6,财务,财务,0,0,0,,2024-08-29,2.41,M140,4.26,P6,华东,男,47,1,
E10515,BU-2,市场,Go|BD,0,0,0,,2024-07-03,5.39,M196,2.8,P4,西南,男,25,1,
E10516,BU-3,研发,财务,0,0,0,,2022-11-16,1.17,M174,3.66,P5,西南,女,29,1,
E10517,BU-1,客服,BD,0,0,0,,2023-07-05,0.31,M143,3.52,P5,东北,男,32,1,
E10518,BU-2,市场,Go,0,0,0,,2022-12-28,0.32,M181,3.82,P4,华北,女,28,1,
E10519,BU-4,HR,React|AI/ML|K8s,1,0,0,,2021-03-27,0.68,M125,3.52,P6,西南,女,31,1,
E10520,BU-1,产品,财务|K8s|审计,0,0,0,,2021-01-22,0.5,M105,2.99,P5,华北,女,33,1,
E10521,BU-3,运营,Go,0,0,0,,2024-07-19,1.87,M188,4.1,P3,华南,男,34,1,
E10522,BU-3,研发,PM,0,0,0,,2024-10-04,2.73,M179,2.98,P7,华南,男,37,1,
E10523,BU-6,HR,Python,0,0,0,,2020-07-20,2.37,M128,3.8,P3,华东,男,28,1,
E10524,BU-6,市场,Java|运营|Go,0,0,0,,2024-02-18,2.37,M119,3.44,P7,华北,男,42,1,
E10525,BU-4,运营,财务|Python|运营|BD,0,0,0,,2020-06-18,5.55,M144,3.32,P7,华北,女,38,1,
E10526,BU-6,市场,财务,0,0,0,,2023-01-04,1.75,M101,3.74,P7,华南,女,23,1,
E10527,BU-5,客服,Spark|Go|审计,0,0,0,,2022-06-19,0.53,M192,3.7,P3,华中,女,39,1,
E10528,BU-1,HR,K8s|Java,0,0,0,,2020-08-07,3.88,M158,3.9,P5,西南,女,24,1,
E10529,BU-6,运营,Python|财务|AI/ML,1,0,0,,2024-03-24,1.36,M161,3.12,P4,华东,男,27,1,
E10530,BU-6,客服,React,0,2,1,Oracle DBA,2022-06-02,4.06,M154,4.4,P4,华中,男,28,1,
E10531,BU-3,销售,React,0,0,0,,2020-01-15,8.74,M164,4.09,P3,华东,男,24,1,
E10532,BU-4,财务,React|Java|Go,0,0,0,,2024-04-21,15.81,M106,4.13,P3,华中,女,24,1,
E10533,BU-5,研发,Go,0,0,0,,2021-02-20,3.56,M125,2.79,P5,华北,男,28,1,
E10534,BU-2,市场,Go|BD,0,0,0,,2023-12-12,1.83,M154,3.23,P5,华中,男,26,1,
E10535,BU-2,运营,Spark|K8s|AI/ML,1,0,0,,2021-11-19,2.51,M100,3.25,P5,华东,女,34,1,
E10536,BU-3,HR,PM,0,0,0,,2022-11-18,0.68,M152,2.74,P5,东北,男,27,1,
E10537,BU-6,销售,Go,0,0,0,,2023-11-14,2.44,M112,4.31,P3,华北,女,24,1,
E10538,BU-2,研发,React,0,0,0,,2022-12-23,2.21,M119,3.54,P4,华南,女,35,1,
E10539,BU-6,HR,AI/ML,1,0,0,,2024-09-14,3.23,M133,2.94,P5,华中,女,22,1,
E10540,BU-5,运营,BD|Python,0,0,0,,2021-04-30,3.15,M117,3.39,P6,华北,男,33,1,
E10541,BU-1,客服,React|Java|运营,0,0,0,,2021-07-20,2.15,M157,2.99,P7,华北,男,41,1,
E10542,BU-5,销售,Spark|Go|财务,0,0,0,,2022-02-03,3.19,M131,1.81,P6,华中,女,23,1,
E10543,BU-1,研发,AI/ML|K8s,1,0,0,,2024-09-25,5.72,M145,3.74,P5,华南,男,33,1,
E10544,BU-4,客服,Go|运营|Spark|AI/ML,1,0,0,,2020-01-09,15.07,M189,2.88,P6,华南,男,39,1,
E10545,BU-4,客服,PM|React,0,3,1,AWS,2020-07-15,1.23,M105,4.24,P3,华东,男,29,1,
E10546,BU-2,产品,财务|React|审计|PM,0,0,0,,2024-11-29,0.8,M152,4.62,P3,东北,男,26,1,
E10547,BU-1,客服,BD,0,0,0,,2024-05-28,0.42,M120,4.82,P4,华南,男,36,1,
E10548,BU-2,研发,Python|审计,0,0,0,,2023-05-02,3.08,M140,3.27,P7,西南,女,47,1,
E10549,BU-6,研发,K8s,0,0,0,,2023-11-23,1.29,M183,3.2,P5,华中,男,28,1,
E10550,BU-5,HR,Go|AI/ML|财务|BD,1,0,0,,2022-12-02,0.36,M186,3.06,P6,华东,女,33,1,
E10551,BU-2,财务,PM|财务|Spark|运营,0,0,0,,2021-04-06,1.88,M154,2.26,P4,西南,男,25,1,
E10552,BU-3,研发,Spark|React|Java,0,0,0,,2022-11-29,1.31,M148,3.12,P5,东北,女,43,1,
E10553,BU-2,研发,审计|K8s|BD,0,0,0,,2020-01-01,0.69,M147,3.49,P5,华东,男,22,1,
E10554,BU-3,市场,Spark|Go,0,0,0,,2023-12-16,3.89,M119,2.9,P6,华北,男,37,1,
E10555,BU-3,市场,Java,0,1,1,TensorFlow,2023-05-14,0.59,M127,3.29,P4,华中,男,32,1,
E10556,BU-3,财务,运营|React|AI/ML|K8s,1,0,0,,2020-04-18,1.35,M186,3.79,P3,华南,女,34,1,
E10557,BU-5,客服,审计|运营,0,2,1,Oracle DBA,2020-01-13,8.06,M164,3.34,P4,华南,男,43,1,
E10558,BU-6,财务,Python|React|运营,0,0,0,,2021-10-12,6.47,M143,3.31,P5,华南,女,38,1,
E10559,BU-2,财务,AI/ML|Spark|K8s|Java,1,0,0,,2020-08-29,1.22,M106,4.08,P5,华北,女,41,1,
E10560,BU-1,销售,Python,0,0,0,,2020-01-14,1.3,M155,2.55,P6,华东,女,28,1,
E10561,BU-4,产品,PM,0,0,0,,2020-10-15,3.48,M106,3.48,P4,华东,女,30,1,
E10562,BU-4,销售,Go|Spark,0,2,1,TensorFlow,2024-07-22,9.15,M107,2.75,P5,华东,女,34,1,
E10563,BU-2,市场,Spark|运营|Java,0,0,0,,2022-02-14,0.86,M150,3.68,P7,华南,女,34,1,
E10564,BU-2,市场,K8s|审计|运营|财务,0,2,1,PMP,2021-05-27,1.22,M187,3.45,P4,东北,女,28,1,
E10565,BU-2,研发,Go,0,0,0,,2020-07-28,4.46,M108,3.42,P6,华南,女,22,1,
E10566,BU-1,运营,运营|Python,0,0,0,,2023-05-08,11.37,M193,3.79,P7,东北,女,31,1,
E10567,BU-3,财务,PM|BD|Go|K8s,0,0,0,,2022-04-12,1.57,M162,2.89,P3,西南,男,35,0,
E10568,BU-1,研发,BD,0,0,0,,2021-01-09,0.91,M167,3.82,P3,华北,女,28,1,
E10569,BU-6,销售,运营,0,0,0,,2021-11-06,2.26,M139,3.75,P7,西南,男,27,1,
E10570,BU-5,研发,运营|AI/ML,1,2,1,K8s-CKA,2021-09-15,3.93,M165,3.81,P6,华东,女,22,1,
E10571,BU-4,销售,Python|审计|BD|Spark,0,0,0,,2020-03-03,0.33,M132,4.02,P7,华南,男,40,1,
E10572,BU-4,产品,AI/ML,1,0,0,,2023-12-16,5.45,M196,3.26,P6,西南,女,42,1,
E10573,BU-2,研发,Spark|AI/ML|BD|K8s,1,0,0,,2023-07-08,1.3,M121,4.0,P6,东北,女,35,1,
E10574,BU-2,财务,运营|审计|Go,0,0,0,,2020-07-22,2.44,M112,3.62,P7,华南,男,29,1,
E10575,BU-1,财务,财务,0,1,1,TensorFlow,2021-07-14,3.41,M193,4.23,P4,华中,女,37,1,
E10576,BU-1,销售,BD,0,0,0,,2023-03-05,1.94,M184,4.19,P6,华中,男,26,1,
E10577,BU-1,销售,AI/ML|PM|Spark,1,0,0,,2021-04-25,8.81,M164,4.69,P4,华中,男,28,1,
E10578,BU-4,市场,Java,0,3,1,AWS,2023-01-01,0.75,M197,3.85,P7,华南,女,30,1,
E10579,BU-4,产品,财务|运营|Go|React,0,0,0,,2022-01-12,1.96,M182,3.08,P5,东北,女,38,1,
E10580,BU-1,市场,AI/ML|React|Spark|Python,1,2,1,TensorFlow,2021-10-23,0.55,M181,3.5,P4,华中,女,32,1,
E10581,BU-4,运营,财务,0,0,0,,2022-09-02,1.34,M134,3.15,P3,华中,男,30,1,
E10582,BU-4,市场,Java,0,0,0,,2022-07-29,1.77,M121,3.34,P7,华北,男,35,1,
E10583,BU-3,产品,财务,0,0,0,,2021-09-16,1.27,M141,2.59,P3,华南,男,46,1,
E10584,BU-5,运营,Java,0,0,0,,2023-11-16,3.53,M141,3.83,P7,华东,男,39,1,
E10585,BU-1,研发,K8s|PM|审计,0,3,1,Oracle DBA,2020-06-08,3.37,M160,3.26,P4,西南,女,29,1,
E10586,BU-2,HR,审计,0,0,0,,2022-08-08,2.62,M129,3.93,P7,华北,男,23,1,
E10587,BU-5,客服,AI/ML|运营|审计|PM,1,0,0,,2023-06-04,0.21,M121,3.21,P5,西南,女,23,1,
E10588,BU-6,财务,运营,0,0,0,,2020-11-16,1.96,M184,2.15,P6,华南,男,29,1,
E10589,BU-3,研发,财务,0,0,0,,2021-10-11,3.86,M192,2.91,P5,华南,男,36,1,
E10590,BU-6,市场,PM|审计,0,0,0,,2021-10-16,0.92,M134,3.01,P7,华南,女,24,1,
E10591,BU-5,市场,审计|Go,0,0,0,,2023-09-08,10.83,M186,3.79,P6,东北,女,26,1,
E10592,BU-4,客服,K8s|PM,0,0,0,,2024-10-04,2.82,M183,3.17,P5,华南,女,33,1,
E10593,BU-5,销售,Python,0,1,1,PMP,2021-07-14,13.69,M112,2.72,P6,西南,男,38,0,
E10594,BU-5,客服,运营|Go|PM|BD,0,0,0,,2021-08-02,3.18,M158,3.96,P5,华东,男,30,1,
E10595,BU-3,研发,财务|Java,0,0,0,,2024-03-22,3.66,M189,2.8,P6,华中,男,30,1,
E10596,BU-4,销售,Spark|审计|AI/ML|财务,1,0,0,,2020-12-28,5.38,M110,3.19,P5,东北,女,24,1,
E10597,BU-5,财务,React|Java|BD|Python,0,0,0,,2024-09-09,1.09,M148,4.52,P3,华北,女,44,1,
E10598,BU-1,研发,AI/ML,1,0,0,,2024-01-23,0.53,M197,3.88,P4,东北,男,22,1,
E10599,BU-4,产品,审计|运营,0,2,1,PMP,2024-10-22,1.96,M118,4.07,P4,西南,女,34,1,
E10600,BU-6,销售,PM,0,0,0,,2023-04-06,2.17,M112,3.72,P4,华东,男,29,1,
E10601,BU-6,产品,Spark|PM|审计|AI/ML,1,0,0,,2021-06-13,0.88,M162,2.31,P6,东北,男,36,1,
E10602,BU-5,产品,Go|Spark|运营|Python,0,2,1,TensorFlow,2024-02-01,12.03,M194,3.83,P7,华东,女,22,1,
E10603,BU-5,市场,审计|PM|K8s,0,0,0,,2020-07-07,3.63,M144,2.55,P3,华北,男,37,1,
E10604,BU-2,财务,React|财务|审计,0,0,0,,2020-12-23,1.46,M181,2.83,P3,华中,女,27,1,
E10605,BU-4,市场,Go,0,2,1,K8s-CKA,2021-02-06,1.32,M168,3.3,P4,西南,女,32,1,
E10606,BU-4,运营,AI/ML|Python|K8s,1,0,0,,2023-08-19,2.03,M119,3.61,P7,华东,女,36,1,
E10607,BU-3,HR,Spark|财务|审计,0,0,0,,2020-07-21,0.27,M195,3.2,P6,西南,女,33,1,
E10608,BU-4,财务,审计|PM|Go,0,0,0,,2022-02-18,1.59,M182,3.44,P4,华东,男,33,1,
E10609,BU-3,研发,BD|AI/ML|PM,1,0,0,,2020-02-23,0.1,M161,3.95,P3,华南,女,22,1,
E10610,BU-4,销售,AI/ML,1,1,1,CFA,2023-07-17,5.01,M175,4.02,P3,华南,男,22,1,
E10611,BU-5,产品,K8s|React|Go,0,0,0,,2020-03-13,6.18,M135,3.04,P5,东北,男,34,1,
E10612,BU-3,市场,AI/ML|PM|BD|运营,1,0,0,,2022-12-04,1.76,M135,3.43,P5,华东,女,31,1,
E10613,BU-2,客服,React,0,0,0,,2023-12-18,3.6,M117,2.85,P5,东北,男,28,1,
E10614,BU-2,市场,Spark|React|K8s,0,0,0,,2022-03-11,8.38,M126,2.54,P3,华中,男,28,1,
E10615,BU-6,财务,Spark|K8s|PM,0,0,0,,2023-08-04,0.13,M146,3.74,P7,西南,男,40,1,
E10616,BU-5,市场,Python,0,0,0,,2020-05-03,7.92,M173,2.74,P5,华中,女,36,1,
E10617,BU-1,产品,审计,0,2,1,Oracle DBA,2022-06-14,2.57,M126,3.64,P7,华北,女,36,1,
E10618,BU-2,市场,Spark|K8s|财务|Go,0,0,0,,2021-07-12,0.54,M163,3.87,P5,东北,女,46,1,
E10619,BU-6,财务,AI/ML|财务|审计|Java,1,0,0,,2021-07-13,15.09,M116,2.69,P3,西南,男,30,1,
E10620,BU-6,财务,BD|Go|审计|React,0,0,0,,2021-08-08,3.21,M193,3.63,P4,华南,女,34,1,
E10621,BU-3,运营,Go,0,0,0,,2024-09-01,0.58,M164,3.45,P6,华东,男,28,0,
E10622,BU-6,运营,审计|财务|Java,0,0,0,,2024-06-24,0.75,M114,3.99,P6,华北,男,30,1,
E10623,BU-6,HR,BD|运营|Python,0,0,0,,2022-06-07,3.47,M134,3.08,P3,华中,女,35,1,
E10624,BU-3,研发,财务,0,0,0,,2020-09-06,8.35,M114,2.83,P7,西南,女,40,1,
E10625,BU-1,市场,React|Python,0,0,0,,2021-09-24,0.24,M183,2.32,P6,华北,男,25,1,
E10626,BU-2,销售,财务|Spark,0,0,0,,2022-02-15,4.05,M174,4.17,P3,华东,男,30,1,
E10627,BU-4,财务,Java|React|Go|AI/ML,1,0,0,,2022-02-19,0.1,M151,2.92,P6,华中,女,24,1,
E10628,BU-6,市场,财务|Go|AI/ML|Java,1,0,0,,2023-04-24,8.59,M115,2.7,P5,华东,男,39,1,
E10629,BU-3,HR,BD|财务,0,0,0,,2021-07-09,7.77,M107,3.14,P5,华南,男,40,1,
E10630,BU-4,财务,Python|Spark|Go|K8s,0,3,1,Oracle DBA,2023-04-30,3.49,M123,3.83,P7,华中,女,31,0,
E10631,BU-3,研发,Java|审计|React,0,0,0,,2021-06-29,1.22,M131,2.85,P3,华南,女,31,1,
E10632,BU-6,财务,Python|Java|Spark,0,3,1,CFA,2023-10-25,0.52,M159,3.45,P6,华中,女,36,1,
E10633,BU-3,研发,审计|AI/ML|PM,1,0,0,,2023-05-27,8.09,M187,3.31,P5,华东,男,40,1,
E10634,BU-1,市场,K8s|PM,0,0,0,,2024-09-23,0.7,M101,3.64,P5,华南,男,41,1,
E10635,BU-3,客服,运营,0,0,0,,2021-04-29,1.87,M142,4.46,P5,华中,男,24,1,
E10636,BU-4,产品,财务|AI/ML|K8s,1,0,0,,2023-07-01,5.38,M198,3.4,P4,西南,女,34,1,
E10637,BU-4,市场,AI/ML|Spark,1,0,0,,2020-03-01,1.27,M179,4.46,P3,华东,女,39,1,
E10638,BU-3,销售,K8s|Go|Java,0,0,0,,2021-07-21,3.02,M136,5.0,P4,华南,女,29,1,
E10639,BU-6,财务,运营|审计,0,0,0,,2023-01-02,0.22,M181,2.87,P7,华北,男,27,1,
E10640,BU-3,运营,BD|K8s|Java,0,0,0,,2021-11-10,1.63,M165,3.45,P7,华中,女,35,1,
E10641,BU-2,市场,React,0,0,0,,2020-04-26,2.09,M130,4.19,P5,华北,男,32,1,
E10642,BU-6,研发,Go,0,0,0,,2023-09-11,0.1,M190,3.41,P7,华南,男,28,1,
E10643,BU-2,研发,React|Python|Go,0,3,1,PMP,2023-10-30,4.87,M184,2.38,P6,华南,男,29,1,
E10644,BU-3,运营,Java|BD,0,0,0,,2022-07-12,2.37,M184,3.9,P3,西南,女,25,1,
E10645,BU-4,HR,Go|BD|Spark|审计,0,2,1,TensorFlow,2023-06-23,2.01,M101,3.58,P5,华南,男,30,1,
E10646,BU-4,客服,Spark,0,0,0,,2023-07-03,0.83,M151,2.88,P3,华北,女,33,1,
E10647,BU-4,运营,审计|Java|K8s,0,0,0,,2024-01-09,4.67,M146,2.61,P7,华中,女,23,1,
E10648,BU-3,销售,财务|React,0,0,0,,2024-04-14,0.16,M198,3.52,P7,华南,女,26,1,
E10649,BU-3,财务,K8s,0,0,0,,2023-02-10,0.62,M104,3.46,P5,华东,女,23,1,
E10650,BU-6,产品,财务,0,0,0,,2022-11-03,1.48,M130,4.52,P6,华南,女,39,1,
E10651,BU-2,HR,Spark|财务|运营,0,3,1,Oracle DBA,2024-03-29,2.58,M181,3.32,P3,华中,男,29,1,
E10652,BU-2,产品,PM|K8s|React|Python,0,0,0,,2023-05-08,0.17,M158,4.63,P3,华中,女,51,1,
E10653,BU-3,运营,PM|运营|Python,0,0,0,,2024-02-15,1.02,M110,3.06,P7,华北,男,34,1,
E10654,BU-4,HR,AI/ML|React|Go,1,0,0,,2023-08-10,2.42,M121,3.95,P3,华南,女,24,0,
E10655,BU-2,产品,K8s|BD|PM,0,0,0,,2021-07-09,1.04,M164,3.52,P7,华南,男,22,1,
E10656,BU-3,财务,AI/ML|Spark|PM|Go,1,0,0,,2022-07-12,0.79,M170,4.0,P5,华东,女,35,1,
E10657,BU-4,运营,Python|PM|React|财务,0,0,0,,2021-04-07,3.63,M132,3.96,P6,东北,女,33,1,
E10658,BU-6,产品,PM|Go,0,0,0,,2023-05-11,7.0,M161,3.53,P3,华中,女,37,1,
E10659,BU-4,研发,运营|Go|React|财务,0,0,0,,2020-03-29,2.19,M191,3.74,P5,东北,男,40,1,
E10660,BU-6,研发,BD|PM|运营|审计,0,3,1,ACP,2024-11-26,1.24,M182,3.26,P3,西南,男,22,1,
E10661,BU-3,销售,运营|审计|Spark|Go,0,0,0,,2022-04-24,2.98,M135,3.12,P6,西南,女,37,1,
E10662,BU-4,研发,Python,0,0,0,,2022-07-12,5.97,M142,3.38,P6,华北,女,29,1,
E10663,BU-1,客服,Spark|审计|财务,0,0,0,,2021-11-22,2.94,M179,3.5,P7,华中,女,28,1,
E10664,BU-3,HR,Spark,0,0,0,,2020-04-23,2.0,M103,3.21,P4,华中,男,35,1,
E10665,BU-4,客服,Spark|Go,0,0,0,,2021-09-26,0.33,M148,3.42,P4,华南,男,32,1,
E10666,BU-1,客服,K8s,0,0,0,,2022-08-19,5.39,M146,3.28,P4,华南,男,36,1,
E10667,BU-6,财务,React|Java,0,0,0,,2022-04-28,6.02,M198,3.62,P5,华东,男,40,1,
E10668,BU-5,销售,Python|Go,0,0,0,,2021-07-08,8.78,M169,3.79,P6,东北,男,31,1,
E10669,BU-2,销售,运营|AI/ML,1,0,0,,2021-08-02,1.04,M167,3.46,P7,东北,男,39,1,
E10670,BU-6,客服,Go|K8s,0,0,0,,2023-10-02,0.48,M161,3.32,P7,华东,男,46,1,
E10671,BU-5,运营,React,0,0,0,,2023-10-18,0.39,M178,1.79,P7,华东,女,37,1,
E10672,BU-4,运营,AI/ML|运营|K8s,1,0,0,,2021-05-23,4.95,M131,4.11,P3,华北,男,37,1,
E10673,BU-6,财务,PM|财务|Python|K8s,0,0,0,,2021-07-19,2.08,M138,3.16,P5,华南,男,35,1,
E10674,BU-6,销售,Java|K8s|React|PM,0,0,0,,2023-04-19,2.65,M173,4.36,P5,华东,女,26,1,
E10675,BU-5,销售,审计|Spark|React|PM,0,3,1,ACP,2023-10-27,1.11,M166,1.67,P5,华南,男,29,1,
E10676,BU-6,销售,Go|K8s|Spark,0,0,0,,2021-04-17,5.27,M166,3.01,P7,西南,女,35,1,
E10677,BU-2,客服,React|运营|AI/ML,1,0,0,,2023-07-03,2.08,M166,3.91,P5,华东,男,28,1,
E10678,BU-5,市场,Spark|Java|审计|运营,0,0,0,,2024-02-13,1.47,M105,3.06,P7,西南,男,38,1,
E10679,BU-6,客服,Spark|K8s|BD|Go,0,0,0,,2024-06-21,11.4,M108,3.94,P5,华中,女,36,1,
E10680,BU-1,HR,Python|React,0,0,0,,2022-10-03,1.06,M111,3.89,P6,华中,女,26,1,
E10681,BU-3,运营,Java|Spark|K8s|AI/ML,1,0,0,,2020-06-12,0.28,M102,4.85,P5,华中,女,42,1,
E10682,BU-5,运营,K8s,0,0,0,,2022-09-02,9.62,M187,3.15,P5,华北,男,36,1,
E10683,BU-2,HR,Java|AI/ML|Go,1,0,0,,2021-07-07,1.9,M194,2.75,P3,华东,男,41,1,
E10684,BU-4,财务,K8s,0,0,0,,2024-07-25,2.44,M194,3.8,P6,华中,男,34,1,
E10685,BU-3,运营,运营|Python|审计|BD,0,0,0,,2022-05-29,2.51,M136,3.97,P3,华东,女,30,1,
E10686,BU-3,产品,React,0,0,0,,2022-11-12,13.45,M112,3.23,P4,华中,女,46,1,
E10687,BU-4,销售,AI/ML|Spark|Python,1,0,0,,2020-01-19,7.29,M179,2.94,P3,华中,女,33,0,
E10688,BU-3,运营,运营|React|Python|审计,0,0,0,,2020-08-26,1.21,M155,3.72,P3,华南,女,42,1,
E10689,BU-1,运营,AI/ML|Go|Python,1,0,0,,2021-09-11,0.33,M130,3.41,P3,东北,男,40,1,
E10690,BU-5,HR,BD|Python,0,0,0,,2024-04-17,2.55,M155,4.33,P3,西南,女,31,1,
E10691,BU-4,销售,财务,0,0,0,,2022-04-08,10.12,M197,3.5,P5,东北,男,37,1,
E10692,BU-3,产品,运营|BD,0,0,0,,2022-03-06,2.46,M179,3.47,P5,华中,女,28,1,
E10693,BU-5,财务,Go,0,0,0,,2022-06-21,1.84,M151,3.87,P5,华北,男,28,1,
E10694,BU-3,研发,Python|Go|Spark|AI/ML,1,0,0,,2023-11-19,6.03,M112,2.79,P4,西南,男,40,1,
E10695,BU-1,财务,Go|Spark,0,2,1,K8s-CKA,2021-09-11,2.42,M111,1.78,P3,华东,男,32,1,
E10696,BU-4,HR,K8s,0,0,0,,2021-09-02,0.95,M140,3.77,P3,华东,女,33,1,
E10697,BU-4,产品,审计,0,0,0,,2020-05-12,4.32,M132,3.84,P3,华北,男,27,1,
E10698,BU-1,市场,运营|Java|BD,0,3,1,Oracle DBA,2023-01-06,0.7,M176,2.67,P4,华中,女,38,1,
E10699,BU-6,销售,Spark|React|Java,0,2,1,TensorFlow,2022-08-14,1.54,M197,2.56,P6,东北,女,38,1,
E10700,BU-5,客服,运营,0,0,0,,2020-05-29,9.05,M101,3.97,P4,华中,男,25,1,
E10701,BU-6,运营,运营|财务,0,3,1,PMP,2023-01-29,4.56,M145,3.71,P7,华南,男,22,1,
E10702,BU-1,销售,BD|Python,0,0,0,,2022-04-13,1.33,M162,2.59,P7,华北,男,28,1,
E10703,BU-2,财务,BD|Java|审计|PM,0,0,0,,2022-09-07,0.71,M102,4.27,P5,东北,女,31,1,
E10704,BU-1,销售,PM|K8s|Spark,0,0,0,,2020-11-20,1.75,M135,4.18,P7,华东,男,28,1,
E10705,BU-4,销售,Java|Go|K8s,0,0,0,,2021-05-05,7.51,M126,3.91,P5,华北,男,31,1,
E10706,BU-5,产品,K8s|财务|AI/ML|运营,1,0,0,,2021-12-26,3.51,M185,3.54,P5,东北,男,39,1,
E10707,BU-4,产品,Spark,0,0,0,,2024-08-31,0.24,M168,3.8,P5,西南,男,33,1,
E10708,BU-2,HR,Go|Python,0,0,0,,2021-07-13,1.16,M102,3.72,P6,华南,女,32,1,
E10709,BU-1,财务,PM,0,0,0,,2020-03-07,3.43,M124,3.4,P4,华东,女,22,1,
E10710,BU-1,产品,K8s|运营|Go,0,0,0,,2021-06-17,1.03,M154,3.58,P3,东北,男,27,1,
E10711,BU-3,销售,K8s,0,0,0,,2024-08-28,5.74,M151,4.2,P7,华南,女,25,1,
E10712,BU-2,财务,运营|审计|BD,0,3,1,AWS,2023-02-12,3.57,M109,3.57,P3,西南,女,37,1,
E10713,BU-3,研发,K8s|财务,0,0,0,,2020-12-16,1.5,M120,2.29,P6,华中,女,35,1,
E10714,BU-4,研发,K8s|AI/ML|Java|Spark,1,0,0,,2024-09-28,0.29,M158,2.94,P3,东北,女,44,1,
E10715,BU-5,运营,K8s|AI/ML|财务,1,0,0,,2022-12-29,0.71,M123,4.13,P3,华南,女,41,1,
E10716,BU-1,市场,财务|Java,0,1,1,K8s-CKA,2022-07-08,0.92,M191,3.83,P3,华北,女,32,1,
E10717,BU-2,研发,Java,0,0,0,,2021-07-26,1.08,M181,3.98,P4,华北,男,36,1,
E10718,BU-5,销售,PM|Java,0,0,0,,2021-07-19,0.71,M160,4.19,P7,华东,女,32,1,
E10719,BU-6,财务,运营|PM|AI/ML|Spark,1,0,0,,2023-08-28,2.61,M170,3.99,P4,华北,男,32,1,
E10720,BU-6,产品,Python|Spark|AI/ML,1,0,0,,2023-10-29,1.97,M194,3.42,P4,华东,男,32,1,
E10721,BU-4,运营,审计,0,0,0,,2020-12-11,3.09,M125,4.03,P5,华中,男,22,1,
E10722,BU-5,财务,运营|PM|Java,0,0,0,,2020-09-15,0.6,M149,4.33,P7,华中,男,38,1,
E10723,BU-2,销售,BD|PM|审计|运营,0,0,0,,2020-10-22,2.25,M178,3.96,P7,华南,女,41,1,
E10724,BU-6,市场,财务,0,0,0,,2021-11-14,0.31,M194,4.13,P3,东北,男,39,1,
E10725,BU-6,客服,财务|K8s|审计,0,0,0,,2022-05-08,0.1,M158,3.61,P7,东北,男,24,1,
E10726,BU-2,财务,Java,0,0,0,,2020-05-08,1.36,M195,4.8,P7,华北,女,23,1,
E10727,BU-3,客服,Go|运营,0,0,0,,2022-08-06,2.38,M193,4.01,P4,东北,女,31,1,
E10728,BU-1,客服,K8s|Java,0,0,0,,2023-03-09,8.13,M182,3.01,P7,东北,女,28,1,
E10729,BU-4,HR,Spark|Python,0,0,0,,2020-04-30,7.49,M193,4.25,P4,东北,女,38,1,
E10730,BU-1,客服,Go|AI/ML|BD,1,0,0,,2023-06-17,0.4,M141,3.47,P7,华东,女,22,1,
E10731,BU-1,研发,Spark|PM,0,0,0,,2020-05-12,0.81,M117,2.82,P5,西南,男,40,1,
E10732,BU-4,运营,Spark|AI/ML|Go,1,0,0,,2022-11-20,2.34,M176,2.41,P4,西南,男,35,1,
E10733,BU-6,HR,Python|PM|Go,0,0,0,,2022-08-31,11.89,M190,2.72,P4,东北,男,31,1,
E10734,BU-4,HR,React|Python,0,1,1,K8s-CKA,2020-10-22,8.3,M144,2.43,P3,华北,男,39,1,
E10735,BU-2,销售,Python,0,0,0,,2024-12-05,0.1,M152,3.57,P6,东北,女,38,1,
E10736,BU-3,运营,Java|Go|React,0,0,0,,2020-02-07,3.39,M155,2.56,P4,华北,男,30,1,
E10737,BU-5,财务,AI/ML|Python|PM,1,0,0,,2023-01-23,3.63,M136,3.43,P4,华北,男,25,1,
E10738,BU-3,HR,Spark,0,0,0,,2020-03-28,1.98,M165,3.7,P3,东北,女,22,1,
E10739,BU-6,销售,PM|审计|AI/ML|Spark,1,0,0,,2023-04-23,0.88,M194,3.53,P7,华北,男,43,1,
E10740,BU-5,研发,PM|审计|财务,0,0,0,,2020-09-21,1.4,M137,3.37,P6,华北,男,33,1,
E10741,BU-6,研发,Go|React|K8s,0,1,1,TensorFlow,2020-06-30,2.22,M121,2.69,P3,华北,女,30,1,
E10742,BU-3,研发,财务|Python|Java|Spark,0,0,0,,2023-05-18,0.89,M149,3.33,P4,东北,女,22,1,
E10743,BU-5,市场,Java|React|BD|运营,0,0,0,,2020-01-11,3.24,M168,3.3,P7,华北,女,33,1,
E10744,BU-4,HR,Java,0,0,0,,2024-02-02,1.77,M170,4.37,P6,华东,男,27,1,
E10745,BU-6,产品,PM|Go|审计|运营,0,0,0,,2020-08-26,5.44,M164,3.33,P3,华中,女,42,1,
E10746,BU-5,客服,Java|Python|运营|AI/ML,1,0,0,,2022-09-07,0.55,M126,3.7,P3,西南,女,39,1,
E10747,BU-1,财务,财务,0,0,0,,2024-11-09,3.56,M146,2.72,P3,华东,男,44,1,
E10748,BU-2,运营,审计|Java|运营,0,0,0,,2022-01-29,0.29,M181,3.62,P6,东北,女,28,1,
E10749,BU-1,HR,React|K8s|Spark,0,0,0,,2021-05-23,11.41,M110,2.74,P5,华南,男,41,1,
E10750,BU-3,产品,AI/ML|PM|Java|财务,1,0,0,,2022-12-22,0.88,M133,3.56,P6,华中,女,29,1,
E10751,BU-6,运营,Go|Spark|React|Java,0,0,0,,2020-04-16,13.41,M101,3.82,P4,东北,男,37,0,
E10752,BU-2,产品,运营,0,0,0,,2021-03-23,5.91,M186,3.01,P7,华东,女,37,1,
E10753,BU-6,客服,K8s,0,0,0,,2021-10-14,9.67,M116,2.46,P5,华东,女,37,1,
E10754,BU-3,HR,审计,0,0,0,,2021-11-12,1.72,M164,3.84,P5,华南,男,31,1,
E10755,BU-6,销售,运营|Spark|BD,0,0,0,,2020-02-20,0.38,M117,3.35,P5,西南,女,33,1,
E10756,BU-2,财务,AI/ML,1,0,0,,2021-12-25,0.12,M111,2.88,P6,华南,男,35,1,
E10757,BU-6,HR,财务,0,0,0,,2022-07-13,1.07,M130,3.31,P6,华南,男,40,1,
E10758,BU-3,运营,BD|React|Java|审计,0,0,0,,2020-01-19,6.15,M148,4.12,P7,华北,男,48,1,
E10759,BU-5,销售,BD|Go|AI/ML,1,0,0,,2022-09-24,1.68,M105,3.9,P3,华中,男,28,1,
E10760,BU-1,HR,BD|运营,0,0,0,,2020-11-09,9.32,M159,3.62,P4,华南,男,44,1,
E10761,BU-2,HR,AI/ML|Java,1,0,0,,2022-07-21,5.19,M176,4.46,P6,华南,男,44,1,
E10762,BU-4,运营,Python|BD|Spark,0,1,1,PMP,2022-12-11,3.06,M173,2.77,P4,东北,女,35,1,
E10763,BU-4,市场,财务|AI/ML|Java|Spark,1,0,0,,2024-11-08,3.74,M105,3.02,P5,华北,男,42,0,
E10764,BU-5,财务,Go|审计|BD,0,0,0,,2020-04-20,6.33,M164,4.0,P6,华南,男,31,1,
E10765,BU-3,销售,K8s,0,0,0,,2024-04-11,1.36,M112,3.43,P3,华东,女,30,1,
E10766,BU-2,HR,PM|Java,0,0,0,,2023-12-05,6.28,M188,3.0,P3,华南,女,39,1,
E10767,BU-3,HR,Spark|Python|BD,0,0,0,,2021-11-01,5.6,M148,3.21,P6,西南,女,36,1,
E10768,BU-2,产品,审计|财务|BD,0,0,0,,2022-08-13,1.05,M130,3.05,P5,华中,男,39,1,
E10769,BU-2,财务,Spark|财务|Java|K8s,0,0,0,,2021-08-16,2.84,M138,3.14,P3,华东,男,34,1,
E10770,BU-1,HR,Java|审计,0,0,0,,2022-11-08,3.23,M119,1.98,P3,东北,女,35,1,
E10771,BU-3,产品,PM|财务,0,0,0,,2023-08-22,0.1,M138,4.33,P7,西南,男,32,1,
E10772,BU-1,运营,PM,0,0,0,,2024-08-01,9.92,M128,2.81,P7,东北,男,39,1,
E10773,BU-1,客服,财务|PM|BD|审计,0,0,0,,2021-11-17,0.95,M135,3.34,P5,华南,男,41,1,
E10774,BU-5,客服,运营|K8s,0,0,0,,2021-10-26,3.07,M140,3.25,P6,东北,男,22,1,
E10775,BU-1,财务,React,0,0,0,,2022-11-10,14.81,M146,4.21,P4,华中,女,35,1,
E10776,BU-6,运营,BD,0,0,0,,2020-02-28,11.33,M128,3.61,P5,华北,男,30,1,
E10777,BU-4,产品,Python,0,1,1,K8s-CKA,2022-01-09,3.0,M183,3.41,P5,东北,女,35,1,
E10778,BU-6,客服,BD|PM|Python,0,1,1,CFA,2023-11-04,13.41,M109,3.69,P5,华中,男,29,1,
E10779,BU-5,市场,财务|AI/ML,1,0,0,,2022-01-09,4.79,M121,3.28,P6,华东,男,44,1,
E10780,BU-1,市场,Java|审计|K8s,0,0,0,,2020-09-16,3.89,M109,3.72,P6,东北,女,26,1,
E10781,BU-6,销售,AI/ML,1,0,0,,2023-06-01,1.69,M150,3.37,P4,华南,男,31,1,
E10782,BU-6,HR,Go|运营,0,0,0,,2023-03-05,1.05,M130,3.22,P5,华东,女,44,1,
E10783,BU-5,市场,AI/ML|Python,1,0,0,,2020-04-22,0.42,M171,4.37,P5,华东,女,29,1,
E10784,BU-4,客服,财务|React|AI/ML|Java,1,0,0,,2022-06-19,1.55,M116,3.95,P5,华南,男,43,1,
E10785,BU-4,客服,K8s|AI/ML|Python|Java,1,0,0,,2023-08-29,1.09,M137,3.04,P5,华南,女,39,1,
E10786,BU-5,运营,Java|K8s,0,0,0,,2023-11-20,4.34,M176,4.28,P6,西南,女,34,1,
E10787,BU-5,财务,AI/ML,1,0,0,,2020-12-28,3.57,M157,3.25,P6,华南,女,46,1,
E10788,BU-5,销售,Spark|Java|BD,0,0,0,,2021-03-15,3.05,M104,4.52,P7,东北,女,30,1,
E10789,BU-2,产品,K8s|财务|运营,0,0,0,,2024-09-07,2.6,M135,3.83,P7,西南,女,30,1,
E10790,BU-1,产品,AI/ML|React|PM|Spark,1,0,0,,2022-03-12,12.78,M160,2.79,P7,华北,女,40,0,
E10791,BU-1,HR,AI/ML|BD,1,0,0,,2024-06-21,6.09,M161,2.49,P5,华北,女,30,1,
E10792,BU-3,销售,Spark|审计,0,0,0,,2024-03-05,2.26,M115,3.08,P7,东北,男,33,1,
E10793,BU-3,市场,Java|运营|AI/ML|财务,1,0,0,,2022-06-01,0.19,M181,2.51,P4,华东,女,41,1,
E10794,BU-5,市场,Go|PM|Python,0,0,0,,2021-09-26,4.71,M122,3.0,P7,华中,男,22,1,
E10795,BU-5,财务,财务,0,0,0,,2022-07-07,7.76,M136,2.87,P6,华东,女,33,1,
E10796,BU-5,市场,PM,0,2,1,AWS,2020-05-26,6.91,M153,2.88,P5,华北,男,37,1,
E10797,BU-5,市场,React|K8s,0,1,1,AWS,2024-06-18,0.46,M159,2.7,P4,西南,男,29,1,
E10798,BU-2,运营,审计|AI/ML,1,0,0,,2021-08-03,2.12,M197,3.95,P5,华中,女,26,1,
E10799,BU-4,销售,PM,0,0,0,,2022-01-21,5.1,M172,4.08,P6,西南,男,33,1,
E10800,BU-1,销售,Go,0,3,1,AWS,2024-06-19,3.14,M162,3.81,P7,华南,女,30,1,
E10801,BU-2,研发,Java,0,0,0,,2024-06-12,2.75,M190,3.83,P4,华南,女,31,1,
E10802,BU-5,运营,K8s|Python,0,0,0,,2023-06-22,3.97,M156,3.56,P3,华中,男,28,1,
E10803,BU-3,HR,审计|K8s|Python|Spark,0,0,0,,2022-11-04,0.22,M139,2.4,P4,华南,男,28,1,
E10804,BU-4,财务,财务,0,0,0,,2021-06-22,8.17,M123,2.49,P6,东北,男,29,1,
E10805,BU-3,销售,审计|Go,0,3,1,PMP,2022-11-29,1.57,M157,3.55,P6,西南,女,37,1,
E10806,BU-5,销售,Python,0,0,0,,2021-01-14,7.32,M125,3.2,P4,西南,男,39,1,
E10807,BU-2,客服,Spark|财务,0,0,0,,2023-01-14,0.96,M168,4.0,P3,华北,女,40,1,
E10808,BU-4,运营,K8s|React|BD,0,0,0,,2021-03-11,3.84,M141,2.72,P4,华南,男,35,1,
E10809,BU-4,市场,Go,0,3,1,K8s-CKA,2022-10-19,2.61,M199,2.85,P6,华南,女,35,1,
E10810,BU-5,产品,React|Spark|审计|Python,0,0,0,,2023-04-10,1.74,M160,2.8,P4,华北,男,30,1,
E10811,BU-2,产品,AI/ML|Spark,1,0,0,,2023-04-10,0.91,M115,3.05,P4,华北,女,39,1,
E10812,BU-2,销售,运营|Go,0,0,0,,2020-03-27,2.41,M159,1.75,P3,西南,女,38,1,
E10813,BU-5,销售,审计|PM|Go,0,0,0,,2022-07-27,0.1,M107,3.65,P4,华南,女,24,1,
E10814,BU-5,研发,Python|PM|React,0,0,0,,2022-09-26,7.03,M120,3.48,P4,华南,女,30,1,
E10815,BU-2,市场,K8s|运营,0,2,1,ACP,2022-05-30,6.91,M185,3.61,P4,西南,男,31,1,
E10816,BU-4,研发,运营|React|审计|Go,0,0,0,,2023-01-09,5.39,M166,4.07,P6,西南,女,29,1,
E10817,BU-1,运营,Go|AI/ML|Python,1,0,0,,2021-07-10,2.9,M185,3.29,P6,西南,男,23,1,
E10818,BU-4,财务,Java|AI/ML|K8s,1,0,0,,2024-04-30,1.74,M101,3.64,P6,华北,女,31,1,
E10819,BU-5,市场,Go|Python|Java|PM,0,0,0,,2022-01-20,4.89,M148,3.51,P5,华南,女,33,1,
E10820,BU-4,研发,运营|BD|AI/ML,1,0,0,,2020-12-16,2.04,M118,4.06,P7,华南,男,26,1,
E10821,BU-6,客服,K8s|PM,0,0,0,,2024-03-30,2.07,M138,3.32,P6,华北,女,38,0,
E10822,BU-6,市场,K8s|Java|Go|PM,0,0,0,,2023-12-05,0.17,M103,4.32,P6,西南,女,38,1,
E10823,BU-5,市场,审计|PM|React|K8s,0,0,0,,2020-05-04,0.25,M134,3.62,P3,华北,男,27,1,
E10824,BU-5,财务,Go|运营|Python,0,0,0,,2020-04-03,1.46,M167,2.88,P5,东北,女,35,1,
E10825,BU-6,客服,BD|Go,0,2,1,CFA,2022-02-19,0.72,M110,3.93,P3,东北,男,22,1,
E10826,BU-4,运营,运营|PM,0,0,0,,2022-03-06,0.4,M170,2.94,P3,华北,女,23,1,
E10827,BU-4,客服,K8s|React,0,0,0,,2023-11-11,1.33,M157,3.35,P5,东北,男,35,1,
E10828,BU-4,市场,React,0,0,0,,2022-02-20,0.4,M110,4.47,P3,西南,男,22,1,
E10829,BU-4,销售,审计|Python,0,0,0,,2024-01-07,4.16,M120,3.73,P6,华北,男,33,1,
E10830,BU-3,研发,运营|Spark,0,0,0,,2021-12-13,3.0,M196,2.85,P4,东北,女,34,1,
E10831,BU-4,客服,运营,0,0,0,,2024-04-02,10.98,M195,3.96,P3,华北,女,25,1,
E10832,BU-3,财务,React|审计|PM|K8s,0,0,0,,2024-03-27,4.24,M158,3.03,P6,华东,女,37,1,
E10833,BU-1,销售,React|Python|Spark,0,0,0,,2021-09-04,4.84,M145,3.55,P3,华南,女,42,1,
E10834,BU-1,产品,审计|React,0,0,0,,2024-11-09,0.38,M127,2.6,P7,东北,女,40,1,
E10835,BU-6,研发,审计,0,2,1,Oracle DBA,2022-06-22,1.39,M132,4.15,P5,华南,女,30,1,
E10836,BU-2,HR,K8s,0,0,0,,2021-04-05,0.37,M183,3.57,P6,华中,男,36,1,
E10837,BU-6,运营,Go|财务|Python,0,0,0,,2024-04-13,0.36,M157,2.8,P6,东北,女,27,1,
E10838,BU-4,产品,React,0,0,0,,2024-01-13,1.81,M135,2.74,P6,华北,女,33,1,
E10839,BU-3,市场,Java|Spark|BD,0,0,0,,2022-11-29,1.12,M137,3.61,P6,华中,男,33,1,
E10840,BU-4,HR,审计|K8s|BD|AI/ML,1,1,1,Oracle DBA,2023-08-30,11.58,M147,4.55,P3,华北,男,22,1,
E10841,BU-1,市场,Java,0,0,0,,2021-10-29,1.81,M131,3.5,P7,西南,男,38,1,
E10842,BU-2,销售,K8s|审计|BD,0,0,0,,2024-10-23,2.55,M139,4.63,P3,西南,女,22,1,
E10843,BU-4,销售,Spark|AI/ML,1,0,0,,2023-05-21,3.65,M144,3.52,P4,华南,男,25,1,
E10844,BU-2,财务,Go|财务|BD|运营,0,0,0,,2022-03-02,1.18,M177,3.1,P7,华南,女,22,1,
E10845,BU-3,销售,PM|BD|Python,0,0,0,,2023-06-06,4.37,M135,4.22,P4,华南,男,30,1,
E10846,BU-2,研发,BD|运营|React,0,0,0,,2022-07-07,8.7,M151,2.74,P3,华南,男,45,1,
E10847,BU-1,财务,Java|运营,0,0,0,,2020-08-27,3.12,M173,2.94,P4,华东,男,24,1,
E10848,BU-6,客服,Python|BD|Go|Spark,0,0,0,,2020-07-08,1.78,M138,3.31,P5,西南,男,32,1,
E10849,BU-3,销售,Spark|Java,0,0,0,,2022-05-16,0.86,M102,3.7,P3,华中,女,23,1,
E10850,BU-6,HR,BD,0,0,0,,2023-04-27,0.24,M159,4.09,P3,华南,男,26,1,
E10851,BU-1,产品,运营|Python,0,0,0,,2023-12-29,0.56,M150,3.04,P6,西南,女,40,1,
E10852,BU-4,研发,财务|PM|Spark,0,0,0,,2020-11-24,10.52,M128,3.78,P7,东北,男,32,1,
E10853,BU-6,销售,审计,0,0,0,,2021-10-03,11.78,M187,3.72,P5,东北,女,24,1,
E10854,BU-4,销售,Java|Python,0,0,0,,2023-11-25,1.69,M179,3.36,P7,西南,男,26,1,
E10855,BU-4,HR,Go|Python|React,0,0,0,,2023-04-01,0.68,M190,3.33,P4,华中,女,22,1,
E10856,BU-1,市场,BD,0,0,0,,2021-04-04,2.34,M117,3.77,P6,华南,男,37,1,
E10857,BU-5,市场,财务,0,3,1,ACP,2021-08-11,5.11,M136,4.43,P6,东北,男,36,1,
E10858,BU-4,HR,Go|审计,0,3,1,TensorFlow,2021-08-07,0.14,M127,4.3,P5,华东,女,32,1,
E10859,BU-4,研发,Java|K8s,0,0,0,,2024-01-11,0.63,M134,3.19,P5,西南,男,31,1,
E10860,BU-6,市场,运营|Java|审计|K8s,0,0,0,,2023-10-10,1.83,M110,3.12,P7,东北,男,27,1,
E10861,BU-5,HR,运营|PM|BD,0,0,0,,2022-02-27,4.31,M151,2.74,P7,华北,男,22,1,
E10862,BU-6,销售,Java|Spark|K8s,0,0,0,,2023-03-20,0.54,M109,3.09,P4,西南,女,29,1,
E10863,BU-2,研发,Java|Spark|AI/ML|K8s,1,0,0,,2022-10-16,9.27,M136,5.0,P3,华南,男,41,1,
E10864,BU-3,运营,财务|Python|PM|Spark,0,0,0,,2024-07-15,0.41,M115,3.28,P3,华中,女,33,1,
E10865,BU-2,财务,Go|BD|审计,0,0,0,,2023-09-14,2.9,M141,4.72,P7,华南,男,39,1,
E10866,BU-2,HR,审计,0,0,0,,2023-07-12,5.66,M136,2.39,P5,华东,女,28,1,
E10867,BU-3,财务,PM,0,0,0,,2022-12-26,2.36,M177,3.39,P7,华东,男,41,1,
E10868,BU-2,销售,财务|Python,0,0,0,,2021-12-29,2.62,M157,3.39,P4,华中,男,35,1,
E10869,BU-4,客服,K8s,0,0,0,,2021-04-10,0.1,M145,3.44,P7,华南,女,41,1,
E10870,BU-6,财务,K8s|财务|Spark|AI/ML,1,0,0,,2022-07-22,0.43,M153,1.62,P3,西南,女,32,1,
E10871,BU-2,销售,审计|AI/ML,1,1,1,K8s-CKA,2022-05-16,2.52,M161,3.13,P5,西南,男,46,1,
E10872,BU-4,HR,PM,0,0,0,,2020-07-19,3.96,M155,4.1,P6,华南,男,27,1,
E10873,BU-4,客服,审计,0,2,1,CFA,2023-08-15,2.04,M169,3.77,P7,华东,女,29,1,
E10874,BU-6,客服,财务|PM|AI/ML|BD,1,0,0,,2020-07-24,2.94,M122,4.25,P4,华南,男,28,1,
E10875,BU-3,研发,Python|AI/ML,1,0,0,,2024-03-20,3.98,M188,3.57,P6,华南,男,38,1,
E10876,BU-6,HR,K8s,0,0,0,,2021-05-28,4.74,M181,3.48,P3,华北,男,29,1,
E10877,BU-3,销售,AI/ML|运营|K8s|BD,1,0,0,,2023-04-03,2.33,M108,3.88,P6,华南,女,33,0,
E10878,BU-5,运营,K8s,0,0,0,,2020-07-13,2.77,M189,2.28,P3,华东,男,37,1,
E10879,BU-3,研发,Python|Java|运营|React,0,0,0,,2021-12-21,1.71,M120,3.63,P3,华中,女,32,0,
E10880,BU-3,研发,React,0,0,0,,2021-03-01,0.16,M191,3.39,P4,华东,男,36,1,
E10881,BU-5,运营,Spark|Java|Python|审计,0,0,0,,2021-03-08,2.71,M194,5.0,P3,华中,女,31,1,
E10882,BU-2,销售,财务|BD|Java|Go,0,0,0,,2023-06-03,4.0,M104,3.51,P5,东北,男,23,1,
E10883,BU-4,客服,Java|运营|React|BD,0,0,0,,2023-01-09,1.82,M104,3.99,P4,西南,女,33,1,
E10884,BU-4,HR,PM,0,0,0,,2021-08-13,3.63,M175,3.47,P3,华北,女,22,1,
E10885,BU-3,客服,Python,0,0,0,,2024-06-04,1.17,M175,3.44,P3,西南,女,29,0,
E10886,BU-1,财务,Python|PM|BD|财务,0,0,0,,2022-01-17,1.75,M132,3.4,P5,华南,男,39,1,
E10887,BU-3,研发,Spark,0,0,0,,2021-04-11,5.07,M130,3.37,P4,华东,女,22,1,
E10888,BU-1,市场,AI/ML|BD|运营|审计,1,0,0,,2024-11-25,5.79,M195,4.17,P5,西南,女,25,1,
E10889,BU-2,运营,AI/ML|K8s|Python,1,1,1,AWS,2022-11-09,0.4,M133,3.51,P5,华中,女,33,1,
E10890,BU-4,市场,Spark|Python,0,0,0,,2022-08-29,5.06,M102,2.86,P3,华东,女,26,1,
E10891,BU-2,产品,Go|AI/ML|运营|PM,1,0,0,,2020-11-26,1.27,M121,3.33,P6,华中,女,35,1,
E10892,BU-3,产品,BD,0,0,0,,2022-09-20,0.19,M109,3.11,P7,华东,女,38,1,
E10893,BU-3,财务,财务|运营|AI/ML,1,0,0,,2020-05-26,1.31,M181,4.14,P7,东北,男,30,1,
E10894,BU-5,财务,Python|AI/ML|Go|React,1,0,0,,2024-06-29,2.06,M163,3.21,P7,华南,女,37,1,
E10895,BU-1,HR,K8s|Java|BD|AI/ML,1,0,0,,2023-12-29,0.42,M174,4.19,P7,华北,女,25,1,
E10896,BU-2,客服,Spark,0,0,0,,2021-10-01,6.22,M148,3.99,P6,华南,男,28,1,
E10897,BU-5,运营,财务,0,0,0,,2022-08-30,0.15,M128,3.12,P7,华北,男,29,0,
E10898,BU-6,财务,Python|React|Spark|运营,0,0,0,,2023-11-03,0.13,M148,2.47,P7,华北,女,39,1,
E10899,BU-5,财务,AI/ML|PM|Go|运营,1,0,0,,2024-08-01,0.68,M178,3.65,P4,华东,女,22,1,
E10900,BU-6,研发,审计|Spark|财务,0,0,0,,2020-07-08,1.06,M191,2.65,P3,东北,男,41,1,
E10901,BU-3,研发,财务|Python,0,0,0,,2020-03-13,4.86,M148,3.02,P5,华南,女,34,1,
E10902,BU-4,运营,React|AI/ML|K8s,1,0,0,,2023-10-01,1.13,M121,3.6,P7,华南,女,45,1,
E10903,BU-1,产品,审计|Java|财务|Python,0,0,0,,2024-01-05,2.27,M154,4.58,P4,西南,女,27,1,
E10904,BU-6,市场,运营|AI/ML,1,0,0,,2020-08-19,2.26,M105,4.36,P3,华中,女,34,1,
E10905,BU-5,客服,BD|财务,0,0,0,,2020-03-24,6.78,M164,3.39,P3,东北,男,22,1,
E10906,BU-1,产品,PM|Spark|BD|React,0,0,0,,2020-04-08,1.24,M118,3.92,P6,东北,男,38,1,
E10907,BU-4,研发,Spark|Go,0,3,1,PMP,2020-05-17,0.12,M174,4.05,P6,华东,女,26,1,
E10908,BU-4,市场,Python,0,0,0,,2024-07-29,2.37,M184,3.52,P4,华南,男,29,1,
E10909,BU-6,HR,财务|BD,0,0,0,,2021-02-16,0.15,M182,4.2,P7,华中,男,35,1,
E10910,BU-2,市场,K8s|Python|运营,0,0,0,,2021-01-07,3.29,M188,3.12,P3,东北,女,24,1,
E10911,BU-1,HR,Spark|K8s,0,0,0,,2021-08-11,1.57,M135,3.29,P6,华北,女,35,1,
E10912,BU-6,运营,BD,0,1,1,ACP,2023-05-17,4.54,M119,4.29,P4,华北,男,23,1,
E10913,BU-2,财务,React|AI/ML|BD|Go,1,0,0,,2020-01-22,1.51,M104,2.85,P6,东北,女,27,1,
E10914,BU-3,产品,Go,0,0,0,,2022-07-17,5.39,M152,2.48,P4,华中,男,32,1,
E10915,BU-3,客服,K8s|运营,0,0,0,,2024-07-22,5.53,M148,3.35,P4,华中,男,44,1,
E10916,BU-5,市场,运营|Python,0,0,0,,2024-10-15,2.28,M123,3.04,P7,华东,男,24,1,
E10917,BU-6,产品,React|财务|PM,0,0,0,,2024-06-14,0.42,M145,3.51,P4,华北,女,37,1,
E10918,BU-4,客服,运营|AI/ML|PM,1,0,0,,2020-07-16,5.57,M159,3.55,P4,东北,女,34,1,
E10919,BU-1,市场,Go|AI/ML|PM|Spark,1,0,0,,2024-11-09,2.94,M115,3.02,P5,华北,女,26,0,
E10920,BU-1,市场,K8s|审计,0,0,0,,2023-05-19,4.24,M194,1.88,P5,华东,男,40,1,
E10921,BU-2,运营,Python,0,3,1,ACP,2022-05-30,1.26,M195,3.26,P6,华中,男,36,1,
E10922,BU-4,产品,PM|AI/ML|BD|Go,1,0,0,,2022-01-28,5.34,M156,2.84,P4,西南,女,31,1,
E10923,BU-3,销售,财务|审计,0,0,0,,2023-06-23,0.16,M161,4.05,P4,华东,男,34,0,
E10924,BU-6,HR,Spark|BD|React|Python,0,0,0,,2021-02-07,14.77,M144,2.94,P7,华东,女,31,1,
E10925,BU-2,客服,运营|审计,0,0,0,,2020-01-07,8.75,M148,2.6,P5,华北,男,25,1,
E10926,BU-5,HR,K8s,0,0,0,,2020-08-07,1.86,M191,3.38,P5,华南,男,33,1,
E10927,BU-6,产品,Python|PM,0,2,1,ACP,2021-08-22,15.19,M183,3.68,P5,东北,女,32,1,
E10928,BU-4,研发,Python|PM|Spark,0,0,0,,2023-09-09,11.29,M132,3.09,P6,东北,男,32,1,
E10929,BU-3,运营,财务|PM,0,0,0,,2021-04-23,0.45,M181,3.11,P4,华东,女,22,1,
E10930,BU-1,销售,运营|Spark|审计,0,0,0,,2023-03-21,8.1,M159,2.43,P4,华中,男,37,1,
E10931,BU-3,市场,PM|Python|AI/ML|财务,1,0,0,,2023-03-18,1.38,M118,3.25,P4,西南,男,22,1,
E10932,BU-6,运营,BD,0,2,1,Oracle DBA,2020-12-21,0.77,M178,3.18,P7,华北,男,27,1,
E10933,BU-5,产品,Java,0,2,1,Oracle DBA,2021-11-26,2.21,M128,2.85,P5,西南,女,33,1,
E10934,BU-5,市场,运营|AI/ML|React,1,0,0,,2020-05-01,1.64,M175,2.88,P5,华北,男,30,1,
E10935,BU-6,产品,Go|React|BD|审计,0,0,0,,2022-10-17,1.3,M170,4.19,P3,华南,女,25,1,
E10936,BU-1,销售,Java|运营|Spark,0,0,0,,2021-09-07,2.89,M110,2.79,P6,东北,男,31,1,
E10937,BU-5,研发,Go|Java,0,0,0,,2020-12-30,2.52,M168,4.0,P5,华东,女,35,1,
E10938,BU-2,HR,审计|运营|Spark,0,0,0,,2024-04-30,1.37,M197,2.78,P3,华北,男,39,1,
E10939,BU-5,研发,Go,0,0,0,,2020-07-13,1.76,M180,3.78,P6,华东,女,24,1,
E10940,BU-3,研发,Java,0,0,0,,2023-06-17,8.02,M113,3.58,P5,华南,女,41,1,
E10941,BU-5,销售,PM|审计|Spark|BD,0,3,1,ACP,2022-03-17,1.79,M132,1.75,P5,东北,女,27,1,
E10942,BU-4,销售,运营,0,0,0,,2022-03-11,2.75,M143,3.74,P6,华北,男,28,1,
E10943,BU-1,研发,React|审计|PM|AI/ML,1,0,0,,2021-08-16,11.2,M194,2.92,P6,华北,男,28,1,
E10944,BU-2,财务,React|Python,0,0,0,,2020-02-20,19.49,M151,3.52,P5,东北,女,41,1,
E10945,BU-5,客服,React|K8s|Spark|审计,0,0,0,,2024-09-17,0.4,M158,2.94,P4,华北,女,25,1,
E10946,BU-3,HR,运营|Python,0,0,0,,2022-06-20,0.45,M153,2.83,P7,西南,男,36,1,
E10947,BU-2,市场,Python,0,0,0,,2023-12-30,7.83,M110,3.28,P6,东北,女,32,1,
E10948,BU-4,销售,BD|Python,0,0,0,,2021-10-19,1.08,M140,3.93,P4,东北,女,36,1,
E10949,BU-5,研发,Python|财务|PM,0,0,0,,2020-02-09,0.3,M107,4.91,P4,华北,女,22,1,
E10950,BU-4,市场,BD|Go|PM,0,0,0,,2022-10-14,2.04,M133,3.05,P4,华南,女,27,1,
E10951,BU-4,客服,Java|Python|AI/ML,1,0,0,,2022-05-23,0.77,M151,4.0,P6,华南,女,32,1,
E10952,BU-4,产品,财务|React,0,0,0,,2021-10-18,0.35,M110,3.75,P3,华北,男,23,1,
E10953,BU-1,市场,AI/ML,1,0,0,,2023-04-25,0.82,M161,2.34,P4,东北,女,34,1,
E10954,BU-5,产品,Spark|财务|K8s,0,3,1,ACP,2022-02-18,1.34,M117,3.47,P7,华东,女,36,1,
E10955,BU-4,销售,Python|运营|Go,0,0,0,,2023-11-14,5.04,M183,3.63,P4,华南,男,29,1,
E10956,BU-1,运营,BD,0,0,0,,2023-02-23,0.8,M154,3.39,P6,华东,男,38,1,
E10957,BU-2,研发,K8s,0,2,1,CFA,2021-10-07,1.42,M116,3.52,P3,华中,男,40,1,
E10958,BU-6,产品,BD|Python|运营|审计,0,1,1,AWS,2022-11-29,4.96,M141,3.31,P3,华中,男,34,1,
E10959,BU-3,运营,BD|运营,0,0,0,,2020-10-12,5.11,M137,4.75,P6,西南,女,22,1,
E10960,BU-4,销售,Python|React|审计|BD,0,0,0,,2024-11-26,0.47,M104,3.57,P7,华中,男,41,1,
E10961,BU-2,运营,运营|财务|Java|AI/ML,1,0,0,,2020-03-27,2.11,M166,4.16,P6,华东,女,28,1,
E10962,BU-6,HR,运营|BD,0,0,0,,2021-02-15,1.4,M110,3.85,P6,东北,男,31,1,
E10963,BU-4,产品,运营|K8s,0,1,1,PMP,2021-08-20,0.43,M169,3.22,P5,华中,女,41,1,
E10964,BU-3,财务,Java|K8s,0,0,0,,2020-09-23,1.11,M116,3.89,P6,华东,女,26,1,
E10965,BU-6,研发,BD,0,0,0,,2022-09-23,9.11,M156,4.03,P6,西南,女,36,1,
E10966,BU-3,财务,运营|财务,0,0,0,,2020-07-24,1.25,M193,3.37,P3,华南,男,25,0,
E10967,BU-5,运营,Python,0,0,0,,2021-02-05,3.42,M183,2.98,P4,华东,女,22,1,
E10968,BU-5,客服,审计|BD,0,3,1,Oracle DBA,2021-07-29,0.27,M155,4.22,P4,华中,男,34,1,
E10969,BU-5,客服,AI/ML|财务|PM|Python,1,0,0,,2023-02-11,0.6,M111,2.74,P5,华北,女,33,1,
E10970,BU-1,销售,K8s|Go|Python|财务,0,0,0,,2020-01-09,2.2,M147,4.35,P5,华中,男,33,1,
E10971,BU-4,财务,运营|Java,0,0,0,,2023-08-17,2.79,M128,4.13,P5,华北,男,35,1,
E10972,BU-4,研发,Go|审计,0,0,0,,2020-10-16,1.18,M108,3.11,P3,西南,男,25,1,
E10973,BU-5,HR,PM,0,0,0,,2023-01-12,1.23,M161,3.4,P3,华南,女,27,1,
E10974,BU-3,运营,BD|财务|PM|Python,0,0,0,,2022-11-12,0.68,M193,3.23,P6,华中,男,35,1,
E10975,BU-2,客服,审计|Python|Go|AI/ML,1,0,0,,2023-05-26,6.06,M145,2.63,P6,华东,女,22,1,
E10976,BU-6,研发,运营,0,0,0,,2023-03-06,5.03,M133,3.71,P7,东北,女,34,1,
E10977,BU-5,运营,PM|审计|K8s|React,0,0,0,,2021-06-11,4.32,M188,4.73,P4,华北,女,22,1,
E10978,BU-2,市场,PM,0,3,1,Oracle DBA,2024-11-12,2.76,M157,3.56,P6,华东,女,29,1,
E10979,BU-4,运营,React|运营,0,0,0,,2024-10-01,2.29,M160,3.91,P4,西南,女,37,1,
E10980,BU-6,产品,BD,0,0,0,,2020-12-10,3.81,M144,3.52,P5,华南,女,40,1,
E10981,BU-5,财务,Python,0,0,0,,2020-10-07,0.65,M126,2.62,P6,华中,女,39,1,
E10982,BU-4,销售,K8s|Spark|审计,0,1,1,TensorFlow,2021-02-20,4.88,M123,3.32,P6,华北,女,28,1,
E10983,BU-6,客服,BD,0,2,1,ACP,2024-01-07,6.27,M115,3.73,P7,华北,女,31,1,
E10984,BU-2,市场,审计|Spark,0,0,0,,2023-08-14,4.26,M127,3.68,P6,西南,女,34,1,
E10985,BU-5,销售,React|AI/ML|财务|Python,1,0,0,,2020-01-05,3.29,M137,3.0,P5,华南,女,32,1,
E10986,BU-3,产品,审计|K8s,0,0,0,,2023-04-09,0.85,M177,3.05,P3,华中,男,31,1,
E10987,BU-4,市场,财务|AI/ML|BD,1,0,0,,2024-10-03,11.83,M123,3.29,P6,华南,男,27,1,
E10988,BU-2,运营,Python|Spark,0,1,1,ACP,2021-07-13,1.65,M131,4.13,P6,华南,男,34,1,
E10989,BU-5,产品,Python|K8s|AI/ML|React,1,2,1,PMP,2023-05-20,3.68,M175,4.92,P4,东北,男,28,1,
E10990,BU-2,研发,AI/ML|PM,1,2,1,CFA,2022-06-13,1.98,M196,3.5,P5,华北,女,31,1,
E10991,BU-6,产品,Spark,0,0,0,,2020-01-15,0.1,M181,3.26,P3,东北,女,31,1,
E10992,BU-2,产品,React,0,0,0,,2020-09-29,13.44,M110,4.24,P6,华南,女,38,1,
E10993,BU-5,销售,AI/ML|Go|运营,1,0,0,,2024-10-13,0.91,M191,4.26,P7,华东,女,22,1,
E10994,BU-4,HR,财务|AI/ML|PM,1,0,0,,2021-02-20,0.18,M134,3.56,P5,华北,女,32,1,
E10995,BU-3,客服,运营|BD|K8s,0,3,1,Oracle DBA,2024-06-21,6.31,M167,3.3,P6,华北,女,26,1,
E10996,BU-5,客服,Spark,0,0,0,,2024-02-26,14.12,M159,3.58,P4,华中,女,26,1,
E10997,BU-3,HR,Java|审计|PM|财务,0,0,0,,2021-10-31,4.05,M109,3.54,P3,华南,女,25,1,
E10998,BU-5,产品,AI/ML|PM|React|运营,1,0,0,,2024-07-11,4.21,M180,3.88,P5,华北,男,26,1,
E10999,BU-4,产品,React|AI/ML|运营,1,0,0,,2023-02-14,1.69,M148,2.58,P3,华中,女,35,1,
E11000,BU-2,运营,AI/ML|PM,1,0,0,,2023-03-10,4.47,M127,3.09,P3,华东,男,30,1,
E11001,BU-2,HR,K8s|Spark|运营|Python,0,0,0,,2020-10-13,8.19,M130,2.78,P5,西南,女,23,1,
E11002,BU-1,财务,PM,0,0,0,,2023-03-04,3.26,M170,2.81,P3,华东,男,37,1,
E11003,BU-3,市场,Go|AI/ML,1,0,0,,2020-04-22,3.19,M186,3.64,P4,华东,女,42,1,
E11004,BU-1,市场,K8s|财务|Go,0,2,1,TensorFlow,2020-06-13,2.82,M185,3.45,P4,华北,男,22,1,
E11005,BU-4,HR,K8s|React|运营|Go,0,0,0,,2022-10-02,3.06,M105,3.71,P7,华南,男,32,1,
E11006,BU-1,HR,K8s|React,0,0,0,,2021-05-20,36.31,M193,3.17,P3,东北,男,24,1,
E11007,BU-6,市场,Spark,0,0,0,,2021-06-02,0.28,M140,4.7,P3,东北,男,24,1,
E11008,BU-1,销售,Java,0,0,0,,2021-10-08,2.61,M143,3.01,P4,华东,女,35,1,
E11009,BU-6,客服,PM,0,0,0,,2024-06-22,1.15,M195,4.05,P3,华南,女,30,0,
E11010,BU-4,研发,AI/ML|PM|Java|Python,1,0,0,,2024-01-29,2.75,M140,3.18,P3,华东,男,36,1,
E11011,BU-2,销售,Python|K8s|财务|BD,0,3,1,TensorFlow,2021-08-09,2.49,M111,3.45,P6,华北,男,34,1,
E11012,BU-6,运营,Java|Python,0,0,0,,2021-09-01,1.28,M179,4.26,P4,华中,女,36,1,
E11013,BU-3,客服,BD|Python|运营|审计,0,0,0,,2020-04-29,0.75,M157,2.68,P7,东北,男,33,1,
E11014,BU-3,运营,审计,0,2,1,AWS,2024-11-01,1.09,M115,2.9,P7,华中,男,23,1,
E11015,BU-4,研发,PM|Python|运营|BD,0,3,1,TensorFlow,2022-09-30,0.1,M171,3.74,P7,华东,男,24,1,
E11016,BU-3,客服,审计|Spark|Go|BD,0,1,1,ACP,2022-11-24,6.07,M183,3.21,P4,华南,男,29,1,
E11017,BU-3,运营,BD|AI/ML,1,0,0,,2021-04-30,2.63,M149,3.44,P4,华北,女,37,1,
E11018,BU-3,客服,Python|Java|K8s,0,0,0,,2021-06-30,1.97,M148,2.91,P4,东北,女,38,1,
E11019,BU-3,财务,Spark|K8s,0,0,0,,2024-10-31,7.93,M132,3.32,P4,华北,女,40,1,
E11020,BU-3,销售,Go|React|BD,0,0,0,,2023-08-17,5.25,M125,3.6,P5,华南,女,39,1,
E11021,BU-6,销售,Spark|运营|K8s,0,2,1,ACP,2024-04-28,1.31,M146,2.84,P7,华中,男,27,1,
E11022,BU-4,HR,财务|Java|React|PM,0,0,0,,2020-07-27,1.03,M173,3.65,P6,西南,男,26,1,
E11023,BU-4,研发,AI/ML,1,0,0,,2021-06-29,2.5,M187,3.59,P3,华东,女,30,1,
E11024,BU-5,产品,Spark|PM,0,0,0,,2020-09-08,3.01,M161,4.12,P7,华南,女,34,1,
E11025,BU-4,销售,AI/ML|财务|审计,1,0,0,,2020-07-30,8.02,M123,3.05,P3,华中,女,31,1,
E11026,BU-4,销售,PM,0,1,1,AWS,2020-05-31,2.44,M113,2.68,P6,东北,男,27,1,
E11027,BU-2,市场,运营|Python|Java,0,0,0,,2021-08-22,9.62,M170,4.55,P4,华南,男,37,1,
E11028,BU-5,HR,K8s|运营,0,0,0,,2022-05-20,0.25,M113,3.34,P6,西南,女,43,1,
E11029,BU-1,财务,Java|运营|React,0,0,0,,2021-07-20,5.4,M160,3.07,P3,华北,男,33,1,
E11030,BU-5,财务,K8s|财务|BD,0,0,0,,2022-05-16,2.67,M110,3.2,P5,华东,男,37,1,
E11031,BU-4,客服,财务|Java,0,0,0,,2023-10-11,2.07,M117,3.5,P7,西南,男,35,1,
E11032,BU-2,财务,审计|Go,0,0,0,,2022-12-08,9.64,M104,3.88,P5,华中,女,32,1,
E11033,BU-2,产品,AI/ML|Spark|Java|PM,1,0,0,,2020-05-30,2.11,M161,4.2,P5,华东,女,42,1,
E11034,BU-4,HR,BD,0,2,1,CFA,2021-01-30,1.95,M100,2.77,P5,华中,男,27,1,
E11035,BU-5,研发,BD|K8s,0,0,0,,2020-08-01,3.87,M175,2.59,P3,华中,女,37,1,
E11036,BU-5,市场,Python|K8s|审计|运营,0,2,1,PMP,2022-10-28,4.78,M113,3.64,P7,东北,男,31,1,
E11037,BU-5,客服,运营|审计|BD|Java,0,0,0,,2020-12-17,3.23,M105,3.41,P5,西南,女,36,1,
E11038,BU-6,客服,财务|AI/ML|运营|Spark,1,0,0,,2020-12-04,6.18,M165,2.2,P5,华中,男,43,1,
E11039,BU-3,财务,Python|Spark,0,0,0,,2020-12-06,4.6,M132,3.9,P3,东北,女,31,1,
E11040,BU-2,研发,Java|PM|BD|审计,0,0,0,,2023-07-07,5.64,M123,3.57,P5,西南,女,26,1,
E11041,BU-1,市场,AI/ML,1,0,0,,2023-12-11,2.72,M105,2.58,P3,华南,女,28,1,
E11042,BU-2,销售,审计|Spark|运营,0,2,1,TensorFlow,2024-06-09,6.59,M147,3.74,P4,东北,男,35,1,
E11043,BU-6,财务,AI/ML|PM|BD|审计,1,0,0,,2024-07-10,2.2,M114,2.73,P3,华中,女,38,1,
E11044,BU-5,HR,审计|运营|BD|财务,0,2,1,ACP,2022-12-16,0.58,M159,3.4,P7,华南,女,31,1,
E11045,BU-5,产品,Python,0,0,0,,2020-01-21,3.03,M124,3.45,P7,华中,女,25,1,
E11046,BU-6,客服,Go|运营|React|财务,0,2,1,ACP,2023-12-10,1.16,M170,2.93,P7,西南,女,33,1,
E11047,BU-1,HR,K8s|运营|审计|Python,0,0,0,,2024-08-27,0.22,M174,3.12,P4,华北,女,38,1,
E11048,BU-1,市场,AI/ML|财务,1,0,0,,2021-04-05,1.63,M164,3.95,P6,华南,女,36,1,
E11049,BU-6,财务,Go,0,0,0,,2020-07-26,3.58,M124,2.97,P4,华中,男,30,1,
E11050,BU-3,HR,BD,0,2,1,K8s-CKA,2020-05-07,0.1,M181,3.28,P6,华北,男,30,1,
E11051,BU-4,运营,React|Java|PM,0,0,0,,2022-03-16,0.66,M168,4.39,P7,西南,女,36,1,
E11052,BU-1,财务,K8s|BD,0,0,0,,2022-07-09,6.99,M181,3.32,P3,西南,男,26,1,
E11053,BU-2,销售,Java|BD,0,3,1,AWS,2023-10-31,5.59,M199,4.04,P6,华南,男,35,1,
E11054,BU-1,客服,AI/ML|审计,1,0,0,,2023-03-17,0.5,M149,3.4,P5,华中,女,43,1,
E11055,BU-4,研发,Spark|K8s|审计,0,0,0,,2020-12-07,5.85,M114,3.51,P6,华北,女,34,1,
E11056,BU-1,产品,运营|审计|K8s|Spark,0,0,0,,2021-01-10,0.67,M149,4.44,P4,华南,女,38,1,
E11057,BU-1,运营,Spark|Python,0,0,0,,2022-11-18,12.15,M145,3.84,P7,华中,女,34,1,
E11058,BU-5,客服,财务|Python|Java,0,0,0,,2022-02-01,4.32,M118,2.49,P7,西南,女,29,1,
E11059,BU-5,市场,PM,0,1,1,ACP,2024-05-25,18.51,M153,3.3,P6,华南,男,28,1,
E11060,BU-4,研发,BD|审计,0,0,0,,2023-04-06,6.57,M133,3.63,P4,华东,女,25,1,
E11061,BU-3,运营,BD|K8s|React|审计,0,0,0,,2020-10-18,7.61,M172,4.01,P7,华东,男,43,1,
E11062,BU-4,市场,BD|K8s|财务,0,0,0,,2022-10-17,4.7,M177,3.3,P6,东北,女,40,1,
E11063,BU-2,运营,K8s|Java,0,1,1,AWS,2022-12-04,5.55,M118,3.9,P3,华北,女,32,1,
E11064,BU-4,HR,Spark|PM,0,3,1,Oracle DBA,2020-09-10,0.39,M172,4.17,P5,华中,男,29,1,
E11065,BU-6,客服,Spark|Python|K8s|审计,0,0,0,,2024-05-23,6.45,M122,4.2,P7,华中,男,40,1,
E11066,BU-4,财务,PM,0,0,0,,2024-11-24,0.83,M153,3.62,P7,华中,女,22,1,
E11067,BU-5,销售,BD,0,2,1,ACP,2021-06-06,5.05,M116,2.26,P5,华南,女,33,1,
E11068,BU-4,财务,审计|Go|Java,0,0,0,,2021-06-01,5.78,M138,3.82,P4,华东,男,32,1,
E11069,BU-2,财务,PM|BD|React|Spark,0,2,1,CFA,2024-02-13,2.64,M140,3.8,P4,西南,女,40,1,
E11070,BU-2,销售,BD|财务,0,3,1,CFA,2021-08-14,15.9,M159,3.88,P7,西南,男,33,1,
E11071,BU-4,销售,AI/ML|Python,1,0,0,,2024-06-02,6.59,M107,3.45,P6,华东,女,33,1,
E11072,BU-5,研发,Spark|Java,0,0,0,,2022-06-22,4.52,M117,3.44,P5,华北,男,34,1,
E11073,BU-4,研发,财务,0,0,0,,2024-05-31,11.84,M193,3.19,P5,华北,女,27,1,
E11074,BU-6,客服,Python,0,0,0,,2023-12-25,8.32,M172,3.17,P7,华北,女,40,1,
E11075,BU-2,HR,Go|审计|K8s|Spark,0,1,1,AWS,2024-10-01,0.39,M122,4.3,P5,华中,女,22,1,
E11076,BU-2,市场,PM,0,3,1,K8s-CKA,2024-09-05,3.68,M129,3.53,P5,华北,女,36,1,
E11077,BU-2,运营,Python,0,0,0,,2021-11-26,2.16,M128,3.21,P4,华南,男,22,1,
E11078,BU-1,HR,审计|React|Java,0,0,0,,2021-07-10,2.5,M125,2.71,P5,东北,女,22,1,
E11079,BU-6,研发,审计,0,0,0,,2021-07-06,5.45,M164,4.5,P3,西南,男,22,1,
E11080,BU-1,产品,Spark|React|PM|K8s,0,0,0,,2020-05-19,2.41,M191,2.94,P3,华北,女,26,1,
E11081,BU-3,销售,Python|审计|PM|React,0,0,0,,2024-07-12,3.27,M112,3.55,P4,华东,女,25,1,
E11082,BU-3,财务,审计|Python|React|财务,0,0,0,,2022-11-11,1.14,M190,3.98,P5,华南,男,37,1,
E11083,BU-1,产品,审计|运营|Python|PM,0,0,0,,2023-07-21,1.63,M165,4.3,P5,华南,女,26,1,
E11084,BU-5,财务,Java,0,0,0,,2023-05-18,7.53,M111,3.44,P6,西南,男,45,1,
E11085,BU-1,销售,Go|BD,0,0,0,,2023-04-28,0.99,M143,2.96,P7,东北,女,40,1,
E11086,BU-2,运营,财务|审计|运营,0,1,1,CFA,2022-08-31,0.1,M122,3.73,P7,东北,男,26,1,
E11087,BU-6,HR,K8s|Python|财务|AI/ML,1,0,0,,2023-11-30,9.12,M169,2.78,P4,华东,男,25,1,
E11088,BU-1,运营,Python|审计,0,0,0,,2020-07-07,3.95,M119,3.53,P3,华北,女,44,1,
E11089,BU-3,运营,Go|财务|运营,0,0,0,,2022-11-12,3.68,M146,3.43,P5,华东,男,40,0,
E11090,BU-4,财务,K8s|财务,0,0,0,,2020-02-29,12.73,M105,3.93,P5,华中,男,34,1,
E11091,BU-1,市场,审计|财务|Python|AI/ML,1,0,0,,2022-12-22,0.43,M132,2.78,P6,西南,男,35,1,
E11092,BU-1,市场,BD,0,0,0,,2023-12-07,0.65,M113,2.35,P6,西南,男,22,1,
E11093,BU-4,研发,Spark|BD|财务,0,3,1,CFA,2023-04-12,0.56,M136,3.28,P4,华东,女,22,1,
E11094,BU-1,HR,PM|Spark|React,0,1,1,K8s-CKA,2020-11-02,0.92,M149,4.15,P5,华北,女,39,1,
E11095,BU-6,财务,审计|Spark|BD,0,0,0,,2023-02-04,4.02,M108,2.51,P5,华东,女,37,1,
E11096,BU-6,HR,Python|PM,0,0,0,,2020-12-19,1.53,M144,3.27,P7,东北,男,27,1,
E11097,BU-6,运营,运营|PM,0,0,0,,2024-11-06,5.11,M140,3.71,P4,华南,男,35,1,
E11098,BU-4,客服,Go|运营|Spark,0,2,1,K8s-CKA,2022-11-11,0.68,M108,3.12,P7,华北,女,38,0,
E11099,BU-4,运营,Java,0,3,1,Oracle DBA,2021-06-13,10.01,M193,3.13,P6,华中,女,33,1,
E11100,BU-1,研发,运营|BD|Spark|K8s,0,0,0,,2024-04-22,8.08,M139,3.94,P6,华东,女,35,1,
E11101,BU-3,财务,K8s|Spark|BD|AI/ML,1,0,0,,2023-05-11,2.37,M127,2.63,P4,华北,女,36,1,
E11102,BU-4,HR,Python|Spark|审计,0,0,0,,2022-12-10,1.15,M164,3.68,P5,东北,女,36,1,
E11103,BU-1,运营,AI/ML|Java|K8s|BD,1,2,1,Oracle DBA,2022-08-29,2.78,M190,3.69,P7,西南,男,30,1,
E11104,BU-4,客服,PM,0,0,0,,2024-07-23,0.51,M182,4.45,P4,华东,男,37,1,
E11105,BU-5,产品,Python|运营|审计,0,0,0,,2022-10-26,13.78,M133,3.23,P4,华南,女,26,1,
E11106,BU-2,研发,BD|Go,0,0,0,,2022-10-17,3.21,M113,3.43,P6,华东,女,24,1,
E11107,BU-4,销售,Python|Java|Spark,0,0,0,,2024-11-25,3.51,M124,3.42,P7,华南,男,34,1,
E11108,BU-1,研发,Java|Go,0,0,0,,2023-04-20,19.92,M142,4.28,P5,东北,女,30,1,
E11109,BU-5,研发,运营|AI/ML|PM,1,0,0,,2023-08-26,10.0,M186,4.06,P6,华中,男,32,0,
E11110,BU-2,产品,React|Spark|财务,0,2,1,CFA,2021-11-24,1.24,M193,3.72,P5,华北,男,42,1,
E11111,BU-6,财务,审计,0,0,0,,2020-10-18,6.23,M104,3.08,P6,华南,女,24,1,
E11112,BU-1,HR,Go|运营|React|审计,0,0,0,,2022-01-21,4.04,M167,4.2,P4,华南,女,32,1,
E11113,BU-2,HR,AI/ML|Go|Spark|React,1,0,0,,2023-12-31,13.41,M100,3.53,P3,西南,男,39,1,
E11114,BU-4,财务,PM,0,2,1,PMP,2023-04-02,4.13,M121,4.26,P3,华中,女,33,1,
E11115,BU-6,客服,审计,0,0,0,,2023-12-07,0.2,M153,3.86,P6,东北,女,36,1,
E11116,BU-2,销售,AI/ML|Java,1,0,0,,2021-07-30,0.2,M104,4.86,P3,华中,男,43,1,
E11117,BU-4,研发,Go|K8s|AI/ML,1,0,0,,2021-06-27,5.99,M174,3.83,P7,华北,女,38,1,
E11118,BU-3,研发,AI/ML,1,0,0,,2020-08-07,3.42,M136,2.66,P7,华东,男,22,0,
E11119,BU-6,市场,Python,0,0,0,,2023-04-07,10.84,M101,3.48,P3,东北,女,34,1,
E11120,BU-2,运营,K8s,0,0,0,,2024-11-26,4.83,M149,3.33,P7,华中,女,42,1,
E11121,BU-2,运营,Go|AI/ML,1,0,0,,2021-11-06,4.44,M116,3.75,P6,华中,女,32,1,
E11122,BU-5,财务,Go|AI/ML,1,0,0,,2021-08-09,9.25,M124,3.66,P6,西南,男,24,1,
E11123,BU-5,销售,财务|K8s|运营|审计,0,0,0,,2024-05-23,1.07,M120,3.54,P7,西南,女,32,1,
E11124,BU-4,市场,Go|Python|财务,0,0,0,,2021-07-23,4.92,M187,4.46,P5,华中,男,29,1,
E11125,BU-3,市场,Go,0,0,0,,2020-01-02,3.39,M115,4.01,P7,华北,女,36,1,
E11126,BU-3,HR,BD,0,0,0,,2022-12-23,1.05,M142,4.04,P7,东北,女,22,1,
E11127,BU-5,研发,AI/ML|PM,1,0,0,,2021-03-24,1.17,M117,3.85,P3,华南,女,29,1,
E11128,BU-6,运营,Java|AI/ML|财务|PM,1,0,0,,2024-11-25,8.45,M156,2.85,P3,华中,男,27,1,
E11129,BU-2,财务,Java|Python|Go,0,0,0,,2020-05-25,4.94,M101,3.74,P6,华东,男,27,1,
E11130,BU-3,HR,Java|PM|Go,0,0,0,,2020-04-03,4.26,M172,3.87,P3,华中,男,36,1,
E11131,BU-6,产品,PM|React,0,2,1,PMP,2021-06-06,6.05,M152,3.23,P5,华北,男,37,1,
E11132,BU-5,财务,AI/ML|Go|BD,1,0,0,,2022-08-23,8.15,M134,4.0,P6,华中,女,43,1,
E11133,BU-2,销售,运营|PM|Python,0,0,0,,2024-02-26,0.89,M128,2.77,P6,华南,女,34,1,
E11134,BU-2,运营,AI/ML|React,1,0,0,,2022-09-08,12.26,M133,4.17,P5,西南,女,39,1,
E11135,BU-6,HR,Python|AI/ML|BD|Java,1,0,0,,2020-12-06,3.68,M100,2.46,P3,华中,男,22,1,
E11136,BU-3,运营,Java|Spark|审计,0,0,0,,2020-04-22,2.05,M186,4.03,P4,华东,女,29,1,
E11137,BU-5,财务,Java|Python|Go,0,0,0,,2022-12-29,5.26,M163,3.66,P5,东北,女,33,1,
E11138,BU-3,市场,Java|Spark|审计,0,0,0,,2021-07-24,0.35,M107,3.0,P6,华北,女,42,1,
E11139,BU-5,产品,财务,0,0,0,,2020-11-20,1.44,M190,4.24,P4,华北,女,26,1,
E11140,BU-4,客服,Spark,0,0,0,,2020-06-12,9.41,M116,4.3,P5,东北,男,33,1,
E11141,BU-4,财务,财务|BD|Python,0,1,1,CFA,2023-06-02,1.84,M158,3.9,P6,华中,女,37,1,
E11142,BU-6,HR,Java,0,0,0,,2024-02-01,2.46,M197,3.13,P6,华南,男,34,1,
E11143,BU-1,HR,Go|运营|Python|财务,0,0,0,,2024-05-01,1.83,M152,2.85,P6,东北,男,32,1,
E11144,BU-1,市场,React|运营,0,0,0,,2020-08-04,3.42,M138,2.33,P6,华中,女,31,0,
E11145,BU-4,研发,Go|Spark|审计|Java,0,0,0,,2021-05-09,10.21,M138,3.1,P6,华北,男,38,1,
E11146,BU-2,市场,Go|Java,0,3,1,ACP,2021-07-24,3.71,M119,3.71,P3,华中,男,45,1,
E11147,BU-5,产品,Python|财务|BD,0,0,0,,2021-11-17,11.35,M140,4.03,P7,华北,男,40,1,
E11148,BU-3,销售,运营|PM|AI/ML|财务,1,0,0,,2021-10-20,0.1,M127,4.27,P6,华中,女,32,1,
E11149,BU-3,HR,PM|AI/ML|运营|Java,1,0,0,,2024-08-02,1.57,M119,3.05,P3,华南,女,44,1,
E11150,BU-1,销售,Go|Spark|Java,0,0,0,,2022-10-16,18.81,M171,4.05,P5,华南,男,34,1,
E11151,BU-5,HR,审计|运营|Python|PM,0,2,1,CFA,2022-11-14,1.87,M142,3.5,P5,东北,男,30,1,
E11152,BU-5,HR,运营|审计,0,2,1,K8s-CKA,2020-10-25,1.07,M191,3.94,P4,西南,男,33,1,
E11153,BU-4,客服,BD,0,0,0,,2024-01-16,1.75,M130,3.86,P5,东北,女,28,1,
E11154,BU-1,销售,Java|React|审计|Python,0,0,0,,2023-06-01,0.78,M136,3.8,P5,东北,女,38,1,
E11155,BU-4,市场,财务|AI/ML|Python|Go,1,2,1,AWS,2023-08-24,0.17,M149,2.53,P6,华中,男,22,1,
E11156,BU-1,HR,财务|K8s,0,0,0,,2024-08-14,6.37,M113,2.35,P7,东北,男,33,1,
E11157,BU-1,HR,K8s|PM,0,0,0,,2021-03-28,1.21,M182,3.11,P3,华南,女,23,1,
E11158,BU-3,研发,React,0,2,1,K8s-CKA,2021-02-14,1.41,M168,3.24,P3,华中,男,23,1,
E11159,BU-5,市场,Python,0,0,0,,2023-08-04,1.53,M122,3.14,P7,西南,男,35,1,
E11160,BU-6,HR,审计,0,0,0,,2020-12-15,0.33,M179,3.21,P5,华中,男,35,1,
E11161,BU-5,HR,Java,0,0,0,,2022-12-08,11.26,M103,3.46,P4,华南,女,22,1,
E11162,BU-1,研发,React|AI/ML,1,0,0,,2023-12-15,1.56,M146,3.31,P5,华北,男,25,1,
E11163,BU-5,客服,Go,0,0,0,,2024-01-15,3.72,M105,3.73,P4,东北,女,29,1,
E11164,BU-4,HR,审计|Spark|K8s,0,0,0,,2021-07-20,7.16,M162,3.09,P4,华东,男,23,1,
E11165,BU-4,产品,PM|K8s|AI/ML|审计,1,0,0,,2023-03-13,2.96,M155,3.89,P3,华南,男,27,1,
E11166,BU-1,运营,BD|Java,0,0,0,,2022-12-22,0.1,M176,3.03,P3,华中,女,27,1,
E11167,BU-4,产品,AI/ML|审计,1,0,0,,2020-05-19,5.87,M109,2.9,P7,华中,女,43,1,
E11168,BU-3,HR,财务|PM,0,0,0,,2021-01-29,0.14,M125,3.51,P3,华南,女,31,1,
E11169,BU-1,产品,财务|Java|审计,0,0,0,,2023-05-22,7.16,M195,4.15,P4,华中,男,29,1,
E11170,BU-1,产品,K8s|React|AI/ML|Python,1,0,0,,2022-11-14,11.78,M163,2.97,P3,华中,男,32,1,
E11171,BU-1,运营,Python|审计|AI/ML,1,0,0,,2023-04-09,5.78,M199,2.13,P3,华南,女,43,1,
E11172,BU-2,市场,Python,0,3,1,PMP,2020-06-01,0.55,M118,4.04,P4,西南,男,22,1,
E11173,BU-4,市场,财务|K8s|BD|审计,0,0,0,,2021-08-23,0.9,M154,3.47,P4,华东,男,31,1,
E11174,BU-6,研发,Python|Java,0,0,0,,2024-05-24,4.69,M114,3.67,P4,西南,女,36,1,
E11175,BU-6,HR,Java|React|PM|Spark,0,0,0,,2024-04-14,3.45,M140,3.35,P5,华北,女,31,1,
E11176,BU-2,运营,Spark|PM|K8s,0,0,0,,2020-04-04,4.88,M105,4.19,P5,华东,女,22,1,
E11177,BU-1,HR,PM|Java|Spark|AI/ML,1,0,0,,2020-11-03,12.25,M112,4.2,P3,华中,女,23,1,
E11178,BU-6,产品,Go|Java,0,0,0,,2021-06-10,1.0,M175,4.18,P6,西南,女,27,1,
E11179,BU-1,客服,Spark,0,0,0,,2020-08-11,1.68,M125,3.45,P7,华南,女,34,1,
E11180,BU-2,财务,AI/ML|K8s|审计|BD,1,0,0,,2021-12-29,9.32,M169,4.3,P3,华东,男,38,1,
E11181,BU-2,产品,React|PM|Spark,0,0,0,,2022-11-25,5.27,M127,2.95,P3,华中,男,34,1,
E11182,BU-1,产品,Go,0,0,0,,2023-07-20,0.47,M185,3.57,P7,华中,男,33,1,
E11183,BU-4,HR,财务,0,3,1,Oracle DBA,2022-04-29,0.17,M151,2.89,P6,华东,女,44,1,
E11184,BU-3,销售,K8s|AI/ML|PM|Python,1,0,0,,2023-02-10,6.77,M137,3.38,P4,东北,女,23,1,
E11185,BU-2,财务,React|审计|Go|财务,0,0,0,,2022-12-22,4.42,M193,3.67,P5,华中,男,32,1,
E11186,BU-5,财务,Spark|运营|K8s,0,3,1,Oracle DBA,2024-10-16,2.15,M159,3.17,P6,华北,女,34,1,
E11187,BU-4,HR,财务|Spark|Python,0,0,0,,2024-03-05,0.85,M131,3.31,P4,华北,女,42,1,
E11188,BU-5,研发,审计|运营|Python,0,1,1,AWS,2022-09-11,0.64,M142,3.86,P5,华中,男,29,1,
E11189,BU-3,客服,AI/ML|审计,1,0,0,,2021-12-17,1.84,M118,4.04,P4,华东,男,31,1,
E11190,BU-6,销售,运营|Java|AI/ML|审计,1,0,0,,2024-07-26,2.81,M189,3.58,P4,华中,女,46,1,
E11191,BU-1,HR,Spark,0,0,0,,2023-09-20,5.0,M172,2.22,P4,华北,男,31,1,
E11192,BU-4,财务,Python|AI/ML|React|BD,1,0,0,,2022-05-14,0.35,M190,1.97,P7,华东,女,27,1,
E11193,BU-4,客服,BD|React|K8s,0,0,0,,2023-02-04,0.36,M113,4.33,P3,华东,男,22,1,
E11194,BU-1,产品,React|Python|AI/ML,1,0,0,,2024-03-26,3.67,M122,3.54,P6,华东,男,35,1,
E11195,BU-6,销售,Go|Python,0,3,1,ACP,2024-07-22,6.75,M130,4.43,P3,华北,男,38,1,
E11196,BU-3,销售,BD|运营|财务|AI/ML,1,0,0,,2024-05-19,3.74,M195,2.55,P6,东北,女,39,1,
E11197,BU-2,运营,财务,0,0,0,,2020-01-15,7.39,M176,2.38,P4,西南,女,34,1,
E11198,BU-4,HR,Go|审计,0,0,0,,2021-06-16,5.64,M171,3.82,P7,华南,女,42,1,
E11199,BU-2,销售,PM|Go,0,0,0,,2020-02-15,1.76,M165,3.75,P5,华中,女,33,1,
E11200,BU-1,产品,Python|AI/ML|PM|财务,1,0,0,,2021-06-26,0.1,M181,3.52,P4,华北,男,25,1,
E11201,BU-3,销售,PM|Java,0,0,0,,2021-11-04,1.99,M199,2.16,P6,华南,女,33,1,
E11202,BU-3,客服,K8s|财务,0,0,0,,2020-11-22,1.78,M173,3.3,P6,华中,男,33,1,
E11203,BU-3,运营,AI/ML,1,0,0,,2021-09-18,1.16,M189,3.27,P4,西南,男,32,1,
E11204,BU-3,销售,Spark|K8s|AI/ML|PM,1,0,0,,2021-08-15,0.13,M150,4.32,P3,东北,女,46,1,
E11205,BU-4,市场,Spark|Go,0,0,0,,2024-07-30,9.5,M198,2.88,P3,西南,女,33,1,
E11206,BU-2,产品,React|Spark|AI/ML,1,0,0,,2020-03-10,1.27,M148,3.04,P4,西南,女,22,1,
E11207,BU-3,产品,财务|BD|PM|Python,0,0,0,,2021-02-21,0.46,M179,4.25,P4,华东,男,31,1,
E11208,BU-6,客服,Spark,0,0,0,,2021-04-02,0.46,M187,2.94,P4,华南,女,39,1,
E11209,BU-1,销售,Spark|React,0,0,0,,2024-10-04,0.54,M130,4.31,P6,西南,男,31,1,
E11210,BU-5,客服,PM|BD|Spark|财务,0,0,0,,2023-12-02,6.02,M181,3.28,P7,华南,男,31,1,
E11211,BU-5,研发,Go|K8s|React|Spark,0,0,0,,2020-01-05,3.06,M145,3.58,P3,华中,女,35,1,
E11212,BU-4,销售,K8s|运营|BD,0,0,0,,2023-04-23,3.4,M159,3.8,P4,东北,男,34,1,
E11213,BU-3,产品,财务|BD,0,0,0,,2022-04-28,5.92,M195,2.91,P6,东北,男,33,1,
E11214,BU-3,销售,Python|Go,0,0,0,,2024-07-23,1.71,M195,4.0,P4,华中,男,29,0,
E11215,BU-6,财务,Java,0,3,1,Oracle DBA,2023-08-29,0.39,M145,4.4,P3,华北,女,37,1,
E11216,BU-4,运营,财务,0,0,0,,2022-05-04,11.81,M186,3.59,P4,华北,女,22,1,
E11217,BU-4,客服,财务|Spark|K8s|Go,0,0,0,,2021-09-09,2.04,M134,3.81,P5,东北,女,32,1,
E11218,BU-1,研发,PM|Python|运营,0,1,1,CFA,2023-02-23,0.1,M102,4.24,P6,华中,女,25,0,
E11219,BU-5,运营,审计|Spark,0,0,0,,2021-02-13,7.81,M183,4.32,P3,西南,男,26,1,
E11220,BU-2,研发,AI/ML|BD,1,0,0,,2024-02-19,0.1,M124,3.86,P6,华北,女,25,1,
E11221,BU-6,市场,PM|运营|Java,0,2,1,TensorFlow,2022-12-09,2.06,M146,3.9,P5,华东,男,38,1,
E11222,BU-4,HR,Python|审计|Spark,0,0,0,,2021-07-19,8.89,M107,3.75,P5,华南,男,32,1,
E11223,BU-1,研发,BD|Java|运营,0,0,0,,2022-04-16,8.25,M120,3.65,P7,华东,男,34,1,
E11224,BU-4,产品,React|Java,0,0,0,,2021-05-03,4.52,M101,2.56,P5,华北,女,28,1,
E11225,BU-3,研发,运营,0,0,0,,2020-03-22,0.92,M123,3.28,P4,华东,女,31,1,
E11226,BU-2,市场,Java,0,0,0,,2021-06-12,2.25,M106,2.91,P5,东北,女,36,1,
E11227,BU-6,客服,Spark|审计|Java|运营,0,1,1,CFA,2023-01-10,3.38,M101,3.66,P6,西南,男,31,1,
E11228,BU-3,客服,K8s|Spark|Python|PM,0,0,0,,2020-11-30,0.16,M128,4.12,P5,东北,女,29,1,
E11229,BU-5,销售,PM|审计|BD,0,0,0,,2023-09-26,1.81,M195,3.42,P4,东北,女,32,1,
E11230,BU-2,HR,运营,0,1,1,AWS,2020-02-06,0.83,M135,4.26,P7,华中,男,46,1,
E11231,BU-6,客服,K8s|BD|Spark,0,0,0,,2024-05-18,6.11,M137,3.35,P5,西南,男,33,1,
E11232,BU-5,财务,Spark|AI/ML|K8s,1,0,0,,2024-01-17,0.17,M174,2.92,P4,华东,男,35,1,
E11233,BU-2,产品,审计|BD,0,2,1,K8s-CKA,2021-02-25,1.5,M159,4.63,P3,东北,女,47,1,
E11234,BU-6,运营,Java|Python|AI/ML,1,0,0,,2023-09-30,0.64,M195,3.26,P6,西南,男,33,1,
E11235,BU-1,销售,Java|BD,0,0,0,,2023-04-19,4.14,M173,3.64,P6,华东,女,32,1,
E11236,BU-6,HR,Spark,0,0,0,,2021-06-05,4.62,M183,4.97,P4,华北,男,22,1,
E11237,BU-4,产品,PM|Go|AI/ML|BD,1,0,0,,2022-10-30,19.82,M174,3.31,P3,西南,女,23,1,
E11238,BU-5,客服,Python|K8s|Java|React,0,1,1,PMP,2021-12-17,6.0,M110,3.31,P7,西南,女,28,1,
E11239,BU-3,市场,Go|运营,0,0,0,,2023-08-26,2.05,M191,3.08,P3,东北,男,45,0,
E11240,BU-3,财务,React|Spark|财务,0,0,0,,2020-05-26,3.33,M161,3.4,P6,华中,女,35,1,
E11241,BU-3,客服,Java|财务|React,0,2,1,TensorFlow,2021-03-05,3.14,M159,3.5,P4,西南,女,24,0,
E11242,BU-6,财务,React,0,0,0,,2024-01-12,1.25,M147,3.72,P5,西南,女,29,1,
E11243,BU-6,产品,BD|React|K8s|Spark,0,0,0,,2023-06-05,14.62,M196,3.7,P3,东北,男,28,1,
E11244,BU-1,销售,Python|Go,0,0,0,,2023-10-10,2.42,M178,4.03,P7,华中,男,28,1,
E11245,BU-3,财务,BD,0,0,0,,2023-01-21,2.99,M104,3.65,P4,华北,女,28,0,
E11246,BU-2,运营,PM,0,0,0,,2020-08-13,2.04,M138,3.3,P4,华南,男,26,1,
E11247,BU-2,产品,审计,0,3,1,ACP,2020-10-21,5.23,M122,3.2,P7,华南,女,30,1,
E11248,BU-3,HR,BD|财务,0,0,0,,2022-03-15,1.25,M188,3.77,P4,华中,男,40,1,
E11249,BU-1,运营,Spark|K8s|Java|运营,0,0,0,,2021-09-20,0.33,M199,3.88,P6,华东,男,41,1,
E11250,BU-6,运营,Java,0,0,0,,2020-02-14,24.32,M113,4.14,P5,华北,女,23,0,
E11251,BU-2,HR,BD,0,0,0,,2023-02-13,3.54,M185,3.16,P3,华南,男,32,1,
E11252,BU-4,产品,财务|PM|React,0,0,0,,2024-12-04,0.55,M105,4.41,P3,华南,男,33,1,
E11253,BU-5,运营,React,0,2,1,TensorFlow,2020-03-16,0.71,M145,3.99,P6,东北,女,46,1,
E11254,BU-3,市场,运营|Java|Python|PM,0,0,0,,2024-07-27,2.57,M175,3.71,P3,西南,女,25,1,
E11255,BU-2,销售,AI/ML,1,0,0,,2024-03-20,0.4,M105,3.26,P6,华北,男,34,1,
E11256,BU-4,客服,AI/ML,1,0,0,,2020-02-23,4.67,M140,3.4,P7,华北,男,30,1,
E11257,BU-5,HR,K8s|运营|AI/ML|审计,1,1,1,ACP,2024-02-02,2.98,M107,3.98,P7,华南,女,29,1,
E11258,BU-4,HR,运营|AI/ML|React|Python,1,0,0,,2023-01-17,1.67,M163,3.36,P3,华北,男,31,1,
E11259,BU-6,销售,Spark,0,0,0,,2021-01-26,0.1,M197,3.77,P3,华中,男,30,1,
E11260,BU-3,运营,Go|BD,0,0,0,,2020-03-27,0.31,M149,3.88,P7,东北,男,32,1,
E11261,BU-5,研发,运营|Java|AI/ML,1,0,0,,2022-11-17,3.08,M106,4.33,P7,华东,男,38,1,
E11262,BU-3,客服,Go|React,0,0,0,,2021-07-21,2.39,M105,3.65,P3,华南,女,22,1,
E11263,BU-6,研发,审计|PM,0,0,0,,2020-08-22,5.0,M169,3.29,P5,东北,男,22,1,
E11264,BU-5,财务,K8s|BD,0,3,1,TensorFlow,2024-06-21,7.04,M156,3.08,P6,华南,女,22,1,
E11265,BU-2,客服,PM|Go,0,0,0,,2022-02-20,11.48,M178,3.23,P7,东北,男,34,1,
E11266,BU-6,运营,Java|BD,0,0,0,,2024-05-01,0.27,M182,3.46,P7,东北,男,30,1,
E11267,BU-2,市场,财务|Python,0,0,0,,2023-10-14,3.65,M137,2.79,P5,西南,女,43,1,
E11268,BU-4,市场,PM|财务,0,1,1,CFA,2022-11-30,0.4,M118,3.35,P4,华东,女,47,1,
E11269,BU-4,销售,Java|PM|AI/ML,1,0,0,,2022-05-26,2.78,M140,2.97,P7,华东,男,27,1,
E11270,BU-2,财务,财务|BD|PM|Spark,0,0,0,,2021-02-12,5.6,M161,3.49,P7,华中,男,34,1,
E11271,BU-4,研发,PM,0,0,0,,2021-08-12,3.67,M175,3.37,P3,华中,男,32,1,
E11272,BU-6,客服,Python,0,0,0,,2022-01-18,6.91,M126,2.77,P3,华北,男,22,0,
E11273,BU-2,财务,PM,0,0,0,,2022-07-24,6.63,M141,3.62,P6,华南,男,37,1,
E11274,BU-2,HR,BD|Java|PM|运营,0,0,0,,2024-07-06,0.25,M174,4.68,P4,东北,男,28,1,
E11275,BU-1,销售,Java,0,0,0,,2022-02-28,12.05,M176,3.71,P7,华东,女,34,1,
E11276,BU-6,客服,Python|Go,0,0,0,,2023-11-16,0.91,M198,2.94,P7,西南,男,33,1,
E11277,BU-1,财务,K8s|财务|Python|审计,0,0,0,,2024-07-08,2.85,M176,3.64,P7,华东,男,30,1,
E11278,BU-1,客服,Java|运营|BD,0,1,1,K8s-CKA,2023-06-24,8.21,M100,3.31,P4,西南,女,22,1,
E11279,BU-4,运营,财务|Java|运营|React,0,0,0,,2023-07-28,1.52,M129,4.27,P6,华东,女,36,1,
E11280,BU-4,客服,PM,0,0,0,,2021-03-17,15.13,M123,3.27,P3,华北,女,24,1,
E11281,BU-6,研发,React|运营,0,0,0,,2023-02-14,6.83,M162,4.13,P7,华东,女,35,1,
E11282,BU-2,HR,运营|审计|Spark|Go,0,0,0,,2022-05-15,0.4,M191,3.22,P3,华北,男,30,0,
E11283,BU-6,客服,Python|AI/ML|财务|审计,1,0,0,,2021-10-07,0.96,M106,3.21,P4,华东,女,29,1,
E11284,BU-2,HR,运营|Python|K8s|React,0,0,0,,2023-12-11,0.28,M146,3.23,P4,华东,男,35,1,
E11285,BU-5,运营,Java|AI/ML|Go|审计,1,0,0,,2023-02-25,1.04,M195,3.66,P7,西南,男,36,1,
E11286,BU-2,运营,Go|Python,0,0,0,,2022-08-05,5.82,M138,2.91,P4,华北,男,26,1,
E11287,BU-1,市场,Go,0,0,0,,2023-08-19,5.01,M170,3.79,P7,华中,男,24,1,
E11288,BU-3,研发,Java|Spark|K8s,0,0,0,,2022-07-21,4.55,M107,2.86,P3,华南,男,36,1,
E11289,BU-5,销售,Go|Spark|React,0,1,1,K8s-CKA,2022-07-11,0.38,M114,2.47,P3,西南,女,44,1,
E11290,BU-2,财务,BD,0,1,1,AWS,2023-02-11,1.29,M123,3.26,P7,华中,女,22,1,
E11291,BU-3,HR,AI/ML,1,0,0,,2020-09-25,9.57,M180,4.12,P4,华北,男,40,1,
E11292,BU-2,客服,AI/ML|Python|PM|财务,1,0,0,,2020-08-23,2.48,M113,3.93,P5,西南,男,35,1,
E11293,BU-1,财务,AI/ML|运营|Java|Go,1,0,0,,2022-03-16,2.86,M184,3.87,P5,西南,女,22,1,
E11294,BU-6,运营,K8s,0,0,0,,2022-04-24,8.88,M119,4.27,P5,华南,女,28,1,
E11295,BU-3,市场,BD|K8s|React,0,0,0,,2022-06-27,2.6,M146,2.43,P3,东北,女,36,1,
E11296,BU-4,财务,Go|K8s|审计,0,0,0,,2021-09-23,1.67,M169,3.88,P4,东北,女,25,1,
E11297,BU-1,市场,Spark|Python|Java|审计,0,0,0,,2020-03-24,5.87,M169,3.59,P5,华南,女,31,1,
E11298,BU-1,运营,Python|React,0,0,0,,2022-04-12,4.04,M129,2.71,P5,华北,男,30,1,
E11299,BU-4,HR,BD|PM|Spark,0,0,0,,2022-04-23,6.19,M180,3.94,P5,华北,女,31,1,
E11300,BU-4,运营,审计|React,0,0,0,,2022-12-16,2.19,M101,3.12,P3,东北,女,31,1,
E11301,BU-1,销售,Spark|审计,0,2,1,AWS,2023-04-27,8.89,M116,3.45,P6,华中,女,34,1,
E11302,BU-1,研发,财务|React,0,3,1,PMP,2022-02-10,2.21,M126,4.43,P3,华中,女,28,1,
E11303,BU-4,产品,财务|Spark|Go|Java,0,0,0,,2021-02-25,0.26,M100,3.15,P3,东北,女,22,1,
E11304,BU-4,HR,AI/ML,1,0,0,,2023-10-18,0.88,M133,3.74,P5,东北,女,32,1,
E11305,BU-1,运营,Spark|BD,0,2,1,PMP,2020-10-29,4.55,M116,2.75,P7,华南,男,22,1,
E11306,BU-2,产品,BD|财务,0,0,0,,2022-03-27,8.56,M118,2.83,P6,华东,男,36,1,
E11307,BU-2,HR,Java|React,0,0,0,,2021-07-15,7.13,M128,3.17,P5,西南,男,29,0,
E11308,BU-6,财务,Go,0,0,0,,2022-07-29,5.37,M110,3.5,P6,华东,女,24,1,
E11309,BU-3,运营,Java|运营|React,0,0,0,,2023-02-20,1.12,M132,2.73,P3,西南,男,34,1,
E11310,BU-4,运营,财务|PM|AI/ML|Spark,1,0,0,,2020-03-15,4.4,M189,3.2,P7,华东,女,44,1,
E11311,BU-2,产品,Go|运营,0,0,0,,2020-09-23,0.56,M175,3.2,P7,华东,女,38,1,
E11312,BU-4,运营,React,0,0,0,,2021-07-21,7.62,M185,4.36,P6,华北,女,24,1,
E11313,BU-2,研发,React|Python|Java,0,0,0,,2023-08-11,0.34,M133,4.35,P4,西南,女,36,1,
E11314,BU-3,产品,AI/ML|财务|Python|PM,1,0,0,,2021-05-21,1.7,M105,2.52,P3,华东,女,37,0,
E11315,BU-1,销售,审计|Java|Python|React,0,0,0,,2021-04-30,2.02,M110,3.34,P7,西南,女,29,1,
E11316,BU-5,市场,运营,0,0,0,,2021-10-20,2.19,M161,1.86,P4,华南,男,26,1,
E11317,BU-4,运营,AI/ML,1,0,0,,2022-08-23,0.92,M117,3.78,P6,东北,女,30,1,
E11318,BU-6,财务,PM,0,0,0,,2020-02-10,1.29,M132,2.94,P4,华中,女,26,1,
E11319,BU-5,销售,React|PM|Python,0,3,1,PMP,2022-06-16,8.37,M119,4.38,P4,西南,男,29,1,
E11320,BU-4,市场,财务|Python|K8s|AI/ML,1,0,0,,2021-07-14,0.24,M148,3.1,P3,华南,男,22,1,
E11321,BU-2,研发,Python|BD,0,0,0,,2020-05-16,1.03,M138,2.85,P3,西南,女,37,1,
E11322,BU-3,销售,Python,0,0,0,,2024-01-11,6.59,M163,2.9,P4,西南,男,22,1,
E11323,BU-2,市场,审计|BD|PM|Java,0,0,0,,2024-11-20,6.74,M115,3.45,P3,华北,男,38,1,
E11324,BU-4,运营,BD,0,0,0,,2024-08-17,4.73,M135,3.33,P6,华南,男,53,1,
E11325,BU-3,财务,K8s|PM,0,0,0,,2023-04-26,5.29,M113,3.44,P4,东北,女,36,1,
E11326,BU-1,销售,审计,0,3,1,Oracle DBA,2022-02-08,3.74,M134,3.9,P4,西南,男,22,1,
E11327,BU-3,销售,React|BD|运营,0,0,0,,2021-01-06,1.55,M197,3.79,P6,华南,男,47,1,
E11328,BU-1,运营,Go|运营|PM|BD,0,0,0,,2022-10-26,7.25,M151,3.44,P7,华北,男,32,1,
E11329,BU-5,HR,财务|BD,0,0,0,,2021-12-29,1.02,M178,4.11,P5,西南,男,26,1,
E11330,BU-5,运营,Go|AI/ML|运营,1,0,0,,2020-08-28,0.16,M176,3.26,P6,华南,女,33,1,
E11331,BU-6,运营,Python,0,0,0,,2020-02-06,1.85,M106,2.41,P4,华南,男,39,1,
E11332,BU-6,HR,运营,0,2,1,ACP,2021-06-25,0.98,M159,3.94,P5,华中,女,42,1,
E11333,BU-3,产品,PM|Spark|Go|Python,0,0,0,,2023-10-23,6.36,M199,3.44,P3,东北,男,28,1,
E11334,BU-4,HR,Python|BD,0,3,1,K8s-CKA,2020-12-14,1.25,M101,3.42,P6,东北,男,30,1,
E11335,BU-1,市场,Go|BD|PM|审计,0,0,0,,2022-04-21,7.61,M186,3.79,P7,华南,女,34,1,
E11336,BU-1,客服,Spark|BD|PM|React,0,2,1,TensorFlow,2021-09-27,1.72,M188,3.25,P6,华南,女,30,0,
E11337,BU-1,产品,AI/ML|审计|运营|Spark,1,0,0,,2020-09-13,5.08,M179,4.44,P7,华南,男,38,1,
E11338,BU-2,HR,Go|Java|PM|AI/ML,1,0,0,,2022-01-25,8.18,M198,3.35,P3,华北,男,32,1,
E11339,BU-3,HR,AI/ML|BD|Spark,1,0,0,,2024-02-02,2.68,M128,4.71,P6,华东,女,28,1,
E11340,BU-3,HR,财务,0,0,0,,2024-03-06,0.87,M114,4.11,P5,华东,女,38,1,
E11341,BU-2,产品,Go|BD,0,3,1,PMP,2021-06-30,1.17,M110,4.18,P7,东北,女,22,1,
E11342,BU-4,产品,Python|审计,0,0,0,,2022-08-20,0.36,M148,4.13,P7,华北,男,31,1,
E11343,BU-2,研发,Spark|PM|BD,0,0,0,,2020-01-31,7.2,M100,3.7,P7,华中,女,40,1,
E11344,BU-3,客服,PM|Spark|AI/ML|Go,1,0,0,,2021-12-01,0.91,M172,3.49,P7,华中,女,38,1,
E11345,BU-4,HR,财务|Python|AI/ML,1,0,0,,2021-07-21,0.59,M116,1.93,P7,西南,男,23,1,
E11346,BU-2,客服,审计,0,0,0,,2023-05-15,0.54,M183,2.32,P7,华东,男,25,1,
E11347,BU-2,运营,AI/ML|Go,1,0,0,,2023-09-11,16.52,M148,2.35,P6,西南,女,33,1,
E11348,BU-5,HR,财务,0,2,1,K8s-CKA,2020-12-23,0.71,M180,2.62,P4,华中,男,28,1,
E11349,BU-1,运营,PM|Go,0,0,0,,2024-02-24,0.79,M160,4.69,P7,华南,男,22,1,
E11350,BU-2,财务,Go|财务|Java|K8s,0,0,0,,2021-04-16,0.62,M155,3.19,P4,华北,女,36,1,
E11351,BU-3,财务,Python,0,0,0,,2023-12-01,1.98,M105,3.11,P6,西南,女,38,1,
E11352,BU-4,HR,Go|Java|审计,0,0,0,,2023-03-09,12.82,M176,4.46,P4,东北,女,35,1,
E11353,BU-2,运营,运营|审计|Java,0,0,0,,2024-07-07,7.36,M121,3.11,P5,华东,女,28,1,
E11354,BU-3,市场,审计|React,0,0,0,,2020-06-25,3.16,M178,2.98,P6,华北,男,35,1,
E11355,BU-5,财务,Go|Java|财务,0,2,1,ACP,2020-04-30,18.9,M167,3.02,P7,华东,女,41,1,
E11356,BU-6,运营,运营|PM|财务,0,0,0,,2023-04-19,3.24,M181,3.45,P3,华中,女,49,1,
E11357,BU-4,客服,React|Java|K8s|Go,0,3,1,K8s-CKA,2021-07-11,3.52,M155,3.48,P3,东北,男,27,1,
E11358,BU-4,运营,Python,0,0,0,,2023-09-27,34.59,M173,2.95,P3,华北,女,28,1,
E11359,BU-5,客服,Spark,0,0,0,,2022-06-12,1.76,M109,4.29,P6,西南,男,35,1,
E11360,BU-1,HR,Go,0,0,0,,2024-10-05,0.37,M109,3.51,P7,华东,女,22,1,
E11361,BU-3,财务,AI/ML|财务,1,0,0,,2020-10-28,1.35,M178,3.38,P4,华南,男,22,1,
E11362,BU-1,HR,PM|React,0,0,0,,2023-05-07,2.95,M152,3.92,P4,西南,女,38,1,
E11363,BU-4,产品,PM|BD|K8s,0,0,0,,2022-04-06,0.1,M162,3.72,P5,华南,女,37,1,
E11364,BU-1,客服,运营|BD|Java|React,0,0,0,,2023-02-10,1.55,M145,3.92,P6,华东,男,26,1,
E11365,BU-5,产品,K8s,0,1,1,CFA,2023-10-29,4.08,M158,4.26,P7,华南,男,25,1,
E11366,BU-2,HR,Spark|PM|K8s|财务,0,0,0,,2023-02-13,13.53,M132,3.36,P4,东北,女,44,1,
E11367,BU-5,市场,PM|财务|审计|运营,0,0,0,,2022-11-27,8.16,M142,4.12,P6,华中,男,30,1,
E11368,BU-6,研发,AI/ML|审计|Java,1,0,0,,2020-02-06,0.1,M106,4.67,P3,华南,女,22,1,
E11369,BU-1,HR,React|Python|K8s,0,0,0,,2024-10-11,0.55,M127,5.0,P6,华中,女,41,1,
E11370,BU-6,HR,React|PM|Go|K8s,0,1,1,AWS,2023-03-13,16.32,M129,3.22,P6,西南,女,30,1,
E11371,BU-2,HR,审计|财务|BD,0,0,0,,2023-11-18,0.12,M186,3.29,P7,华中,男,28,1,
E11372,BU-1,销售,K8s,0,0,0,,2020-12-05,1.77,M123,4.35,P4,华北,男,32,1,
E11373,BU-2,运营,Go,0,0,0,,2024-03-03,4.57,M151,2.96,P4,华北,男,32,1,
E11374,BU-6,HR,财务|Spark|运营,0,0,0,,2022-12-17,3.85,M172,4.24,P7,华北,男,34,1,
E11375,BU-4,市场,AI/ML|React|Python|运营,1,0,0,,2024-11-03,9.63,M117,3.4,P4,东北,女,41,1,
E11376,BU-4,市场,AI/ML|财务|K8s,1,0,0,,2024-10-12,9.77,M132,3.16,P4,华东,女,36,1,
E11377,BU-1,市场,运营|Go|React,0,0,0,,2024-09-04,1.73,M116,2.81,P5,华南,女,22,1,
E11378,BU-6,研发,AI/ML|Spark|审计,1,0,0,,2021-08-24,7.2,M173,3.01,P4,华东,男,22,1,
E11379,BU-6,运营,AI/ML|Java|React,1,0,0,,2023-09-10,6.3,M191,3.71,P3,东北,女,30,1,
E11380,BU-3,运营,Java|React|财务,0,0,0,,2020-02-21,3.69,M171,3.78,P4,华北,男,23,1,
E11381,BU-5,产品,Go|运营|PM,0,3,1,CFA,2024-02-13,5.02,M149,3.42,P6,华北,男,41,1,
E11382,BU-2,产品,BD|审计|PM,0,0,0,,2022-03-20,5.66,M150,2.66,P4,东北,男,39,1,
E11383,BU-1,运营,BD|审计|AI/ML|财务,1,0,0,,2021-06-27,3.96,M116,2.97,P7,东北,男,31,1,
E11384,BU-2,运营,审计,0,3,1,PMP,2024-09-04,2.79,M135,3.71,P5,华东,女,34,1,
E11385,BU-3,客服,财务|Python|运营,0,0,0,,2020-11-08,3.55,M184,2.83,P7,东北,男,32,1,
E11386,BU-6,产品,React|财务|Python,0,0,0,,2021-03-24,0.14,M171,3.36,P4,华中,女,29,1,
E11387,BU-4,HR,K8s|PM,0,1,1,ACP,2021-04-30,2.39,M127,4.09,P5,华中,女,34,1,
E11388,BU-2,HR,BD|React,0,0,0,,2023-08-30,9.9,M124,2.45,P6,东北,女,23,1,
E11389,BU-5,研发,Python|PM,0,3,1,CFA,2020-01-26,2.62,M132,3.75,P3,华东,女,33,1,
E11390,BU-1,产品,Spark,0,0,0,,2020-02-16,0.59,M193,2.93,P6,华中,男,22,1,
E11391,BU-6,HR,财务|Go,0,0,0,,2024-08-02,0.53,M179,2.76,P5,华北,男,42,1,
E11392,BU-6,运营,PM|Spark,0,0,0,,2023-01-18,1.08,M190,3.93,P3,华南,女,45,1,
E11393,BU-6,客服,财务|Go|AI/ML,1,0,0,,2020-07-25,0.53,M186,2.66,P4,东北,女,30,1,
E11394,BU-4,财务,AI/ML|审计|Go,1,0,0,,2022-10-09,2.39,M166,3.26,P4,华北,男,29,1,
E11395,BU-6,产品,Python,0,0,0,,2020-02-17,5.53,M152,3.16,P7,华中,女,28,1,
E11396,BU-2,产品,React|审计|BD,0,1,1,PMP,2023-11-26,11.03,M192,3.18,P5,华东,女,26,1,
E11397,BU-5,研发,PM,0,0,0,,2024-01-13,3.92,M172,3.22,P4,西南,男,43,1,
E11398,BU-6,研发,运营,0,0,0,,2024-03-07,6.96,M196,4.14,P4,华北,女,32,1,
E11399,BU-3,市场,BD|财务,0,0,0,,2022-03-22,7.11,M105,2.85,P7,西南,女,30,1,
E11400,BU-1,研发,Spark,0,0,0,,2020-06-06,1.2,M138,3.71,P3,华北,女,31,1,
E11401,BU-4,财务,审计,0,0,0,,2024-11-29,7.82,M105,4.01,P5,华中,男,33,1,
E11402,BU-5,产品,AI/ML|K8s|Go|Java,1,0,0,,2024-02-07,1.0,M113,3.7,P4,华南,男,39,1,
E11403,BU-5,客服,React,0,0,0,,2023-11-26,4.25,M109,3.05,P5,东北,女,29,1,
E11404,BU-2,销售,审计|Spark|React,0,3,1,PMP,2021-05-08,1.97,M181,3.11,P3,华东,女,27,1,
E11405,BU-2,财务,审计|Python,0,0,0,,2023-05-31,3.62,M194,4.08,P3,华东,女,36,1,
E11406,BU-6,HR,运营,0,0,0,,2022-01-20,4.08,M126,3.69,P4,西南,男,27,1,
E11407,BU-3,销售,财务|K8s,0,0,0,,2021-12-02,0.29,M122,2.99,P4,华北,女,41,1,
E11408,BU-5,HR,BD|审计|K8s|Go,0,0,0,,2023-02-13,1.84,M169,3.28,P7,华东,男,33,1,
E11409,BU-4,研发,运营|Go,0,0,0,,2021-03-25,0.83,M198,3.05,P3,华中,男,30,1,
E11410,BU-4,销售,审计|Python|AI/ML,1,0,0,,2022-05-28,1.33,M164,1.8,P4,华南,男,33,1,
E11411,BU-2,运营,K8s,0,0,0,,2023-08-18,0.23,M171,3.16,P5,西南,女,37,0,
E11412,BU-3,研发,PM|财务|BD,0,0,0,,2024-11-14,0.12,M143,4.22,P3,华中,女,22,1,
E11413,BU-6,财务,AI/ML,1,0,0,,2022-11-25,3.37,M118,4.13,P4,华南,女,40,1,
E11414,BU-6,研发,PM|Java|React,0,0,0,,2020-12-01,3.42,M127,2.54,P4,华中,女,50,1,
E11415,BU-1,研发,K8s|Python|React|财务,0,0,0,,2024-10-24,3.15,M105,2.77,P3,西南,男,44,0,
E11416,BU-5,研发,Spark,0,0,0,,2022-07-01,2.9,M102,4.21,P7,华北,女,30,1,
E11417,BU-4,市场,Java|运营,0,0,0,,2022-07-04,1.49,M117,4.92,P5,华中,男,26,1,
E11418,BU-4,产品,AI/ML|PM|React,1,0,0,,2024-02-14,3.87,M164,3.26,P7,华南,男,36,1,
E11419,BU-6,研发,Python,0,0,0,,2020-08-20,5.82,M110,3.22,P3,华北,男,30,1,
E11420,BU-5,运营,运营|PM,0,0,0,,2020-01-27,4.98,M142,2.15,P5,华中,女,30,1,
E11421,BU-2,HR,PM|Spark|运营|Java,0,1,1,AWS,2023-06-01,0.26,M114,3.19,P6,华北,男,22,1,
E11422,BU-6,客服,Java|财务|BD|审计,0,0,0,,2021-03-05,4.31,M150,3.79,P6,华东,男,40,1,
E11423,BU-1,研发,Go|运营|Java,0,0,0,,2021-08-22,2.17,M112,3.61,P3,华北,女,29,1,
E11424,BU-1,产品,Python|财务,0,0,0,,2023-04-08,3.84,M180,3.21,P5,华东,女,26,1,
E11425,BU-3,研发,Go|运营|财务,0,0,0,,2023-11-20,0.1,M110,3.24,P5,华南,女,23,0,
E11426,BU-4,HR,React|审计,0,0,0,,2021-04-03,2.42,M122,3.31,P4,东北,男,42,1,
E11427,BU-1,产品,Spark|BD|React,0,0,0,,2022-11-02,1.31,M140,4.12,P3,东北,男,48,1,
E11428,BU-1,研发,Python|运营|Go,0,0,0,,2024-03-04,14.34,M152,4.87,P7,华东,男,40,1,
E11429,BU-4,客服,运营|Java,0,0,0,,2020-11-24,2.11,M101,4.51,P3,华中,女,37,1,
E11430,BU-2,研发,K8s|运营|Python,0,0,0,,2020-05-10,0.91,M186,3.84,P6,西南,男,38,1,
E11431,BU-4,客服,Spark,0,0,0,,2020-04-18,1.73,M163,3.71,P7,华东,女,33,1,
E11432,BU-3,研发,AI/ML,1,0,0,,2021-07-01,0.55,M172,3.96,P7,华东,男,33,1,
E11433,BU-1,运营,Java|PM|审计,0,0,0,,2022-05-27,2.85,M157,3.12,P3,华东,女,31,1,
E11434,BU-1,HR,AI/ML|BD,1,0,0,,2022-06-06,1.04,M179,4.4,P4,华中,男,33,1,
E11435,BU-6,客服,运营|BD,0,0,0,,2022-04-04,1.79,M174,3.7,P7,华北,男,33,1,
E11436,BU-2,销售,Python|审计|BD,0,3,1,PMP,2020-12-29,0.35,M123,3.41,P5,华东,女,32,1,
E11437,BU-6,财务,BD|Java,0,0,0,,2020-05-09,1.29,M108,3.34,P3,华北,女,34,1,
E11438,BU-1,市场,运营|Spark,0,0,0,,2023-07-16,13.07,M168,3.82,P3,华北,女,29,1,
E11439,BU-1,销售,AI/ML|PM|K8s|财务,1,0,0,,2020-04-14,4.34,M133,3.83,P5,华中,男,44,1,
E11440,BU-2,销售,BD|Java,0,0,0,,2020-10-20,2.99,M192,3.96,P5,华南,男,43,1,
E11441,BU-5,销售,Java,0,0,0,,2022-11-16,0.99,M199,3.51,P7,东北,女,27,1,
E11442,BU-5,市场,React|K8s|Python|BD,0,0,0,,2024-09-26,17.17,M144,3.42,P4,西南,女,26,1,
E11443,BU-2,客服,Java|财务,0,2,1,K8s-CKA,2022-05-12,5.38,M184,3.47,P3,华东,女,31,1,
E11444,BU-4,HR,PM|Java,0,0,0,,2022-05-24,2.81,M145,3.63,P7,华南,女,34,1,
E11445,BU-4,市场,Spark|Go|BD,0,0,0,,2023-08-03,5.75,M128,4.11,P5,东北,男,30,1,
E11446,BU-4,销售,审计|PM|AI/ML,1,0,0,,2024-04-18,0.49,M154,3.88,P4,华中,男,33,0,
E11447,BU-2,市场,Spark|K8s|React,0,0,0,,2021-08-05,0.59,M107,3.3,P7,华北,男,26,1,
E11448,BU-5,销售,PM|Spark|运营,0,2,1,AWS,2022-10-03,2.97,M103,2.83,P6,华南,女,29,1,
E11449,BU-6,财务,Go|PM|AI/ML|K8s,1,0,0,,2021-06-01,4.93,M194,5.0,P3,东北,女,39,1,
E11450,BU-4,财务,Go|财务|AI/ML|Java,1,0,0,,2023-05-12,0.32,M175,3.38,P6,华东,女,45,1,
E11451,BU-1,财务,Python|BD|财务|Java,0,3,1,TensorFlow,2020-09-23,2.36,M138,3.66,P6,西南,女,38,1,
E11452,BU-2,HR,BD|React|Python,0,0,0,,2022-02-18,1.5,M131,3.19,P6,华东,女,36,1,
E11453,BU-3,研发,审计|React,0,0,0,,2020-06-15,1.72,M139,4.08,P3,西南,男,40,1,
E11454,BU-4,HR,Python|Spark|PM|Go,0,3,1,TensorFlow,2022-01-28,3.73,M163,3.21,P7,华中,女,22,1,
E11455,BU-3,HR,财务|BD|K8s,0,0,0,,2021-02-17,3.39,M137,4.27,P7,华东,男,28,0,
E11456,BU-5,销售,Go|K8s|财务,0,0,0,,2021-10-08,6.77,M136,5.0,P7,西南,男,41,1,
E11457,BU-1,HR,React|Python|K8s,0,0,0,,2022-06-07,8.3,M102,1.94,P4,华东,男,36,1,
E11458,BU-2,运营,Python|K8s,0,0,0,,2023-05-12,2.26,M109,3.09,P6,西南,女,37,1,
E11459,BU-2,研发,BD|React|Spark,0,3,1,K8s-CKA,2023-04-01,3.72,M105,3.51,P7,华北,女,43,1,
E11460,BU-1,市场,AI/ML,1,0,0,,2021-10-16,12.48,M186,3.87,P6,华南,男,32,1,
E11461,BU-3,销售,运营|Python,0,0,0,,2023-05-11,4.81,M150,3.26,P5,华东,男,29,0,
E11462,BU-2,销售,AI/ML|财务|PM|审计,1,2,1,Oracle DBA,2020-09-09,6.93,M195,4.32,P7,华南,女,30,1,
E11463,BU-3,财务,财务|PM|K8s|Go,0,0,0,,2022-12-31,0.1,M137,3.71,P4,华中,女,31,1,
E11464,BU-3,客服,React|审计|AI/ML|运营,1,0,0,,2021-08-14,2.93,M129,3.55,P5,西南,女,30,1,
E11465,BU-3,财务,BD|审计|K8s,0,0,0,,2021-01-09,2.05,M134,3.6,P5,华东,女,37,1,
E11466,BU-5,HR,K8s|PM,0,0,0,,2021-12-27,1.0,M111,3.62,P3,华中,女,39,1,
E11467,BU-1,HR,Java|K8s|BD|财务,0,0,0,,2020-06-25,1.27,M133,4.01,P3,华南,女,33,1,
E11468,BU-6,运营,BD,0,0,0,,2023-07-09,2.04,M175,2.97,P5,华中,女,22,1,
E11469,BU-4,HR,Java|Go|BD|Spark,0,0,0,,2024-03-15,6.16,M151,4.04,P7,西南,女,22,1,
E11470,BU-1,研发,Python|审计|PM,0,0,0,,2022-05-23,2.13,M139,3.67,P4,华东,女,31,1,
E11471,BU-3,客服,审计|AI/ML|BD|PM,1,0,0,,2024-09-03,1.01,M110,3.93,P6,华中,女,24,1,
E11472,BU-4,市场,AI/ML|Go|K8s,1,0,0,,2023-08-12,0.22,M124,3.99,P4,华东,男,32,1,
E11473,BU-1,产品,Spark,0,0,0,,2023-11-29,1.43,M143,2.95,P6,西南,男,25,1,
E11474,BU-1,产品,审计|Java|运营|PM,0,1,1,PMP,2023-08-23,0.24,M135,3.97,P7,华东,女,31,1,
E11475,BU-1,运营,Java,0,0,0,,2020-02-07,0.58,M188,3.14,P6,华南,男,39,1,
E11476,BU-5,客服,财务|Spark,0,1,1,AWS,2023-06-04,0.82,M104,2.36,P5,华东,女,40,1,
E11477,BU-3,市场,Java|PM|BD|AI/ML,1,0,0,,2021-06-11,1.52,M101,4.46,P6,华中,男,43,1,
E11478,BU-4,销售,Go|Java,0,0,0,,2021-09-18,2.17,M124,3.45,P4,华南,男,33,1,
E11479,BU-4,市场,K8s|审计|财务,0,1,1,PMP,2023-04-08,2.94,M186,4.47,P7,华北,女,34,1,
E11480,BU-1,市场,Java,0,0,0,,2022-02-18,4.69,M181,3.52,P3,东北,女,22,1,
E11481,BU-1,HR,BD|AI/ML,1,0,0,,2020-01-07,0.89,M155,3.59,P5,华东,女,41,1,
E11482,BU-6,销售,React|PM|K8s|AI/ML,1,0,0,,2023-02-22,2.61,M150,3.17,P5,华中,女,35,1,
E11483,BU-6,销售,运营|K8s|Go,0,2,1,CFA,2022-04-30,4.16,M196,3.62,P3,华南,男,41,1,
E11484,BU-3,运营,React|Java,0,0,0,,2020-12-13,0.24,M186,3.37,P7,华北,女,25,1,
E11485,BU-4,HR,Go|审计|K8s|Java,0,0,0,,2023-03-17,9.97,M126,4.64,P3,华中,女,31,1,
E11486,BU-6,销售,AI/ML|财务,1,0,0,,2023-08-05,2.14,M152,2.88,P5,华南,男,31,1,
E11487,BU-4,运营,审计|K8s|AI/ML|PM,1,0,0,,2021-02-04,10.89,M111,3.92,P3,华中,男,29,1,
E11488,BU-4,销售,BD,0,0,0,,2024-03-01,2.29,M139,3.57,P7,华中,女,30,1,
E11489,BU-2,研发,Java|AI/ML|Go,1,0,0,,2024-06-30,2.16,M187,3.78,P5,华中,男,29,1,
E11490,BU-4,财务,运营|财务,0,0,0,,2020-05-22,8.79,M175,2.37,P5,东北,男,35,1,
E11491,BU-4,客服,Java|K8s|Go|财务,0,0,0,,2022-03-21,2.37,M125,3.22,P5,华中,男,40,1,
E11492,BU-3,研发,Spark|Java|PM,0,0,0,,2023-04-07,2.17,M105,3.46,P3,华北,女,29,1,
E11493,BU-5,客服,Spark|财务|运营|Go,0,0,0,,2023-07-07,0.58,M124,3.12,P5,华中,女,29,1,
E11494,BU-2,研发,运营|Spark,0,0,0,,2020-12-20,13.43,M117,2.96,P4,华北,女,37,1,
E11495,BU-2,研发,Spark|PM,0,0,0,,2020-03-01,11.96,M128,3.46,P5,东北,女,32,1,
E11496,BU-2,销售,审计,0,2,1,K8s-CKA,2021-01-08,8.79,M112,3.8,P3,华中,男,31,1,
E11497,BU-5,客服,K8s|Go,0,0,0,,2022-07-19,6.59,M190,3.45,P3,西南,女,27,1,
E11498,BU-3,财务,审计|Python|BD|Go,0,1,1,ACP,2023-05-26,1.93,M140,2.82,P7,华北,女,32,1,
E11499,BU-4,销售,Python|Go|K8s,0,0,0,,2020-03-06,2.13,M144,3.49,P3,西南,女,48,1,
E11500,BU-3,市场,BD|Spark,0,0,0,,2023-10-21,1.55,M137,2.76,P7,华中,女,36,1,
E11501,BU-5,HR,K8s,0,0,0,,2024-08-16,0.7,M114,3.4,P6,华南,男,39,1,
E11502,BU-3,产品,React|审计|PM,0,0,0,,2020-09-27,0.78,M104,3.45,P6,西南,女,31,1,
E11503,BU-5,财务,AI/ML|React|审计|运营,1,0,0,,2022-02-26,3.16,M194,3.97,P4,华中,男,26,1,
E11504,BU-1,产品,Python|Go,0,2,1,TensorFlow,2021-12-14,5.1,M194,3.48,P7,华中,女,40,1,
E11505,BU-1,客服,运营,0,0,0,,2023-06-12,0.46,M169,4.25,P3,华中,男,32,1,
E11506,BU-1,研发,K8s|财务|AI/ML|BD,1,3,1,Oracle DBA,2021-12-04,8.06,M151,2.01,P7,东北,男,44,1,
E11507,BU-4,HR,K8s|React|PM,0,0,0,,2023-01-04,5.04,M144,3.68,P3,华东,女,22,1,
E11508,BU-2,销售,React|财务|K8s|审计,0,0,0,,2022-09-28,2.67,M125,2.81,P3,华北,男,23,1,
E11509,BU-6,市场,PM|财务|Java,0,0,0,,2020-07-28,0.17,M128,4.45,P4,西南,男,22,1,
E11510,BU-6,财务,Go|审计|PM,0,3,1,AWS,2022-01-13,0.53,M125,3.89,P7,东北,男,35,1,
E11511,BU-2,市场,Python,0,2,1,ACP,2022-10-03,3.14,M170,3.35,P4,东北,男,37,1,
E11512,BU-6,客服,财务|AI/ML,1,0,0,,2024-01-14,0.88,M124,2.9,P4,华北,女,36,1,
E11513,BU-5,产品,审计|财务,0,0,0,,2024-03-05,3.76,M156,3.44,P5,东北,女,29,1,
E11514,BU-4,研发,Spark,0,0,0,,2024-06-27,3.84,M168,4.12,P6,华北,女,30,1,
E11515,BU-5,研发,Java|Spark|Go,0,0,0,,2020-12-22,4.03,M143,3.81,P6,华北,女,42,1,
E11516,BU-5,客服,PM|BD|Spark,0,0,0,,2022-02-06,1.05,M117,3.8,P7,华东,男,28,1,
E11517,BU-1,财务,Java|运营|审计,0,0,0,,2023-08-03,17.76,M188,3.59,P3,东北,女,31,1,
E11518,BU-1,市场,审计|AI/ML,1,0,0,,2024-05-06,0.27,M155,4.22,P6,华中,男,28,1,
E11519,BU-2,财务,Java|AI/ML,1,0,0,,2023-06-07,1.14,M161,2.56,P6,华中,女,34,1,
E11520,BU-5,市场,Spark|Python|AI/ML,1,0,0,,2021-12-30,0.75,M138,3.63,P5,华东,女,33,1,
E11521,BU-6,客服,React|审计,0,0,0,,2022-10-06,0.43,M156,3.84,P3,西南,女,29,1,
E11522,BU-1,运营,运营|AI/ML|财务,1,0,0,,2020-06-02,4.31,M116,3.61,P4,华中,男,37,1,
E11523,BU-1,运营,Go|财务|K8s,0,0,0,,2023-08-06,3.41,M123,2.32,P4,华东,男,27,1,
E11524,BU-3,运营,财务|K8s,0,0,0,,2023-03-13,1.94,M199,2.43,P4,华中,男,25,1,
E11525,BU-4,产品,Go|审计,0,0,0,,2021-07-20,2.84,M111,3.7,P3,华北,男,27,1,
E11526,BU-4,销售,Spark,0,0,0,,2021-04-15,0.62,M165,3.61,P7,华东,男,22,1,
E11527,BU-5,运营,运营|BD,0,1,1,TensorFlow,2022-11-06,3.49,M194,3.29,P7,华东,男,36,1,
E11528,BU-4,研发,K8s|审计|AI/ML|Python,1,0,0,,2022-05-25,5.25,M174,3.29,P7,华中,男,42,1,
E11529,BU-1,研发,AI/ML,1,0,0,,2020-12-28,7.02,M121,3.68,P4,西南,男,34,1,
E11530,BU-6,HR,PM|运营,0,0,0,,2024-11-10,4.67,M159,2.56,P3,华南,男,25,1,
E11531,BU-6,市场,Go|审计,0,1,1,K8s-CKA,2022-10-11,2.11,M159,4.42,P4,华南,女,22,1,
E11532,BU-4,运营,BD|Spark|Go|审计,0,0,0,,2024-09-25,1.43,M142,4.7,P6,东北,女,39,1,
E11533,BU-1,产品,BD|Java|PM,0,0,0,,2024-08-11,6.77,M167,2.08,P3,华中,女,32,1,
E11534,BU-4,研发,财务,0,1,1,CFA,2022-08-28,2.34,M192,3.89,P3,华中,男,35,1,
E11535,BU-6,销售,审计|Java|运营,0,3,1,ACP,2023-07-27,0.3,M110,2.65,P5,华中,女,29,1,
E11536,BU-6,客服,K8s|财务|运营|PM,0,0,0,,2021-05-06,6.17,M121,4.15,P5,华东,女,36,0,
E11537,BU-2,产品,PM|运营,0,0,0,,2020-08-09,8.13,M163,2.98,P3,华东,男,39,1,
E11538,BU-6,HR,PM,0,0,0,,2021-08-27,0.1,M185,2.72,P4,华北,女,41,1,
E11539,BU-3,HR,Spark|运营|Java,0,0,0,,2023-01-02,1.0,M124,2.71,P6,华北,男,40,1,
E11540,BU-1,客服,Go|AI/ML,1,0,0,,2022-04-09,8.56,M174,3.39,P7,华中,女,53,1,
E11541,BU-6,运营,财务|React|AI/ML,1,0,0,,2024-01-19,6.27,M150,3.28,P3,华东,男,41,1,
E11542,BU-6,HR,BD|财务|PM|Java,0,0,0,,2021-02-14,3.59,M177,3.98,P7,东北,女,24,1,
E11543,BU-2,市场,运营,0,3,1,CFA,2021-08-03,2.15,M130,3.69,P6,华北,女,29,1,
E11544,BU-5,财务,审计|运营|Spark|BD,0,0,0,,2021-05-05,10.77,M153,3.37,P4,华中,男,22,1,
E11545,BU-6,HR,财务|AI/ML|审计|运营,1,0,0,,2021-01-01,7.8,M151,4.35,P3,华中,男,36,1,
E11546,BU-6,HR,K8s,0,0,0,,2023-12-24,4.66,M186,3.52,P4,华中,男,29,1,
E11547,BU-1,财务,React,0,0,0,,2023-03-24,9.13,M132,3.18,P6,华北,男,38,1,
E11548,BU-5,研发,AI/ML|BD|React,1,0,0,,2024-02-01,4.77,M153,2.68,P6,华南,女,41,1,
E11549,BU-5,研发,审计|Java|Python,0,0,0,,2020-11-14,1.99,M131,2.58,P4,华东,女,38,1,
E11550,BU-5,研发,AI/ML,1,0,0,,2024-06-01,2.22,M161,2.86,P5,东北,女,25,1,
E11551,BU-5,HR,Python|Go|AI/ML|审计,1,0,0,,2024-11-18,2.03,M107,3.75,P5,西南,女,43,1,
E11552,BU-2,研发,运营|审计|React,0,0,0,,2023-10-25,5.51,M155,3.79,P5,华中,男,33,1,
E11553,BU-5,产品,Java,0,0,0,,2021-07-30,1.74,M157,3.51,P6,西南,男,37,1,
E11554,BU-3,研发,AI/ML,1,0,0,,2020-05-03,4.79,M107,3.07,P5,华东,女,27,1,
E11555,BU-2,财务,Go|审计,0,0,0,,2021-08-05,21.05,M137,3.8,P6,华北,女,25,1,
E11556,BU-2,运营,Go|Spark,0,0,0,,2022-08-31,1.18,M108,2.8,P3,东北,男,31,1,
E11557,BU-3,研发,React,0,0,0,,2024-06-18,6.29,M177,3.92,P6,西南,女,22,1,
E11558,BU-3,财务,Go|PM|Java,0,0,0,,2020-05-23,2.16,M140,4.26,P5,华南,女,36,1,
E11559,BU-1,运营,Go|K8s|运营|PM,0,0,0,,2021-03-29,4.12,M166,3.97,P4,华北,男,34,1,
E11560,BU-5,研发,K8s|Go,0,0,0,,2020-06-27,0.19,M128,3.02,P6,西南,女,28,1,
E11561,BU-5,研发,Spark,0,0,0,,2020-11-22,11.77,M153,3.4,P3,华北,男,24,1,
E11562,BU-2,销售,Python|审计,0,2,1,PMP,2020-05-16,0.14,M104,2.91,P3,西南,男,37,1,
E11563,BU-4,运营,Spark|BD|PM|财务,0,0,0,,2022-07-05,10.97,M106,3.38,P3,华南,男,43,1,
E11564,BU-3,运营,K8s|Java|运营,0,0,0,,2022-05-18,0.45,M177,2.82,P4,华南,女,36,1,
E11565,BU-6,市场,BD|Spark|AI/ML|审计,1,0,0,,2022-08-17,0.7,M164,3.97,P6,华东,女,46,1,
E11566,BU-4,HR,AI/ML|BD|财务,1,0,0,,2020-03-07,2.13,M108,3.49,P7,华中,男,31,1,
E11567,BU-4,研发,Spark,0,0,0,,2021-03-09,0.22,M163,3.2,P4,东北,女,33,1,
E11568,BU-1,销售,运营|K8s,0,0,0,,2021-09-26,1.72,M191,3.37,P4,华北,女,37,0,
E11569,BU-2,销售,AI/ML,1,0,0,,2021-09-24,2.72,M183,3.37,P6,华北,男,23,1,
E11570,BU-4,销售,财务,0,0,0,,2024-03-05,10.24,M109,3.28,P4,华北,女,46,1,
E11571,BU-1,HR,运营,0,0,0,,2023-02-05,1.09,M113,3.2,P5,东北,女,29,1,
E11572,BU-6,财务,PM|Spark|审计|Python,0,0,0,,2024-07-11,1.6,M172,4.1,P7,华北,女,22,1,
E11573,BU-6,财务,React|AI/ML|Python|Go,1,0,0,,2023-02-08,1.15,M164,3.72,P5,华东,男,30,1,
E11574,BU-6,产品,Java|Spark,0,0,0,,2023-07-19,5.58,M189,4.04,P5,华中,男,33,1,
E11575,BU-6,市场,财务|Python|PM|Go,0,0,0,,2021-04-19,1.13,M184,4.86,P3,华中,男,36,1,
E11576,BU-2,运营,Python,0,0,0,,2022-03-16,2.03,M127,3.5,P3,东北,女,33,1,
E11577,BU-6,研发,React,0,1,1,TensorFlow,2023-10-08,7.18,M114,3.51,P7,华北,男,41,1,
E11578,BU-6,运营,Python|Java,0,2,1,TensorFlow,2020-07-02,10.58,M166,3.62,P7,华南,女,22,1,
E11579,BU-1,HR,BD,0,1,1,CFA,2022-04-22,0.4,M127,3.43,P5,华东,女,22,1,
E11580,BU-3,销售,React|Python|运营,0,0,0,,2020-10-09,3.3,M132,4.17,P7,华东,男,44,1,
E11581,BU-3,运营,审计|Java|Spark|财务,0,1,1,PMP,2024-01-09,1.93,M185,3.65,P6,西南,男,46,1,
E11582,BU-1,运营,AI/ML|K8s,1,0,0,,2021-10-06,0.97,M154,2.98,P4,东北,男,41,1,
E11583,BU-5,财务,PM|BD|审计|AI/ML,1,0,0,,2023-04-18,4.41,M135,4.39,P4,华南,女,38,1,
E11584,BU-3,市场,Go|PM|React,0,0,0,,2021-07-27,4.15,M113,2.9,P4,华东,男,34,1,
E11585,BU-3,产品,Go|AI/ML|Spark|K8s,1,0,0,,2022-06-15,0.12,M118,3.25,P3,华东,男,39,1,
E11586,BU-2,HR,审计|Python|PM|Java,0,3,1,K8s-CKA,2020-09-24,11.61,M145,3.82,P4,华东,女,26,1,
E11587,BU-6,HR,财务|K8s|React,0,0,0,,2022-11-01,1.59,M147,2.68,P3,华南,女,39,1,
E11588,BU-6,财务,BD,0,0,0,,2023-07-13,2.38,M132,3.63,P5,华东,女,44,1,
E11589,BU-1,HR,Spark|React|财务|Go,0,0,0,,2023-09-16,1.1,M169,3.55,P4,华北,男,25,1,
E11590,BU-5,HR,BD,0,0,0,,2022-07-17,2.15,M172,2.94,P7,华东,女,39,1,
E11591,BU-1,市场,React|运营,0,0,0,,2023-02-25,6.51,M142,4.25,P5,华东,女,48,1,
E11592,BU-1,研发,Go|PM,0,0,0,,2022-10-09,0.54,M181,3.6,P7,华北,女,48,1,
E11593,BU-6,市场,Spark|BD|Go,0,0,0,,2024-02-15,0.48,M117,3.0,P5,华中,男,29,1,
E11594,BU-6,客服,运营,0,1,1,Oracle DBA,2021-12-26,0.1,M170,4.07,P4,华东,女,37,1,
E11595,BU-1,研发,Java|BD|财务|运营,0,1,1,PMP,2020-05-05,0.8,M180,3.63,P5,西南,女,27,1,
E11596,BU-3,HR,Python|Java,0,0,0,,2023-03-04,2.8,M177,2.71,P6,东北,女,26,1,
E11597,BU-5,财务,PM|Go|BD,0,0,0,,2023-09-16,0.73,M187,3.73,P4,华北,男,35,1,
E11598,BU-5,运营,Go,0,3,1,CFA,2021-03-28,2.38,M104,2.24,P5,华东,男,22,1,
E11599,BU-1,销售,PM|运营|Go|BD,0,0,0,,2020-08-14,7.4,M197,3.41,P6,华中,女,40,1,
E11600,BU-5,HR,Python|Go|财务,0,0,0,,2024-02-04,3.11,M118,2.75,P6,东北,男,25,1,
E11601,BU-4,财务,PM|React,0,0,0,,2021-08-23,0.77,M160,4.78,P6,华南,女,30,1,
E11602,BU-2,客服,Java|审计,0,0,0,,2020-07-07,0.31,M136,4.85,P6,华北,女,22,1,
E11603,BU-4,客服,React|BD|运营|Go,0,3,1,TensorFlow,2020-09-09,6.73,M110,3.81,P6,华北,男,40,1,
E11604,BU-3,研发,React,0,0,0,,2022-08-14,1.06,M159,4.14,P7,华北,男,25,1,
E11605,BU-1,销售,K8s|Go|BD|PM,0,0,0,,2023-06-12,9.09,M192,3.03,P7,华中,男,26,1,
E11606,BU-5,客服,PM|运营,0,0,0,,2024-10-27,5.16,M131,4.35,P4,东北,女,35,1,
E11607,BU-6,财务,AI/ML,1,2,1,Oracle DBA,2024-03-16,6.54,M130,2.39,P6,华南,男,22,1,
E11608,BU-4,客服,AI/ML|审计|React,1,0,0,,2021-11-27,3.4,M188,3.1,P6,华北,男,39,1,
E11609,BU-5,HR,BD|财务,0,0,0,,2022-04-24,0.7,M136,3.42,P6,西南,男,32,1,
E11610,BU-2,HR,Go,0,0,0,,2022-02-06,1.81,M176,3.28,P6,华东,男,24,1,
E11611,BU-5,研发,Spark|AI/ML,1,0,0,,2024-08-06,0.27,M136,3.91,P5,华北,女,29,1,
E11612,BU-4,HR,Python|React,0,0,0,,2021-05-21,2.83,M113,3.56,P7,华南,女,22,1,
E11613,BU-1,产品,BD|Go|运营|React,0,0,0,,2024-01-06,0.16,M137,2.39,P4,华南,女,29,1,
E11614,BU-6,运营,PM,0,0,0,,2022-04-25,0.92,M132,3.67,P3,东北,女,37,1,
E11615,BU-6,HR,审计|PM|K8s,0,0,0,,2022-12-18,2.9,M147,3.55,P7,华北,女,34,1,
E11616,BU-3,产品,Python|K8s,0,0,0,,2022-07-26,1.22,M145,2.46,P3,华南,男,23,1,
E11617,BU-6,产品,财务|K8s|AI/ML,1,0,0,,2022-09-24,3.13,M131,3.2,P6,西南,女,34,1,
E11618,BU-5,财务,PM,0,0,0,,2023-07-27,0.1,M181,2.94,P6,华南,女,37,1,
E11619,BU-3,研发,Python,0,0,0,,2024-10-11,2.54,M116,4.13,P6,西南,男,25,0,
E11620,BU-6,财务,Java|K8s|Python|审计,0,0,0,,2024-05-22,1.29,M117,3.68,P4,华南,女,34,1,
E11621,BU-1,客服,K8s,0,0,0,,2021-10-01,0.1,M163,3.24,P4,华南,女,31,1,
E11622,BU-3,HR,Spark|审计,0,2,1,Oracle DBA,2024-06-09,0.35,M101,4.6,P5,华东,男,35,1,
E11623,BU-4,运营,Spark,0,0,0,,2020-11-07,2.9,M117,3.42,P3,华北,女,41,1,
E11624,BU-2,市场,AI/ML|BD|PM,1,0,0,,2020-12-24,1.51,M199,3.43,P7,华东,女,41,1,
E11625,BU-1,市场,Go|Java|PM|Spark,0,0,0,,2023-05-07,11.59,M149,3.37,P3,华中,男,36,1,
E11626,BU-1,运营,K8s|财务,0,0,0,,2020-01-05,0.59,M166,3.63,P7,华南,男,43,1,
E11627,BU-5,财务,K8s|运营|PM|Spark,0,0,0,,2023-09-25,0.74,M175,3.26,P7,东北,女,34,1,
E11628,BU-2,运营,AI/ML|BD|Spark,1,0,0,,2023-05-22,6.85,M161,3.95,P3,华东,女,32,1,
E11629,BU-2,研发,运营|K8s|财务,0,0,0,,2020-12-01,12.11,M136,3.81,P7,西南,女,40,1,
E11630,BU-5,HR,PM|BD,0,0,0,,2023-06-12,6.48,M149,3.37,P5,东北,女,37,1,
E11631,BU-1,客服,审计,0,2,1,CFA,2021-01-19,8.05,M118,3.2,P4,西南,女,30,1,
E11632,BU-6,HR,BD|Spark,0,0,0,,2023-11-02,1.21,M105,3.29,P7,华北,女,35,1,
E11633,BU-2,研发,AI/ML|Java|财务,1,0,0,,2020-02-18,4.75,M115,3.14,P4,华北,女,27,1,
E11634,BU-5,销售,React|运营,0,0,0,,2024-01-23,3.67,M174,2.99,P7,东北,男,28,1,
E11635,BU-6,市场,财务|运营|Java,0,3,1,CFA,2022-12-11,3.52,M140,3.98,P3,华东,女,33,1,
E11636,BU-4,市场,React,0,0,0,,2021-10-09,2.86,M145,4.27,P3,华东,女,42,1,
E11637,BU-6,客服,Go|PM|Python,0,1,1,Oracle DBA,2021-02-19,2.44,M102,4.38,P7,华中,男,38,1,
E11638,BU-1,市场,运营|React,0,2,1,PMP,2020-10-19,3.3,M197,3.92,P5,华东,女,29,1,
E11639,BU-5,产品,K8s,0,1,1,Oracle DBA,2023-06-20,1.82,M186,3.28,P4,华北,女,26,1,
E11640,BU-1,市场,Spark|Java|PM,0,0,0,,2024-05-28,10.34,M182,2.9,P6,华东,男,31,1,
E11641,BU-3,财务,财务|Spark|运营,0,2,1,CFA,2021-10-13,3.06,M190,2.67,P6,华中,男,22,1,
E11642,BU-2,财务,Java,0,3,1,K8s-CKA,2021-11-02,2.05,M175,4.0,P3,东北,男,30,1,
E11643,BU-1,客服,PM|审计|Spark,0,3,1,K8s-CKA,2022-03-23,1.17,M174,3.93,P4,西南,女,43,1,
E11644,BU-4,客服,运营|AI/ML,1,0,0,,2021-06-04,0.23,M125,3.25,P3,华东,男,23,1,
E11645,BU-3,产品,Spark|PM,0,0,0,,2022-09-09,1.51,M198,3.86,P3,华北,男,40,1,
E11646,BU-3,运营,Python|AI/ML|财务|审计,1,0,0,,2021-12-23,1.81,M181,2.33,P5,华南,女,40,1,
E11647,BU-4,市场,审计|Python|Go|React,0,0,0,,2024-01-20,2.81,M132,3.23,P4,西南,女,47,1,
E11648,BU-1,客服,Go|BD,0,2,1,TensorFlow,2020-12-24,2.31,M109,2.56,P5,华中,女,31,1,
E11649,BU-5,运营,财务|Spark,0,0,0,,2023-06-06,1.91,M159,3.64,P7,华南,女,31,1,
E11650,BU-3,HR,BD|财务|React|运营,0,0,0,,2020-04-04,3.97,M151,4.82,P6,东北,女,37,1,
E11651,BU-4,产品,审计|PM,0,3,1,AWS,2020-12-02,11.07,M154,3.82,P6,华东,男,30,1,
E11652,BU-4,运营,Java,0,0,0,,2021-08-26,0.1,M128,3.19,P4,华东,女,30,1,
E11653,BU-3,销售,审计|Java|Go|Spark,0,0,0,,2020-01-08,0.39,M134,2.44,P6,西南,女,34,1,
E11654,BU-6,客服,审计,0,0,0,,2021-02-20,5.49,M121,3.28,P3,华南,男,31,1,
E11655,BU-6,客服,Go,0,0,0,,2023-06-10,0.34,M110,3.19,P4,华东,男,44,1,
E11656,BU-3,销售,AI/ML|财务,1,0,0,,2022-06-04,3.66,M105,2.73,P5,西南,女,25,1,
E11657,BU-5,运营,K8s|PM|Spark|审计,0,0,0,,2020-04-05,7.9,M169,3.46,P3,西南,女,37,1,
E11658,BU-4,产品,Spark|Go,0,0,0,,2022-10-05,1.64,M182,2.91,P5,华南,男,22,1,
E11659,BU-2,HR,React,0,0,0,,2022-09-23,1.81,M131,4.06,P4,西南,女,37,1,
E11660,BU-6,财务,运营|财务|PM|审计,0,0,0,,2020-12-28,16.15,M154,3.01,P6,华北,女,31,1,
E11661,BU-6,运营,Spark,0,2,1,ACP,2021-02-22,3.52,M198,3.81,P4,西南,男,22,1,
E11662,BU-6,客服,K8s,0,3,1,AWS,2020-05-23,4.3,M162,4.25,P6,西南,男,48,1,
E11663,BU-1,财务,运营|BD|AI/ML|财务,1,0,0,,2024-11-28,0.2,M140,3.52,P3,华中,男,38,1,
E11664,BU-6,产品,Go|Python,0,0,0,,2020-12-31,0.75,M107,2.96,P4,华北,男,30,0,
E11665,BU-1,运营,Python,0,0,0,,2021-09-16,0.25,M197,3.76,P7,西南,男,36,1,
E11666,BU-3,市场,React|AI/ML|Go|PM,1,0,0,,2020-08-07,1.21,M192,3.35,P3,东北,女,35,1,
E11667,BU-6,销售,PM|运营,0,3,1,CFA,2024-01-22,0.96,M150,3.39,P5,华南,女,41,1,
E11668,BU-3,产品,Java,0,0,0,,2024-08-23,3.58,M124,4.1,P4,西南,女,43,1,
E11669,BU-2,研发,Python,0,0,0,,2021-04-10,9.16,M148,3.51,P5,华东,女,53,1,
E11670,BU-1,运营,Python|PM|React|K8s,0,0,0,,2021-01-31,12.88,M121,3.88,P3,西南,男,31,1,
E11671,BU-1,客服,PM|K8s|AI/ML,1,0,0,,2020-01-08,5.02,M158,4.38,P5,西南,女,37,1,
E11672,BU-1,客服,K8s|财务,0,0,0,,2020-05-30,3.79,M140,3.81,P6,西南,女,28,1,
E11673,BU-2,运营,React|K8s,0,2,1,AWS,2020-06-08,0.18,M155,4.23,P3,华中,男,36,1,
E11674,BU-3,HR,React,0,0,0,,2023-08-01,0.24,M197,3.74,P4,华南,女,34,1,
E11675,BU-1,研发,BD|Spark|Java,0,0,0,,2024-08-19,7.25,M128,3.68,P7,华南,女,36,1,
E11676,BU-5,研发,BD|PM,0,3,1,PMP,2024-09-24,7.23,M103,3.6,P6,西南,男,24,1,
E11677,BU-6,市场,财务,0,0,0,,2023-03-14,1.63,M173,3.2,P3,西南,女,43,1,
E11678,BU-2,运营,Python,0,0,0,,2020-02-22,2.77,M182,2.67,P4,华东,女,34,1,
E11679,BU-5,运营,审计,0,0,0,,2024-03-27,4.8,M145,3.12,P3,华中,女,22,1,
E11680,BU-2,运营,运营|Python,0,0,0,,2023-08-02,5.1,M145,3.47,P7,东北,女,37,1,
E11681,BU-3,销售,PM|审计|BD,0,0,0,,2023-05-25,0.33,M179,3.95,P5,华南,男,36,1,
E11682,BU-4,产品,PM|Go|AI/ML|K8s,1,0,0,,2020-03-19,2.43,M152,4.13,P7,华南,女,37,1,
E11683,BU-3,HR,Go|AI/ML|PM,1,0,0,,2021-09-19,10.56,M130,3.53,P4,华北,女,44,1,
E11684,BU-5,市场,React|运营,0,0,0,,2021-04-24,1.71,M189,3.04,P4,华东,女,30,1,
E11685,BU-2,HR,BD,0,0,0,,2020-10-07,3.92,M113,4.85,P7,东北,男,43,1,
E11686,BU-6,财务,React|Go|Spark,0,0,0,,2022-10-26,16.43,M158,3.13,P3,华中,女,42,1,
E11687,BU-3,研发,PM|审计|Java|K8s,0,0,0,,2023-12-31,6.34,M180,3.05,P7,西南,女,37,1,
E11688,BU-3,财务,财务,0,2,1,CFA,2022-04-18,7.89,M110,3.45,P5,东北,男,33,1,
E11689,BU-4,运营,财务|审计|Python,0,0,0,,2021-09-08,1.8,M163,4.03,P5,华北,女,33,1,
E11690,BU-5,运营,PM|Python|K8s|审计,0,0,0,,2021-04-28,7.61,M108,3.69,P4,东北,女,33,1,
E11691,BU-1,HR,Python|Spark|Go|Java,0,2,1,K8s-CKA,2023-12-25,2.79,M148,3.74,P4,华南,女,30,1,
E11692,BU-6,产品,Java|BD|Go|Spark,0,0,0,,2024-03-09,3.13,M184,3.38,P6,华北,男,35,1,
E11693,BU-5,财务,K8s,0,0,0,,2020-02-11,1.34,M169,2.22,P5,华东,女,31,1,
E11694,BU-2,研发,Python,0,0,0,,2024-04-21,4.08,M163,4.28,P7,华中,男,30,1,
E11695,BU-6,财务,Spark|运营|BD,0,0,0,,2023-06-09,7.5,M199,4.07,P7,西南,女,38,1,
E11696,BU-3,产品,Java|Go,0,2,1,TensorFlow,2022-04-07,1.77,M155,3.66,P6,华南,男,28,1,
E11697,BU-2,运营,PM|React,0,0,0,,2023-08-19,1.03,M176,3.33,P5,华北,女,22,1,
E11698,BU-6,产品,财务|Spark|运营,0,0,0,,2022-05-05,2.58,M120,3.74,P4,华东,女,44,1,
E11699,BU-6,产品,运营|Spark,0,0,0,,2020-08-28,3.72,M107,2.5,P6,华南,男,32,1,
E11700,BU-1,销售,BD|Java|审计|Spark,0,0,0,,2023-06-05,3.02,M160,3.55,P6,华东,男,35,1,
E11701,BU-3,HR,Python,0,0,0,,2021-06-17,0.23,M141,3.54,P6,华东,男,38,1,
E11702,BU-3,产品,Go|Spark|运营,0,0,0,,2020-04-20,3.38,M192,3.36,P7,西南,女,30,1,
E11703,BU-4,财务,审计|Java|Spark,0,1,1,CFA,2024-07-29,1.8,M189,3.19,P6,西南,男,29,1,
E11704,BU-6,市场,财务|React,0,1,1,TensorFlow,2021-05-11,6.44,M125,4.03,P5,华中,男,26,1,
E11705,BU-6,产品,审计|Spark,0,2,1,TensorFlow,2023-05-14,4.58,M158,3.19,P3,华东,女,41,1,
E11706,BU-4,市场,BD,0,3,1,AWS,2021-10-28,2.49,M196,4.22,P6,华中,女,31,1,
E11707,BU-5,财务,财务|React|BD,0,0,0,,2022-02-08,2.61,M187,3.45,P6,华中,男,25,1,
E11708,BU-6,HR,审计|PM|Spark|Python,0,0,0,,2024-11-03,4.82,M194,3.88,P7,华东,女,32,1,
E11709,BU-5,研发,PM,0,0,0,,2022-09-21,4.51,M155,3.09,P6,华北,女,24,1,
E11710,BU-6,研发,React|运营|Go|审计,0,0,0,,2024-08-14,0.69,M174,4.1,P5,华中,男,27,1,
E11711,BU-4,客服,BD|PM,0,0,0,,2020-01-25,2.86,M169,4.2,P6,华北,女,28,1,
E11712,BU-5,运营,财务|Go,0,0,0,,2021-08-25,1.25,M102,2.22,P3,华中,男,35,1,
E11713,BU-4,运营,Go,0,0,0,,2021-01-18,2.09,M119,2.87,P3,华南,女,32,1,
E11714,BU-5,研发,Java|Python|PM,0,0,0,,2021-02-22,4.83,M175,3.51,P7,华东,女,22,1,
E11715,BU-3,客服,React|Go,0,0,0,,2020-06-22,0.4,M198,3.31,P4,华南,男,42,1,
E11716,BU-6,销售,审计|BD|AI/ML|React,1,0,0,,2022-12-15,3.06,M196,2.6,P5,华东,男,38,1,
E11717,BU-1,客服,PM,0,0,0,,2023-01-01,9.01,M197,2.5,P3,西南,女,27,1,
E11718,BU-6,市场,Python|AI/ML|React,1,0,0,,2021-07-07,4.9,M126,2.47,P7,东北,女,29,1,
E11719,BU-3,运营,Spark|React|Java|BD,0,0,0,,2022-08-10,1.93,M134,3.25,P7,东北,男,33,1,
E11720,BU-4,财务,财务|运营|BD,0,0,0,,2021-08-05,2.76,M124,3.05,P6,华南,男,39,1,
E11721,BU-4,运营,AI/ML|Spark|审计,1,0,0,,2020-02-08,1.56,M127,4.22,P5,华北,女,36,1,
E11722,BU-3,客服,Python,0,0,0,,2020-12-05,0.33,M102,3.69,P4,华中,男,45,1,
E11723,BU-4,HR,K8s|Python,0,1,1,TensorFlow,2023-12-02,1.65,M119,3.91,P5,华北,男,47,1,
E11724,BU-3,市场,K8s,0,0,0,,2024-03-23,1.09,M163,2.22,P4,华南,女,27,1,
E11725,BU-4,销售,运营,0,0,0,,2023-09-19,1.0,M177,4.35,P7,东北,男,28,1,
E11726,BU-3,客服,审计|Spark,0,0,0,,2024-05-06,4.7,M113,4.32,P4,东北,女,22,1,
E11727,BU-6,客服,Java|财务|运营,0,0,0,,2024-02-22,1.14,M125,3.54,P3,东北,男,45,1,
E11728,BU-5,销售,运营|BD|Spark|AI/ML,1,0,0,,2024-02-14,0.88,M198,3.31,P6,华北,女,29,1,
E11729,BU-1,销售,Python|K8s,0,0,0,,2024-04-05,0.1,M137,2.58,P4,华南,男,29,1,
E11730,BU-3,财务,BD|运营|Java|Spark,0,0,0,,2023-02-19,1.03,M149,4.0,P5,东北,女,30,1,
E11731,BU-2,HR,审计|AI/ML|BD,1,0,0,,2024-05-11,4.19,M188,3.29,P6,华东,女,29,1,
E11732,BU-1,产品,Go|AI/ML|BD|运营,1,0,0,,2020-02-26,2.32,M126,4.09,P3,华东,男,22,1,
E11733,BU-3,销售,AI/ML|Java,1,0,0,,2022-06-15,1.62,M179,4.56,P5,华南,男,29,1,
E11734,BU-2,HR,运营|Spark|BD|AI/ML,1,0,0,,2022-10-22,2.05,M151,3.6,P5,华东,女,40,1,
E11735,BU-2,市场,React,0,0,0,,2022-04-07,7.31,M118,3.26,P7,东北,女,40,1,
E11736,BU-3,HR,财务|运营|AI/ML|Go,1,0,0,,2024-07-09,3.14,M166,3.75,P7,华南,男,42,1,
E11737,BU-1,市场,Spark|K8s|财务,0,1,1,K8s-CKA,2022-11-14,1.78,M155,3.4,P3,华东,女,24,1,
E11738,BU-3,财务,审计|Java|财务,0,2,1,AWS,2021-05-02,8.94,M134,3.54,P3,东北,女,35,1,
E11739,BU-4,财务,Spark,0,0,0,,2022-08-08,6.9,M191,3.62,P7,华中,男,23,1,
E11740,BU-6,运营,BD|Python,0,0,0,,2022-01-02,1.82,M121,4.6,P4,华东,男,31,1,
E11741,BU-5,产品,BD,0,1,1,CFA,2020-10-12,4.75,M187,4.06,P6,东北,女,39,1,
E11742,BU-1,销售,Spark|审计|BD,0,0,0,,2024-04-26,2.93,M153,3.56,P3,华北,男,33,1,
E11743,BU-3,客服,PM,0,0,0,,2020-01-02,2.7,M158,2.99,P6,华南,女,31,1,
E11744,BU-5,客服,Python|K8s|审计,0,0,0,,2021-12-04,16.07,M159,3.46,P5,华南,女,23,1,
E11745,BU-3,销售,Spark|BD|K8s,0,0,0,,2020-12-19,2.14,M156,3.35,P6,西南,女,30,1,
E11746,BU-2,客服,Go|财务|React|Java,0,0,0,,2020-02-19,6.43,M172,3.55,P3,华南,女,45,1,
E11747,BU-2,销售,React,0,0,0,,2024-07-31,0.91,M105,3.19,P6,华南,男,34,1,
E11748,BU-6,研发,Spark,0,0,0,,2022-01-24,0.4,M160,3.53,P6,华南,女,27,1,
E11749,BU-4,市场,React|PM,0,3,1,ACP,2023-09-02,1.58,M157,3.09,P7,华南,男,33,1,
E11750,BU-5,市场,Go|AI/ML,1,0,0,,2020-03-16,2.95,M111,3.68,P7,东北,男,39,1,
E11751,BU-1,财务,K8s|PM|Go|React,0,0,0,,2022-09-02,1.23,M182,3.39,P5,华中,男,46,1,
E11752,BU-3,市场,Python|Go|PM,0,0,0,,2021-09-20,1.22,M196,3.66,P4,华南,男,41,1,
E11753,BU-5,产品,React|运营|AI/ML,1,0,0,,2024-06-27,1.99,M194,3.53,P7,西南,男,22,1,
E11754,BU-5,市场,Go|BD|审计|K8s,0,1,1,Oracle DBA,2020-08-01,22.58,M167,3.0,P3,华南,女,23,1,
E11755,BU-5,财务,BD|财务,0,0,0,,2020-01-29,9.61,M110,2.94,P7,华中,女,50,1,
E11756,BU-5,HR,Java|PM|AI/ML|Go,1,0,0,,2020-02-07,4.07,M141,4.02,P5,华中,男,40,1,
E11757,BU-3,客服,审计|运营,0,0,0,,2020-05-31,1.73,M188,4.21,P5,华南,女,53,1,
E11758,BU-5,运营,React|AI/ML|财务|BD,1,0,0,,2020-02-07,1.08,M150,3.8,P7,西南,男,27,1,
E11759,BU-3,市场,Python|AI/ML|Spark,1,0,0,,2020-04-09,0.19,M111,4.47,P5,华中,女,32,0,
E11760,BU-4,HR,BD|AI/ML|React|Python,1,0,0,,2020-06-24,0.69,M113,4.04,P7,华中,男,27,1,
E11761,BU-1,产品,Java,0,0,0,,2021-01-19,0.1,M170,4.08,P3,华中,女,32,0,
E11762,BU-4,研发,Java|AI/ML|Python,1,0,0,,2023-12-15,4.81,M116,3.27,P4,西南,女,29,1,
E11763,BU-6,财务,Spark|审计,0,0,0,,2020-02-28,13.0,M154,3.11,P6,华北,女,25,1,
E11764,BU-4,研发,PM|React|Spark|Java,0,0,0,,2020-10-10,3.04,M101,3.41,P3,华北,女,44,1,
E11765,BU-1,市场,K8s|财务,0,0,0,,2021-07-05,1.02,M174,3.4,P6,华北,女,36,1,
E11766,BU-2,客服,React|财务|K8s|审计,0,0,0,,2021-02-04,4.89,M127,3.17,P6,华中,男,35,1,
E11767,BU-1,运营,K8s|Python,0,0,0,,2023-08-08,2.71,M191,1.75,P4,东北,男,27,1,
E11768,BU-5,HR,Spark|BD,0,0,0,,2022-01-09,2.92,M138,3.19,P5,西南,女,43,1,
E11769,BU-5,客服,运营|BD|审计,0,0,0,,2024-02-18,4.04,M101,3.37,P4,华北,男,32,1,
E11770,BU-2,市场,Python,0,0,0,,2023-07-26,0.36,M112,3.34,P6,华东,男,45,1,
E11771,BU-6,运营,Python,0,0,0,,2024-10-21,4.35,M172,3.63,P6,华南,女,40,1,
E11772,BU-3,产品,Java|PM|Go|AI/ML,1,0,0,,2021-08-13,1.56,M140,3.39,P4,西南,男,26,1,
E11773,BU-4,HR,审计,0,0,0,,2021-12-21,2.87,M148,4.26,P5,华南,男,25,1,
E11774,BU-5,市场,AI/ML|Java|PM|Go,1,0,0,,2023-11-24,6.79,M105,2.94,P4,华东,女,33,1,
E11775,BU-6,研发,React|K8s,0,0,0,,2020-06-01,5.61,M156,3.36,P3,华南,男,31,1,
E11776,BU-1,客服,Go|Python|BD,0,0,0,,2023-10-16,11.25,M166,3.06,P5,华东,女,35,1,
E11777,BU-3,客服,审计|Java,0,0,0,,2020-10-20,1.01,M174,3.54,P6,东北,女,35,1,
E11778,BU-2,研发,PM,0,3,1,Oracle DBA,2022-06-19,3.15,M182,3.33,P6,西南,女,25,1,
E11779,BU-5,运营,Spark,0,3,1,AWS,2023-06-01,0.21,M173,3.41,P7,华北,男,35,1,
E11780,BU-6,运营,财务|PM,0,0,0,,2024-10-30,9.4,M165,4.27,P7,东北,女,31,1,
E11781,BU-4,市场,PM|BD|审计,0,1,1,K8s-CKA,2021-10-12,0.94,M163,4.46,P5,华南,女,43,1,
E11782,BU-2,研发,BD,0,0,0,,2022-11-30,1.73,M129,3.23,P4,华北,男,28,1,
E11783,BU-6,运营,PM|K8s|Go,0,0,0,,2024-04-05,1.07,M123,4.07,P7,华南,男,41,1,
E11784,BU-4,研发,运营,0,0,0,,2020-05-06,4.93,M105,2.71,P5,东北,女,34,1,
E11785,BU-6,运营,BD,0,0,0,,2023-08-07,9.21,M122,3.54,P4,东北,男,33,1,
E11786,BU-3,HR,Go|AI/ML,1,0,0,,2020-08-26,2.02,M162,4.65,P4,西南,女,22,1,
E11787,BU-4,市场,React|K8s|财务|BD,0,0,0,,2021-08-04,1.82,M155,2.98,P3,华北,男,40,1,
E11788,BU-4,HR,财务|Java|PM,0,0,0,,2021-08-31,2.13,M159,3.63,P3,西南,女,46,1,
E11789,BU-5,HR,Spark,0,0,0,,2023-06-30,0.25,M100,4.34,P7,东北,女,37,1,
E11790,BU-1,产品,Spark|BD,0,0,0,,2022-12-22,9.57,M138,3.21,P6,华东,男,33,1,
E11791,BU-5,销售,BD|Python|Java|Spark,0,1,1,ACP,2024-09-01,7.27,M172,3.4,P4,西南,男,31,1,
E11792,BU-4,产品,BD,0,0,0,,2024-04-29,7.49,M174,3.87,P4,东北,男,36,1,
E11793,BU-2,HR,Python|Go,0,0,0,,2021-05-09,3.33,M149,3.0,P3,西南,女,29,1,
E11794,BU-2,财务,AI/ML,1,0,0,,2024-09-11,0.54,M143,3.17,P4,西南,女,30,1,
E11795,BU-3,销售,Java|Go,0,0,0,,2020-02-17,0.17,M130,4.06,P3,华北,男,30,1,
E11796,BU-2,财务,财务|Python|AI/ML,1,0,0,,2023-01-04,0.11,M112,4.53,P7,华南,男,33,1,
E11797,BU-3,市场,Spark|Python|审计|Go,0,0,0,,2022-12-12,1.07,M159,3.13,P3,华中,女,30,1,
E11798,BU-2,销售,Java|Go,0,0,0,,2020-04-28,0.9,M152,4.35,P4,华东,女,28,0,
E11799,BU-4,客服,审计|K8s,0,0,0,,2023-08-21,6.56,M161,3.24,P6,华中,女,22,1,
E11800,BU-6,销售,运营|Go|React,0,3,1,CFA,2021-09-03,7.11,M195,3.54,P6,华南,男,34,1,
E11801,BU-2,销售,Java,0,0,0,,2022-03-02,8.88,M150,3.61,P5,华北,女,47,1,
E11802,BU-1,市场,运营|K8s|AI/ML|Go,1,0,0,,2023-08-04,15.51,M132,3.56,P4,东北,男,23,1,
E11803,BU-2,研发,Spark|Go|Python|BD,0,0,0,,2023-12-12,1.31,M161,1.85,P6,华北,女,31,1,
E11804,BU-1,研发,Python|BD|运营|审计,0,0,0,,2024-07-27,0.55,M150,2.81,P5,华南,男,40,1,
E11805,BU-5,研发,审计|运营,0,0,0,,2023-10-26,5.24,M111,3.01,P4,华北,男,27,0,
E11806,BU-1,运营,AI/ML|K8s|BD|PM,1,0,0,,2020-06-19,6.78,M124,2.72,P3,华中,男,28,1,
E11807,BU-2,研发,审计|财务|PM|运营,0,0,0,,2020-12-30,1.03,M105,3.13,P5,华东,女,36,1,
E11808,BU-5,客服,审计|运营|BD|Go,0,3,1,Oracle DBA,2024-09-17,1.05,M134,3.54,P3,华南,男,38,1,
E11809,BU-4,运营,React|Python|BD,0,0,0,,2022-08-26,0.65,M151,2.36,P3,华东,女,35,1,
E11810,BU-1,运营,PM|Java|审计|Python,0,0,0,,2024-11-26,2.81,M194,3.56,P5,东北,女,35,1,
E11811,BU-2,研发,K8s|Spark,0,0,0,,2021-11-07,4.43,M138,4.11,P4,华中,女,42,1,
E11812,BU-5,HR,Spark,0,0,0,,2020-07-01,3.0,M130,3.85,P6,华南,女,37,1,
E11813,BU-6,财务,Python,0,0,0,,2020-09-07,0.98,M111,2.99,P3,西南,女,29,1,
E11814,BU-5,HR,Python|React|BD,0,2,1,AWS,2022-10-27,4.68,M186,2.82,P7,华北,男,40,1,
E11815,BU-2,产品,Go|财务|Java|审计,0,0,0,,2020-02-05,0.43,M171,3.56,P4,华中,男,34,1,
E11816,BU-1,运营,AI/ML,1,0,0,,2022-11-18,0.93,M187,3.91,P3,华中,男,40,1,
E11817,BU-6,市场,Spark|Go|BD,0,0,0,,2024-04-22,1.9,M169,3.91,P5,华中,女,22,1,
E11818,BU-3,客服,K8s|React|BD,0,0,0,,2020-10-13,3.35,M159,3.76,P5,华东,女,22,1,
E11819,BU-1,销售,K8s|Java|Go,0,1,1,PMP,2020-06-17,6.08,M192,2.43,P3,华北,男,32,1,
E11820,BU-3,研发,PM|Python,0,0,0,,2021-05-12,0.55,M126,3.9,P4,华东,女,39,1,
E11821,BU-5,客服,K8s|审计,0,0,0,,2021-02-01,6.33,M168,2.36,P4,华中,男,28,1,
E11822,BU-4,运营,React|Python,0,0,0,,2023-03-15,4.05,M171,3.44,P3,华北,女,38,1,
E11823,BU-1,销售,PM,0,0,0,,2022-05-19,2.96,M162,2.88,P5,西南,男,30,1,
E11824,BU-6,销售,财务,0,0,0,,2022-07-21,0.78,M199,3.61,P4,华中,女,37,1,
E11825,BU-3,HR,Spark|React,0,0,0,,2020-09-07,2.9,M193,3.31,P5,东北,女,31,1,
E11826,BU-2,产品,审计|React|运营|财务,0,2,1,PMP,2020-06-28,0.92,M115,3.44,P5,华南,男,36,1,
E11827,BU-3,市场,React|Go|K8s,0,0,0,,2020-02-05,4.25,M187,2.49,P6,东北,女,39,1,
E11828,BU-4,研发,K8s|Go|AI/ML,1,0,0,,2020-06-25,5.94,M123,3.56,P7,西南,女,35,1,
E11829,BU-2,市场,K8s|React|Go|审计,0,2,1,PMP,2023-12-19,11.48,M114,2.79,P4,东北,女,45,1,
E11830,BU-2,市场,Spark|Python|审计|Java,0,2,1,K8s-CKA,2020-10-08,3.27,M115,3.06,P6,西南,男,46,1,
E11831,BU-1,市场,K8s|Spark|Go,0,0,0,,2023-11-24,0.41,M125,3.24,P5,华北,男,27,1,
E11832,BU-3,运营,财务,0,0,0,,2021-04-06,1.63,M116,3.56,P6,西南,男,29,1,
E11833,BU-5,研发,Go,0,0,0,,2022-12-17,1.5,M136,2.95,P7,华东,女,43,1,
E11834,BU-5,销售,PM|Python,0,0,0,,2020-12-23,7.44,M128,3.23,P4,西南,男,29,1,
E11835,BU-6,客服,Python|财务|Java,0,1,1,K8s-CKA,2021-08-23,2.15,M134,3.8,P7,华南,男,27,1,
E11836,BU-2,运营,BD|Java|审计,0,0,0,,2023-01-29,0.1,M176,2.71,P7,华中,女,22,1,
E11837,BU-1,产品,Go,0,0,0,,2020-05-19,0.1,M184,2.77,P4,华中,女,41,1,
E11838,BU-4,市场,Python|PM,0,0,0,,2022-09-26,0.25,M130,2.55,P6,华北,男,39,1,
E11839,BU-2,HR,运营,0,0,0,,2023-06-18,1.01,M100,2.54,P5,华北,女,38,1,
E11840,BU-3,财务,Java|Python,0,0,0,,2022-02-15,2.18,M107,3.19,P5,东北,男,29,1,
E11841,BU-2,产品,运营|Java,0,0,0,,2020-06-12,0.38,M152,3.75,P7,华东,女,34,1,
E11842,BU-6,产品,K8s|Python,0,0,0,,2020-08-21,10.02,M145,2.34,P7,东北,女,36,1,
E11843,BU-2,市场,运营|Spark,0,0,0,,2024-04-28,4.51,M147,4.08,P6,华中,男,42,1,
E11844,BU-1,财务,Go|财务|K8s|Java,0,0,0,,2022-07-10,16.39,M150,3.3,P3,华东,女,30,1,
E11845,BU-1,运营,K8s,0,2,1,AWS,2022-04-17,10.23,M194,3.51,P7,东北,女,25,1,
E11846,BU-3,客服,Java|Python|财务,0,0,0,,2023-07-12,0.28,M181,2.43,P6,华东,男,25,1,
E11847,BU-2,市场,Python|AI/ML|财务,1,0,0,,2024-03-17,0.56,M115,4.23,P5,华中,女,22,1,
E11848,BU-1,销售,Python|Java|审计,0,0,0,,2021-03-08,3.16,M189,4.76,P7,华东,男,30,0,
E11849,BU-6,HR,Spark|Go|审计,0,0,0,,2021-04-25,1.83,M109,4.36,P6,华中,女,40,0,
E11850,BU-6,客服,Java|Spark|K8s|PM,0,0,0,,2020-08-07,4.25,M186,3.37,P5,华北,女,35,1,
E11851,BU-4,产品,Java,0,0,0,,2022-06-17,18.71,M124,4.14,P4,东北,女,45,1,
E11852,BU-1,产品,财务|Java,0,0,0,,2021-11-02,0.4,M130,3.66,P7,西南,女,35,1,
E11853,BU-3,销售,审计|运营,0,0,0,,2024-05-09,4.58,M135,2.46,P7,东北,男,22,1,
E11854,BU-6,市场,Java,0,0,0,,2020-06-10,1.03,M165,3.84,P3,华东,男,41,1,
E11855,BU-1,HR,BD|React|Go,0,0,0,,2023-10-09,8.47,M154,3.08,P7,华东,女,28,1,
E11856,BU-5,运营,K8s|BD,0,0,0,,2022-11-06,4.56,M131,3.89,P4,华北,男,37,1,
E11857,BU-6,研发,审计,0,1,1,TensorFlow,2020-02-17,0.11,M106,4.47,P6,华中,女,28,1,
E11858,BU-2,财务,BD|Go|Java|K8s,0,3,1,Oracle DBA,2021-02-01,2.36,M112,3.47,P7,华东,女,26,1,
E11859,BU-2,市场,BD|K8s|PM|审计,0,0,0,,2023-11-24,0.87,M158,3.79,P5,华南,女,30,1,
E11860,BU-1,销售,PM|K8s|Java|AI/ML,1,0,0,,2022-11-09,2.57,M177,3.28,P3,华北,男,37,1,
E11861,BU-1,市场,Spark|PM,0,0,0,,2021-07-31,1.11,M112,2.33,P4,华南,男,26,1,
E11862,BU-3,财务,PM|运营,0,0,0,,2020-10-19,1.26,M196,3.16,P7,华中,男,37,1,
E11863,BU-4,财务,React|K8s|Python,0,0,0,,2021-01-03,5.11,M180,3.49,P5,华南,女,36,1,
E11864,BU-1,研发,运营|AI/ML|React,1,0,0,,2023-09-08,10.37,M108,3.86,P5,华北,女,35,1,
E11865,BU-4,市场,PM,0,0,0,,2024-08-24,0.22,M149,3.18,P5,东北,女,28,1,
E11866,BU-2,产品,React|Java|审计|K8s,0,0,0,,2022-09-17,12.39,M112,2.85,P7,华东,女,26,1,
E11867,BU-1,HR,财务,0,0,0,,2022-04-07,5.87,M179,2.8,P4,华中,男,28,1,
E11868,BU-5,销售,K8s|审计|Python|财务,0,1,1,ACP,2023-01-28,1.12,M128,3.35,P6,东北,女,33,1,
E11869,BU-4,销售,PM|审计|K8s|AI/ML,1,0,0,,2021-02-13,0.1,M126,3.36,P5,东北,男,34,1,
E11870,BU-2,运营,运营|Java|Go,0,1,1,AWS,2022-01-26,6.68,M152,2.97,P4,华南,男,32,1,
E11871,BU-5,客服,Spark|审计|K8s|运营,0,0,0,,2023-08-19,1.15,M147,3.94,P6,华东,男,29,1,
E11872,BU-3,研发,审计,0,0,0,,2021-09-11,7.64,M148,3.09,P4,华中,男,31,1,
E11873,BU-5,运营,审计|AI/ML|Java,1,0,0,,2024-07-10,8.4,M133,2.53,P6,华南,女,24,1,
E11874,BU-3,市场,BD|Go|PM,0,3,1,AWS,2023-08-23,1.82,M130,3.87,P4,华东,女,26,1,
E11875,BU-5,财务,AI/ML,1,0,0,,2020-10-12,3.92,M167,2.8,P3,华南,女,28,1,
E11876,BU-3,销售,Python,0,0,0,,2024-08-29,1.76,M115,4.06,P5,西南,男,42,1,
E11877,BU-3,研发,K8s|运营|Go,0,0,0,,2021-01-29,0.1,M115,3.53,P4,东北,男,36,1,
E11878,BU-1,销售,BD,0,1,1,CFA,2021-07-17,6.96,M133,3.63,P7,华南,男,38,1,
E11879,BU-4,客服,财务|BD|K8s|PM,0,0,0,,2020-05-28,1.81,M139,3.92,P4,华南,女,32,1,
E11880,BU-2,运营,财务|K8s|PM|Python,0,1,1,CFA,2020-02-20,4.97,M173,3.54,P3,华南,男,40,1,
E11881,BU-1,HR,PM,0,0,0,,2024-07-29,2.82,M151,4.76,P5,华东,女,29,1,
E11882,BU-1,HR,Go,0,0,0,,2022-03-08,1.94,M132,4.24,P5,华东,女,31,1,
E11883,BU-5,运营,BD|Java|K8s|Spark,0,0,0,,2021-02-14,1.43,M120,3.15,P6,华东,女,39,1,
E11884,BU-5,财务,Spark,0,3,1,PMP,2024-12-05,0.89,M181,3.31,P7,东北,男,33,1,
E11885,BU-1,HR,K8s|BD|Go,0,0,0,,2021-03-03,2.3,M163,4.93,P3,华南,女,26,1,
E11886,BU-4,销售,财务|Go|BD|K8s,0,0,0,,2022-03-28,4.84,M146,3.99,P4,西南,男,26,1,
E11887,BU-5,销售,BD|PM|Go|React,0,0,0,,2020-11-14,2.9,M121,3.27,P3,东北,男,29,1,
E11888,BU-6,HR,Go,0,2,1,PMP,2022-03-16,2.7,M150,3.44,P7,华北,男,35,1,
E11889,BU-5,HR,AI/ML,1,2,1,K8s-CKA,2021-07-22,7.06,M131,3.09,P7,西南,男,57,1,
E11890,BU-1,研发,Go|K8s,0,0,0,,2021-10-14,0.27,M115,3.36,P6,东北,男,23,1,
E11891,BU-3,财务,审计,0,0,0,,2024-02-24,0.84,M116,2.44,P5,西南,男,34,1,
E11892,BU-5,研发,Go,0,0,0,,2022-06-13,2.2,M119,3.51,P5,华南,女,27,1,
E11893,BU-6,销售,BD|Go|运营,0,0,0,,2020-11-29,0.29,M127,3.54,P4,西南,男,25,1,
E11894,BU-1,HR,Java|Spark|BD|运营,0,0,0,,2020-03-13,4.87,M104,4.11,P4,华北,女,25,1,
E11895,BU-1,HR,运营,0,0,0,,2022-09-03,1.32,M196,3.12,P3,华南,男,33,1,
E11896,BU-5,研发,PM|AI/ML|审计,1,0,0,,2024-04-25,1.92,M134,3.0,P7,西南,男,32,1,
E11897,BU-5,财务,Java|AI/ML|审计,1,0,0,,2022-04-28,5.64,M158,2.98,P7,华南,男,34,1,
E11898,BU-5,客服,PM,0,1,1,CFA,2023-05-14,4.08,M104,3.68,P4,华东,男,46,1,
E11899,BU-3,客服,Java|Go,0,0,0,,2022-11-04,0.43,M101,3.34,P4,华东,女,25,1,
E11900,BU-5,研发,React|Go|AI/ML|财务,1,0,0,,2020-11-07,6.15,M112,3.54,P5,华中,男,30,1,
E11901,BU-2,市场,财务,0,0,0,,2023-10-28,5.85,M195,3.58,P4,华东,男,38,1,
E11902,BU-6,研发,财务|AI/ML|Go|运营,1,0,0,,2022-02-28,0.19,M173,4.01,P3,华中,男,24,1,
E11903,BU-4,运营,React|Java|Python,0,0,0,,2022-08-10,0.97,M151,3.9,P5,华南,女,25,1,
E11904,BU-3,产品,Spark|BD,0,0,0,,2020-02-10,3.18,M130,2.88,P6,华中,女,23,1,
E11905,BU-3,产品,AI/ML|BD|运营,1,0,0,,2024-05-01,1.78,M199,3.54,P5,华北,男,27,1,
E11906,BU-3,HR,AI/ML|Spark|审计,1,0,0,,2023-10-13,6.92,M194,3.07,P5,华北,男,33,1,
E11907,BU-1,HR,Java|K8s|Spark|BD,0,0,0,,2021-07-31,11.33,M104,3.26,P6,西南,女,32,1,
E11908,BU-4,市场,审计|PM|Python|K8s,0,0,0,,2023-09-13,9.19,M183,4.27,P3,西南,男,33,1,
E11909,BU-1,产品,AI/ML|Spark,1,0,0,,2020-11-30,0.56,M109,4.43,P4,西南,男,32,1,
E11910,BU-4,财务,审计|Python|BD|K8s,0,0,0,,2021-11-13,7.78,M178,4.06,P6,华中,男,44,1,
E11911,BU-5,产品,Java|React,0,0,0,,2023-02-04,0.6,M127,4.03,P3,西南,男,48,1,
E11912,BU-5,产品,Go|Spark|PM|Python,0,0,0,,2022-06-13,2.12,M115,3.81,P4,华东,男,34,0,
E11913,BU-6,销售,PM,0,2,1,AWS,2023-08-12,0.1,M193,2.91,P7,华北,男,44,1,
E11914,BU-3,HR,BD|Go|审计|React,0,0,0,,2022-03-20,4.52,M118,3.48,P4,东北,男,30,0,
E11915,BU-1,市场,Python|K8s|财务|运营,0,0,0,,2023-12-08,9.89,M171,2.79,P4,东北,男,41,1,
E11916,BU-5,产品,React|审计,0,0,0,,2024-08-11,0.74,M179,2.83,P4,华东,女,26,1,
E11917,BU-1,运营,财务|运营|PM|审计,0,0,0,,2022-07-24,6.77,M198,3.63,P6,西南,男,37,1,
E11918,BU-5,HR,PM|财务|Go,0,1,1,CFA,2020-04-18,7.48,M125,3.25,P6,西南,男,38,1,
E11919,BU-4,市场,BD,0,0,0,,2024-07-13,1.22,M174,4.09,P3,华中,女,34,1,
E11920,BU-6,客服,运营|财务|PM,0,0,0,,2022-01-03,2.69,M194,2.74,P3,华南,男,43,1,
E11921,BU-3,HR,PM|审计|Go,0,0,0,,2024-10-09,5.31,M152,4.01,P4,华东,女,44,1,
E11922,BU-3,市场,PM,0,0,0,,2024-08-10,6.11,M118,3.05,P4,东北,男,35,1,
E11923,BU-5,研发,Python,0,0,0,,2020-02-15,0.63,M198,3.73,P5,东北,男,23,1,
E11924,BU-1,研发,AI/ML|Spark,1,0,0,,2023-09-27,2.71,M112,3.54,P7,华北,女,31,1,
E11925,BU-5,市场,AI/ML,1,0,0,,2021-02-28,2.07,M192,3.59,P4,华南,男,37,1,
E11926,BU-2,HR,K8s|React|Go|PM,0,3,1,CFA,2023-08-21,1.51,M127,3.02,P5,华东,女,35,1,
E11927,BU-2,财务,Go|审计|Python|K8s,0,0,0,,2021-06-14,0.25,M185,2.87,P7,华南,女,39,1,
E11928,BU-5,客服,财务|React|Python,0,0,0,,2020-12-17,13.48,M158,3.36,P5,华北,女,43,1,
E11929,BU-4,运营,运营|财务|Spark,0,0,0,,2021-05-20,1.96,M122,1.69,P5,东北,男,38,1,
E11930,BU-5,HR,K8s,0,0,0,,2021-11-02,3.7,M118,3.77,P5,华中,男,24,1,
E11931,BU-5,运营,Python|Java|K8s|财务,0,2,1,Oracle DBA,2021-02-07,15.33,M126,4.2,P7,西南,男,33,1,
E11932,BU-5,销售,Java|Spark|BD,0,0,0,,2024-07-30,4.72,M148,3.25,P6,华北,女,38,1,
E11933,BU-6,客服,BD,0,0,0,,2022-04-05,11.61,M104,4.11,P6,华北,男,32,1,
E11934,BU-2,HR,AI/ML|Spark,1,0,0,,2020-01-25,5.7,M103,3.44,P3,华北,男,38,1,
E11935,BU-3,产品,Go|React,0,0,0,,2021-12-13,5.59,M119,3.24,P3,华东,女,34,1,
E11936,BU-2,产品,审计,0,0,0,,2022-01-07,0.43,M106,2.61,P4,华中,男,35,1,
E11937,BU-2,HR,Java,0,0,0,,2022-01-07,1.65,M122,4.85,P5,东北,女,34,1,
E11938,BU-6,HR,AI/ML|Java,1,0,0,,2024-11-11,0.65,M128,4.02,P4,华中,女,22,1,
E11939,BU-6,运营,Go|财务|运营,0,2,1,K8s-CKA,2022-03-07,4.46,M177,3.15,P5,华南,女,39,1,
E11940,BU-5,研发,Spark|Python|BD,0,0,0,,2020-01-09,18.29,M189,4.07,P4,华北,男,44,1,
E11941,BU-3,销售,Go|PM|财务|React,0,0,0,,2023-05-28,4.54,M140,3.35,P4,华北,女,35,1,
E11942,BU-2,销售,Go|Java|Python|审计,0,0,0,,2020-08-06,3.21,M131,3.36,P7,华北,男,25,1,
E11943,BU-6,研发,BD,0,0,0,,2021-02-25,2.5,M102,3.09,P7,华北,男,33,1,
E11944,BU-3,客服,运营|Java,0,0,0,,2023-04-22,2.42,M149,3.84,P3,华东,男,33,1,
E11945,BU-3,运营,审计|Python,0,0,0,,2022-08-29,1.42,M164,2.57,P7,西南,女,22,1,
E11946,BU-5,产品,运营|财务|Spark,0,0,0,,2022-07-25,9.6,M133,2.26,P4,华北,男,36,1,
E11947,BU-4,运营,Python,0,0,0,,2021-03-15,0.49,M161,2.46,P4,华中,男,25,1,
E11948,BU-4,产品,Java,0,0,0,,2021-03-22,0.42,M196,3.72,P3,华东,女,35,1,
E11949,BU-1,HR,PM|K8s|审计,0,0,0,,2020-05-26,3.22,M106,3.08,P5,华北,女,31,1,
E11950,BU-6,HR,AI/ML|Go,1,0,0,,2020-09-28,7.01,M170,4.2,P5,华中,男,31,1,
E11951,BU-1,运营,财务|AI/ML|审计,1,0,0,,2024-07-29,4.89,M184,3.16,P4,华东,男,34,1,
E11952,BU-5,市场,BD,0,0,0,,2020-06-29,0.18,M176,4.02,P6,华南,男,27,1,
E11953,BU-1,客服,运营|Go,0,0,0,,2023-02-23,8.66,M152,2.67,P7,华东,男,25,1,
E11954,BU-4,研发,AI/ML|Python|React|Java,1,0,0,,2023-07-05,7.55,M134,3.89,P7,华南,男,27,1,
E11955,BU-4,客服,PM|审计|React|Python,0,2,1,Oracle DBA,2024-09-06,3.88,M193,3.33,P6,西南,女,35,1,
E11956,BU-5,销售,BD|PM|Python|审计,0,0,0,,2023-07-14,3.11,M141,3.9,P7,华南,女,37,1,
E11957,BU-5,运营,BD|审计|Go,0,0,0,,2021-06-04,6.84,M124,2.64,P4,东北,女,22,1,
E11958,BU-6,财务,Go|Python,0,0,0,,2024-01-02,5.73,M132,3.05,P3,西南,男,33,1,
E11959,BU-5,财务,React|Python,0,0,0,,2022-01-15,4.71,M142,2.7,P7,东北,女,45,1,
E11960,BU-1,客服,财务,0,0,0,,2022-11-10,13.31,M199,3.65,P4,华东,男,26,1,
E11961,BU-2,客服,Python|财务|PM,0,0,0,,2020-11-06,3.64,M116,3.38,P3,华东,男,32,1,
E11962,BU-1,HR,K8s|React,0,0,0,,2023-09-08,5.51,M133,2.72,P5,华中,女,22,1,
E11963,BU-1,运营,审计,0,0,0,,2023-11-15,10.62,M125,3.57,P4,西南,女,29,1,
E11964,BU-2,研发,运营,0,0,0,,2023-10-21,0.12,M170,3.67,P6,华东,男,44,1,
E11965,BU-6,产品,BD,0,1,1,AWS,2020-10-13,3.7,M145,2.83,P3,华中,女,31,1,
E11966,BU-4,研发,财务,0,0,0,,2021-06-28,2.02,M141,3.58,P4,西南,男,29,1,
E11967,BU-1,财务,Spark|审计|K8s,0,3,1,PMP,2023-08-12,2.15,M196,3.87,P5,西南,女,35,1,
E11968,BU-4,财务,Spark|Python|审计,0,2,1,AWS,2020-03-15,7.56,M146,3.07,P4,华东,女,44,1,
E11969,BU-3,运营,Spark|AI/ML|Java,1,0,0,,2021-09-23,1.92,M183,2.77,P5,华南,女,24,1,
E11970,BU-4,产品,React|Python|Java|审计,0,0,0,,2022-02-19,1.73,M164,3.36,P7,西南,女,22,1,
E11971,BU-5,市场,Spark|财务|运营|React,0,3,1,K8s-CKA,2021-05-08,1.84,M115,3.4,P7,华北,男,37,1,
E11972,BU-2,HR,BD|PM,0,1,1,Oracle DBA,2024-10-31,6.04,M137,3.38,P7,华南,男,56,1,
E11973,BU-1,财务,Spark|AI/ML|财务|运营,1,0,0,,2023-04-04,0.66,M138,2.64,P4,东北,男,22,1,
E11974,BU-6,HR,PM|运营|Go|财务,0,3,1,TensorFlow,2024-06-10,0.48,M116,2.9,P7,华中,女,37,1,
E11975,BU-1,研发,Python|Java,0,0,0,,2023-01-11,5.67,M119,2.94,P7,华中,女,30,1,
E11976,BU-6,产品,K8s|PM|AI/ML|React,1,0,0,,2020-10-16,2.58,M192,2.4,P5,西南,女,22,1,
E11977,BU-3,客服,Go,0,0,0,,2023-08-17,2.34,M199,3.1,P6,华南,男,33,1,
E11978,BU-1,财务,运营,0,1,1,PMP,2022-11-13,3.13,M127,3.67,P3,东北,女,41,1,
E11979,BU-6,研发,运营|Python|Java,0,1,1,CFA,2020-10-31,4.04,M191,4.37,P3,西南,女,37,1,
E11980,BU-1,客服,财务|PM|React|Go,0,0,0,,2020-10-03,8.88,M185,3.03,P4,华东,女,26,1,
E11981,BU-6,运营,审计|Go,0,3,1,TensorFlow,2024-03-24,1.51,M188,3.36,P3,西南,女,29,1,
E11982,BU-1,产品,K8s|Python|Java,0,0,0,,2022-11-27,8.97,M122,3.04,P4,华中,男,28,1,
E11983,BU-1,销售,运营,0,0,0,,2021-09-10,1.56,M130,2.78,P4,华中,女,22,1,
E11984,BU-5,研发,BD|审计,0,0,0,,2023-06-25,0.66,M134,2.62,P5,华中,女,27,1,
E11985,BU-4,研发,财务|BD|Java,0,0,0,,2024-07-17,12.67,M107,3.35,P7,华东,女,29,1,
E11986,BU-3,研发,审计,0,0,0,,2021-09-07,1.7,M141,3.51,P6,东北,女,43,1,
E11987,BU-6,市场,财务|Go|BD|K8s,0,0,0,,2024-11-18,0.5,M194,2.9,P3,华南,男,36,1,
E11988,BU-1,销售,运营|React,0,0,0,,2022-12-13,5.09,M166,3.51,P6,华南,女,36,1,
E11989,BU-5,运营,Python|财务,0,0,0,,2023-09-03,6.92,M155,2.28,P4,华南,女,34,1,
E11990,BU-2,客服,Spark|审计|AI/ML,1,0,0,,2020-07-11,3.91,M117,4.2,P7,华东,女,39,1,
E11991,BU-2,销售,Spark|运营|Java|审计,0,1,1,ACP,2022-09-25,4.62,M151,4.39,P7,华中,男,37,1,
E11992,BU-1,产品,Go|Python|PM,0,0,0,,2021-03-03,2.27,M185,4.04,P3,华中,男,37,1,
E11993,BU-6,产品,Java|Python|Spark|PM,0,0,0,,2021-08-29,0.49,M191,3.23,P7,西南,女,44,1,
E11994,BU-5,运营,审计|K8s|Java|BD,0,0,0,,2021-01-04,0.5,M196,3.57,P7,华南,男,35,1,
E11995,BU-1,HR,Go,0,0,0,,2020-09-02,6.54,M149,3.09,P3,西南,女,33,1,
E11996,BU-1,销售,React|Java|Go,0,0,0,,2020-02-09,0.47,M172,2.84,P6,华北,男,33,1,
E11997,BU-4,客服,BD,0,0,0,,2020-04-28,6.69,M196,2.82,P5,华中,男,44,1,
E11998,BU-6,市场,Java|运营,0,0,0,,2023-07-18,8.77,M158,3.42,P4,华北,女,23,1,
E11999,BU-5,运营,Go|BD|Python,0,2,1,ACP,2024-11-27,18.88,M117,3.51,P3,东北,女,22,1,
E12000,BU-4,销售,PM|BD,0,0,0,,2023-07-26,3.26,M108,3.7,P5,华南,女,25,1,
E12001,BU-2,产品,财务,0,0,0,,2024-02-17,1.58,M163,3.35,P7,华中,男,30,1,
E12002,BU-6,市场,Go,0,0,0,,2021-09-09,16.3,M171,2.85,P4,华东,男,41,0,
E12003,BU-4,产品,运营|财务,0,0,0,,2020-08-11,4.33,M199,2.68,P3,华北,女,33,1,
E12004,BU-2,产品,K8s,0,1,1,Oracle DBA,2023-03-17,5.91,M160,3.12,P4,华中,女,33,1,
E12005,BU-2,研发,AI/ML,1,0,0,,2020-05-13,4.77,M187,3.68,P6,华北,男,25,1,
E12006,BU-1,HR,AI/ML|Go|运营|财务,1,0,0,,2023-08-31,2.11,M151,3.07,P4,华北,男,39,1,
E12007,BU-5,产品,Java|React|Python|运营,0,1,1,K8s-CKA,2020-08-09,0.78,M186,3.24,P6,华中,男,41,1,
E12008,BU-6,运营,Go|React|BD|Spark,0,2,1,TensorFlow,2024-02-17,2.83,M184,4.12,P3,华北,女,43,1,
E12009,BU-6,运营,财务,0,0,0,,2024-12-01,0.34,M183,3.88,P6,华北,女,35,1,
E12010,BU-4,运营,Python,0,0,0,,2024-10-22,1.46,M116,3.94,P7,华北,女,25,1,
E12011,BU-6,客服,K8s|PM,0,0,0,,2022-08-27,1.67,M100,3.66,P6,华南,男,40,1,
E12012,BU-1,客服,Python|Java,0,0,0,,2021-02-22,1.04,M151,3.78,P7,华中,男,44,1,
E12013,BU-4,销售,Go|财务,0,0,0,,2024-11-29,15.55,M123,3.41,P7,华中,男,24,1,
E12014,BU-4,产品,K8s|PM|Java|审计,0,0,0,,2021-12-24,10.73,M158,3.38,P4,华南,男,36,1,
E12015,BU-4,产品,Spark|K8s|React|财务,0,0,0,,2021-11-27,1.64,M123,4.82,P7,西南,男,41,1,
E12016,BU-1,产品,Spark,0,0,0,,2021-03-24,1.93,M188,4.42,P5,西南,男,32,1,
E12017,BU-4,HR,Spark,0,0,0,,2022-03-22,7.89,M148,2.79,P4,东北,男,33,1,
E12018,BU-3,运营,Python,0,0,0,,2021-02-08,0.8,M107,3.52,P7,华南,女,34,1,
E12019,BU-2,客服,React,0,0,0,,2024-03-22,1.53,M102,3.14,P6,西南,男,31,1,
E12020,BU-1,市场,React|审计|财务|BD,0,0,0,,2020-01-26,12.75,M108,4.14,P7,华南,男,37,1,
E12021,BU-4,财务,Spark|Python|Go,0,0,0,,2020-02-16,4.83,M163,2.43,P6,华东,男,25,1,
E12022,BU-6,研发,K8s,0,2,1,AWS,2021-12-22,0.72,M116,3.54,P3,华南,女,33,1,
E12023,BU-1,HR,运营|PM,0,0,0,,2020-07-08,4.23,M105,2.72,P5,东北,男,25,1,
E12024,BU-4,市场,Spark|财务,0,1,1,CFA,2020-07-08,3.02,M189,2.71,P5,东北,女,34,1,
E12025,BU-1,市场,Go|BD,0,0,0,,2023-12-23,0.52,M198,3.4,P4,华中,男,34,1,
E12026,BU-2,运营,PM|Go,0,0,0,,2021-01-31,3.76,M101,3.18,P4,东北,女,34,1,
E12027,BU-2,销售,K8s|审计|财务,0,2,1,AWS,2021-07-06,0.95,M192,4.19,P5,西南,男,42,1,
E12028,BU-6,财务,K8s|BD|审计,0,0,0,,2024-11-17,1.57,M153,3.22,P5,西南,女,35,1,
E12029,BU-1,销售,Spark|审计,0,0,0,,2023-12-07,6.92,M108,3.1,P6,华南,女,37,1,
E12030,BU-4,研发,财务|React|PM|Spark,0,0,0,,2022-08-11,0.91,M171,3.97,P3,华东,男,25,1,
E12031,BU-1,研发,Java|财务,0,0,0,,2023-07-29,0.32,M168,3.76,P6,西南,男,33,1,
E12032,BU-6,运营,PM,0,0,0,,2021-06-26,5.42,M118,3.84,P4,华北,女,41,1,
E12033,BU-6,产品,BD,0,2,1,CFA,2023-07-05,1.87,M195,3.44,P5,华东,女,29,1,
E12034,BU-2,财务,React|财务,0,1,1,CFA,2020-04-19,14.78,M147,2.65,P3,西南,女,25,1,
E12035,BU-3,运营,审计|Java|Go,0,0,0,,2021-03-08,3.81,M197,2.57,P3,华东,男,29,1,
E12036,BU-3,产品,K8s,0,0,0,,2021-06-13,0.65,M114,3.09,P5,华东,男,34,1,
E12037,BU-4,HR,审计|K8s|Python,0,2,1,CFA,2020-02-29,0.11,M188,4.81,P6,华东,男,26,1,
E12038,BU-1,市场,运营|Spark,0,0,0,,2021-12-05,0.21,M151,3.63,P5,华东,女,31,1,
E12039,BU-3,客服,审计|Java,0,0,0,,2020-02-03,1.03,M179,2.83,P6,华中,女,28,1,
E12040,BU-1,客服,Spark|PM|AI/ML|Python,1,0,0,,2021-09-23,0.83,M125,3.26,P6,西南,女,49,1,
E12041,BU-5,客服,Python|运营,0,0,0,,2021-01-05,6.28,M166,2.22,P7,西南,男,22,1,
E12042,BU-4,产品,财务|Java,0,3,1,PMP,2020-10-07,3.52,M158,3.46,P3,华东,女,31,1,
E12043,BU-3,客服,AI/ML|Java|运营,1,0,0,,2022-04-16,2.15,M162,3.31,P7,西南,女,26,1,
E12044,BU-3,客服,BD|审计,0,0,0,,2022-12-31,2.37,M199,3.88,P7,华北,女,22,1,
E12045,BU-2,销售,AI/ML|K8s,1,0,0,,2022-05-27,0.67,M199,3.01,P5,华中,男,27,1,
E12046,BU-3,客服,Spark,0,0,0,,2024-04-10,2.47,M108,4.22,P3,华东,男,36,1,
E12047,BU-6,销售,运营|Go|Spark,0,0,0,,2024-12-03,0.51,M109,5.0,P6,东北,男,39,1,
E12048,BU-5,运营,AI/ML|BD|Spark,1,0,0,,2023-07-16,1.17,M110,3.58,P4,东北,女,49,1,
E12049,BU-4,HR,Spark,0,0,0,,2024-08-01,4.46,M126,3.35,P7,华北,男,36,1,
E12050,BU-2,客服,BD,0,0,0,,2023-03-30,0.82,M140,3.45,P6,华南,男,31,1,
E12051,BU-1,客服,PM|Go|运营,0,0,0,,2021-12-18,3.87,M158,3.7,P5,西南,男,24,1,
E12052,BU-3,研发,财务|React|K8s,0,0,0,,2023-06-07,4.18,M124,3.65,P7,东北,男,28,1,
E12053,BU-6,HR,审计|React|Spark,0,0,0,,2022-11-17,0.94,M115,3.09,P5,华中,男,39,1,
E12054,BU-5,产品,Java|React|Spark|AI/ML,1,0,0,,2024-08-08,4.75,M118,3.51,P3,华南,女,22,1,
E12055,BU-4,研发,Java,0,0,0,,2024-04-20,5.17,M115,3.66,P7,华南,男,22,1,
E12056,BU-2,销售,Spark|K8s|React,0,0,0,,2023-01-06,2.98,M118,4.1,P3,华中,男,33,1,
E12057,BU-3,财务,BD,0,0,0,,2024-09-16,2.12,M145,4.48,P5,东北,女,25,1,
E12058,BU-3,财务,财务|BD|PM|Python,0,0,0,,2023-09-17,7.09,M159,4.17,P7,华南,女,33,1,
E12059,BU-3,财务,BD,0,0,0,,2024-09-15,0.32,M133,3.14,P5,华中,男,38,1,
E12060,BU-5,产品,BD|Java|Spark,0,0,0,,2024-04-17,0.97,M126,2.97,P4,华东,女,39,1,
E12061,BU-6,HR,Spark|运营|审计,0,0,0,,2023-04-19,0.55,M128,3.84,P4,东北,女,35,1,
E12062,BU-5,产品,Python|财务|K8s|Go,0,1,1,K8s-CKA,2024-07-27,2.31,M186,2.95,P6,华南,女,32,1,
E12063,BU-1,销售,Python|Go|K8s,0,0,0,,2020-05-31,9.19,M107,3.4,P6,华东,女,33,1,
E12064,BU-1,客服,AI/ML|React,1,0,0,,2020-11-11,10.93,M118,3.18,P6,华东,男,22,1,
E12065,BU-6,市场,Spark|BD|K8s,0,0,0,,2023-04-21,7.95,M174,2.52,P5,华东,男,32,1,
E12066,BU-2,客服,PM|审计,0,1,1,ACP,2020-06-07,0.64,M103,4.05,P5,华中,男,27,1,
E12067,BU-5,客服,K8s,0,2,1,ACP,2021-11-20,1.36,M190,3.33,P3,华东,女,38,1,
E12068,BU-3,市场,BD|Go|运营|Python,0,0,0,,2021-03-12,0.79,M105,2.71,P7,华南,女,34,1,
E12069,BU-3,市场,财务|运营,0,0,0,,2020-08-04,0.3,M143,3.22,P7,东北,女,23,1,
E12070,BU-1,运营,Spark|审计|Java,0,0,0,,2022-01-21,3.02,M173,2.76,P7,东北,男,28,1,
E12071,BU-1,研发,React,0,0,0,,2024-06-29,0.57,M128,3.47,P5,东北,男,40,1,
E12072,BU-4,销售,Spark|K8s|AI/ML,1,0,0,,2021-07-13,0.58,M170,3.22,P5,西南,男,39,1,
E12073,BU-1,研发,财务|PM,0,0,0,,2024-08-12,0.44,M108,3.81,P5,华北,男,32,1,
E12074,BU-5,客服,财务|运营,0,0,0,,2021-01-12,8.04,M114,3.56,P4,西南,男,31,1,
E12075,BU-4,运营,运营|PM,0,0,0,,2021-02-11,0.96,M123,3.42,P6,华南,女,36,1,
E12076,BU-3,客服,PM|财务|Go|审计,0,2,1,AWS,2022-09-09,2.74,M105,3.93,P7,华中,女,28,1,
E12077,BU-6,产品,React|Spark|Python,0,1,1,AWS,2023-09-09,1.47,M105,3.06,P7,华中,男,32,1,
E12078,BU-5,产品,React|Spark,0,0,0,,2024-06-22,0.8,M149,3.27,P3,华南,女,41,1,
E12079,BU-6,研发,K8s,0,0,0,,2023-02-14,2.82,M196,3.48,P4,华东,女,33,1,
E12080,BU-2,销售,PM|Python|Spark|审计,0,0,0,,2023-01-12,0.5,M149,4.82,P3,华中,男,32,1,
E12081,BU-2,产品,Java|Python|Go|React,0,0,0,,2024-06-07,4.82,M181,4.23,P4,华南,女,30,1,
E12082,BU-1,财务,BD|财务|React,0,0,0,,2021-12-09,0.43,M152,3.89,P4,华北,女,38,1,
E12083,BU-5,运营,Spark|PM|运营,0,3,1,AWS,2023-12-25,7.68,M112,2.53,P7,华北,女,33,1,
E12084,BU-6,研发,PM,0,2,1,K8s-CKA,2024-09-02,3.41,M127,2.85,P4,西南,女,41,1,
E12085,BU-2,销售,React|Python|PM|审计,0,0,0,,2022-03-04,1.33,M104,4.51,P7,华东,男,35,1,
E12086,BU-2,HR,运营,0,0,0,,2020-02-18,1.47,M172,3.16,P3,东北,女,31,1,
E12087,BU-1,产品,Java,0,0,0,,2023-08-04,6.27,M136,3.58,P7,西南,女,46,1,
E12088,BU-2,市场,Java,0,0,0,,2022-01-17,3.94,M151,3.57,P4,华北,男,23,1,
E12089,BU-6,HR,Java|AI/ML|审计,1,0,0,,2022-04-08,2.48,M150,3.71,P5,华中,女,42,1,
E12090,BU-6,HR,审计|财务|BD|运营,0,0,0,,2023-01-01,0.69,M162,2.66,P7,华南,男,28,0,
E12091,BU-1,运营,Spark|Python|Go,0,0,0,,2021-12-08,12.83,M177,2.91,P5,华北,男,30,1,
E12092,BU-2,研发,Java,0,0,0,,2024-08-10,4.85,M152,3.62,P7,东北,女,38,1,
E12093,BU-5,运营,BD,0,0,0,,2023-03-17,1.27,M129,2.87,P6,东北,男,24,1,
E12094,BU-6,销售,Go,0,0,0,,2024-07-17,0.22,M174,3.19,P6,华南,女,25,1,
E12095,BU-5,财务,Java,0,0,0,,2022-07-14,0.19,M197,3.59,P5,华中,女,41,1,
E12096,BU-6,销售,Go,0,0,0,,2021-11-05,0.83,M110,2.72,P3,东北,男,35,1,
E12097,BU-3,研发,BD|Java|React,0,0,0,,2023-08-24,3.75,M134,2.8,P6,华北,女,29,1,
E12098,BU-2,市场,Python|Go|财务,0,0,0,,2021-09-25,2.63,M136,3.47,P7,东北,女,38,1,
E12099,BU-3,销售,审计|Go,0,0,0,,2022-06-24,0.44,M106,3.82,P7,华中,女,32,1,
E12100,BU-4,运营,K8s|BD|财务,0,2,1,TensorFlow,2020-01-25,0.22,M116,3.04,P3,东北,女,24,1,
E12101,BU-4,HR,PM,0,2,1,K8s-CKA,2021-12-04,6.1,M172,3.87,P7,西南,女,25,1,
E12102,BU-4,财务,审计|AI/ML,1,0,0,,2022-11-01,1.66,M181,2.79,P3,华东,男,28,1,
E12103,BU-4,产品,财务|Java,0,0,0,,2022-11-25,9.46,M141,4.79,P4,东北,男,28,1,
E12104,BU-5,研发,Spark|Go|Java|K8s,0,0,0,,2022-04-30,0.42,M173,4.4,P3,华中,女,32,1,
E12105,BU-3,HR,财务|Java|Python,0,0,0,,2023-07-21,0.19,M161,3.21,P7,东北,女,38,1,
E12106,BU-3,客服,PM|BD,0,0,0,,2023-05-07,0.1,M124,3.71,P5,华北,女,38,1,
E12107,BU-5,财务,Go|Spark,0,0,0,,2022-04-02,18.55,M175,3.35,P6,西南,男,27,1,
E12108,BU-4,市场,K8s|财务|AI/ML|Go,1,0,0,,2022-04-13,1.02,M132,2.53,P3,华南,女,32,1,
E12109,BU-5,研发,PM,0,0,0,,2021-12-16,2.4,M171,4.3,P4,华中,女,37,1,
E12110,BU-1,销售,运营|PM,0,0,0,,2024-03-28,1.19,M157,3.3,P7,华南,男,36,1,
E12111,BU-6,运营,React|财务|运营|Java,0,0,0,,2022-05-08,0.56,M188,3.34,P4,华北,女,27,1,
E12112,BU-6,财务,审计,0,0,0,,2023-01-26,2.44,M171,3.2,P5,东北,男,34,1,
E12113,BU-5,销售,AI/ML|K8s|Spark|React,1,0,0,,2021-10-14,15.13,M148,3.39,P6,华中,男,36,1,
E12114,BU-4,研发,AI/ML|审计,1,0,0,,2022-11-15,0.97,M126,3.62,P6,华北,女,23,1,
E12115,BU-2,运营,运营|AI/ML|Python|审计,1,0,0,,2022-06-04,0.72,M192,3.43,P5,东北,男,42,1,
E12116,BU-3,运营,财务,0,0,0,,2022-03-12,1.19,M144,3.51,P7,东北,女,36,1,
E12117,BU-4,产品,K8s,0,0,0,,2024-08-26,9.31,M178,2.89,P4,东北,女,38,1,
E12118,BU-3,销售,Java|审计|财务,0,0,0,,2024-02-02,4.59,M132,3.56,P7,华东,男,36,1,
E12119,BU-6,产品,财务|审计|Java,0,0,0,,2020-03-20,0.84,M111,3.28,P6,华南,男,31,1,
E12120,BU-6,客服,Python,0,0,0,,2021-05-27,2.93,M188,3.71,P3,西南,女,38,1,
E12121,BU-6,HR,审计|财务|AI/ML,1,0,0,,2023-10-04,12.34,M156,3.51,P5,华东,男,27,1,
E12122,BU-6,运营,Python|React,0,1,1,TensorFlow,2020-03-26,6.52,M174,3.67,P6,西南,男,33,0,
E12123,BU-3,运营,React|K8s|Python,0,0,0,,2022-05-03,3.89,M169,3.36,P7,东北,男,26,1,
E12124,BU-1,客服,AI/ML|Spark|PM,1,0,0,,2022-08-27,11.51,M178,2.84,P6,西南,男,31,1,
E12125,BU-6,HR,运营|PM|财务,0,0,0,,2022-10-08,2.04,M119,3.39,P3,华中,女,33,1,
E12126,BU-5,HR,K8s|财务,0,2,1,ACP,2020-07-26,1.72,M153,4.02,P5,东北,女,29,1,
E12127,BU-1,财务,Spark,0,0,0,,2021-02-28,0.43,M178,3.26,P4,西南,男,29,1,
E12128,BU-6,市场,运营|AI/ML,1,0,0,,2022-04-13,2.5,M101,3.58,P3,华东,男,38,1,
E12129,BU-6,财务,Java|Go|PM,0,0,0,,2021-05-31,9.0,M104,3.98,P7,华中,男,30,1,
E12130,BU-1,产品,审计|AI/ML|BD,1,0,0,,2022-08-26,5.06,M113,2.39,P4,华东,男,33,1,
E12131,BU-3,运营,Python|PM,0,0,0,,2021-07-15,4.89,M125,3.02,P7,华中,男,31,1,
E12132,BU-4,客服,审计|财务|BD,0,0,0,,2024-04-29,5.73,M138,4.61,P6,华北,女,28,1,
E12133,BU-6,产品,财务,0,0,0,,2023-09-15,0.23,M105,3.93,P6,华东,女,41,1,
E12134,BU-1,研发,PM,0,0,0,,2023-03-18,0.51,M157,3.49,P3,华南,男,38,1,
E12135,BU-5,销售,BD|PM,0,0,0,,2021-04-02,4.05,M160,3.44,P7,华南,男,42,1,
E12136,BU-3,运营,财务,0,0,0,,2023-05-10,0.1,M172,4.76,P6,西南,女,22,0,
E12137,BU-2,市场,Java|React,0,0,0,,2023-10-08,2.99,M116,4.32,P6,华北,女,29,1,
E12138,BU-5,客服,审计,0,0,0,,2023-01-06,2.8,M107,3.32,P3,西南,男,44,1,
E12139,BU-2,销售,审计|BD|运营|Java,0,0,0,,2023-05-18,11.23,M108,2.91,P3,华北,男,37,0,
E12140,BU-4,市场,Spark|K8s|AI/ML,1,0,0,,2024-06-29,3.98,M143,3.46,P6,西南,女,27,1,
E12141,BU-4,HR,运营|财务,0,0,0,,2021-04-04,6.86,M196,3.94,P3,华东,女,32,1,
E12142,BU-1,HR,K8s,0,0,0,,2021-01-24,0.59,M117,3.05,P3,西南,男,34,1,
E12143,BU-3,运营,运营,0,0,0,,2020-04-04,1.73,M172,3.98,P5,华南,男,32,1,
E12144,BU-6,财务,Python|Spark|BD|PM,0,0,0,,2024-05-28,0.59,M192,4.52,P6,东北,女,26,1,
E12145,BU-4,客服,AI/ML|审计,1,0,0,,2021-08-30,0.32,M116,3.45,P4,华南,男,29,1,
E12146,BU-2,销售,运营|审计|PM,0,0,0,,2024-02-27,8.41,M171,3.01,P3,西南,男,41,1,
E12147,BU-5,运营,K8s|Python|AI/ML|React,1,0,0,,2022-11-17,4.43,M136,4.12,P6,华东,男,32,1,
E12148,BU-5,客服,运营|审计,0,0,0,,2022-12-22,0.43,M183,3.43,P4,东北,男,23,0,
E12149,BU-5,产品,运营|Go|BD|Java,0,0,0,,2021-04-06,2.42,M131,2.91,P4,华北,女,30,1,
E12150,BU-1,产品,财务|PM|AI/ML|BD,1,0,0,,2024-12-01,4.7,M117,3.12,P7,东北,男,31,1,
E12151,BU-3,产品,审计|BD|Java,0,0,0,,2020-06-20,1.39,M128,3.66,P3,华东,女,44,1,
E12152,BU-5,市场,K8s|财务,0,0,0,,2021-02-08,3.92,M103,3.36,P7,华中,男,32,1,
E12153,BU-1,客服,Python|运营|Spark|BD,0,0,0,,2021-11-21,10.92,M127,3.57,P4,西南,女,42,1,
E12154,BU-4,市场,Spark,0,0,0,,2024-07-07,0.63,M127,3.62,P5,东北,女,32,1,
E12155,BU-6,研发,PM|BD,0,0,0,,2021-03-17,8.76,M133,3.97,P3,华中,女,29,1,
E12156,BU-4,市场,React|Java|Python,0,0,0,,2021-01-11,1.95,M167,2.92,P6,华东,男,32,1,
E12157,BU-6,产品,Go|PM|K8s,0,0,0,,2021-11-12,4.09,M165,3.88,P3,华北,男,30,1,
E12158,BU-1,HR,React|AI/ML,1,0,0,,2024-03-29,0.91,M193,3.07,P3,华中,男,30,1,
E12159,BU-4,研发,Go|Spark|Java,0,0,0,,2020-02-06,0.66,M144,3.34,P7,华南,女,33,1,
E12160,BU-5,产品,PM|Python|审计,0,0,0,,2023-07-30,8.42,M185,3.94,P6,西南,女,25,1,
E12161,BU-2,财务,BD|PM|Go,0,0,0,,2023-01-21,5.68,M127,3.07,P3,东北,女,35,1,
E12162,BU-1,产品,Java|财务,0,0,0,,2024-06-26,2.47,M182,4.63,P6,东北,女,42,1,
E12163,BU-4,销售,财务|Spark,0,0,0,,2022-07-26,2.85,M172,3.63,P4,华南,女,31,1,
E12164,BU-1,财务,Go,0,0,0,,2020-11-06,35.27,M138,4.94,P7,西南,女,29,1,
E12165,BU-3,客服,Python|Go|Spark,0,0,0,,2024-01-21,0.18,M151,4.52,P3,东北,女,41,1,
E12166,BU-4,市场,财务|BD|Java,0,0,0,,2022-02-24,5.85,M120,3.31,P3,华南,女,42,1,
E12167,BU-4,产品,财务|审计|Python|Spark,0,0,0,,2021-11-28,2.41,M133,3.45,P5,东北,女,24,1,
E12168,BU-4,HR,财务|K8s,0,0,0,,2023-04-10,5.96,M107,3.37,P5,华东,男,30,1,
E12169,BU-2,研发,React|Python|Java|BD,0,0,0,,2023-04-08,3.06,M134,4.42,P3,东北,女,31,1,
E12170,BU-4,市场,审计|Python,0,0,0,,2022-06-08,3.98,M148,2.75,P6,华中,男,28,1,
E12171,BU-5,销售,Python|PM,0,0,0,,2022-06-16,11.55,M118,3.94,P3,华南,女,23,1,
E12172,BU-4,市场,Java|PM|财务,0,0,0,,2023-02-22,1.08,M156,3.41,P6,华南,女,31,1,
E12173,BU-6,研发,K8s|AI/ML|Spark|PM,1,0,0,,2023-11-30,6.7,M186,3.42,P6,华东,男,23,1,
E12174,BU-3,客服,Java|BD|财务|PM,0,0,0,,2024-05-21,2.15,M111,3.13,P4,西南,男,31,1,
E12175,BU-6,产品,Go|财务,0,0,0,,2023-04-07,4.76,M124,4.04,P3,华中,女,40,1,
E12176,BU-2,HR,AI/ML|K8s,1,0,0,,2024-08-02,8.44,M152,2.8,P4,华东,男,28,1,
E12177,BU-5,销售,审计,0,0,0,,2021-02-12,2.47,M186,4.08,P5,华南,女,22,1,
E12178,BU-3,研发,React,0,0,0,,2023-09-23,2.58,M127,3.23,P3,华中,男,44,1,
E12179,BU-5,研发,K8s|Spark|AI/ML|Go,1,0,0,,2022-05-09,2.23,M116,2.83,P7,东北,男,26,1,
E12180,BU-5,财务,财务|Java,0,0,0,,2022-06-19,1.42,M145,4.04,P7,东北,女,31,1,
E12181,BU-3,财务,AI/ML|React|审计,1,0,0,,2023-03-14,0.36,M168,3.17,P5,华南,男,28,0,
E12182,BU-5,市场,Java|运营|Go|React,0,0,0,,2024-10-05,5.6,M198,4.11,P7,华中,女,32,1,
E12183,BU-4,销售,审计|AI/ML,1,0,0,,2022-05-29,9.56,M137,3.63,P4,东北,男,29,1,
E12184,BU-2,销售,React|财务|Go|Spark,0,3,1,Oracle DBA,2020-01-30,1.63,M148,2.58,P3,西南,男,26,1,
E12185,BU-2,产品,K8s|AI/ML,1,0,0,,2021-07-25,7.87,M196,2.76,P5,东北,女,37,1,
E12186,BU-4,研发,PM,0,0,0,,2024-06-17,7.52,M155,3.53,P6,华南,男,26,1,
E12187,BU-6,运营,BD|K8s|PM,0,0,0,,2024-09-04,11.29,M120,3.3,P7,东北,男,30,1,
E12188,BU-4,产品,Spark,0,0,0,,2021-07-07,7.74,M137,4.09,P7,东北,女,23,1,
E12189,BU-6,运营,Spark|AI/ML|PM|Python,1,0,0,,2022-06-11,1.26,M105,2.84,P4,华南,男,32,1,
E12190,BU-6,财务,React|财务,0,0,0,,2024-02-24,0.82,M155,3.09,P3,华南,女,32,0,
E12191,BU-5,运营,Java|Spark|审计|K8s,0,3,1,Oracle DBA,2021-12-21,4.59,M122,3.7,P3,华东,男,35,1,
E12192,BU-4,客服,React,0,0,0,,2023-11-12,0.54,M169,3.31,P5,华南,女,25,1,
E12193,BU-5,市场,Python|审计|Go|K8s,0,0,0,,2022-10-02,2.02,M121,3.03,P6,西南,女,38,1,
E12194,BU-1,HR,React|K8s,0,0,0,,2023-06-08,0.99,M165,3.17,P4,华北,女,32,1,
E12195,BU-1,研发,审计|Spark|财务,0,0,0,,2023-08-30,6.1,M197,3.4,P3,华中,女,38,1,
E12196,BU-2,运营,审计,0,0,0,,2023-08-02,3.19,M118,2.67,P6,华北,女,23,1,
E12197,BU-1,市场,React|PM|运营|Go,0,0,0,,2022-07-02,0.71,M173,4.04,P5,东北,男,39,1,
E12198,BU-3,研发,审计|Python|运营,0,0,0,,2020-07-23,2.25,M182,4.18,P5,华北,男,28,1,
E12199,BU-6,销售,AI/ML|PM|Go|BD,1,0,0,,2024-11-12,1.22,M193,4.34,P6,西南,男,28,1,
E12200,BU-3,销售,运营,0,0,0,,2021-01-24,1.06,M176,3.67,P4,华南,男,28,1,
E12201,BU-6,财务,AI/ML|BD|Go,1,0,0,,2020-12-30,2.24,M121,3.29,P5,西南,女,40,1,
E12202,BU-2,客服,财务|React,0,0,0,,2023-04-18,3.67,M131,4.86,P6,华北,男,27,1,
E12203,BU-5,产品,AI/ML|Spark|Python|审计,1,0,0,,2020-11-07,6.52,M120,3.68,P3,华中,男,25,1,
E12204,BU-6,研发,Java|AI/ML|运营|K8s,1,0,0,,2024-02-12,1.96,M150,3.1,P7,华北,女,34,1,
E12205,BU-3,运营,Java|AI/ML|运营|Spark,1,0,0,,2023-09-29,4.0,M108,3.7,P4,华东,男,31,1,
E12206,BU-1,研发,K8s|React|Python|财务,0,0,0,,2024-05-08,2.36,M128,3.78,P5,华东,男,23,1,
E12207,BU-1,财务,Spark|Python|PM,0,0,0,,2020-02-23,1.71,M155,4.36,P6,东北,男,28,1,
E12208,BU-3,财务,React|K8s|Java,0,0,0,,2020-09-09,6.23,M142,3.9,P6,华南,男,30,1,
E12209,BU-1,研发,React,0,0,0,,2021-04-01,6.17,M110,3.53,P3,华北,男,22,1,
E12210,BU-2,HR,AI/ML|BD|财务|React,1,0,0,,2021-08-01,1.24,M135,4.5,P5,华东,女,32,1,
E12211,BU-1,财务,Python,0,0,0,,2020-02-15,2.81,M130,3.03,P4,华北,男,34,1,
E12212,BU-4,市场,Spark|运营|PM,0,0,0,,2020-02-11,0.7,M134,3.74,P3,华北,男,22,1,
E12213,BU-6,运营,React|K8s,0,1,1,PMP,2023-04-17,1.69,M165,2.98,P7,华东,男,33,1,
E12214,BU-2,运营,运营|Go|财务|React,0,2,1,Oracle DBA,2023-09-26,3.52,M103,2.96,P3,华南,男,22,1,
E12215,BU-5,市场,审计|Java|K8s|AI/ML,1,0,0,,2024-06-14,4.4,M185,3.68,P4,华中,女,27,1,
E12216,BU-6,运营,React|财务|Spark|Java,0,3,1,Oracle DBA,2021-02-21,6.13,M166,2.76,P7,华中,女,39,1,
E12217,BU-2,财务,Spark|React|K8s|Go,0,0,0,,2022-08-06,0.41,M125,4.1,P7,华南,女,28,1,
E12218,BU-6,运营,BD,0,0,0,,2022-03-18,1.96,M167,2.56,P7,东北,男,27,1,
E12219,BU-5,运营,BD|Python|Go,0,0,0,,2020-12-06,12.06,M154,3.2,P3,西南,男,30,1,
E12220,BU-3,市场,审计|K8s|AI/ML|Python,1,0,0,,2022-07-29,1.35,M151,3.12,P5,西南,女,25,1,
E12221,BU-1,销售,BD|Go,0,0,0,,2023-07-13,7.36,M189,2.48,P3,华中,男,24,1,
E12222,BU-4,销售,财务|PM|K8s|React,0,1,1,TensorFlow,2021-08-06,1.29,M186,3.82,P6,华中,男,31,1,
E12223,BU-4,研发,K8s|React|Python,0,0,0,,2022-04-13,12.36,M140,2.86,P3,华南,女,35,1,
E12224,BU-2,产品,AI/ML,1,0,0,,2022-10-21,1.92,M178,3.34,P7,西南,男,34,1,
E12225,BU-1,客服,K8s|Java|BD|运营,0,3,1,TensorFlow,2021-03-28,0.24,M115,2.86,P6,华北,男,39,1,
E12226,BU-5,HR,BD|财务,0,1,1,ACP,2024-02-26,11.26,M113,3.24,P7,西南,男,22,1,
E12227,BU-5,财务,Spark|K8s|Python|Go,0,0,0,,2022-07-10,1.92,M188,2.9,P3,华南,男,27,1,
E12228,BU-5,客服,Java|AI/ML,1,0,0,,2023-08-19,6.55,M116,2.55,P4,西南,女,36,1,
E12229,BU-2,产品,Python|财务|PM,0,3,1,CFA,2023-09-26,2.27,M170,3.32,P3,华南,男,32,1,
E12230,BU-3,客服,AI/ML|运营,1,0,0,,2024-11-04,1.36,M124,3.71,P6,华中,女,38,0,
E12231,BU-3,市场,Spark|BD,0,0,0,,2024-07-10,1.42,M134,2.98,P4,华中,女,31,1,
E12232,BU-6,销售,React|BD|PM|审计,0,0,0,,2022-08-24,1.65,M173,4.28,P3,华北,男,36,1,
E12233,BU-2,研发,财务|Python|BD,0,1,1,ACP,2023-07-07,0.82,M119,3.81,P7,华东,男,32,1,
E12234,BU-1,研发,PM|React,0,0,0,,2023-08-07,0.39,M199,3.68,P6,华北,男,35,1,
E12235,BU-3,研发,BD|Python,0,0,0,,2023-01-23,1.15,M165,4.56,P5,华中,女,38,1,
E12236,BU-3,客服,Spark|Java|AI/ML|Go,1,0,0,,2020-10-23,1.74,M137,2.99,P4,华东,女,33,1,
E12237,BU-3,财务,Go,0,0,0,,2021-05-09,1.19,M169,4.0,P4,西南,女,28,1,
E12238,BU-4,HR,审计|Go,0,0,0,,2024-05-31,4.86,M190,3.79,P3,华北,女,22,1,
E12239,BU-3,市场,React|Java,0,0,0,,2020-03-27,0.2,M197,2.09,P4,东北,男,29,1,
E12240,BU-1,研发,审计|PM|Java|Python,0,0,0,,2020-03-29,16.92,M185,3.04,P5,东北,女,37,1,
E12241,BU-4,财务,React,0,0,0,,2022-08-25,4.51,M160,3.77,P6,东北,女,30,1,
E12242,BU-3,客服,AI/ML|PM|Spark|Java,1,0,0,,2024-01-12,4.57,M102,3.08,P6,华东,女,31,1,
E12243,BU-4,研发,React|K8s|Python|BD,0,0,0,,2021-03-20,4.15,M195,3.14,P7,华北,女,35,1,
E12244,BU-3,销售,Java|React,0,0,0,,2021-08-21,1.98,M168,2.53,P7,西南,男,31,1,
E12245,BU-1,研发,AI/ML|Spark|K8s,1,0,0,,2021-05-25,7.19,M110,4.15,P7,东北,男,23,1,
E12246,BU-2,产品,PM|Java|BD,0,0,0,,2021-03-20,8.88,M132,4.35,P6,华北,男,36,1,
E12247,BU-6,财务,Java|Spark,0,0,0,,2020-11-05,0.57,M153,4.29,P5,华中,男,27,1,
E12248,BU-4,销售,Python|K8s|Spark|React,0,0,0,,2023-12-26,1.66,M114,3.18,P7,华中,男,28,1,
E12249,BU-1,财务,Java|审计|财务|K8s,0,3,1,PMP,2020-11-07,22.31,M137,3.09,P5,东北,女,26,1,
E12250,BU-4,HR,AI/ML|React|审计,1,0,0,,2022-03-04,3.98,M165,3.54,P6,华北,女,26,1,
E12251,BU-2,市场,运营|K8s|Spark|Python,0,0,0,,2023-10-21,3.95,M126,3.21,P3,华南,男,40,1,
E12252,BU-1,HR,运营|审计|K8s|Spark,0,0,0,,2021-05-21,3.24,M109,3.82,P3,华南,女,34,1,
E12253,BU-5,财务,Python|AI/ML|财务|审计,1,0,0,,2020-04-16,11.19,M105,3.41,P5,华东,男,32,1,
E12254,BU-3,市场,AI/ML|BD|财务,1,0,0,,2023-11-06,8.5,M177,4.67,P6,华东,女,33,1,
E12255,BU-2,财务,PM|财务,0,3,1,Oracle DBA,2023-11-03,11.83,M122,3.97,P5,华东,男,33,1,
E12256,BU-3,市场,PM|React,0,0,0,,2024-06-11,1.28,M147,3.88,P4,华东,男,27,1,
E12257,BU-6,客服,审计,0,0,0,,2022-02-01,1.38,M153,2.69,P3,华南,男,35,1,
E12258,BU-3,产品,Spark,0,0,0,,2021-10-04,0.16,M185,3.78,P6,西南,男,37,1,
E12259,BU-2,财务,Python|财务|K8s,0,2,1,Oracle DBA,2023-03-24,12.74,M154,3.74,P5,华北,男,33,1,
E12260,BU-3,财务,React,0,0,0,,2023-02-12,4.71,M197,3.09,P6,东北,男,38,0,
E12261,BU-4,销售,AI/ML|Python|PM|Spark,1,0,0,,2022-10-20,10.43,M130,3.52,P3,华中,女,26,0,
E12262,BU-3,产品,审计|PM|Go|BD,0,0,0,,2023-11-06,2.07,M172,3.51,P5,华东,男,37,1,
E12263,BU-3,财务,K8s|运营|React,0,0,0,,2022-01-31,14.18,M184,3.67,P3,华中,女,48,1,
E12264,BU-4,运营,AI/ML|K8s,1,0,0,,2021-11-01,1.82,M163,4.25,P7,东北,女,27,1,
E12265,BU-3,产品,运营,0,0,0,,2021-10-14,6.6,M109,3.86,P3,西南,男,39,1,
E12266,BU-6,客服,Python|Java,0,0,0,,2023-11-27,0.89,M119,3.61,P6,华中,女,34,1,
E12267,BU-5,产品,K8s|Go|PM,0,2,1,AWS,2020-08-03,1.31,M142,2.62,P5,西南,男,37,1,
E12268,BU-1,财务,Go|运营|BD|AI/ML,1,0,0,,2021-06-30,4.93,M149,2.72,P3,华中,女,40,1,
E12269,BU-2,产品,BD|Go|Python,0,0,0,,2021-04-14,3.57,M148,2.67,P3,华东,男,22,1,
E12270,BU-5,市场,K8s|Python|BD,0,0,0,,2023-05-27,4.94,M186,2.66,P4,西南,男,39,1,
E12271,BU-5,HR,BD|Spark|运营,0,1,1,CFA,2020-10-09,3.55,M110,4.49,P6,华中,男,22,1,
E12272,BU-3,HR,React,0,0,0,,2023-07-13,0.35,M143,3.15,P4,华南,男,27,1,
E12273,BU-4,销售,Go|PM,0,0,0,,2020-10-11,6.78,M165,3.71,P4,华中,女,22,1,
E12274,BU-4,产品,Python,0,0,0,,2024-04-29,0.18,M117,3.54,P6,华东,男,26,1,
E12275,BU-3,HR,AI/ML|K8s|Python|财务,1,0,0,,2024-02-05,2.46,M116,3.98,P5,东北,女,36,1,
E12276,BU-5,财务,React|审计|K8s|Spark,0,0,0,,2021-09-24,2.49,M161,3.36,P6,华东,男,38,1,
E12277,BU-1,HR,Spark|AI/ML|审计|Python,1,0,0,,2024-01-28,2.97,M119,4.19,P3,华东,男,38,1,
E12278,BU-1,市场,K8s,0,0,0,,2020-04-10,0.23,M142,3.72,P7,西南,男,31,1,
E12279,BU-6,产品,Go|K8s|审计,0,0,0,,2024-09-30,0.83,M192,4.34,P3,华北,男,22,1,
E12280,BU-5,销售,AI/ML|审计|BD,1,0,0,,2020-05-11,3.23,M142,3.62,P7,西南,女,27,1,
E12281,BU-5,运营,Spark|财务,0,0,0,,2023-06-07,3.24,M183,3.83,P3,西南,男,25,1,
E12282,BU-6,财务,审计,0,0,0,,2021-06-05,1.51,M101,3.32,P4,东北,女,34,1,
E12283,BU-4,HR,PM,0,0,0,,2024-05-01,3.28,M190,2.94,P4,华北,女,37,1,
E12284,BU-4,产品,Java|K8s,0,0,0,,2021-08-03,1.07,M197,3.01,P3,华北,女,37,1,
E12285,BU-3,销售,Go|审计|Java|财务,0,0,0,,2023-03-29,2.53,M106,3.93,P3,华中,女,32,1,
E12286,BU-4,运营,Go|Spark|PM|AI/ML,1,0,0,,2020-04-29,2.01,M192,3.82,P5,华中,女,39,1,
E12287,BU-6,HR,Go|PM|Java,0,0,0,,2020-05-07,7.23,M129,4.23,P7,东北,女,39,1,
E12288,BU-5,销售,Spark|Python|K8s|AI/ML,1,0,0,,2022-08-09,0.47,M154,3.67,P5,华东,男,45,1,
E12289,BU-3,HR,Spark|AI/ML,1,0,0,,2022-11-02,0.54,M110,3.87,P4,华南,女,22,1,
E12290,BU-6,客服,审计|React|K8s|Python,0,1,1,CFA,2024-07-28,2.19,M102,3.32,P7,华南,男,35,1,
E12291,BU-2,运营,K8s|运营|PM,0,0,0,,2024-03-12,0.65,M159,4.12,P4,华北,男,34,1,
E12292,BU-2,研发,AI/ML|PM|运营|BD,1,3,1,Oracle DBA,2024-08-13,1.89,M197,2.74,P3,东北,男,33,1,
E12293,BU-2,销售,AI/ML|审计|BD|PM,1,0,0,,2022-10-17,0.85,M193,3.2,P7,西南,男,31,0,
E12294,BU-2,运营,财务,0,0,0,,2024-01-20,0.76,M195,4.18,P7,西南,女,22,1,
E12295,BU-2,市场,K8s,0,3,1,ACP,2023-10-22,5.63,M182,3.56,P6,华中,男,35,1,
E12296,BU-5,运营,PM|React,0,0,0,,2023-06-03,0.32,M110,3.57,P4,华东,女,34,1,
E12297,BU-5,客服,K8s|React,0,1,1,CFA,2023-08-22,2.97,M111,3.38,P7,东北,男,43,1,
E12298,BU-1,财务,PM,0,0,0,,2020-04-13,1.83,M176,3.32,P6,东北,男,32,1,
E12299,BU-2,销售,React|运营|PM|BD,0,3,1,AWS,2023-02-05,11.65,M119,3.92,P5,华东,男,22,1,
E12300,BU-1,销售,Go|财务,0,0,0,,2022-04-17,0.27,M155,2.85,P5,西南,男,42,1,
E12301,BU-5,客服,Python|React|Spark|BD,0,0,0,,2022-01-01,0.1,M140,3.25,P4,华南,男,23,1,
E12302,BU-6,HR,AI/ML|财务|Go,1,0,0,,2023-11-28,4.58,M120,2.98,P7,东北,女,36,1,
E12303,BU-1,市场,运营|BD|Spark|K8s,0,0,0,,2020-08-13,1.05,M140,2.98,P4,华东,女,40,1,
E12304,BU-2,产品,运营,0,0,0,,2021-12-24,5.1,M138,3.35,P5,华中,女,22,0,
E12305,BU-6,产品,PM|React,0,0,0,,2020-01-30,0.75,M185,3.41,P4,西南,男,42,0,
E12306,BU-6,市场,Java|审计|Go,0,0,0,,2022-07-23,9.39,M152,3.77,P6,华中,男,24,1,
E12307,BU-4,HR,K8s|PM|Java,0,0,0,,2024-09-08,1.12,M109,4.28,P5,华东,男,27,1,
E12308,BU-3,HR,BD,0,0,0,,2021-03-29,0.68,M163,3.62,P4,东北,女,33,1,
E12309,BU-2,市场,Python|BD|React|财务,0,0,0,,2020-06-11,1.78,M101,4.04,P7,华南,女,29,1,
E12310,BU-5,运营,Java,0,3,1,CFA,2020-06-05,6.55,M127,2.36,P3,华北,女,23,1,
E12311,BU-6,销售,K8s|AI/ML|财务,1,0,0,,2021-07-10,4.0,M167,3.72,P7,东北,男,34,1,
E12312,BU-6,客服,Java|BD|K8s,0,3,1,K8s-CKA,2024-07-22,1.34,M107,3.49,P5,东北,女,32,1,
E12313,BU-3,运营,Python|Go|PM|审计,0,0,0,,2022-12-10,1.98,M154,3.04,P3,华中,女,39,1,
E12314,BU-1,HR,React,0,0,0,,2021-12-07,0.58,M185,3.81,P4,华东,男,23,1,
E12315,BU-4,销售,审计|Go|财务|BD,0,0,0,,2023-05-14,1.68,M140,2.86,P4,华东,女,43,1,
E12316,BU-6,市场,运营,0,0,0,,2020-03-18,2.97,M131,3.83,P6,华中,男,27,1,
E12317,BU-3,HR,运营|Go,0,0,0,,2021-03-10,2.29,M134,3.02,P4,东北,女,25,1,
E12318,BU-3,产品,React|K8s|审计,0,0,0,,2022-04-03,5.46,M191,4.02,P5,华北,男,31,1,
E12319,BU-1,市场,审计|AI/ML|Java,1,0,0,,2023-07-08,4.72,M187,3.99,P7,东北,女,36,1,
E12320,BU-1,市场,运营|Java|PM,0,0,0,,2023-06-09,2.72,M188,4.69,P4,华东,女,32,1,
E12321,BU-6,市场,Go|React|运营,0,0,0,,2021-01-07,2.64,M110,2.86,P6,东北,女,31,1,
E12322,BU-5,市场,PM|Spark|财务,0,0,0,,2020-07-13,18.23,M133,3.71,P5,华中,女,41,1,
E12323,BU-6,产品,React|PM,0,0,0,,2020-09-12,1.04,M184,2.86,P6,西南,男,23,1,
E12324,BU-3,财务,财务|Java|运营|K8s,0,0,0,,2023-04-23,5.52,M185,3.28,P5,华中,女,39,1,
E12325,BU-1,HR,运营|Go|PM|K8s,0,0,0,,2020-06-23,1.07,M157,3.05,P6,华中,男,37,1,
E12326,BU-6,市场,Python,0,0,0,,2022-10-19,18.28,M168,3.4,P4,华中,女,33,1,
E12327,BU-1,产品,PM|Java|BD|审计,0,0,0,,2022-09-29,1.65,M134,4.17,P6,华南,男,29,1,
E12328,BU-4,研发,Go|BD|K8s|财务,0,0,0,,2020-08-22,4.56,M167,3.63,P7,西南,女,31,1,
E12329,BU-5,产品,审计|React|K8s|PM,0,3,1,K8s-CKA,2020-06-07,10.14,M159,3.92,P5,华中,男,40,1,
E12330,BU-4,产品,运营|BD,0,3,1,TensorFlow,2023-08-14,0.51,M124,3.76,P7,华东,女,24,1,
E12331,BU-4,市场,Go|BD|AI/ML|Python,1,1,1,ACP,2023-01-27,0.12,M176,3.68,P7,华北,女,30,1,
E12332,BU-4,市场,Python|Go,0,0,0,,2022-12-23,22.82,M158,3.83,P4,东北,女,43,1,
E12333,BU-2,销售,Java|React|K8s,0,0,0,,2024-07-23,5.96,M124,4.31,P4,华南,男,44,1,
E12334,BU-6,客服,Spark|Python|K8s|Go,0,0,0,,2020-08-22,4.37,M178,3.98,P6,华北,男,22,1,
E12335,BU-4,财务,审计,0,0,0,,2023-05-11,1.45,M111,2.34,P3,华中,女,41,1,
E12336,BU-2,HR,React|Go,0,0,0,,2020-02-02,6.78,M108,3.58,P3,华南,女,28,1,
E12337,BU-6,市场,审计|Python|运营|AI/ML,1,0,0,,2020-08-22,4.22,M102,3.05,P7,华北,男,38,1,
E12338,BU-1,产品,Go,0,0,0,,2021-12-10,1.01,M132,3.39,P7,华南,女,35,1,
E12339,BU-1,销售,PM|运营,0,0,0,,2023-04-03,2.04,M142,4.9,P7,东北,女,41,1,
E12340,BU-2,财务,Go,0,0,0,,2020-11-03,2.31,M103,3.08,P5,东北,男,37,1,
E12341,BU-4,HR,Go,0,2,1,K8s-CKA,2024-01-01,2.22,M166,4.07,P7,东北,女,25,1,
E12342,BU-3,销售,BD|PM|AI/ML,1,0,0,,2024-09-17,0.36,M166,2.18,P4,华中,女,41,1,
E12343,BU-1,财务,React|Python,0,0,0,,2022-04-18,1.61,M155,4.11,P5,华北,男,27,1,
E12344,BU-4,HR,React|AI/ML|审计|Spark,1,0,0,,2023-08-10,10.83,M118,2.68,P3,东北,女,33,1,
E12345,BU-4,运营,Python|AI/ML,1,0,0,,2024-11-10,0.62,M126,2.33,P7,东北,女,24,1,
E12346,BU-3,HR,AI/ML|Spark,1,0,0,,2020-09-06,0.38,M111,4.45,P4,东北,男,22,1,
E12347,BU-1,HR,Java,0,3,1,Oracle DBA,2024-02-25,1.89,M155,3.82,P7,华南,女,25,1,
E12348,BU-6,财务,React|运营,0,3,1,TensorFlow,2021-12-18,7.16,M108,3.56,P4,东北,女,30,1,
E12349,BU-1,产品,BD|Go|React,0,0,0,,2021-08-08,1.13,M190,4.08,P5,华东,男,40,1,
E12350,BU-6,产品,BD|审计,0,0,0,,2021-04-18,3.6,M146,4.48,P5,华南,女,31,1,
E12351,BU-2,市场,Go|React|Java|K8s,0,0,0,,2024-08-11,29.05,M188,3.24,P7,华东,男,31,1,
E12352,BU-2,市场,BD,0,0,0,,2022-09-16,1.86,M109,4.13,P6,西南,男,24,1,
E12353,BU-6,市场,PM|Java|React,0,0,0,,2024-06-25,10.62,M125,3.2,P7,华北,女,22,1,
E12354,BU-5,产品,PM|React,0,1,1,AWS,2024-04-27,2.13,M178,2.94,P3,华中,男,32,1,
E12355,BU-6,客服,审计|AI/ML|Java,1,0,0,,2022-10-30,2.78,M162,4.3,P3,华南,女,40,1,
E12356,BU-6,财务,AI/ML|财务|Go|Python,1,0,0,,2020-02-07,8.36,M181,2.81,P5,东北,女,26,1,
E12357,BU-1,产品,运营|BD,0,0,0,,2021-10-05,1.16,M128,3.34,P4,华北,男,35,1,
E12358,BU-2,运营,K8s|AI/ML|Java,1,0,0,,2022-03-01,0.65,M100,3.85,P4,华东,男,35,1,
E12359,BU-4,销售,Spark|BD,0,0,0,,2021-03-29,4.85,M182,3.48,P7,华东,男,25,1,
E12360,BU-3,HR,AI/ML|Python|K8s,1,0,0,,2021-01-15,3.66,M192,3.07,P4,华中,男,35,1,
E12361,BU-4,研发,Python|React,0,2,1,PMP,2021-01-15,3.96,M114,3.74,P6,华东,女,23,1,
E12362,BU-6,运营,审计|AI/ML|Python|BD,1,0,0,,2020-02-03,7.98,M109,3.53,P5,华南,女,40,1,
E12363,BU-3,财务,运营|K8s,0,0,0,,2020-03-07,0.35,M179,3.35,P4,东北,女,32,1,
E12364,BU-3,研发,财务,0,0,0,,2021-04-20,8.16,M156,2.51,P5,西南,女,22,1,
E12365,BU-3,市场,财务,0,0,0,,2023-04-26,3.47,M153,3.53,P3,华北,男,30,1,
E12366,BU-6,运营,Python|AI/ML,1,0,0,,2022-11-18,1.95,M136,3.6,P3,华中,女,32,0,
E12367,BU-2,研发,BD|Go,0,0,0,,2020-06-09,20.67,M172,3.03,P5,西南,男,23,1,
E12368,BU-2,客服,K8s|BD|Spark|AI/ML,1,0,0,,2023-01-26,2.03,M163,2.79,P4,东北,男,40,1,
E12369,BU-6,产品,AI/ML|BD,1,0,0,,2024-04-02,3.85,M182,3.26,P6,西南,男,30,1,
E12370,BU-2,销售,Go|审计,0,0,0,,2021-07-27,4.41,M131,3.62,P3,西南,女,25,1,
E12371,BU-5,运营,React|Java|PM|审计,0,1,1,TensorFlow,2024-07-19,16.84,M176,2.8,P6,华中,女,43,1,
E12372,BU-2,研发,财务,0,1,1,Oracle DBA,2024-04-03,15.64,M118,4.44,P7,华北,女,27,1,
E12373,BU-1,客服,BD,0,0,0,,2024-08-03,0.83,M166,2.83,P3,西南,女,29,1,
E12374,BU-1,客服,Java|PM|财务,0,0,0,,2020-04-04,1.97,M154,3.2,P7,东北,女,35,1,
E12375,BU-3,销售,Spark|运营|K8s|Python,0,0,0,,2020-09-10,4.34,M127,4.17,P4,华南,女,34,1,
E12376,BU-2,HR,Go,0,0,0,,2024-03-02,0.54,M133,2.68,P6,华南,男,30,1,
E12377,BU-3,研发,Java|运营|Python,0,0,0,,2022-01-07,2.02,M175,3.58,P5,华南,男,37,1,
E12378,BU-2,财务,AI/ML|Java|Go,1,1,1,K8s-CKA,2024-01-03,3.25,M144,4.03,P3,东北,男,23,1,
E12379,BU-1,HR,Go,0,0,0,,2021-02-28,10.16,M180,3.17,P3,西南,男,25,1,
E12380,BU-1,销售,PM|Spark|运营|React,0,0,0,,2020-04-11,6.09,M148,4.13,P7,西南,男,22,1,
E12381,BU-1,研发,Java,0,1,1,CFA,2022-06-28,8.24,M130,3.63,P5,华中,男,32,1,
E12382,BU-5,研发,Spark|Go|PM,0,0,0,,2024-05-18,7.19,M146,4.04,P7,华北,女,25,1,
E12383,BU-1,客服,财务|Java|AI/ML,1,0,0,,2021-04-12,4.45,M162,2.56,P7,华东,男,35,1,
E12384,BU-3,销售,PM|财务|BD,0,0,0,,2022-10-08,1.18,M151,4.02,P5,东北,男,24,1,
E12385,BU-4,研发,React,0,1,1,AWS,2022-06-27,1.5,M146,4.29,P7,东北,女,31,1,
E12386,BU-3,销售,K8s,0,0,0,,2023-01-15,4.76,M124,3.72,P4,华南,女,40,1,
E12387,BU-2,销售,AI/ML|Python,1,0,0,,2022-04-24,0.49,M197,3.47,P7,西南,男,29,1,
E12388,BU-1,客服,K8s,0,3,1,AWS,2021-06-05,1.11,M192,2.76,P6,华南,男,36,1,
E12389,BU-2,运营,BD|财务,0,0,0,,2024-11-02,4.28,M110,3.85,P3,华东,男,27,1,
E12390,BU-6,HR,BD,0,0,0,,2020-01-11,0.37,M109,4.53,P7,东北,男,40,1,
E12391,BU-2,HR,React|BD|审计|Spark,0,0,0,,2021-07-21,13.13,M107,3.97,P7,华南,男,35,1,
E12392,BU-1,产品,Python|React|运营|K8s,0,0,0,,2022-10-03,1.22,M112,4.12,P3,华北,男,27,1,
E12393,BU-2,客服,PM|运营,0,0,0,,2020-07-21,0.1,M144,3.23,P5,华南,女,29,1,
E12394,BU-3,市场,运营|Java,0,0,0,,2020-01-06,0.29,M182,2.33,P4,东北,女,36,1,
E12395,BU-1,销售,K8s,0,0,0,,2021-10-31,3.55,M185,3.12,P3,华中,女,37,1,
E12396,BU-6,销售,AI/ML|BD|Go,1,0,0,,2024-01-18,0.39,M137,3.24,P3,西南,男,38,1,
E12397,BU-1,财务,PM|财务|AI/ML|BD,1,0,0,,2021-01-09,4.09,M153,4.24,P5,西南,女,33,1,
E12398,BU-3,HR,React|运营,0,0,0,,2021-12-26,2.04,M159,2.57,P6,西南,男,36,0,
E12399,BU-6,HR,运营|Java,0,0,0,,2021-03-14,7.95,M152,4.3,P6,华南,女,47,1,
E12400,BU-1,运营,React,0,3,1,K8s-CKA,2024-05-31,2.65,M175,3.11,P4,华南,男,37,1,
E12401,BU-1,客服,Spark|Python|PM|财务,0,0,0,,2024-02-09,2.62,M199,3.59,P3,华南,男,37,1,
E12402,BU-3,销售,Python|财务,0,0,0,,2023-04-14,0.1,M137,3.61,P7,华中,男,33,1,
E12403,BU-1,研发,Spark|K8s|React,0,0,0,,2021-04-26,8.86,M153,4.84,P7,华东,男,36,1,
E12404,BU-1,产品,Go|审计,0,3,1,K8s-CKA,2024-09-17,0.15,M110,3.27,P6,华南,女,25,1,
E12405,BU-3,运营,Go|审计|运营,0,0,0,,2022-05-03,2.25,M189,3.93,P6,东北,男,22,1,
E12406,BU-3,销售,AI/ML|Spark|Python,1,0,0,,2022-10-07,4.81,M140,4.2,P6,西南,男,22,1,
E12407,BU-4,HR,审计|财务|AI/ML,1,0,0,,2021-05-02,2.33,M153,2.78,P4,东北,男,30,1,
E12408,BU-5,财务,React|Go|BD,0,0,0,,2023-02-21,0.75,M191,3.24,P7,华东,男,25,1,
E12409,BU-2,研发,Python|Spark|PM|财务,0,1,1,PMP,2021-01-31,0.76,M141,3.75,P4,华东,男,27,1,
E12410,BU-1,销售,Spark|Go|财务,0,0,0,,2023-01-25,1.61,M116,3.64,P4,华南,女,39,1,
E12411,BU-6,产品,Python|Go,0,0,0,,2023-12-22,0.1,M187,3.5,P3,华东,女,32,0,
E12412,BU-5,销售,PM|React,0,0,0,,2024-04-22,2.73,M105,4.76,P6,华东,女,37,1,
E12413,BU-3,研发,Spark,0,0,0,,2024-04-21,2.29,M115,2.72,P3,华中,男,43,1,
E12414,BU-2,运营,Python|审计|BD,0,0,0,,2023-08-08,8.64,M174,3.43,P6,华东,男,37,1,
E12415,BU-4,财务,Go|审计|运营|Python,0,0,0,,2021-05-31,0.98,M195,4.21,P6,华中,女,40,1,
E12416,BU-2,市场,审计|React|Java|BD,0,0,0,,2024-02-27,10.44,M137,3.89,P3,西南,男,50,1,
E12417,BU-3,运营,BD,0,0,0,,2020-07-05,7.36,M187,3.08,P5,华北,男,25,1,
E12418,BU-4,产品,财务|React|审计,0,0,0,,2022-11-21,2.61,M132,3.44,P5,东北,女,25,1,
E12419,BU-1,产品,财务|运营|审计|K8s,0,0,0,,2023-01-13,2.48,M120,4.11,P5,西南,女,34,1,
E12420,BU-4,财务,PM|Java,0,0,0,,2024-01-21,3.48,M162,4.72,P5,西南,女,26,1,
E12421,BU-3,销售,Java|Go|PM,0,0,0,,2020-01-08,2.06,M159,3.06,P4,华东,男,29,1,
E12422,BU-2,产品,Python|React|财务,0,1,1,TensorFlow,2023-08-12,2.87,M145,3.95,P7,华北,男,36,1,
E12423,BU-3,客服,K8s|审计|PM|财务,0,0,0,,2022-09-06,2.0,M180,3.43,P6,华南,女,29,1,
E12424,BU-2,产品,Go|Python,0,3,1,Oracle DBA,2021-04-04,0.29,M139,4.22,P3,华东,男,31,1,
E12425,BU-2,销售,Python|BD,0,0,0,,2023-04-10,9.82,M148,3.75,P4,华东,男,25,1,
E12426,BU-6,研发,Go|审计|BD|运营,0,0,0,,2023-01-23,9.2,M151,3.9,P5,华南,女,25,0,
E12427,BU-2,客服,运营|BD|Python|AI/ML,1,0,0,,2024-07-23,1.95,M188,3.65,P5,西南,男,23,1,
E12428,BU-1,运营,财务|Python|Spark|K8s,0,0,0,,2022-02-20,1.33,M106,4.8,P7,东北,女,36,1,
E12429,BU-6,销售,Go|财务|PM|Java,0,0,0,,2024-11-08,0.37,M112,3.43,P7,华南,男,40,1,
E12430,BU-2,销售,Go|Spark,0,0,0,,2024-07-20,3.71,M156,3.37,P4,华中,女,29,1,
E12431,BU-5,HR,React|BD,0,2,1,Oracle DBA,2023-02-09,4.17,M177,2.56,P7,华南,女,38,1,
E12432,BU-6,研发,财务,0,0,0,,2023-04-16,6.11,M135,3.72,P6,华东,男,38,1,
E12433,BU-6,市场,BD|React|Python|财务,0,0,0,,2024-03-26,2.75,M173,3.66,P6,东北,女,32,1,
E12434,BU-5,研发,财务|Python|运营,0,0,0,,2023-11-22,9.9,M121,3.67,P5,华中,男,52,1,
E12435,BU-1,财务,Python|AI/ML|审计,1,0,0,,2023-12-29,0.5,M149,3.69,P7,西南,女,40,1,
E12436,BU-5,研发,Python|React|PM|Spark,0,2,1,CFA,2023-05-17,2.37,M147,3.42,P6,西南,女,26,1,
E12437,BU-5,运营,运营,0,0,0,,2021-06-08,1.74,M176,3.72,P3,华东,男,42,1,
E12438,BU-1,客服,运营,0,0,0,,2021-10-22,0.24,M145,4.39,P4,华北,女,29,1,
E12439,BU-4,产品,BD|React|PM|Go,0,0,0,,2022-01-18,8.27,M185,2.77,P5,东北,男,41,1,
E12440,BU-1,运营,BD|K8s|财务|Python,0,0,0,,2020-07-23,4.33,M120,4.07,P4,华中,女,33,1,
E12441,BU-4,市场,Python|Go|Spark,0,2,1,TensorFlow,2024-03-07,0.63,M141,2.92,P4,华东,女,46,1,
E12442,BU-4,销售,K8s|Go|React|BD,0,0,0,,2020-05-15,0.49,M156,3.75,P7,华南,男,47,1,
E12443,BU-4,销售,Python|运营|PM,0,0,0,,2023-08-20,6.49,M107,2.59,P3,西南,女,25,1,
E12444,BU-6,HR,AI/ML|React,1,0,0,,2023-03-22,0.72,M122,5.0,P7,西南,女,37,1,
E12445,BU-4,HR,PM|审计|K8s|AI/ML,1,0,0,,2020-12-31,1.56,M100,2.74,P4,西南,女,27,1,
E12446,BU-5,运营,Python|K8s|BD|Go,0,0,0,,2022-09-25,2.34,M190,4.22,P6,华中,女,40,1,
E12447,BU-5,销售,财务|K8s,0,0,0,,2021-01-11,8.34,M191,3.28,P3,西南,男,22,1,
E12448,BU-1,客服,Java|React,0,0,0,,2022-08-25,0.78,M128,2.8,P3,华南,女,28,1,
E12449,BU-4,市场,审计,0,0,0,,2021-02-10,3.23,M116,4.22,P6,华东,男,23,1,
E12450,BU-5,HR,财务|审计,0,0,0,,2023-03-27,5.37,M116,5.0,P6,华南,女,26,1,
E12451,BU-1,研发,React|审计|运营,0,0,0,,2020-01-20,0.93,M180,4.72,P5,华南,女,22,1,
E12452,BU-5,研发,审计|Java|K8s|PM,0,0,0,,2020-05-29,0.1,M161,3.47,P6,东北,男,45,1,
E12453,BU-5,财务,运营,0,3,1,TensorFlow,2020-02-07,11.15,M164,3.45,P6,西南,男,44,1,
E12454,BU-6,销售,React|BD|PM|K8s,0,0,0,,2020-02-17,13.5,M153,3.15,P4,西南,女,29,1,
E12455,BU-4,财务,K8s,0,0,0,,2024-06-25,0.47,M172,3.98,P3,华南,男,36,1,
E12456,BU-3,运营,运营,0,0,0,,2023-02-02,0.78,M199,2.93,P5,华南,男,35,1,
E12457,BU-6,市场,AI/ML|Python,1,0,0,,2023-08-11,7.35,M136,4.76,P3,东北,男,30,1,
E12458,BU-1,销售,AI/ML|Spark,1,0,0,,2024-03-02,6.2,M128,4.37,P3,西南,女,27,1,
E12459,BU-1,运营,React|K8s|财务|AI/ML,1,0,0,,2024-01-23,0.86,M149,2.53,P7,华东,女,32,1,
E12460,BU-3,研发,React,0,0,0,,2023-12-06,1.66,M176,3.38,P4,华北,男,23,1,
E12461,BU-6,研发,Python|BD,0,0,0,,2024-11-22,7.35,M194,2.32,P4,华东,女,22,1,
E12462,BU-6,财务,K8s,0,0,0,,2021-02-16,8.22,M142,3.74,P3,华北,男,42,1,
E12463,BU-6,财务,BD|PM|Go,0,1,1,ACP,2024-08-20,3.81,M100,3.34,P6,华中,女,27,1,
E12464,BU-1,研发,Spark,0,0,0,,2024-10-16,1.03,M114,4.13,P4,东北,女,36,1,
E12465,BU-2,市场,运营|React|财务,0,0,0,,2022-02-22,1.93,M179,3.72,P5,东北,女,36,1,
E12466,BU-2,市场,Go|审计|React,0,0,0,,2022-03-19,2.3,M166,4.76,P4,东北,男,44,1,
E12467,BU-4,产品,Go|财务,0,0,0,,2022-07-25,15.66,M165,3.95,P7,西南,男,22,1,
E12468,BU-4,研发,BD|Python|Spark|React,0,2,1,Oracle DBA,2020-02-18,4.11,M143,3.15,P7,西南,女,33,1,
E12469,BU-2,财务,财务|审计|PM|K8s,0,0,0,,2022-01-17,0.1,M116,3.85,P7,西南,男,44,1,
E12470,BU-4,销售,Spark|React|财务,0,0,0,,2021-10-21,4.91,M101,4.56,P4,华东,男,22,1,
E12471,BU-5,销售,React|Spark,0,0,0,,2024-02-25,3.32,M101,2.9,P7,西南,女,37,1,
E12472,BU-2,市场,Go|运营,0,0,0,,2020-02-11,1.41,M164,2.93,P5,西南,男,32,1,
E12473,BU-6,市场,Spark|PM|Java|财务,0,2,1,K8s-CKA,2021-05-21,3.83,M121,3.9,P4,西南,男,26,1,
E12474,BU-3,HR,审计|Python|运营|K8s,0,0,0,,2024-08-24,3.31,M192,3.77,P3,东北,女,41,1,
E12475,BU-3,财务,Go,0,0,0,,2022-10-01,0.99,M198,2.72,P6,西南,女,40,1,
E12476,BU-1,产品,财务,0,0,0,,2021-10-20,6.67,M109,3.61,P7,西南,女,28,1,
E12477,BU-2,HR,React|Spark|K8s|PM,0,3,1,AWS,2022-10-20,2.32,M106,3.37,P5,东北,男,35,1,
E12478,BU-4,销售,审计|Java|K8s,0,0,0,,2021-11-24,1.56,M199,4.05,P4,东北,男,23,1,
E12479,BU-1,财务,K8s|React|Go,0,1,1,PMP,2023-01-30,1.67,M189,4.34,P4,西南,男,42,1,
E12480,BU-4,客服,Java|Go|Spark,0,0,0,,2024-08-10,9.02,M158,3.2,P5,华南,男,32,1,
E12481,BU-6,市场,AI/ML,1,0,0,,2023-04-06,0.32,M101,3.89,P4,东北,女,44,1,
E12482,BU-2,研发,运营|财务|审计,0,0,0,,2023-11-25,8.86,M189,2.91,P3,华北,女,26,1,
E12483,BU-2,客服,审计,0,0,0,,2024-08-26,6.07,M161,4.15,P7,华北,女,32,1,
E12484,BU-5,运营,Spark,0,0,0,,2022-05-30,4.47,M192,4.17,P6,华北,女,32,1,
E12485,BU-1,产品,React|审计|Go,0,3,1,CFA,2024-10-05,7.86,M143,4.15,P7,华东,女,33,1,
E12486,BU-6,HR,Spark|运营|React,0,0,0,,2024-08-07,8.14,M180,3.18,P4,东北,男,44,1,
E12487,BU-6,财务,运营|PM,0,0,0,,2024-02-19,5.2,M111,4.56,P7,西南,男,24,1,
E12488,BU-1,销售,财务|React|BD,0,0,0,,2024-08-01,8.5,M175,2.2,P5,西南,男,35,1,
E12489,BU-6,运营,运营,0,0,0,,2022-02-03,2.65,M120,3.65,P3,东北,女,33,1,
E12490,BU-1,客服,Spark,0,0,0,,2023-02-11,1.56,M126,3.58,P4,华南,女,29,1,
E12491,BU-1,销售,运营|Go|BD,0,0,0,,2022-07-23,0.1,M158,2.9,P5,华东,女,36,1,
E12492,BU-4,市场,Spark|React,0,2,1,CFA,2022-07-01,2.03,M121,2.61,P7,华南,男,29,1,
E12493,BU-2,研发,AI/ML|K8s|审计,1,0,0,,2021-03-08,0.85,M178,4.1,P6,西南,男,48,1,
E12494,BU-5,财务,Spark,0,1,1,ACP,2023-01-09,2.61,M139,3.41,P7,华东,女,39,1,
E12495,BU-5,客服,BD|Go|审计,0,0,0,,2020-09-10,5.79,M149,3.61,P5,华东,女,37,1,
E12496,BU-2,产品,运营|PM,0,0,0,,2022-10-07,2.57,M126,2.82,P6,华北,女,42,1,
E12497,BU-3,产品,运营|React,0,0,0,,2023-06-13,2.08,M131,3.33,P7,华北,女,42,1,
E12498,BU-2,运营,React,0,0,0,,2023-09-19,1.05,M186,3.56,P5,东北,男,23,1,
E12499,BU-5,市场,财务|运营,0,0,0,,2020-05-15,2.83,M157,2.33,P6,东北,女,24,1,
E12500,BU-5,市场,审计|BD|Go,0,0,0,,2021-12-23,2.3,M124,4.11,P5,东北,女,31,1,
E12501,BU-2,产品,PM|运营,0,1,1,Oracle DBA,2022-05-15,3.88,M157,3.2,P5,西南,男,34,1,
E12502,BU-3,市场,运营|BD,0,0,0,,2022-03-01,3.46,M186,3.61,P5,华东,女,40,1,
E12503,BU-5,市场,Go,0,0,0,,2023-02-07,5.75,M107,4.92,P7,华东,女,27,1,
E12504,BU-3,市场,React|Python,0,0,0,,2023-07-30,0.15,M174,3.76,P3,西南,男,30,1,
E12505,BU-3,研发,财务|Python|Spark|Go,0,0,0,,2020-10-07,0.24,M153,3.45,P6,华东,女,23,1,
E12506,BU-1,研发,运营,0,0,0,,2024-06-27,5.71,M156,3.84,P6,华中,男,41,1,
E12507,BU-2,财务,Go|BD|Python,0,1,1,CFA,2021-03-04,3.39,M182,3.19,P5,西南,女,38,1,
E12508,BU-5,销售,React|财务,0,0,0,,2022-06-28,6.24,M117,4.57,P5,华北,男,29,1,
E12509,BU-4,运营,AI/ML,1,0,0,,2021-01-16,0.66,M185,2.4,P5,华北,女,43,1,
E12510,BU-3,研发,财务|Java,0,1,1,Oracle DBA,2022-07-25,0.34,M149,2.83,P7,华东,男,24,0,
E12511,BU-4,市场,Go|财务,0,3,1,Oracle DBA,2024-03-26,0.27,M199,2.51,P4,华南,男,24,1,
E12512,BU-6,HR,Java|运营|BD,0,0,0,,2024-02-25,0.1,M131,3.27,P3,华东,女,48,1,
E12513,BU-5,市场,Spark|React|Go|财务,0,0,0,,2021-07-06,0.48,M109,2.05,P4,东北,女,24,1,
E12514,BU-5,市场,审计,0,0,0,,2023-04-13,6.09,M147,3.94,P5,华南,女,31,1,
E12515,BU-3,产品,Spark|运营|审计,0,0,0,,2020-11-12,3.01,M113,4.01,P3,华东,女,37,1,
E12516,BU-5,市场,审计|Go|PM,0,0,0,,2022-07-23,0.17,M177,4.71,P5,西南,女,30,1,
E12517,BU-2,HR,财务|BD|运营|Spark,0,0,0,,2022-09-30,9.54,M115,3.68,P3,华南,女,35,1,
E12518,BU-5,HR,Python,0,1,1,K8s-CKA,2020-04-15,0.1,M103,4.34,P3,西南,男,46,1,
E12519,BU-4,研发,运营|审计|Go,0,0,0,,2021-07-17,0.1,M169,3.01,P6,西南,女,22,1,
E12520,BU-1,销售,K8s|BD|Spark|Go,0,0,0,,2021-10-21,2.56,M176,3.98,P4,西南,男,35,1,
E12521,BU-4,HR,BD|审计|K8s,0,2,1,K8s-CKA,2021-08-20,3.08,M101,3.53,P3,东北,男,35,1,
E12522,BU-4,销售,运营|Spark|财务,0,0,0,,2023-01-06,20.69,M187,3.76,P5,华东,男,22,1,
E12523,BU-4,产品,Python|K8s|PM,0,1,1,CFA,2021-08-04,11.9,M193,3.49,P3,华南,女,42,1,
E12524,BU-2,研发,K8s|财务|运营|AI/ML,1,0,0,,2020-09-28,11.75,M186,2.21,P4,西南,男,44,1,
E12525,BU-2,销售,财务,0,2,1,AWS,2022-01-24,4.41,M176,3.31,P6,华东,男,25,1,
E12526,BU-1,客服,Spark,0,3,1,K8s-CKA,2023-01-12,0.1,M115,3.75,P5,华南,男,29,1,
E12527,BU-5,产品,React|Go|Python,0,0,0,,2022-04-11,4.8,M193,3.37,P6,西南,男,37,1,
E12528,BU-1,运营,React,0,0,0,,2020-12-18,0.58,M175,3.77,P4,华中,男,37,1,
E12529,BU-6,财务,财务,0,0,0,,2024-09-21,3.68,M179,2.98,P3,东北,男,38,1,
E12530,BU-6,销售,运营|Java,0,0,0,,2023-01-06,7.2,M149,3.41,P5,西南,男,33,1,
E12531,BU-3,研发,Spark,0,0,0,,2022-09-29,2.84,M149,2.36,P3,华中,男,26,1,
E12532,BU-5,HR,Java|Spark,0,0,0,,2023-07-12,2.53,M195,3.75,P6,华东,男,28,1,
E12533,BU-1,财务,BD,0,0,0,,2022-06-19,0.35,M148,2.29,P5,西南,男,26,1,
E12534,BU-2,财务,K8s,0,0,0,,2024-10-24,11.41,M175,3.6,P6,华中,男,35,1,
E12535,BU-2,HR,BD|Go,0,0,0,,2020-08-24,2.43,M100,4.17,P5,东北,女,35,1,
E12536,BU-5,财务,Spark|运营,0,0,0,,2023-11-03,7.21,M107,3.61,P6,华中,男,30,1,
E12537,BU-6,HR,React|BD,0,0,0,,2023-09-02,3.09,M109,3.16,P4,华北,女,37,1,
E12538,BU-5,HR,Spark,0,0,0,,2021-11-23,3.04,M196,3.56,P6,华中,男,36,1,
E12539,BU-5,研发,Go|K8s|运营,0,0,0,,2022-11-16,2.08,M129,3.28,P4,东北,女,25,1,
E12540,BU-1,产品,财务,0,0,0,,2021-02-06,3.28,M146,3.8,P3,华中,女,30,1,
E12541,BU-3,HR,React,0,0,0,,2022-09-10,1.64,M171,3.51,P5,华北,女,29,1,
E12542,BU-1,市场,AI/ML|K8s,1,0,0,,2022-07-17,2.78,M174,3.52,P4,华北,男,25,1,
E12543,BU-3,销售,运营|审计|Go,0,0,0,,2023-11-24,1.33,M161,3.96,P3,华东,男,43,1,
E12544,BU-6,HR,Go,0,3,1,K8s-CKA,2024-05-08,0.85,M109,3.71,P5,华中,男,24,1,
E12545,BU-3,销售,Go,0,0,0,,2020-04-23,2.72,M101,3.79,P5,西南,男,28,1,
E12546,BU-6,产品,审计|K8s,0,0,0,,2024-08-23,0.28,M119,5.0,P3,华中,女,32,1,
E12547,BU-2,运营,运营|React|财务|PM,0,0,0,,2020-12-10,2.39,M190,3.18,P6,华南,男,39,1,
E12548,BU-4,销售,PM,0,0,0,,2022-07-29,3.08,M137,3.4,P6,华北,女,34,1,
E12549,BU-1,HR,AI/ML|Spark|PM,1,0,0,,2023-01-01,0.78,M139,3.66,P4,华南,女,32,1,
E12550,BU-3,HR,Go|财务|审计,0,0,0,,2021-06-27,0.22,M114,3.83,P6,华南,女,35,1,
E12551,BU-6,市场,运营|React|AI/ML|Python,1,0,0,,2023-05-11,0.1,M196,2.94,P5,西南,女,30,1,
E12552,BU-2,HR,运营,0,0,0,,2020-06-07,3.76,M172,3.49,P6,西南,女,27,1,
E12553,BU-4,运营,Go|AI/ML|财务,1,0,0,,2021-03-08,4.72,M138,3.43,P3,华中,女,45,1,
E12554,BU-3,销售,AI/ML,1,0,0,,2021-02-17,11.6,M185,4.42,P3,华中,女,33,1,
E12555,BU-2,运营,React,0,0,0,,2023-02-10,5.22,M176,3.01,P4,华东,女,29,1,
E12556,BU-1,销售,BD|PM|财务|AI/ML,1,0,0,,2020-01-23,0.54,M164,3.11,P6,华北,男,34,1,
E12557,BU-3,财务,Go|审计|K8s,0,0,0,,2023-05-18,2.11,M156,3.86,P7,华中,男,36,1,
E12558,BU-1,产品,Java|BD|运营|Python,0,0,0,,2024-05-13,3.22,M121,3.96,P5,华东,男,36,1,
E12559,BU-6,产品,Go|BD|Spark,0,0,0,,2023-06-14,3.69,M155,3.77,P6,西南,女,51,1,
E12560,BU-3,产品,PM|React|AI/ML,1,0,0,,2024-03-27,5.36,M132,3.05,P6,华北,女,33,1,
E12561,BU-1,运营,Python|AI/ML|运营|Java,1,0,0,,2023-08-02,10.62,M194,3.88,P7,东北,女,40,1,
E12562,BU-3,HR,财务|Spark|BD|PM,0,0,0,,2023-07-02,1.76,M174,2.95,P5,东北,男,22,1,
E12563,BU-6,销售,运营,0,2,1,AWS,2023-12-03,11.85,M107,3.55,P5,华中,女,26,1,
E12564,BU-5,财务,BD|财务|K8s,0,1,1,TensorFlow,2022-03-16,1.84,M134,3.81,P5,东北,女,34,1,
E12565,BU-5,客服,BD|PM,0,2,1,CFA,2022-03-09,5.02,M174,1.59,P5,东北,男,26,1,
E12566,BU-6,客服,Go|PM|React,0,0,0,,2024-08-08,5.27,M142,3.55,P7,华中,女,32,1,
E12567,BU-3,运营,BD,0,0,0,,2020-09-03,1.86,M172,3.44,P6,华北,女,25,1,
E12568,BU-1,HR,运营|Java|审计|React,0,0,0,,2024-02-21,1.47,M107,3.81,P4,东北,男,43,1,
E12569,BU-3,财务,PM,0,0,0,,2020-08-23,0.92,M171,3.32,P4,华北,男,25,1,
E12570,BU-2,研发,Python,0,3,1,CFA,2024-06-26,4.28,M139,2.96,P5,西南,女,28,1,
E12571,BU-3,HR,财务|AI/ML|Go|审计,1,0,0,,2023-11-02,2.17,M167,3.0,P5,华北,女,33,1,
E12572,BU-2,产品,Python|Spark,0,0,0,,2022-10-18,1.67,M116,2.74,P7,华南,男,41,1,
E12573,BU-1,HR,运营|PM,0,0,0,,2024-08-12,9.13,M128,3.5,P5,华东,女,38,1,
E12574,BU-3,研发,Go|K8s|审计,0,0,0,,2024-05-10,0.83,M156,3.14,P3,华中,女,26,1,
E12575,BU-4,产品,运营|Spark|Java|Go,0,0,0,,2022-10-24,0.78,M137,3.43,P7,华北,女,22,0,
E12576,BU-5,产品,Go,0,3,1,K8s-CKA,2022-04-10,2.11,M193,3.92,P3,华东,女,28,1,
E12577,BU-5,研发,React|AI/ML,1,0,0,,2023-09-08,2.12,M180,3.3,P7,西南,女,29,1,
E12578,BU-5,HR,Go,0,0,0,,2023-06-16,2.31,M164,2.97,P5,华南,男,28,1,
E12579,BU-3,客服,Java,0,1,1,ACP,2020-12-30,1.12,M123,2.45,P6,华北,男,35,1,
E12580,BU-2,研发,运营|K8s|Spark|Java,0,0,0,,2020-10-25,0.2,M194,2.79,P6,华中,男,28,1,
E12581,BU-4,市场,Java|Python|BD|财务,0,0,0,,2024-02-21,0.51,M158,3.67,P4,华中,女,42,1,
E12582,BU-6,销售,财务|Java|K8s,0,0,0,,2024-07-24,3.3,M126,4.14,P7,华中,男,29,1,
E12583,BU-2,运营,K8s,0,1,1,AWS,2020-02-20,3.48,M142,2.84,P3,华南,男,30,0,
E12584,BU-2,市场,财务,0,0,0,,2020-06-09,0.37,M178,1.83,P7,西南,女,33,0,
E12585,BU-3,产品,K8s|PM,0,0,0,,2022-11-23,0.37,M166,3.81,P4,华南,男,22,0,
E12586,BU-4,客服,Python,0,0,0,,2023-01-21,2.74,M100,3.65,P3,华北,女,38,1,
E12587,BU-2,HR,PM|运营|React,0,0,0,,2021-07-08,0.88,M161,4.31,P4,东北,男,27,1,
E12588,BU-3,HR,Go|K8s|React|运营,0,0,0,,2023-12-07,0.55,M113,3.35,P7,华东,女,35,1,
E12589,BU-6,客服,AI/ML,1,0,0,,2022-07-20,2.97,M196,3.65,P4,华北,男,55,1,
E12590,BU-6,研发,PM|AI/ML,1,0,0,,2022-07-25,10.22,M140,3.32,P5,华东,男,25,1,
E12591,BU-2,财务,财务|Go,0,0,0,,2024-10-16,1.39,M145,3.41,P5,华北,男,29,1,
E12592,BU-1,产品,运营,0,0,0,,2020-08-04,0.66,M199,4.12,P7,华东,男,35,1,
E12593,BU-1,HR,K8s|财务,0,1,1,TensorFlow,2021-03-05,1.57,M104,4.05,P4,华南,男,22,1,
E12594,BU-6,财务,BD|运营,0,0,0,,2022-04-28,0.63,M192,2.21,P6,东北,女,37,1,
E12595,BU-6,研发,AI/ML|审计,1,0,0,,2024-01-20,0.31,M132,3.71,P7,华中,男,24,1,
E12596,BU-2,销售,财务|PM|Go,0,0,0,,2021-10-09,2.97,M170,3.27,P7,西南,女,37,0,
E12597,BU-3,HR,Go|Java,0,0,0,,2020-04-25,2.02,M169,4.41,P4,华北,女,37,1,
E12598,BU-3,运营,Go|PM,0,0,0,,2023-12-29,2.54,M170,3.39,P6,华北,女,33,1,
E12599,BU-4,产品,BD,0,0,0,,2020-11-28,5.1,M104,3.25,P3,东北,女,48,1,
E12600,BU-2,客服,React,0,0,0,,2020-11-04,4.6,M184,4.45,P3,东北,男,31,1,
E12601,BU-5,HR,BD|财务|Go,0,0,0,,2020-05-26,5.66,M117,4.12,P6,华北,男,22,1,
E12602,BU-6,运营,Spark|PM|Go,0,3,1,PMP,2021-09-09,9.56,M163,3.66,P3,华中,男,32,1,
E12603,BU-5,研发,BD,0,0,0,,2024-07-03,0.3,M157,3.13,P4,华东,女,39,1,
E12604,BU-6,研发,Go|运营,0,0,0,,2020-08-26,11.27,M132,3.95,P3,西南,男,31,1,
E12605,BU-1,销售,Spark,0,0,0,,2021-02-22,1.48,M108,4.0,P3,华南,女,40,1,
E12606,BU-3,HR,Go|Python,0,0,0,,2022-07-07,3.11,M185,4.13,P3,华东,男,25,1,
E12607,BU-2,研发,K8s|PM,0,0,0,,2024-09-29,6.26,M188,4.19,P6,华东,男,37,1,
E12608,BU-3,客服,BD|AI/ML|审计|Spark,1,0,0,,2021-12-28,1.18,M168,2.29,P5,华东,女,22,1,
E12609,BU-2,研发,BD|Java|财务|Spark,0,0,0,,2020-10-06,2.54,M109,5.0,P5,西南,男,25,1,
E12610,BU-3,运营,审计|Java,0,0,0,,2020-01-21,0.23,M145,2.6,P6,华北,男,42,1,
E12611,BU-2,销售,PM|Python|Go,0,0,0,,2022-12-04,0.1,M189,3.57,P4,东北,男,30,1,
E12612,BU-3,运营,审计|财务|AI/ML,1,0,0,,2020-06-26,1.2,M102,2.71,P3,华南,女,37,1,
E12613,BU-6,客服,Java,0,2,1,PMP,2023-06-14,1.43,M195,3.65,P4,西南,女,30,1,
E12614,BU-1,销售,财务|审计|Go,0,1,1,ACP,2021-01-25,0.1,M144,4.2,P4,华东,女,32,1,
E12615,BU-1,产品,Spark|Python,0,0,0,,2022-09-17,2.09,M128,3.4,P5,华东,男,54,1,
E12616,BU-1,研发,运营|Spark,0,0,0,,2023-03-11,3.46,M160,3.92,P3,华北,女,49,1,
E12617,BU-4,运营,财务|Go,0,0,0,,2022-10-17,0.93,M164,4.27,P7,华中,女,22,1,
E12618,BU-5,HR,K8s,0,2,1,CFA,2021-04-12,12.1,M161,3.76,P7,华中,男,38,1,
E12619,BU-3,产品,Go|PM,0,0,0,,2023-08-16,1.97,M125,3.33,P6,西南,女,35,1,
E12620,BU-5,销售,Python,0,0,0,,2022-10-08,2.12,M182,4.54,P5,西南,男,25,1,
E12621,BU-1,HR,PM|K8s|BD|Go,0,0,0,,2021-05-23,0.44,M153,3.34,P5,西南,男,25,1,
E12622,BU-5,市场,运营|AI/ML|React,1,0,0,,2020-12-07,0.6,M142,3.23,P4,华东,男,48,1,
E12623,BU-1,HR,BD|运营|K8s,0,0,0,,2022-11-08,1.31,M161,3.33,P4,华中,男,38,1,
E12624,BU-2,客服,Python|K8s,0,1,1,Oracle DBA,2021-08-05,0.7,M143,3.28,P4,华南,女,34,1,
E12625,BU-5,产品,BD,0,2,1,AWS,2022-02-13,5.97,M191,2.73,P7,东北,男,23,1,
E12626,BU-4,HR,AI/ML|Python|BD|React,1,0,0,,2024-06-20,1.12,M193,3.14,P3,东北,男,33,1,
E12627,BU-3,运营,Spark|React|K8s,0,1,1,AWS,2024-08-21,1.28,M156,3.61,P7,西南,女,32,1,
E12628,BU-4,财务,审计|Python|AI/ML,1,0,0,,2021-09-22,4.25,M121,3.94,P4,西南,男,22,1,
E12629,BU-5,销售,React|审计,0,0,0,,2024-07-06,6.54,M176,3.57,P5,华北,女,22,1,
E12630,BU-6,HR,Java|Go,0,2,1,Oracle DBA,2022-01-22,3.35,M131,3.36,P5,华南,女,37,1,
E12631,BU-4,产品,PM|K8s,0,0,0,,2023-07-08,2.15,M143,3.54,P6,西南,女,35,1,
E12632,BU-2,研发,K8s|运营|Go,0,0,0,,2022-06-15,4.32,M107,2.52,P4,东北,女,39,1,
E12633,BU-6,研发,PM|React,0,0,0,,2022-11-14,13.93,M103,3.04,P7,华南,女,35,1,
E12634,BU-4,运营,Java|AI/ML|K8s|运营,1,0,0,,2020-04-17,7.51,M174,2.74,P4,华北,女,22,1,
E12635,BU-3,销售,Spark|AI/ML,1,0,0,,2020-12-02,0.6,M165,4.26,P3,西南,男,39,1,
E12636,BU-5,财务,审计|K8s|财务,0,1,1,TensorFlow,2024-03-27,3.74,M127,2.91,P3,华中,男,37,1,
E12637,BU-1,财务,PM|Spark|Java,0,0,0,,2022-08-19,1.35,M109,3.8,P3,华东,女,33,1,
E12638,BU-5,市场,运营|财务|Python,0,0,0,,2022-11-20,3.35,M107,4.37,P5,华东,男,31,1,
E12639,BU-1,客服,React|Java|运营|K8s,0,0,0,,2023-06-26,1.28,M195,3.82,P5,华中,女,28,1,
E12640,BU-4,财务,K8s|运营|AI/ML|Spark,1,0,0,,2021-07-29,14.87,M177,4.41,P5,华东,男,38,1,
E12641,BU-4,销售,PM|Go|Python|Java,0,0,0,,2020-02-15,2.92,M161,2.88,P5,东北,男,22,1,
E12642,BU-1,研发,PM|Spark|Java|审计,0,0,0,,2020-06-12,17.39,M185,3.93,P6,华北,女,27,1,
E12643,BU-4,销售,Python|审计|Spark,0,0,0,,2023-08-26,5.19,M131,3.03,P4,西南,男,36,1,
E12644,BU-3,财务,Go|Spark,0,0,0,,2021-10-08,0.51,M173,2.18,P3,西南,男,37,1,
E12645,BU-1,销售,运营|Java,0,0,0,,2024-03-11,0.98,M191,2.84,P4,华北,男,36,1,
E12646,BU-3,市场,运营|AI/ML,1,0,0,,2022-10-22,0.74,M167,3.75,P6,西南,男,44,1,
E12647,BU-3,市场,K8s|Spark|Java|PM,0,0,0,,2022-10-31,1.76,M145,4.29,P3,西南,男,24,1,
E12648,BU-4,产品,Java,0,0,0,,2023-01-12,8.44,M165,3.32,P3,华南,男,35,1,
E12649,BU-4,财务,PM|K8s|Java,0,2,1,CFA,2024-03-28,2.28,M187,2.89,P3,西南,女,35,1,
E12650,BU-5,客服,React|Java|审计|PM,0,2,1,PMP,2024-01-27,3.93,M168,4.42,P6,华中,女,45,1,
E12651,BU-1,产品,React|财务,0,0,0,,2024-07-13,1.97,M127,4.04,P4,东北,男,37,1,
E12652,BU-6,客服,BD|Go|Python|AI/ML,1,0,0,,2021-01-28,0.63,M111,3.32,P3,华中,女,33,1,
E12653,BU-1,产品,React,0,0,0,,2021-03-25,6.62,M142,3.78,P5,华东,女,33,1,
E12654,BU-2,HR,运营|Java|Go,0,2,1,AWS,2021-05-16,0.55,M173,3.85,P3,华东,男,37,1,
E12655,BU-6,财务,K8s|BD|审计|运营,0,0,0,,2022-02-08,2.74,M152,3.49,P3,华南,女,37,1,
E12656,BU-3,财务,PM|Go|Java|审计,0,0,0,,2020-06-05,2.94,M183,2.84,P4,华中,男,34,1,
E12657,BU-5,销售,Spark|PM,0,3,1,K8s-CKA,2021-07-22,4.93,M167,4.3,P7,华南,男,26,1,
E12658,BU-6,客服,财务|BD|Go,0,0,0,,2020-04-02,0.91,M104,3.57,P3,东北,男,34,1,
E12659,BU-4,销售,Spark,0,2,1,PMP,2022-12-06,11.33,M187,3.44,P5,西南,男,22,1,
E12660,BU-3,运营,PM|AI/ML|K8s,1,0,0,,2023-12-13,3.85,M118,3.5,P6,东北,女,42,1,
E12661,BU-4,研发,Python|React|Go,0,0,0,,2021-09-02,4.79,M165,3.54,P3,华中,女,35,1,
E12662,BU-6,HR,Spark,0,0,0,,2022-07-04,7.7,M193,2.91,P5,华东,男,31,1,
E12663,BU-1,客服,AI/ML|Java|Spark|财务,1,0,0,,2024-10-05,24.82,M126,3.76,P3,西南,男,35,1,
E12664,BU-4,销售,财务|审计,0,0,0,,2022-07-06,4.84,M172,3.49,P7,华东,男,27,1,
E12665,BU-1,研发,AI/ML|Spark|BD|PM,1,0,0,,2023-03-26,9.22,M135,3.52,P7,华东,男,34,1,
E12666,BU-4,市场,PM|K8s|运营|BD,0,2,1,TensorFlow,2024-04-22,0.72,M134,3.03,P7,华东,男,23,1,
E12667,BU-2,销售,财务|Spark|AI/ML,1,0,0,,2022-01-22,0.15,M101,4.13,P6,东北,女,40,0,
E12668,BU-1,HR,运营|Spark,0,0,0,,2022-10-28,1.52,M169,4.5,P6,华北,女,32,1,
E12669,BU-1,销售,BD|PM|Python|Go,0,0,0,,2024-09-14,3.62,M187,2.96,P5,华中,女,25,1,
E12670,BU-3,客服,财务|React|Go|BD,0,0,0,,2024-09-16,0.72,M182,2.5,P6,东北,男,22,1,
E12671,BU-4,运营,PM|审计,0,0,0,,2022-09-05,0.2,M139,2.48,P3,华南,男,43,1,
E12672,BU-5,客服,审计|运营|Spark|PM,0,3,1,ACP,2024-06-19,0.29,M149,4.69,P4,东北,女,30,1,
E12673,BU-1,客服,PM|AI/ML|Java|Python,1,0,0,,2022-01-04,1.22,M105,3.09,P4,华东,女,25,1,
E12674,BU-2,研发,React|财务,0,0,0,,2020-03-26,6.53,M170,3.35,P5,华东,男,26,1,
E12675,BU-6,运营,Python|React,0,0,0,,2020-12-28,0.7,M142,3.2,P3,东北,女,38,1,
E12676,BU-4,产品,审计|运营|Go|财务,0,0,0,,2024-05-28,0.87,M119,3.67,P4,东北,男,24,1,
E12677,BU-5,研发,运营|Python|React|Spark,0,0,0,,2022-06-17,5.67,M191,4.03,P5,华中,女,33,1,
E12678,BU-4,研发,运营|React|AI/ML|BD,1,0,0,,2022-12-31,1.57,M151,3.16,P7,华北,女,34,1,
E12679,BU-3,产品,BD|Spark,0,0,0,,2020-01-26,6.25,M154,3.29,P6,华北,男,38,1,
E12680,BU-1,HR,PM,0,0,0,,2023-04-15,1.34,M193,3.55,P6,华南,男,32,1,
E12681,BU-5,运营,运营|Java|Python|Go,0,0,0,,2023-01-12,0.42,M192,4.02,P4,华北,女,31,1,
E12682,BU-6,财务,审计|财务|AI/ML,1,0,0,,2023-04-15,0.1,M163,3.99,P4,东北,男,30,1,
E12683,BU-5,市场,财务|Spark|Go|Python,0,0,0,,2024-02-26,4.65,M114,2.64,P3,华东,男,32,1,
E12684,BU-4,市场,Java,0,0,0,,2024-01-30,2.1,M170,3.36,P3,华东,男,44,1,
E12685,BU-2,产品,审计|AI/ML|Python,1,0,0,,2023-10-11,0.92,M145,3.7,P4,华东,男,36,1,
E12686,BU-3,销售,AI/ML|审计|Spark|Go,1,0,0,,2022-05-06,1.12,M186,3.41,P3,华南,男,32,1,
E12687,BU-2,运营,Spark,0,0,0,,2021-04-04,1.49,M127,3.47,P6,东北,女,44,1,
E12688,BU-1,销售,财务|PM,0,0,0,,2021-11-17,2.57,M172,3.47,P4,华北,男,30,1,
E12689,BU-6,HR,Spark|财务,0,0,0,,2023-11-24,2.48,M198,2.68,P6,西南,女,46,1,
E12690,BU-1,销售,PM|AI/ML|运营|Python,1,0,0,,2024-07-17,2.88,M190,4.77,P7,西南,男,39,1,
E12691,BU-1,产品,AI/ML|审计|React,1,0,0,,2022-09-19,2.33,M144,3.59,P4,华中,男,24,0,
E12692,BU-2,销售,BD|Java|Go,0,0,0,,2021-04-06,5.95,M113,3.34,P3,东北,男,38,1,
E12693,BU-4,客服,BD|Python|PM,0,1,1,Oracle DBA,2022-08-10,9.07,M122,3.68,P7,华东,男,22,1,
E12694,BU-2,研发,Spark|Go|React,0,0,0,,2020-10-27,2.93,M158,2.52,P6,华东,男,39,1,
E12695,BU-5,市场,财务|AI/ML|Spark|Go,1,0,0,,2024-03-28,5.37,M150,2.81,P4,华中,男,22,1,
E12696,BU-3,市场,Spark|K8s|运营|PM,0,0,0,,2021-04-18,1.3,M149,2.64,P7,西南,男,32,0,
E12697,BU-3,运营,React,0,0,0,,2020-06-16,0.68,M130,4.93,P6,华南,男,37,1,
E12698,BU-4,客服,Python|Spark|运营|Java,0,2,1,PMP,2020-08-05,3.09,M175,2.99,P5,西南,女,22,1,
E12699,BU-5,财务,BD|Spark|K8s,0,0,0,,2020-06-09,18.73,M147,3.6,P4,西南,女,39,1,
E12700,BU-5,客服,财务,0,0,0,,2023-10-27,1.92,M153,3.98,P6,华南,女,45,1,
E12701,BU-3,研发,财务|AI/ML|React|Go,1,0,0,,2021-05-21,0.94,M123,4.08,P7,华中,女,31,1,
E12702,BU-2,产品,Spark|BD|K8s|Go,0,1,1,ACP,2020-08-19,3.75,M109,2.9,P3,东北,女,30,1,
E12703,BU-3,产品,PM|Python|React,0,0,0,,2021-02-16,6.19,M136,3.34,P7,华南,女,43,1,
E12704,BU-1,研发,运营|BD,0,0,0,,2021-02-07,1.07,M139,3.09,P7,华北,女,42,1,
E12705,BU-6,财务,Spark|PM|Go|BD,0,0,0,,2022-11-05,2.42,M185,2.94,P5,西南,男,27,1,
E12706,BU-1,财务,BD|K8s,0,0,0,,2024-02-19,1.77,M194,3.16,P5,东北,男,22,1,
E12707,BU-4,市场,Go|财务|运营|React,0,0,0,,2020-05-14,2.0,M114,3.25,P3,西南,男,29,1,
E12708,BU-4,财务,K8s|BD,0,3,1,K8s-CKA,2023-01-06,5.19,M132,2.68,P4,华中,女,34,1,
E12709,BU-3,市场,K8s|审计|AI/ML|Go,1,1,1,CFA,2022-08-19,0.71,M172,3.14,P5,华北,男,44,1,
E12710,BU-6,产品,PM|财务|审计,0,0,0,,2020-01-16,7.82,M141,4.37,P5,东北,男,30,1,
E12711,BU-6,销售,Python|React|财务,0,0,0,,2024-01-14,2.53,M144,3.94,P3,华中,女,29,1,
E12712,BU-3,产品,K8s,0,0,0,,2020-06-19,1.1,M127,3.2,P5,东北,男,24,1,
E12713,BU-5,销售,审计,0,1,1,ACP,2023-03-26,1.32,M196,2.66,P5,西南,男,34,1,
E12714,BU-6,HR,审计,0,0,0,,2021-01-04,0.88,M129,3.15,P7,华北,女,29,1,
E12715,BU-5,运营,Python|AI/ML,1,0,0,,2023-08-19,0.32,M196,2.99,P5,华东,女,27,1,
E12716,BU-5,销售,PM|K8s|React|Java,0,0,0,,2024-07-08,3.12,M148,3.18,P4,西南,女,23,0,
E12717,BU-5,产品,K8s|Python|Java,0,0,0,,2021-05-12,5.15,M164,2.33,P6,华南,男,27,1,
E12718,BU-5,销售,BD|PM,0,0,0,,2024-02-10,0.36,M148,2.66,P4,华中,男,40,1,
E12719,BU-4,市场,AI/ML,1,0,0,,2024-03-09,3.03,M151,3.98,P5,华南,男,26,1,
E12720,BU-4,财务,Python,0,0,0,,2023-06-08,5.76,M154,3.79,P3,华南,女,35,1,
E12721,BU-5,研发,Spark|React|财务,0,0,0,,2022-07-16,0.36,M169,4.9,P4,华东,男,31,1,
E12722,BU-4,销售,BD,0,1,1,K8s-CKA,2021-07-24,19.48,M139,4.22,P4,华东,男,30,0,
E12723,BU-6,运营,Python|BD,0,0,0,,2020-03-29,8.92,M141,3.0,P6,华中,女,41,1,
E12724,BU-5,运营,Java|PM|K8s|BD,0,0,0,,2024-09-11,0.5,M121,3.64,P7,华北,女,43,1,
E12725,BU-6,HR,Java|Go|AI/ML,1,0,0,,2024-04-24,5.2,M168,3.51,P4,华东,女,22,1,
E12726,BU-2,产品,财务|Go|BD,0,2,1,TensorFlow,2023-02-03,2.65,M194,3.79,P3,华中,女,41,1,
E12727,BU-5,销售,Python|React|AI/ML,1,3,1,PMP,2024-08-08,0.67,M110,2.9,P4,西南,女,32,1,
E12728,BU-5,运营,K8s|AI/ML,1,0,0,,2021-04-12,1.08,M122,3.18,P3,西南,男,32,1,
E12729,BU-3,HR,PM|K8s,0,0,0,,2021-06-09,0.94,M165,3.61,P6,华南,男,34,1,
E12730,BU-6,客服,财务,0,0,0,,2021-06-30,2.28,M175,3.72,P7,华南,男,29,1,
E12731,BU-6,财务,AI/ML,1,0,0,,2023-06-04,4.43,M127,2.86,P3,华中,男,27,1,
E12732,BU-6,产品,运营|React|Spark|AI/ML,1,0,0,,2021-05-30,0.47,M156,4.23,P5,华北,女,29,1,
E12733,BU-1,客服,Python|财务|K8s,0,0,0,,2021-04-17,9.03,M181,3.6,P4,华东,女,22,1,
E12734,BU-1,运营,审计|PM,0,1,1,K8s-CKA,2021-12-29,0.89,M128,3.85,P6,华北,女,31,1,
E12735,BU-3,运营,K8s|Python|PM|运营,0,0,0,,2021-10-23,1.52,M105,2.83,P7,西南,男,39,1,
E12736,BU-6,市场,Java,0,1,1,TensorFlow,2020-06-19,6.24,M177,3.1,P3,华东,男,35,1,
E12737,BU-5,销售,财务|审计|PM,0,0,0,,2022-10-25,6.05,M162,3.36,P3,华中,女,39,1,
E12738,BU-2,运营,Python|PM|AI/ML,1,0,0,,2023-12-06,0.18,M107,3.59,P6,华北,男,22,1,
E12739,BU-4,财务,PM|Spark,0,0,0,,2022-04-09,5.62,M190,2.45,P7,华中,女,41,1,
E12740,BU-6,财务,审计|K8s|Spark|财务,0,2,1,TensorFlow,2020-08-23,10.27,M177,3.11,P7,东北,男,34,1,
E12741,BU-4,研发,Java|审计|PM,0,0,0,,2021-11-22,7.69,M130,3.25,P5,西南,女,38,1,
E12742,BU-4,销售,财务|K8s|Spark,0,0,0,,2021-01-22,3.07,M123,2.46,P5,华北,男,31,1,
E12743,BU-2,市场,Python|BD|React|财务,0,0,0,,2023-04-08,2.52,M104,2.78,P7,华中,男,42,1,
E12744,BU-3,财务,Java|PM|BD,0,0,0,,2023-02-20,1.79,M115,3.97,P6,华东,女,34,1,
E12745,BU-2,运营,PM|React,0,1,1,K8s-CKA,2022-02-08,1.71,M135,3.4,P7,华东,女,26,1,
E12746,BU-1,产品,AI/ML|审计|Java,1,0,0,,2021-06-05,10.69,M115,3.83,P7,华北,女,36,1,
E12747,BU-4,销售,BD|React,0,0,0,,2020-05-31,0.79,M115,3.88,P3,华北,男,38,1,
E12748,BU-5,研发,运营|Go,0,0,0,,2023-08-31,2.81,M109,3.95,P7,华北,女,24,1,
E12749,BU-6,研发,Spark,0,0,0,,2020-10-26,16.41,M101,3.43,P6,华北,男,39,1,
E12750,BU-1,财务,Python|React,0,0,0,,2024-08-31,7.46,M195,3.97,P3,华东,男,22,1,
E12751,BU-5,客服,Java|Spark|财务|Python,0,0,0,,2022-12-03,1.14,M180,3.07,P5,东北,女,37,1,
E12752,BU-1,财务,Python|审计|K8s,0,0,0,,2024-11-03,3.23,M177,3.92,P3,东北,女,30,1,
E12753,BU-3,HR,K8s|Python|Spark,0,1,1,Oracle DBA,2023-05-26,1.67,M177,2.97,P6,华北,男,34,1,
E12754,BU-3,研发,BD|Java|PM|Python,0,0,0,,2024-04-10,2.47,M137,4.0,P4,华中,女,31,1,
E12755,BU-6,HR,K8s,0,0,0,,2021-09-02,1.03,M154,4.23,P7,东北,男,35,1,
E12756,BU-5,销售,财务,0,1,1,TensorFlow,2021-11-29,5.84,M127,3.64,P4,华东,男,28,1,
E12757,BU-6,客服,运营|PM|Spark|AI/ML,1,0,0,,2021-09-16,3.45,M137,2.68,P6,西南,女,32,1,
E12758,BU-5,客服,Spark|React|审计|AI/ML,1,0,0,,2023-02-22,3.18,M178,3.2,P4,华中,男,32,1,
E12759,BU-4,运营,BD|Python|PM|AI/ML,1,0,0,,2022-12-13,4.27,M145,3.81,P6,东北,男,30,1,
E12760,BU-3,客服,财务,0,0,0,,2024-07-18,3.84,M125,2.99,P3,东北,男,36,1,
E12761,BU-4,市场,Java|Go|AI/ML,1,0,0,,2020-10-06,2.61,M140,3.53,P7,华东,女,29,1,
E12762,BU-4,研发,Go|AI/ML,1,0,0,,2024-07-06,1.29,M175,3.19,P6,东北,女,37,1,
E12763,BU-2,财务,Python|审计|Spark|财务,0,0,0,,2020-11-17,2.15,M185,4.54,P7,华南,男,34,1,
E12764,BU-2,HR,K8s|财务|Java,0,0,0,,2020-06-28,14.82,M131,4.12,P7,华东,女,35,1,
E12765,BU-3,HR,审计|K8s,0,0,0,,2024-11-18,0.93,M199,3.77,P7,华中,男,38,1,
E12766,BU-1,HR,Python|React|Go,0,0,0,,2024-07-23,15.51,M163,3.57,P4,西南,女,26,1,
E12767,BU-3,销售,审计|AI/ML|Java|运营,1,0,0,,2024-09-09,4.88,M114,3.94,P6,西南,男,29,1,
E12768,BU-1,销售,Go|Java|审计,0,0,0,,2021-06-19,0.74,M198,4.18,P3,东北,女,39,1,
E12769,BU-4,研发,K8s|PM|运营,0,3,1,K8s-CKA,2020-03-06,11.92,M180,3.7,P3,华东,女,37,1,
E12770,BU-1,客服,Java|React|PM|BD,0,0,0,,2023-01-22,2.08,M185,2.99,P4,华东,女,40,1,
E12771,BU-5,研发,Python|Spark|BD,0,0,0,,2024-12-03,6.85,M158,3.2,P3,华北,女,37,1,
E12772,BU-2,研发,财务|PM|Go,0,0,0,,2021-10-04,15.82,M157,3.55,P4,华南,女,24,1,
E12773,BU-1,产品,运营|Python|K8s,0,3,1,K8s-CKA,2020-11-19,0.1,M103,3.17,P6,华北,女,28,1,
E12774,BU-1,运营,Python|审计|Spark|BD,0,0,0,,2020-10-28,5.83,M171,3.38,P7,华中,男,24,1,
E12775,BU-2,客服,K8s,0,0,0,,2024-04-10,1.56,M134,4.53,P3,东北,男,40,1,
E12776,BU-6,产品,PM|AI/ML|React,1,0,0,,2020-05-01,1.37,M114,3.99,P3,华东,女,35,1,
E12777,BU-3,HR,运营|K8s|Java|Spark,0,0,0,,2020-12-01,0.15,M109,3.63,P5,东北,女,31,1,
E12778,BU-1,市场,React|Java|K8s,0,3,1,AWS,2021-04-17,4.42,M180,3.92,P4,华东,男,39,1,
E12779,BU-3,HR,K8s|BD|Spark,0,0,0,,2021-06-01,0.61,M114,3.22,P7,华南,男,32,0,
E12780,BU-3,客服,PM|财务,0,0,0,,2021-03-31,3.96,M139,3.61,P7,华南,女,27,1,
E12781,BU-5,客服,React|Go|审计|Spark,0,0,0,,2021-06-30,7.95,M115,2.61,P6,华南,女,28,1,
E12782,BU-5,客服,Python|AI/ML|K8s,1,0,0,,2024-05-24,11.18,M151,3.07,P6,华东,男,22,1,
E12783,BU-6,财务,审计,0,0,0,,2022-04-18,0.17,M182,3.25,P3,华南,男,38,1,
E12784,BU-2,销售,Go|PM|Python,0,0,0,,2024-06-10,5.3,M198,4.16,P7,西南,女,31,1,
E12785,BU-2,HR,审计|BD|财务,0,0,0,,2022-03-10,0.19,M108,3.88,P3,东北,男,31,1,
E12786,BU-3,市场,Go|Java|AI/ML|K8s,1,0,0,,2024-05-18,1.41,M136,3.25,P4,东北,女,34,1,
E12787,BU-4,销售,AI/ML|React,1,0,0,,2021-03-17,9.8,M104,4.59,P6,西南,男,30,1,
E12788,BU-4,运营,K8s,0,0,0,,2022-12-02,2.83,M145,3.31,P3,华中,女,22,1,
E12789,BU-6,研发,Spark|审计|BD,0,1,1,TensorFlow,2020-02-02,1.17,M129,2.97,P4,华中,男,29,1,
E12790,BU-5,销售,审计|Spark,0,0,0,,2021-07-11,2.35,M183,4.03,P6,东北,女,42,1,
E12791,BU-1,HR,PM|审计,0,0,0,,2023-05-28,1.06,M166,4.16,P3,华南,男,36,1,
E12792,BU-2,财务,财务|Java|Go|PM,0,0,0,,2021-03-22,2.84,M169,2.89,P5,西南,女,23,1,
E12793,BU-1,市场,财务|审计|K8s,0,0,0,,2021-09-24,1.27,M153,3.34,P5,华东,女,37,1,
E12794,BU-5,财务,BD|Spark|Python,0,2,1,CFA,2023-07-03,2.78,M141,2.26,P7,华东,男,26,1,
E12795,BU-6,销售,React,0,0,0,,2021-07-30,1.01,M123,4.36,P7,西南,男,30,1,
E12796,BU-2,市场,Spark|AI/ML|审计|Java,1,0,0,,2020-06-02,0.87,M100,3.11,P3,华北,男,22,1,
E12797,BU-5,HR,审计,0,0,0,,2022-05-04,0.79,M182,3.43,P6,华南,男,40,1,
E12798,BU-6,产品,运营|Spark|审计|PM,0,2,1,Oracle DBA,2020-12-15,0.1,M147,3.26,P3,华中,女,25,1,
E12799,BU-5,HR,Python|AI/ML|BD|PM,1,0,0,,2022-01-09,1.05,M176,3.85,P6,华中,男,26,1,
E12800,BU-2,客服,财务|Python|AI/ML|BD,1,0,0,,2024-07-08,0.1,M164,4.44,P6,东北,女,29,1,
E12801,BU-3,HR,K8s|Spark,0,0,0,,2020-08-17,1.28,M134,3.54,P3,华东,男,22,1,
E12802,BU-1,HR,财务|PM|React,0,0,0,,2022-07-15,6.15,M116,5.0,P6,华中,男,24,1,
E12803,BU-5,销售,Spark|Java,0,0,0,,2020-10-10,9.15,M193,3.66,P5,华中,男,30,1,
E12804,BU-4,市场,K8s|React|财务|Python,0,0,0,,2021-08-10,7.04,M117,3.42,P5,东北,女,33,0,
E12805,BU-2,运营,Spark|React|审计,0,0,0,,2024-10-11,0.74,M119,3.32,P3,华南,男,35,1,
E12806,BU-5,客服,财务,0,0,0,,2023-11-20,2.19,M187,4.13,P4,华东,男,29,1,
E12807,BU-3,销售,Python|Java|审计,0,0,0,,2024-06-12,4.42,M186,2.95,P4,华中,女,24,1,
E12808,BU-1,财务,PM,0,1,1,ACP,2020-04-13,11.74,M182,3.81,P3,东北,女,39,1,
E12809,BU-6,研发,AI/ML|Go,1,0,0,,2020-09-06,0.81,M176,3.52,P5,华南,女,35,1,
E12810,BU-2,研发,审计|AI/ML|Java,1,0,0,,2022-12-04,4.33,M113,3.64,P5,华中,女,24,1,
E12811,BU-3,运营,运营,0,0,0,,2024-08-27,4.64,M170,2.51,P4,华北,男,25,1,
E12812,BU-1,研发,BD|运营|K8s|AI/ML,1,0,0,,2023-12-31,12.39,M177,2.95,P6,华北,男,49,1,
E12813,BU-5,财务,Java,0,2,1,AWS,2022-11-04,13.18,M173,4.26,P5,西南,女,40,1,
E12814,BU-3,产品,Java|AI/ML|财务|Spark,1,0,0,,2022-12-04,1.33,M185,4.77,P6,西南,男,22,1,
E12815,BU-2,客服,K8s|审计,0,0,0,,2024-04-14,8.54,M113,3.64,P6,华东,女,38,1,
E12816,BU-3,销售,PM|Python|审计,0,0,0,,2023-08-30,1.82,M107,4.1,P7,西南,女,33,1,
E12817,BU-4,财务,Go|PM|审计,0,0,0,,2020-10-15,0.77,M158,4.28,P4,华中,女,29,1,
E12818,BU-1,研发,Python|Go,0,0,0,,2023-07-25,4.65,M116,3.67,P6,西南,男,32,1,
E12819,BU-5,销售,Go|审计|Java,0,0,0,,2021-10-21,6.77,M183,4.62,P5,东北,女,22,1,
E12820,BU-2,运营,Python,0,0,0,,2021-12-12,0.64,M177,3.73,P5,华南,男,34,1,
E12821,BU-3,客服,React|PM,0,0,0,,2022-11-08,6.43,M133,2.73,P5,华东,男,31,1,
E12822,BU-4,市场,BD,0,0,0,,2023-06-08,0.88,M177,4.31,P4,东北,男,34,1,
E12823,BU-6,销售,PM,0,0,0,,2020-02-10,5.8,M137,2.88,P5,华南,男,27,1,
E12824,BU-2,HR,Java|K8s|运营|财务,0,0,0,,2024-09-14,6.21,M151,4.25,P6,东北,女,40,1,
E12825,BU-2,销售,财务|Python|React,0,0,0,,2020-08-10,13.02,M149,3.57,P3,华中,男,23,1,
E12826,BU-5,运营,Go|审计,0,2,1,Oracle DBA,2022-12-15,7.67,M122,3.3,P5,东北,女,34,1,
E12827,BU-2,研发,PM|Python|Go|运营,0,1,1,CFA,2022-09-28,0.86,M134,3.93,P3,华北,女,24,1,
E12828,BU-6,财务,Python,0,0,0,,2023-03-14,3.87,M112,2.61,P3,东北,女,33,1,
E12829,BU-2,销售,PM|AI/ML|React,1,0,0,,2023-11-20,6.93,M191,4.01,P4,西南,男,39,1,
E12830,BU-5,财务,财务|Spark|BD,0,0,0,,2021-06-18,2.46,M195,2.14,P5,华东,男,22,1,
E12831,BU-6,财务,PM|Spark|运营|AI/ML,1,0,0,,2020-08-09,0.55,M189,3.19,P7,华北,男,27,1,
E12832,BU-2,市场,运营,0,0,0,,2023-02-05,0.93,M101,4.14,P3,华中,男,44,0,
E12833,BU-3,财务,Spark|Go|财务|BD,0,0,0,,2022-05-21,0.1,M104,3.21,P4,华北,男,31,1,
E12834,BU-2,销售,AI/ML|Go|审计,1,0,0,,2021-10-08,4.72,M136,3.81,P4,东北,女,41,1,
E12835,BU-5,运营,Spark,0,0,0,,2022-06-10,0.1,M104,2.89,P5,东北,女,29,1,
E12836,BU-1,研发,Java|React|K8s|Python,0,0,0,,2023-01-04,4.34,M178,3.0,P3,西南,男,31,1,
E12837,BU-6,财务,React|BD|AI/ML|Spark,1,0,0,,2024-01-25,2.31,M158,3.99,P6,华北,男,44,1,
E12838,BU-1,财务,Spark|Python|Java,0,0,0,,2024-04-25,1.47,M120,3.18,P5,华南,女,37,1,
E12839,BU-2,研发,BD|PM|运营|K8s,0,0,0,,2022-06-07,3.2,M150,3.02,P7,华东,男,45,1,
E12840,BU-5,财务,Spark,0,1,1,AWS,2024-06-11,4.4,M144,3.86,P7,华中,男,22,1,
E12841,BU-3,财务,Java|Spark|财务,0,0,0,,2024-07-20,0.54,M103,3.9,P7,西南,男,34,1,
E12842,BU-4,运营,财务|AI/ML|Go|Spark,1,0,0,,2024-10-03,0.1,M155,3.4,P7,西南,男,26,1,
E12843,BU-1,客服,审计|Python|PM|Java,0,0,0,,2020-01-20,0.12,M132,3.71,P4,西南,男,30,1,
E12844,BU-6,客服,财务|Go,0,0,0,,2021-01-22,4.37,M160,3.51,P3,西南,男,40,1,
E12845,BU-1,财务,Python|PM|K8s,0,2,1,Oracle DBA,2020-02-24,0.79,M141,3.42,P6,华南,女,33,1,
E12846,BU-6,销售,Go|审计,0,0,0,,2024-10-09,2.38,M107,3.03,P6,东北,女,24,1,
E12847,BU-5,运营,React|运营|Python,0,1,1,AWS,2020-10-11,5.13,M138,2.99,P5,东北,女,32,1,
E12848,BU-6,财务,PM|财务,0,0,0,,2021-08-31,1.36,M194,4.14,P6,西南,女,40,1,
E12849,BU-3,HR,审计|AI/ML,1,0,0,,2021-05-09,2.18,M172,4.04,P3,华北,男,35,1,
E12850,BU-4,客服,Java,0,0,0,,2024-12-05,1.59,M165,3.39,P6,华中,女,35,1,
E12851,BU-6,财务,Spark|React,0,0,0,,2021-08-06,3.17,M137,4.03,P6,华东,男,30,1,
E12852,BU-6,客服,K8s,0,0,0,,2021-09-12,3.22,M121,3.3,P3,东北,女,35,1,
E12853,BU-5,运营,AI/ML,1,0,0,,2020-07-03,5.07,M178,4.23,P3,华中,女,28,1,
E12854,BU-4,财务,Python|审计|BD|PM,0,0,0,,2020-10-26,12.54,M162,4.07,P6,华东,女,40,1,
E12855,BU-1,HR,Java,0,0,0,,2024-07-26,1.59,M195,2.73,P6,华北,男,33,1,
E12856,BU-5,HR,运营|财务,0,0,0,,2024-01-04,2.1,M126,4.22,P4,东北,男,43,1,
E12857,BU-2,财务,React|Go|财务|BD,0,0,0,,2020-11-24,3.26,M189,4.01,P5,西南,女,30,1,
E12858,BU-4,市场,PM|Python,0,0,0,,2023-05-18,0.1,M173,2.96,P6,东北,男,38,1,
E12859,BU-1,产品,审计|运营,0,2,1,Oracle DBA,2023-05-04,0.16,M187,4.32,P4,华北,女,29,1,
E12860,BU-1,市场,Spark|审计,0,0,0,,2023-12-09,1.19,M166,4.27,P4,华东,男,25,1,
E12861,BU-5,销售,Go,0,0,0,,2024-09-22,0.18,M141,3.95,P6,华中,女,22,1,
E12862,BU-2,产品,React,0,3,1,AWS,2021-07-10,5.6,M191,4.83,P5,华东,女,34,1,
E12863,BU-6,财务,React|运营|AI/ML,1,0,0,,2024-05-20,0.38,M162,2.82,P5,华北,男,32,1,
E12864,BU-6,运营,Go,0,0,0,,2022-01-08,2.01,M183,4.37,P6,华中,女,36,1,
E12865,BU-6,产品,AI/ML|运营|Python|React,1,0,0,,2021-02-12,6.13,M164,3.61,P4,华东,女,32,1,
E12866,BU-6,研发,审计|Java|React|BD,0,1,1,TensorFlow,2024-09-11,0.89,M190,3.92,P4,华东,男,37,1,
E12867,BU-5,HR,Go|Java,0,0,0,,2020-11-26,0.4,M148,3.04,P6,华北,男,45,1,
E12868,BU-4,HR,Spark|AI/ML,1,0,0,,2022-05-06,3.48,M175,3.24,P7,华南,女,23,1,
E12869,BU-3,运营,Spark|Go|BD|审计,0,1,1,PMP,2021-08-06,3.09,M123,3.78,P6,华东,女,29,1,
E12870,BU-1,产品,React|审计,0,0,0,,2024-06-16,0.68,M169,2.77,P6,华南,男,26,1,
E12871,BU-4,HR,财务,0,0,0,,2020-10-14,16.31,M140,3.58,P4,华南,女,40,1,
E12872,BU-6,研发,PM|K8s|Spark|财务,0,3,1,ACP,2022-03-06,0.43,M137,2.96,P6,华中,女,42,1,
E12873,BU-2,研发,Spark|BD|审计,0,0,0,,2021-07-09,0.51,M197,4.17,P5,华北,女,23,1,
E12874,BU-5,客服,K8s|PM|Spark|财务,0,0,0,,2022-07-12,1.02,M156,3.0,P5,华北,男,43,1,
E12875,BU-2,运营,Python|PM,0,0,0,,2023-03-11,1.79,M198,3.73,P3,华东,男,32,1,
E12876,BU-4,HR,Java|K8s,0,1,1,CFA,2024-06-13,4.76,M181,2.66,P3,东北,男,27,1,
E12877,BU-2,财务,Go|Java,0,1,1,AWS,2024-11-05,1.52,M124,4.36,P7,西南,男,28,1,
E12878,BU-6,客服,AI/ML|React|运营,1,0,0,,2024-01-01,1.9,M178,3.79,P3,东北,女,33,1,
E12879,BU-2,客服,Java,0,3,1,CFA,2022-10-01,0.27,M156,3.42,P7,华北,男,22,1,
E12880,BU-2,市场,Java|BD|财务|Go,0,0,0,,2024-04-02,11.12,M122,3.91,P7,华东,女,50,1,
E12881,BU-1,销售,K8s,0,0,0,,2022-09-27,0.95,M135,3.04,P5,华中,女,37,1,
E12882,BU-2,产品,React,0,2,1,AWS,2023-04-18,0.23,M137,3.76,P7,华东,男,24,1,
E12883,BU-4,市场,财务,0,0,0,,2024-04-30,5.04,M132,3.63,P5,华东,女,31,1,
E12884,BU-1,产品,审计|Go|财务|Python,0,3,1,K8s-CKA,2020-11-26,4.34,M110,3.72,P3,华中,男,30,0,
E12885,BU-5,客服,BD|PM|AI/ML|Java,1,0,0,,2024-06-24,1.86,M156,3.9,P7,西南,女,38,1,
E12886,BU-4,研发,PM|审计|Python,0,1,1,CFA,2022-04-27,4.27,M119,3.91,P5,西南,女,35,1,
E12887,BU-4,销售,Spark|BD,0,0,0,,2020-08-18,1.03,M160,3.59,P4,华中,女,34,1,
E12888,BU-1,产品,财务|Go|审计|运营,0,1,1,TensorFlow,2020-10-29,0.59,M173,4.03,P3,华中,男,24,1,
E12889,BU-3,产品,Python,0,0,0,,2020-10-17,1.64,M156,3.53,P6,东北,男,46,1,
E12890,BU-2,客服,Go,0,2,1,Oracle DBA,2020-07-27,2.14,M146,3.53,P5,华中,女,35,1,
E12891,BU-1,运营,PM,0,2,1,K8s-CKA,2021-04-17,2.02,M181,3.79,P5,东北,男,38,1,
E12892,BU-6,客服,React|Go|Spark,0,0,0,,2024-03-17,5.46,M158,3.15,P7,华中,男,36,1,
E12893,BU-4,产品,BD|财务|K8s|Go,0,0,0,,2023-02-17,2.67,M118,3.55,P3,华南,男,32,1,
E12894,BU-2,研发,Java|AI/ML,1,0,0,,2023-03-31,5.22,M179,3.29,P5,华东,女,35,1,
E12895,BU-5,财务,PM,0,0,0,,2024-04-19,5.15,M179,3.27,P4,华东,女,35,1,
E12896,BU-2,研发,Go|运营|Java,0,0,0,,2021-05-14,2.17,M165,3.69,P7,东北,女,24,1,
E12897,BU-1,财务,AI/ML,1,0,0,,2021-03-13,2.28,M121,2.47,P4,华东,女,38,1,
E12898,BU-3,运营,Spark|运营|PM,0,0,0,,2021-08-15,6.46,M190,3.41,P5,西南,男,40,1,
E12899,BU-6,财务,Java,0,0,0,,2021-10-11,0.12,M157,3.87,P3,华北,男,22,1,
E12900,BU-6,财务,AI/ML,1,0,0,,2020-01-28,2.39,M131,3.27,P7,东北,男,34,1,
E12901,BU-2,HR,AI/ML|审计|Java|Go,1,0,0,,2021-09-03,2.8,M143,3.04,P3,华北,女,22,1,
E12902,BU-2,市场,React|BD|Go,0,0,0,,2020-11-17,10.05,M185,2.82,P7,华北,女,25,1,
E12903,BU-2,研发,Spark,0,2,1,CFA,2023-07-08,2.0,M165,3.16,P3,华东,女,44,1,
E12904,BU-6,运营,Spark|PM|Python,0,0,0,,2022-11-19,0.35,M102,3.09,P4,华南,男,32,1,
E12905,BU-4,运营,Go|Java,0,0,0,,2021-12-02,0.43,M171,3.87,P7,华东,男,30,1,
E12906,BU-2,销售,React,0,0,0,,2022-07-19,4.74,M132,3.01,P4,华东,男,30,1,
E12907,BU-1,HR,AI/ML,1,0,0,,2022-11-07,2.82,M121,3.44,P5,华北,男,35,1,
E12908,BU-4,财务,Python|AI/ML|Go|运营,1,0,0,,2022-10-25,2.05,M194,4.15,P3,华南,女,36,1,
E12909,BU-2,销售,Java|财务|PM|Spark,0,0,0,,2022-04-18,1.77,M127,2.48,P7,东北,男,37,1,
E12910,BU-4,HR,财务|PM,0,3,1,AWS,2023-07-28,2.02,M177,3.68,P4,华南,女,30,1,
E12911,BU-4,HR,Go|Python|PM|财务,0,3,1,ACP,2021-05-02,1.95,M114,3.37,P6,东北,女,33,1,
E12912,BU-1,市场,React|Go,0,0,0,,2022-10-05,4.65,M127,3.2,P5,华中,女,46,1,
E12913,BU-6,运营,审计|Go|财务|AI/ML,1,0,0,,2024-01-31,1.31,M160,3.62,P5,华北,女,23,1,
E12914,BU-5,客服,React|Python|PM|K8s,0,2,1,TensorFlow,2024-02-02,2.42,M162,4.07,P5,华东,男,39,1,
E12915,BU-5,HR,财务|PM|审计,0,0,0,,2021-05-25,5.77,M145,3.86,P3,西南,男,28,1,
E12916,BU-1,HR,AI/ML,1,0,0,,2021-08-26,0.38,M173,3.04,P5,华南,男,38,1,
E12917,BU-2,运营,审计|BD|Java|AI/ML,1,0,0,,2022-11-15,11.76,M148,2.36,P5,西南,男,22,1,
E12918,BU-2,产品,Spark|Python|PM,0,0,0,,2023-12-18,1.72,M129,4.31,P3,西南,女,33,1,
E12919,BU-5,产品,Spark|BD|Go|财务,0,3,1,TensorFlow,2024-02-07,7.13,M130,3.36,P5,东北,男,44,1,
E12920,BU-3,产品,运营|K8s|BD|AI/ML,1,0,0,,2020-03-02,0.68,M155,3.91,P7,华北,男,27,1,
E12921,BU-5,产品,PM|React|Spark|AI/ML,1,0,0,,2021-01-12,5.52,M196,3.43,P5,华中,女,38,1,
E12922,BU-6,运营,Go|财务|PM|K8s,0,0,0,,2020-04-04,2.93,M106,4.12,P7,西南,男,24,1,
E12923,BU-4,研发,审计|Go|K8s|财务,0,0,0,,2021-04-13,0.99,M142,3.83,P3,华北,男,29,1,
E12924,BU-3,销售,Spark,0,0,0,,2023-12-27,0.51,M181,2.61,P6,华北,女,41,1,
E12925,BU-4,客服,Spark,0,1,1,ACP,2023-06-18,0.52,M188,2.78,P5,东北,男,36,1,
E12926,BU-5,运营,React|Java|审计,0,0,0,,2020-08-18,8.01,M119,2.95,P5,西南,女,47,1,
E12927,BU-1,财务,PM|财务|React|Spark,0,0,0,,2021-09-08,0.1,M136,3.09,P3,华东,男,22,0,
E12928,BU-5,HR,Java|BD|PM,0,3,1,PMP,2024-01-03,7.45,M136,2.74,P7,华南,男,33,1,
E12929,BU-2,运营,React|Go|财务|K8s,0,0,0,,2020-06-12,4.95,M145,2.32,P5,华北,男,31,1,
E12930,BU-5,HR,Java|Go|审计|BD,0,0,0,,2020-10-12,2.04,M123,3.7,P5,华中,男,36,1,
E12931,BU-3,产品,运营,0,0,0,,2020-07-22,0.87,M131,2.87,P3,华南,女,27,1,
E12932,BU-4,产品,AI/ML,1,0,0,,2021-08-21,6.24,M192,3.18,P6,西南,男,44,1,
E12933,BU-5,客服,Python|Go,0,3,1,K8s-CKA,2024-07-18,2.44,M196,2.69,P3,东北,女,27,1,
E12934,BU-4,客服,财务|AI/ML|审计|Java,1,0,0,,2024-07-15,0.38,M193,3.56,P4,华中,女,40,1,
E12935,BU-1,研发,运营|React,0,0,0,,2024-07-20,3.68,M176,2.79,P3,华南,男,39,1,
E12936,BU-5,运营,Python|Go,0,0,0,,2020-09-04,0.18,M104,4.1,P6,西南,女,25,1,
E12937,BU-6,运营,Python|AI/ML|Java,1,0,0,,2021-09-29,4.64,M172,2.7,P5,西南,男,23,1,
E12938,BU-2,研发,Python,0,0,0,,2021-07-30,0.24,M134,2.85,P7,华中,男,30,1,
E12939,BU-5,运营,财务|K8s|Java|Go,0,0,0,,2020-11-29,2.88,M116,3.98,P3,华中,男,39,1,
E12940,BU-6,HR,PM,0,0,0,,2022-07-16,3.17,M140,3.99,P6,西南,女,23,1,
E12941,BU-3,运营,Java|BD|Spark|Python,0,0,0,,2020-06-01,1.09,M160,2.34,P4,华东,男,55,1,
E12942,BU-4,销售,Spark,0,0,0,,2020-08-24,7.02,M134,5.0,P3,华北,女,36,1,
E12943,BU-1,客服,React|运营|审计|K8s,0,0,0,,2024-09-24,17.41,M110,4.05,P7,华东,男,36,1,
E12944,BU-4,产品,Python|财务|审计|AI/ML,1,0,0,,2022-12-06,6.76,M198,3.6,P3,东北,女,37,1,
E12945,BU-2,研发,审计|Java|Spark,0,3,1,ACP,2022-04-24,4.97,M194,2.31,P4,东北,男,24,1,
E12946,BU-2,运营,BD|React|财务|Go,0,1,1,PMP,2024-05-07,1.14,M118,3.43,P3,华东,女,37,1,
E12947,BU-4,客服,Python|AI/ML,1,0,0,,2020-09-24,0.33,M174,3.48,P6,华南,女,35,1,
E12948,BU-3,产品,React,0,0,0,,2022-03-16,0.75,M100,3.53,P3,华南,男,29,1,
E12949,BU-4,财务,K8s|财务|Go,0,0,0,,2024-04-21,1.89,M102,3.42,P6,华南,男,22,1,
E12950,BU-1,HR,审计|AI/ML,1,0,0,,2023-01-27,2.81,M177,3.23,P5,华中,男,37,1,
E12951,BU-6,销售,运营|React|Python|PM,0,0,0,,2021-09-14,4.36,M115,3.73,P5,东北,女,37,1,
E12952,BU-2,客服,运营|BD|Go,0,0,0,,2022-08-31,4.09,M119,3.75,P3,西南,女,31,1,
E12953,BU-1,销售,运营|PM,0,0,0,,2023-09-20,7.51,M108,2.92,P4,华北,男,32,1,
E12954,BU-4,运营,AI/ML|Java,1,0,0,,2024-04-16,3.67,M164,3.31,P4,华中,女,34,1,
E12955,BU-5,HR,财务|K8s|审计|Python,0,1,1,K8s-CKA,2024-04-01,1.04,M180,2.72,P6,华南,女,31,1,
E12956,BU-5,产品,AI/ML|PM|运营,1,0,0,,2021-10-16,4.89,M125,4.64,P3,西南,女,28,1,
E12957,BU-1,客服,Java|审计|K8s,0,0,0,,2024-12-02,2.03,M195,4.02,P4,西南,男,35,0,
E12958,BU-5,研发,运营|Spark|BD|审计,0,0,0,,2024-04-27,2.31,M153,2.91,P3,东北,男,34,1,
E12959,BU-6,研发,React|Spark|Java,0,0,0,,2022-12-31,1.1,M104,2.84,P7,东北,女,28,1,
E12960,BU-3,HR,BD,0,2,1,AWS,2022-03-17,4.28,M159,3.36,P3,西南,女,34,1,
E12961,BU-3,产品,审计|Python|Spark,0,0,0,,2022-11-14,1.1,M124,2.9,P6,华北,男,35,1,
E12962,BU-2,研发,React|财务|K8s,0,0,0,,2024-01-08,3.08,M199,2.99,P7,华中,男,36,1,
E12963,BU-2,销售,React|Spark,0,2,1,Oracle DBA,2020-11-15,0.39,M119,3.56,P7,西南,女,43,1,
E12964,BU-4,客服,财务|BD,0,0,0,,2024-10-10,10.76,M161,3.26,P6,华北,男,25,1,
E12965,BU-2,研发,Go|K8s,0,3,1,ACP,2021-04-14,3.13,M126,3.37,P6,华中,男,34,1,
E12966,BU-3,市场,K8s,0,0,0,,2020-06-26,0.72,M169,4.46,P7,西南,女,34,1,
E12967,BU-4,研发,Python|React,0,0,0,,2022-04-01,1.67,M181,3.23,P6,西南,男,32,1,
E12968,BU-6,销售,React|BD|运营,0,0,0,,2023-01-02,7.68,M166,3.43,P5,华北,男,32,1,
E12969,BU-6,HR,Python|PM|运营|AI/ML,1,0,0,,2024-09-04,9.08,M140,1.12,P4,东北,女,22,1,
E12970,BU-4,市场,K8s|审计|BD,0,0,0,,2022-04-22,0.1,M131,3.35,P7,华北,女,22,1,
E12971,BU-3,产品,Java|Spark|运营|AI/ML,1,0,0,,2021-01-12,7.17,M126,3.85,P4,华中,男,28,1,
E12972,BU-5,市场,Go,0,0,0,,2022-05-07,5.44,M113,3.58,P4,华东,女,33,1,
E12973,BU-5,HR,审计,0,0,0,,2024-11-08,2.13,M146,4.03,P4,华北,女,37,1,
E12974,BU-2,财务,AI/ML,1,0,0,,2023-06-10,0.5,M198,2.71,P7,华中,男,23,1,
E12975,BU-5,客服,AI/ML|财务,1,0,0,,2022-08-15,6.38,M127,3.78,P5,华中,男,32,1,
E12976,BU-6,HR,AI/ML|PM|K8s|BD,1,0,0,,2021-02-16,1.43,M190,3.17,P7,东北,男,42,1,
E12977,BU-2,市场,Go|运营,0,2,1,ACP,2021-02-26,0.1,M182,2.7,P4,东北,男,28,1,
E12978,BU-5,HR,AI/ML|React|K8s,1,0,0,,2021-08-24,3.15,M123,2.69,P4,东北,女,26,1,
E12979,BU-6,市场,Python,0,0,0,,2023-09-06,0.42,M110,3.25,P7,东北,女,31,1,
E12980,BU-2,客服,Go|财务|Java,0,0,0,,2024-07-14,5.62,M176,4.0,P4,东北,女,33,1,
E12981,BU-6,客服,Java|AI/ML|运营|财务,1,0,0,,2023-09-06,7.43,M130,4.52,P7,华东,女,42,1,
E12982,BU-5,市场,AI/ML,1,0,0,,2020-06-04,0.86,M186,3.96,P5,华中,男,43,1,
E12983,BU-3,产品,React,0,0,0,,2023-09-21,5.93,M117,3.45,P6,华东,女,30,1,
E12984,BU-6,客服,PM|BD,0,0,0,,2024-10-10,6.37,M158,2.69,P5,华东,男,31,1,
E12985,BU-6,产品,Python,0,0,0,,2023-10-21,5.6,M124,4.55,P6,东北,女,22,1,
E12986,BU-2,客服,审计|运营|财务,0,0,0,,2021-04-13,1.46,M199,4.72,P7,华中,女,24,1,
E12987,BU-2,市场,K8s|Java|Spark,0,0,0,,2020-10-19,15.48,M195,3.77,P7,华中,女,39,1,
E12988,BU-3,客服,AI/ML|财务|运营|Spark,1,0,0,,2020-10-14,3.44,M174,2.72,P5,西南,男,29,1,
E12989,BU-1,运营,Spark|审计|AI/ML|Python,1,0,0,,2021-01-04,4.43,M156,3.03,P4,东北,男,28,1,
E12990,BU-5,财务,K8s|BD|Java,0,0,0,,2024-11-10,0.9,M157,4.28,P4,华北,女,33,1,
E12991,BU-1,市场,Spark,0,0,0,,2020-12-26,2.7,M187,3.89,P4,华中,男,28,1,
E12992,BU-4,产品,Java|PM,0,3,1,AWS,2020-08-09,15.27,M124,3.11,P7,西南,女,40,1,
E12993,BU-2,产品,BD|Java|AI/ML,1,0,0,,2022-01-16,10.52,M103,3.53,P6,东北,女,37,1,
E12994,BU-1,运营,Spark|AI/ML|审计,1,0,0,,2023-10-19,0.26,M109,3.38,P3,西南,男,25,1,
E12995,BU-1,运营,K8s,0,0,0,,2021-11-01,0.71,M191,4.05,P3,东北,男,42,1,
E12996,BU-6,销售,K8s|React|AI/ML|Java,1,0,0,,2024-11-22,0.56,M107,3.77,P3,华东,女,33,1,
E12997,BU-4,财务,运营|审计|React,0,0,0,,2022-04-25,2.32,M103,3.68,P6,华中,男,32,1,
E12998,BU-3,市场,审计|BD,0,0,0,,2024-10-17,1.17,M194,2.92,P5,华北,女,37,1,
E12999,BU-6,销售,React|AI/ML,1,0,0,,2024-04-18,2.39,M169,2.95,P6,东北,女,30,1,
