store_id,store_name,region,city,format,month,weekday_sales,weekend_sales,total_sales,gross_margin,headcount
S2000,门店-0000,东北,深圳,标准店,2026-01,231.6,185.99,417.59,0.2872,13
S2000,门店-0000,东北,武汉,标准店,2026-02,243.56,302.68,546.24,0.3093,3
S2000,门店-0000,东北,武汉,标准店,2026-03,221.86,324.33,546.19,0.2292,11
S2000,门店-0000,东北,北京,标准店,2026-04,226.23,209.11,435.34,0.2897,15
S2000,门店-0000,东北,广州,标准店,2025-05,174.89,156.6,331.49,0.318,6
S2000,门店-0000,东北,武汉,标准店,2025-06,45.05,61.46,106.51,0.2982,8
S2000,门店-0000,东北,深圳,标准店,2025-07,111.5,117.7,229.19,0.2061,6
S2000,门店-0000,东北,成都,标准店,2025-08,222.93,194.74,417.67,0.3049,10
S2000,门店-0000,东北,上海,标准店,2025-09,183.72,190.75,374.47,0.2453,10
S2000,门店-0000,东北,广州,标准店,2025-10,159.57,213.14,372.7,0.201,8
S2000,门店-0000,东北,重庆,标准店,2025-11,160.53,235.77,396.3,0.3025,10
S2000,门店-0000,东北,重庆,标准店,2025-12,157.38,243.76,401.14,0.1912,3
S2001,门店-0001,华中,南京,旗舰店,2026-01,134.37,166.02,300.39,0.3067,3
S2001,门店-0001,华中,上海,旗舰店,2026-02,143.21,154.67,297.88,0.241,10
S2001,门店-0001,华中,西安,旗舰店,2026-03,218.32,262.61,480.93,0.2328,8
S2001,门店-0001,华中,深圳,旗舰店,2026-04,266.73,405.74,672.47,0.2041,13
S2001,门店-0001,华中,广州,旗舰店,2025-05,264.26,332.9,597.16,0.1823,11
S2001,门店-0001,华中,上海,旗舰店,2025-06,74.52,75.78,150.3,0.1862,7
S2001,门店-0001,华中,上海,旗舰店,2025-07,56.49,73.02,129.51,0.2824,14
S2001,门店-0001,华中,深圳,旗舰店,2025-08,105.03,167.88,272.92,0.2515,14
S2001,门店-0001,华中,西安,旗舰店,2025-09,229.15,338.03,567.18,0.3119,12
S2001,门店-0001,华中,西安,旗舰店,2025-10,154.67,221.42,376.09,0.3059,14
S2001,门店-0001,华中,武汉,旗舰店,2025-11,201.39,317.3,518.68,0.2128,3
S2001,门店-0001,华中,武汉,旗舰店,2025-12,65.3,68.63,133.92,0.2905,15
S2002,门店-0002,华北,西安,便利店,2026-01,268.84,246.2,515.05,0.2083,3
S2002,门店-0002,华北,武汉,便利店,2026-02,131.36,122.24,253.6,0.1907,6
S2002,门店-0002,华北,上海,便利店,2026-03,127.79,131.91,259.7,0.2915,7
S2002,门店-0002,华北,西安,便利店,2026-04,267.47,412.96,680.43,0.2269,15
S2002,门店-0002,华北,北京,便利店,2025-05,166.4,205.7,372.1,0.2277,8
S2002,门店-0002,华北,北京,便利店,2025-06,69.57,83.64,153.21,0.3194,3
S2002,门店-0002,华北,上海,便利店,2025-07,101.12,152.31,253.43,0.244,5
S2002,门店-0002,华北,西安,便利店,2025-08,254.85,330.65,585.5,0.2116,6
S2002,门店-0002,华北,北京,便利店,2025-09,127.92,184.72,312.63,0.3144,3
S2002,门店-0002,华北,深圳,便利店,2025-10,157.6,193.91,351.51,0.1965,3
S2002,门店-0002,华北,成都,便利店,2025-11,234.98,297.54,532.52,0.2512,7
S2002,门店-0002,华北,武汉,便利店,2025-12,106.95,86.5,193.45,0.1819,15
S2003,门店-0003,华中,南京,标准店,2026-01,143.38,158.13,301.51,0.2754,7
S2003,门店-0003,华中,成都,标准店,2026-02,243.04,350.44,593.48,0.1992,6
S2003,门店-0003,华中,重庆,标准店,2026-03,260.12,227.8,487.92,0.2291,6
S2003,门店-0003,华中,北京,标准店,2026-04,142.86,130.34,273.21,0.2654,14
S2003,门店-0003,华中,南京,标准店,2025-05,116.69,94.09,210.78,0.2327,4
S2003,门店-0003,华中,成都,标准店,2025-06,90.63,125.46,216.08,0.2694,3
S2003,门店-0003,华中,北京,标准店,2025-07,90.36,110.66,201.02,0.318,10
S2003,门店-0003,华中,深圳,标准店,2025-08,118.12,118.58,236.7,0.1918,14
S2003,门店-0003,华中,广州,标准店,2025-09,111.62,101.09,212.71,0.2617,7
S2003,门店-0003,华中,西安,标准店,2025-10,252.33,346.74,599.06,0.2776,13
S2003,门店-0003,华中,成都,标准店,2025-11,145.64,170.26,315.9,0.2593,9
S2003,门店-0003,华中,杭州,标准店,2025-12,165.44,163.97,329.4,0.3184,8
S2004,门店-0004,华南,广州,标准店,2026-01,147.53,204.4,351.93,0.3115,12
S2004,门店-0004,华南,上海,标准店,2026-02,103.41,158.92,262.33,0.2777,7
S2004,门店-0004,华南,武汉,标准店,2026-03,261.78,293.24,555.02,0.2225,11
S2004,门店-0004,华南,成都,标准店,2026-04,244.66,255.39,500.05,0.2107,5
S2004,门店-0004,华南,南京,标准店,2025-05,206.01,301.11,507.12,0.2644,10
S2004,门店-0004,华南,重庆,标准店,2025-06,109.4,173.84,283.24,0.3132,8
S2004,门店-0004,华南,深圳,标准店,2025-07,308.97,457.16,766.14,0.3173,15
S2004,门店-0004,华南,西安,标准店,2025-08,60.67,60.27,120.95,0.2661,5
S2004,门店-0004,华南,南京,标准店,2025-09,288.3,360.24,648.54,0.2354,9
S2004,门店-0004,华南,杭州,标准店,2025-10,144.51,198.91,343.43,0.2026,14
S2004,门店-0004,华南,南京,标准店,2025-11,105.08,112.03,217.11,0.2696,4
S2004,门店-0004,华南,南京,标准店,2025-12,289.32,283.93,573.26,0.2644,10
S2005,门店-0005,华中,成都,无人店,2026-01,66.88,65.24,132.12,0.3037,6
S2005,门店-0005,华中,北京,无人店,2026-02,58.45,68.46,126.91,0.3051,3
S2005,门店-0005,华中,南京,无人店,2026-03,199.37,223.23,422.59,0.2203,15
S2005,门店-0005,华中,西安,无人店,2026-04,235.99,349.64,585.63,0.1894,8
S2005,门店-0005,华中,西安,无人店,2025-05,72.27,103.4,175.68,0.2129,3
S2005,门店-0005,华中,成都,无人店,2025-06,65.68,73.35,139.02,0.2701,8
S2005,门店-0005,华中,上海,无人店,2025-07,101.95,122.48,224.43,0.2856,6
S2005,门店-0005,华中,杭州,无人店,2025-08,211.15,213.16,424.31,0.2776,9
S2005,门店-0005,华中,广州,无人店,2025-09,195.77,205.87,401.65,0.1857,15
S2005,门店-0005,华中,武汉,无人店,2025-10,262.53,308.33,570.86,0.288,10
S2005,门店-0005,华中,南京,无人店,2025-11,185.97,295.0,480.96,0.2886,5
S2005,门店-0005,华中,北京,无人店,2025-12,161.11,143.06,304.18,0.2604,8
S2006,门店-0006,东北,北京,无人店,2026-01,118.17,149.71,267.88,0.2457,6
S2006,门店-0006,东北,西安,无人店,2026-02,176.42,141.47,317.88,0.2817,6
S2006,门店-0006,东北,北京,无人店,2026-03,96.35,83.38,179.73,0.2723,14
S2006,门店-0006,东北,重庆,无人店,2026-04,204.17,265.47,469.64,0.1835,8
S2006,门店-0006,东北,杭州,无人店,2025-05,189.71,223.91,413.62,0.1892,15
S2006,门店-0006,东北,重庆,无人店,2025-06,173.05,245.55,418.6,0.2365,15
S2006,门店-0006,东北,杭州,无人店,2025-07,93.12,143.21,236.33,0.2099,15
S2006,门店-0006,东北,重庆,无人店,2025-08,169.77,261.26,431.02,0.2103,14
S2006,门店-0006,东北,武汉,无人店,2025-09,217.53,202.3,419.83,0.2595,14
S2006,门店-0006,东北,成都,无人店,2025-10,228.47,277.76,506.22,0.304,12
S2006,门店-0006,东北,杭州,无人店,2025-11,181.08,259.44,440.52,0.2442,11
S2006,门店-0006,东北,广州,无人店,2025-12,214.66,317.57,532.22,0.3139,15
S2007,门店-0007,华北,西安,便利店,2026-01,208.91,237.29,446.2,0.2904,12
S2007,门店-0007,华北,上海,便利店,2026-02,181.73,255.12,436.86,0.3064,9
S2007,门店-0007,华北,广州,便利店,2026-03,152.94,237.87,390.8,0.1976,8
S2007,门店-0007,华北,广州,便利店,2026-04,55.21,65.75,120.96,0.3115,12
S2007,门店-0007,华北,上海,便利店,2025-05,199.3,277.16,476.46,0.2849,14
S2007,门店-0007,华北,重庆,便利店,2025-06,187.06,233.25,420.32,0.2898,8
S2007,门店-0007,华北,上海,便利店,2025-07,134.86,142.2,277.06,0.2702,15
S2007,门店-0007,华北,成都,便利店,2025-08,95.48,84.62,180.1,0.1936,8
S2007,门店-0007,华北,广州,便利店,2025-09,255.21,350.13,605.34,0.3164,8
S2007,门店-0007,华北,重庆,便利店,2025-10,91.67,112.25,203.92,0.2046,7
S2007,门店-0007,华北,西安,便利店,2025-11,127.08,143.29,270.38,0.1851,9
S2007,门店-0007,华北,杭州,便利店,2025-12,101.56,152.11,253.67,0.1992,3
S2008,门店-0008,华北,杭州,旗舰店,2026-01,157.63,212.23,369.86,0.2743,5
S2008,门店-0008,华北,重庆,旗舰店,2026-02,50.57,61.64,112.21,0.2616,15
S2008,门店-0008,华北,南京,旗舰店,2026-03,49.57,43.36,92.93,0.3138,15
S2008,门店-0008,华北,北京,旗舰店,2026-04,257.63,396.41,654.05,0.238,13
S2008,门店-0008,华北,上海,旗舰店,2025-05,143.15,151.47,294.62,0.2522,8
S2008,门店-0008,华北,西安,旗舰店,2025-06,199.9,262.66,462.56,0.2106,7
S2008,门店-0008,华北,上海,旗舰店,2025-07,135.08,187.92,323.0,0.2658,9
S2008,门店-0008,华北,西安,旗舰店,2025-08,149.27,130.84,280.11,0.2151,5
S2008,门店-0008,华北,深圳,旗舰店,2025-09,127.71,103.0,230.71,0.3086,3
S2008,门店-0008,华北,重庆,旗舰店,2025-10,166.76,258.59,425.35,0.283,13
S2008,门店-0008,华北,上海,旗舰店,2025-11,264.29,277.79,542.08,0.275,4
S2008,门店-0008,华北,西安,旗舰店,2025-12,168.97,150.04,319.01,0.3156,6
S2009,门店-0009,东北,成都,无人店,2026-01,261.7,322.38,584.08,0.3094,6
S2009,门店-0009,东北,上海,无人店,2026-02,259.02,321.52,580.54,0.2152,4
S2009,门店-0009,东北,重庆,无人店,2026-03,255.18,278.04,533.22,0.2747,15
S2009,门店-0009,东北,北京,无人店,2026-04,197.68,167.51,365.18,0.2488,3
S2009,门店-0009,东北,北京,无人店,2025-05,203.45,180.12,383.57,0.2467,11
S2009,门店-0009,东北,北京,无人店,2025-06,81.04,119.85,200.89,0.2758,12
S2009,门店-0009,东北,西安,无人店,2025-07,195.8,169.28,365.08,0.3062,13
S2009,门店-0009,东北,杭州,无人店,2025-08,126.48,162.68,289.16,0.2093,11
S2009,门店-0009,东北,南京,无人店,2025-09,154.0,126.15,280.15,0.2127,7
S2009,门店-0009,东北,广州,无人店,2025-10,230.58,349.17,579.74,0.2163,13
S2009,门店-0009,东北,重庆,无人店,2025-11,170.81,216.78,387.59,0.2194,3
S2009,门店-0009,东北,杭州,无人店,2025-12,139.06,152.46,291.52,0.1804,12
S2010,门店-0010,华北,北京,标准店,2026-01,268.0,290.37,558.37,0.1826,13
S2010,门店-0010,华北,成都,标准店,2026-02,135.23,157.05,292.29,0.3128,9
S2010,门店-0010,华北,西安,标准店,2026-03,144.8,165.95,310.75,0.2752,5
S2010,门店-0010,华北,西安,标准店,2026-04,125.49,117.47,242.96,0.2221,10
S2010,门店-0010,华北,广州,标准店,2025-05,183.81,290.85,474.65,0.2886,6
S2010,门店-0010,华北,成都,标准店,2025-06,257.7,257.95,515.65,0.3047,4
S2010,门店-0010,华北,上海,标准店,2025-07,140.44,196.82,337.26,0.2364,14
S2010,门店-0010,华北,重庆,标准店,2025-08,173.51,202.95,376.46,0.2829,8
S2010,门店-0010,华北,南京,标准店,2025-09,153.78,137.45,291.22,0.2827,6
S2010,门店-0010,华北,南京,标准店,2025-10,94.16,114.25,208.41,0.2372,6
S2010,门店-0010,华北,杭州,标准店,2025-11,140.77,136.41,277.18,0.2933,6
S2010,门店-0010,华北,广州,标准店,2025-12,62.61,83.22,145.84,0.3086,13
S2011,门店-0011,华南,深圳,标准店,2026-01,189.16,182.92,372.08,0.3349,15
S2011,门店-0011,华南,成都,标准店,2026-02,266.67,387.42,654.09,0.2837,12
S2011,门店-0011,华南,杭州,标准店,2026-03,231.97,363.58,595.55,0.2206,6
S2011,门店-0011,华南,重庆,标准店,2026-04,242.91,370.17,613.08,0.3317,6
S2011,门店-0011,华南,杭州,标准店,2025-05,123.07,105.97,229.04,0.2947,11
S2011,门店-0011,华南,杭州,标准店,2025-06,70.06,94.53,164.59,0.3335,9
S2011,门店-0011,华南,武汉,标准店,2025-07,350.04,377.31,727.34,0.2198,4
S2011,门店-0011,华南,西安,标准店,2025-08,106.72,122.63,229.36,0.2811,15
S2011,门店-0011,华南,广州,标准店,2025-09,328.05,418.55,746.6,0.3162,4
S2011,门店-0011,华南,北京,标准店,2025-10,100.28,94.04,194.32,0.2325,4
S2011,门店-0011,华南,广州,标准店,2025-11,344.13,501.94,846.07,0.2266,7
S2011,门店-0011,华南,成都,标准店,2025-12,146.44,141.5,287.94,0.3167,3
S2012,门店-0012,东北,北京,旗舰店,2026-01,187.22,190.03,377.25,0.2133,3
S2012,门店-0012,东北,广州,旗舰店,2026-02,244.78,273.81,518.59,0.283,6
S2012,门店-0012,东北,深圳,旗舰店,2026-03,228.7,312.12,540.82,0.2041,3
S2012,门店-0012,东北,杭州,旗舰店,2026-04,186.19,159.98,346.17,0.2084,8
S2012,门店-0012,东北,南京,旗舰店,2025-05,213.06,178.4,391.46,0.2669,15
S2012,门店-0012,东北,武汉,旗舰店,2025-06,259.29,384.64,643.93,0.2066,3
S2012,门店-0012,东北,成都,旗舰店,2025-07,48.02,76.63,124.65,0.2223,13
S2012,门店-0012,东北,南京,旗舰店,2025-08,153.38,126.17,279.54,0.1827,13
S2012,门店-0012,东北,上海,旗舰店,2025-09,116.61,177.33,293.94,0.2236,8
S2012,门店-0012,东北,武汉,旗舰店,2025-10,52.71,54.62,107.32,0.1859,13
S2012,门店-0012,东北,杭州,旗舰店,2025-11,266.46,396.35,662.81,0.3097,10
S2012,门店-0012,东北,深圳,旗舰店,2025-12,104.81,132.35,237.16,0.1932,8
S2013,门店-0013,华东,重庆,无人店,2026-01,287.47,321.88,609.35,0.3267,10
S2013,门店-0013,华东,北京,无人店,2026-02,98.79,127.67,226.46,0.2168,15
S2013,门店-0013,华东,西安,无人店,2026-03,253.92,372.31,626.23,0.2432,14
S2013,门店-0013,华东,北京,无人店,2026-04,70.23,64.65,134.88,0.2143,13
S2013,门店-0013,华东,重庆,无人店,2025-05,255.51,249.15,504.67,0.3265,12
S2013,门店-0013,华东,广州,无人店,2025-06,99.32,153.72,253.04,0.2247,12
S2013,门店-0013,华东,深圳,无人店,2025-07,313.98,466.27,780.25,0.2257,13
S2013,门店-0013,华东,重庆,无人店,2025-08,215.64,266.94,482.58,0.2144,3
S2013,门店-0013,华东,深圳,无人店,2025-09,181.43,198.15,379.58,0.2185,8
S2013,门店-0013,华东,重庆,无人店,2025-10,342.68,525.63,868.31,0.3232,5
S2013,门店-0013,华东,成都,无人店,2025-11,122.76,134.37,257.12,0.3335,3
S2013,门店-0013,华东,杭州,无人店,2025-12,115.67,107.12,222.8,0.2292,11
S2014,门店-0014,华东,杭州,标准店,2026-01,261.39,213.03,474.42,0.2009,8
S2014,门店-0014,华东,武汉,标准店,2026-02,97.09,116.58,213.67,0.2472,13
S2014,门店-0014,华东,成都,标准店,2026-03,354.61,324.76,679.37,0.3238,5
S2014,门店-0014,华东,深圳,标准店,2026-04,118.58,143.78,262.36,0.3358,5
S2014,门店-0014,华东,上海,标准店,2025-05,66.98,59.17,126.14,0.325,14
S2014,门店-0014,华东,广州,标准店,2025-06,270.63,417.51,688.14,0.1978,12
S2014,门店-0014,华东,西安,标准店,2025-07,68.69,72.88,141.57,0.1988,7
S2014,门店-0014,华东,重庆,标准店,2025-08,297.29,335.83,633.12,0.3292,15
S2014,门店-0014,华东,西安,标准店,2025-09,109.12,169.62,278.74,0.2632,10
S2014,门店-0014,华东,广州,标准店,2025-10,211.85,293.62,505.47,0.2287,3
S2014,门店-0014,华东,南京,标准店,2025-11,270.2,387.32,657.52,0.2874,6
S2014,门店-0014,华东,武汉,标准店,2025-12,144.6,123.72,268.32,0.3148,9
S2015,门店-0015,华东,上海,无人店,2026-01,88.6,90.05,178.65,0.2812,5
S2015,门店-0015,华东,西安,无人店,2026-02,213.18,258.93,472.11,0.2688,5
S2015,门店-0015,华东,西安,无人店,2026-03,237.26,241.45,478.72,0.2974,8
S2015,门店-0015,华东,武汉,无人店,2026-04,129.71,191.82,321.53,0.2591,11
S2015,门店-0015,华东,武汉,无人店,2025-05,246.95,386.38,633.33,0.2862,11
S2015,门店-0015,华东,武汉,无人店,2025-06,201.34,233.97,435.31,0.3109,7
S2015,门店-0015,华东,重庆,无人店,2025-07,64.64,79.89,144.54,0.3075,14
S2015,门店-0015,华东,武汉,无人店,2025-08,97.34,154.57,251.91,0.2204,8
S2015,门店-0015,华东,深圳,无人店,2025-09,223.32,334.39,557.71,0.2485,14
S2015,门店-0015,华东,上海,无人店,2025-10,87.41,102.51,189.93,0.2839,7
S2015,门店-0015,华东,南京,无人店,2025-11,337.27,526.0,863.27,0.2202,13
S2015,门店-0015,华东,深圳,无人店,2025-12,189.92,206.57,396.49,0.315,13
S2016,门店-0016,华北,广州,无人店,2026-01,177.37,260.55,437.93,0.2293,3
S2016,门店-0016,华北,西安,无人店,2026-02,131.66,121.54,253.2,0.1809,14
S2016,门店-0016,华北,南京,无人店,2026-03,125.74,170.96,296.7,0.2187,13
S2016,门店-0016,华北,广州,无人店,2026-04,45.96,68.38,114.34,0.3194,6
S2016,门店-0016,华北,杭州,无人店,2025-05,244.15,362.12,606.26,0.3188,11
S2016,门店-0016,华北,杭州,无人店,2025-06,93.96,143.84,237.81,0.2302,10
S2016,门店-0016,华北,重庆,无人店,2025-07,176.7,173.7,350.41,0.2688,7
S2016,门店-0016,华北,深圳,无人店,2025-08,217.4,186.61,404.01,0.3076,14
S2016,门店-0016,华北,西安,无人店,2025-09,254.99,357.05,612.05,0.2665,3
S2016,门店-0016,华北,上海,无人店,2025-10,76.36,61.99,138.34,0.181,14
S2016,门店-0016,华北,南京,无人店,2025-11,57.25,86.95,144.21,0.2901,8
S2016,门店-0016,华北,深圳,无人店,2025-12,63.9,82.51,146.41,0.2981,15
S2017,门店-0017,东北,北京,旗舰店,2026-01,65.87,83.27,149.14,0.2147,11
S2017,门店-0017,东北,广州,旗舰店,2026-02,221.75,260.65,482.4,0.3123,13
S2017,门店-0017,东北,南京,旗舰店,2026-03,197.47,250.46,447.93,0.1939,10
S2017,门店-0017,东北,重庆,旗舰店,2026-04,184.76,253.95,438.71,0.2971,8
S2017,门店-0017,东北,重庆,旗舰店,2025-05,53.51,58.22,111.72,0.1819,8
S2017,门店-0017,东北,杭州,旗舰店,2025-06,84.96,134.24,219.2,0.2323,6
S2017,门店-0017,东北,上海,旗舰店,2025-07,196.58,271.13,467.71,0.3145,6
S2017,门店-0017,东北,广州,旗舰店,2025-08,119.76,189.1,308.86,0.2158,4
S2017,门店-0017,东北,广州,旗舰店,2025-09,261.57,398.18,659.75,0.27,8
S2017,门店-0017,东北,杭州,旗舰店,2025-10,216.76,316.73,533.49,0.264,11
S2017,门店-0017,东北,杭州,旗舰店,2025-11,83.38,91.82,175.2,0.3064,8
S2017,门店-0017,东北,深圳,旗舰店,2025-12,249.22,203.4,452.62,0.2544,3
S2018,门店-0018,华东,北京,便利店,2026-01,122.35,117.21,239.56,0.2229,10
S2018,门店-0018,华东,上海,便利店,2026-02,181.37,232.24,413.61,0.3259,15
S2018,门店-0018,华东,北京,便利店,2026-03,173.64,140.05,313.69,0.2647,10
S2018,门店-0018,华东,深圳,便利店,2026-04,179.3,183.12,362.42,0.3077,14
S2018,门店-0018,华东,重庆,便利店,2025-05,251.43,380.49,631.92,0.2326,15
S2018,门店-0018,华东,武汉,便利店,2025-06,67.84,67.41,135.25,0.259,14
S2018,门店-0018,华东,南京,便利店,2025-07,328.01,468.02,796.02,0.2193,13
S2018,门店-0018,华东,南京,便利店,2025-08,352.52,511.0,863.53,0.264,14
S2018,门店-0018,华东,西安,便利店,2025-09,242.5,321.72,564.22,0.2751,9
S2018,门店-0018,华东,北京,便利店,2025-10,91.19,134.81,226.0,0.2921,8
S2018,门店-0018,华东,杭州,便利店,2025-11,232.66,192.21,424.87,0.2254,8
S2018,门店-0018,华东,南京,便利店,2025-12,276.3,318.12,594.42,0.2128,15
S2019,门店-0019,东北,西安,标准店,2026-01,131.76,164.56,296.32,0.2634,10
S2019,门店-0019,东北,上海,标准店,2026-02,243.11,356.0,599.1,0.2261,12
S2019,门店-0019,东北,武汉,标准店,2026-03,149.02,183.31,332.34,0.209,3
S2019,门店-0019,东北,武汉,标准店,2026-04,104.32,92.19,196.51,0.1826,14
S2019,门店-0019,东北,南京,标准店,2025-05,218.58,285.61,504.19,0.2141,8
S2019,门店-0019,东北,武汉,标准店,2025-06,97.16,112.18,209.34,0.3169,13
S2019,门店-0019,东北,西安,标准店,2025-07,88.8,135.95,224.75,0.3044,15
S2019,门店-0019,东北,上海,标准店,2025-08,192.04,304.02,496.06,0.1961,9
S2019,门店-0019,东北,北京,标准店,2025-09,247.12,249.88,496.99,0.255,13
S2019,门店-0019,东北,北京,标准店,2025-10,173.62,150.96,324.58,0.2139,6
S2019,门店-0019,东北,重庆,标准店,2025-11,220.21,306.09,526.3,0.2993,9
S2019,门店-0019,东北,北京,标准店,2025-12,130.58,149.88,280.46,0.1802,9
S2020,门店-0020,华北,重庆,无人店,2026-01,265.26,293.96,559.22,0.2939,3
S2020,门店-0020,华北,成都,无人店,2026-02,141.86,123.03,264.89,0.2166,3
S2020,门店-0020,华北,武汉,无人店,2026-03,222.79,237.19,459.98,0.2529,7
S2020,门店-0020,华北,武汉,无人店,2026-04,174.47,267.28,441.75,0.2478,15
S2020,门店-0020,华北,重庆,无人店,2025-05,248.66,254.98,503.64,0.2759,11
S2020,门店-0020,华北,西安,无人店,2025-06,189.56,297.62,487.18,0.185,9
S2020,门店-0020,华北,深圳,无人店,2025-07,244.48,379.47,623.95,0.3124,9
S2020,门店-0020,华北,西安,无人店,2025-08,76.37,83.12,159.49,0.2842,4
S2020,门店-0020,华北,成都,无人店,2025-09,77.42,63.92,141.34,0.2871,11
S2020,门店-0020,华北,杭州,无人店,2025-10,135.86,194.02,329.88,0.3159,6
S2020,门店-0020,华北,杭州,无人店,2025-11,117.51,123.14,240.65,0.1825,6
S2020,门店-0020,华北,成都,无人店,2025-12,237.37,308.57,545.93,0.1941,10
S2021,门店-0021,东北,南京,标准店,2026-01,68.0,105.24,173.24,0.2327,13
S2021,门店-0021,东北,杭州,标准店,2026-02,140.66,196.0,336.66,0.256,11
S2021,门店-0021,东北,南京,标准店,2026-03,195.12,250.43,445.55,0.1865,15
S2021,门店-0021,东北,西安,标准店,2026-04,137.89,207.65,345.54,0.292,7
S2021,门店-0021,东北,广州,标准店,2025-05,183.21,151.14,334.35,0.3034,8
S2021,门店-0021,东北,北京,标准店,2025-06,135.93,173.47,309.4,0.264,11
S2021,门店-0021,东北,杭州,标准店,2025-07,122.01,136.73,258.74,0.2244,13
S2021,门店-0021,东北,成都,标准店,2025-08,155.41,155.32,310.73,0.2167,14
S2021,门店-0021,东北,深圳,标准店,2025-09,251.4,367.39,618.78,0.2292,14
S2021,门店-0021,东北,杭州,标准店,2025-10,240.65,257.7,498.35,0.2745,12
S2021,门店-0021,东北,成都,标准店,2025-11,141.12,116.15,257.27,0.3021,9
S2021,门店-0021,东北,广州,标准店,2025-12,259.13,229.87,489.0,0.3092,11
S2022,门店-0022,华北,西安,无人店,2026-01,216.68,251.45,468.12,0.3176,14
S2022,门店-0022,华北,武汉,无人店,2026-02,133.87,124.83,258.7,0.2752,15
S2022,门店-0022,华北,武汉,无人店,2026-03,50.02,67.26,117.28,0.2953,4
S2022,门店-0022,华北,北京,无人店,2026-04,203.79,164.88,368.67,0.1998,5
S2022,门店-0022,华北,西安,无人店,2025-05,77.2,84.75,161.95,0.2699,14
S2022,门店-0022,华北,上海,无人店,2025-06,212.7,310.01,522.71,0.2802,8
S2022,门店-0022,华北,南京,无人店,2025-07,109.31,154.15,263.45,0.2834,3
S2022,门店-0022,华北,成都,无人店,2025-08,167.34,224.86,392.19,0.2088,8
S2022,门店-0022,华北,南京,无人店,2025-09,167.1,170.7,337.8,0.2394,4
S2022,门店-0022,华北,西安,无人店,2025-10,89.63,92.44,182.07,0.2735,11
S2022,门店-0022,华北,西安,无人店,2025-11,216.74,215.68,432.43,0.2456,15
S2022,门店-0022,华北,广州,无人店,2025-12,97.02,129.09,226.11,0.2537,15
S2023,门店-0023,东北,广州,无人店,2026-01,191.51,180.33,371.84,0.2311,10
S2023,门店-0023,东北,上海,无人店,2026-02,108.65,173.41,282.06,0.2992,13
S2023,门店-0023,东北,上海,无人店,2026-03,212.96,263.99,476.96,0.2371,7
S2023,门店-0023,东北,上海,无人店,2026-04,173.48,191.49,364.97,0.2726,13
S2023,门店-0023,东北,南京,无人店,2025-05,45.61,61.31,106.92,0.1817,15
S2023,门店-0023,东北,武汉,无人店,2025-06,243.7,202.09,445.79,0.2388,12
S2023,门店-0023,东北,杭州,无人店,2025-07,222.46,256.43,478.89,0.2224,10
S2023,门店-0023,东北,南京,无人店,2025-08,209.67,233.35,443.02,0.2941,13
S2023,门店-0023,东北,西安,无人店,2025-09,162.49,177.4,339.88,0.2091,7
S2023,门店-0023,东北,武汉,无人店,2025-10,138.2,128.18,266.39,0.2508,7
S2023,门店-0023,东北,重庆,无人店,2025-11,48.48,38.89,87.37,0.293,4
S2023,门店-0023,东北,重庆,无人店,2025-12,229.81,247.47,477.28,0.1914,10
S2024,门店-0024,华东,重庆,便利店,2026-01,306.25,267.41,573.66,0.3195,9
S2024,门店-0024,华东,武汉,便利店,2026-02,283.13,394.47,677.6,0.3335,8
S2024,门店-0024,华东,深圳,便利店,2026-03,299.21,294.87,594.07,0.2953,10
S2024,门店-0024,华东,南京,便利店,2026-04,344.09,545.8,889.89,0.245,7
S2024,门店-0024,华东,成都,便利店,2025-05,290.81,237.07,527.88,0.1992,8
S2024,门店-0024,华东,西安,便利店,2025-06,345.52,436.77,782.29,0.2182,8
S2024,门店-0024,华东,广州,便利店,2025-07,195.4,245.84,441.24,0.2375,11
S2024,门店-0024,华东,成都,便利店,2025-08,271.55,366.33,637.88,0.3061,6
S2024,门店-0024,华东,重庆,便利店,2025-09,131.84,159.87,291.72,0.2851,7
S2024,门店-0024,华东,武汉,便利店,2025-10,163.71,220.54,384.25,0.1925,10
S2024,门店-0024,华东,北京,便利店,2025-11,123.79,167.91,291.7,0.3064,11
S2024,门店-0024,华东,北京,便利店,2025-12,293.39,376.03,669.42,0.2468,10
S2025,门店-0025,华东,西安,标准店,2026-01,95.88,115.31,211.2,0.2119,9
S2025,门店-0025,华东,北京,标准店,2026-02,189.75,257.56,447.31,0.3334,11
S2025,门店-0025,华东,杭州,标准店,2026-03,100.39,97.45,197.83,0.245,5
S2025,门店-0025,华东,西安,标准店,2026-04,186.46,291.93,478.39,0.303,11
S2025,门店-0025,华东,北京,标准店,2025-05,84.77,127.31,212.07,0.2746,5
S2025,门店-0025,华东,成都,标准店,2025-06,290.95,385.26,676.21,0.1933,14
S2025,门店-0025,华东,广州,标准店,2025-07,301.9,415.48,717.38,0.2809,6
S2025,门店-0025,华东,武汉,标准店,2025-08,326.79,262.14,588.93,0.2904,7
S2025,门店-0025,华东,深圳,标准店,2025-09,75.64,77.45,153.09,0.2938,15
S2025,门店-0025,华东,武汉,标准店,2025-10,231.01,300.51,531.52,0.1998,15
S2025,门店-0025,华东,杭州,标准店,2025-11,93.33,125.61,218.95,0.2788,6
S2025,门店-0025,华东,成都,标准店,2025-12,70.81,77.45,148.27,0.2549,12
S2026,门店-0026,东北,重庆,便利店,2026-01,231.5,346.1,577.61,0.2595,5
S2026,门店-0026,东北,武汉,便利店,2026-02,109.8,163.57,273.36,0.2276,13
S2026,门店-0026,东北,西安,便利店,2026-03,62.12,51.7,113.82,0.2501,10
S2026,门店-0026,东北,北京,便利店,2026-04,214.93,204.78,419.71,0.2162,9
S2026,门店-0026,东北,广州,便利店,2025-05,144.27,122.49,266.76,0.2254,9
S2026,门店-0026,东北,北京,便利店,2025-06,201.67,303.63,505.3,0.2683,7
S2026,门店-0026,东北,深圳,便利店,2025-07,117.63,137.09,254.72,0.2357,11
S2026,门店-0026,东北,成都,便利店,2025-08,230.02,245.75,475.78,0.2705,8
S2026,门店-0026,东北,杭州,便利店,2025-09,262.85,357.5,620.35,0.2585,5
S2026,门店-0026,东北,杭州,便利店,2025-10,110.0,121.69,231.68,0.26,4
S2026,门店-0026,东北,上海,便利店,2025-11,62.51,84.84,147.35,0.2362,15
S2026,门店-0026,东北,北京,便利店,2025-12,56.69,86.33,143.01,0.2921,7
S2027,门店-0027,东北,重庆,便利店,2026-01,56.85,67.54,124.39,0.1963,7
S2027,门店-0027,东北,武汉,便利店,2026-02,116.4,125.32,241.73,0.2302,13
S2027,门店-0027,东北,武汉,便利店,2026-03,195.24,222.37,417.61,0.3013,6
S2027,门店-0027,东北,重庆,便利店,2026-04,234.55,251.28,485.84,0.1863,12
S2027,门店-0027,东北,南京,便利店,2025-05,94.94,91.98,186.93,0.3127,6
S2027,门店-0027,东北,杭州,便利店,2025-06,177.18,149.17,326.35,0.2576,9
S2027,门店-0027,东北,成都,便利店,2025-07,193.65,198.89,392.54,0.2455,8
S2027,门店-0027,东北,北京,便利店,2025-08,210.8,258.52,469.32,0.1998,13
S2027,门店-0027,东北,成都,便利店,2025-09,152.76,149.4,302.16,0.283,7
S2027,门店-0027,东北,重庆,便利店,2025-10,244.79,326.79,571.58,0.2567,12
S2027,门店-0027,东北,北京,便利店,2025-11,136.96,109.82,246.79,0.2209,5
S2027,门店-0027,东北,上海,便利店,2025-12,58.97,64.59,123.55,0.2035,14
S2028,门店-0028,西南,武汉,标准店,2026-01,139.13,131.88,271.01,0.2682,15
S2028,门店-0028,西南,西安,标准店,2026-02,189.19,157.92,347.11,0.297,15
S2028,门店-0028,西南,西安,标准店,2026-03,202.82,274.22,477.04,0.3063,12
S2028,门店-0028,西南,武汉,标准店,2026-04,150.33,228.11,378.45,0.2601,6
S2028,门店-0028,西南,西安,标准店,2025-05,249.52,316.46,565.99,0.1983,14
S2028,门店-0028,西南,重庆,标准店,2025-06,62.99,65.49,128.48,0.195,15
S2028,门店-0028,西南,南京,标准店,2025-07,245.66,266.3,511.97,0.2641,15
S2028,门店-0028,西南,西安,标准店,2025-08,226.5,213.36,439.86,0.1825,13
S2028,门店-0028,西南,成都,标准店,2025-09,192.61,234.91,427.52,0.3172,6
S2028,门店-0028,西南,西安,标准店,2025-10,220.63,191.34,411.97,0.2278,4
S2028,门店-0028,西南,上海,标准店,2025-11,161.05,249.96,411.01,0.262,7
S2028,门店-0028,西南,杭州,标准店,2025-12,159.91,227.4,387.3,0.2594,14
S2029,门店-0029,华北,西安,无人店,2026-01,125.72,137.96,263.68,0.2988,8
S2029,门店-0029,华北,深圳,无人店,2026-02,221.1,259.78,480.87,0.2005,9
S2029,门店-0029,华北,杭州,无人店,2026-03,203.3,256.65,459.95,0.2418,7
S2029,门店-0029,华北,上海,无人店,2026-04,134.84,117.79,252.62,0.2089,10
S2029,门店-0029,华北,重庆,无人店,2025-05,233.48,373.46,606.94,0.311,15
S2029,门店-0029,华北,上海,无人店,2025-06,227.7,312.67,540.37,0.302,10
S2029,门店-0029,华北,武汉,无人店,2025-07,104.12,112.05,216.16,0.2894,8
S2029,门店-0029,华北,广州,无人店,2025-08,258.76,373.28,632.04,0.1846,10
S2029,门店-0029,华北,杭州,无人店,2025-09,263.9,283.09,546.98,0.2949,5
S2029,门店-0029,华北,南京,无人店,2025-10,117.42,168.97,286.39,0.2386,9
S2029,门店-0029,华北,北京,无人店,2025-11,235.35,352.44,587.79,0.1941,12
S2029,门店-0029,华北,重庆,无人店,2025-12,193.4,182.22,375.62,0.2071,11
S2030,门店-0030,西南,深圳,旗舰店,2026-01,92.98,87.16,180.15,0.2168,9
S2030,门店-0030,西南,西安,旗舰店,2026-02,259.89,340.79,600.68,0.1846,8
S2030,门店-0030,西南,深圳,旗舰店,2026-03,229.19,245.78,474.97,0.1981,7
S2030,门店-0030,西南,杭州,旗舰店,2026-04,77.75,118.36,196.11,0.2964,11
S2030,门店-0030,西南,南京,旗舰店,2025-05,156.52,157.24,313.77,0.239,10
S2030,门店-0030,西南,深圳,旗舰店,2025-06,73.9,100.58,174.48,0.3123,6
S2030,门店-0030,西南,西安,旗舰店,2025-07,163.45,152.26,315.72,0.1933,3
S2030,门店-0030,西南,上海,旗舰店,2025-08,139.51,186.13,325.65,0.2582,11
S2030,门店-0030,西南,南京,旗舰店,2025-09,198.54,240.11,438.66,0.2645,14
S2030,门店-0030,西南,南京,旗舰店,2025-10,61.37,60.85,122.22,0.2801,10
S2030,门店-0030,西南,上海,旗舰店,2025-11,141.15,224.37,365.52,0.3169,8
S2030,门店-0030,西南,深圳,旗舰店,2025-12,266.68,274.94,541.61,0.1825,14
S2031,门店-0031,东北,北京,旗舰店,2026-01,139.66,146.68,286.34,0.2707,11
S2031,门店-0031,东北,成都,旗舰店,2026-02,104.07,86.61,190.67,0.3115,13
S2031,门店-0031,东北,深圳,旗舰店,2026-03,234.56,303.52,538.07,0.2523,3
S2031,门店-0031,东北,广州,旗舰店,2026-04,248.97,356.29,605.25,0.1985,13
S2031,门店-0031,东北,深圳,旗舰店,2025-05,108.04,113.25,221.29,0.2552,8
S2031,门店-0031,东北,重庆,旗舰店,2025-06,176.6,220.2,396.81,0.3149,5
S2031,门店-0031,东北,广州,旗舰店,2025-07,145.45,188.98,334.43,0.2013,14
S2031,门店-0031,东北,杭州,旗舰店,2025-08,100.54,143.88,244.42,0.1858,8
S2031,门店-0031,东北,南京,旗舰店,2025-09,258.96,239.11,498.07,0.2752,15
S2031,门店-0031,东北,深圳,旗舰店,2025-10,253.58,332.49,586.07,0.2541,7
S2031,门店-0031,东北,广州,旗舰店,2025-11,222.81,333.66,556.46,0.2791,14
S2031,门店-0031,东北,广州,旗舰店,2025-12,118.65,110.33,228.98,0.2657,13
S2032,门店-0032,华南,深圳,便利店,2026-01,291.57,269.2,560.77,0.2998,10
S2032,门店-0032,华南,杭州,便利店,2026-02,130.53,183.82,314.35,0.2157,3
S2032,门店-0032,华南,杭州,便利店,2026-03,97.62,94.04,191.67,0.2671,8
S2032,门店-0032,华南,广州,便利店,2026-04,79.6,71.12,150.72,0.3136,8
S2032,门店-0032,华南,成都,便利店,2025-05,171.82,137.88,309.7,0.2232,14
S2032,门店-0032,华南,广州,便利店,2025-06,332.01,458.43,790.44,0.2693,13
S2032,门店-0032,华南,武汉,便利店,2025-07,312.1,287.52,599.61,0.2817,3
S2032,门店-0032,华南,广州,便利店,2025-08,96.57,89.36,185.93,0.316,10
S2032,门店-0032,华南,杭州,便利店,2025-09,242.27,319.9,562.17,0.2903,15
S2032,门店-0032,华南,杭州,便利店,2025-10,205.31,211.21,416.52,0.2208,8
S2032,门店-0032,华南,广州,便利店,2025-11,311.67,326.16,637.83,0.2168,4
S2032,门店-0032,华南,西安,便利店,2025-12,289.33,297.06,586.39,0.3073,3
S2033,门店-0033,华北,深圳,便利店,2026-01,191.23,259.19,450.42,0.2935,6
S2033,门店-0033,华北,成都,便利店,2026-02,88.78,80.02,168.8,0.2367,15
S2033,门店-0033,华北,重庆,便利店,2026-03,215.54,219.19,434.73,0.2662,8
S2033,门店-0033,华北,西安,便利店,2026-04,148.29,136.01,284.3,0.2253,12
S2033,门店-0033,华北,北京,便利店,2025-05,200.85,188.26,389.12,0.2102,15
S2033,门店-0033,华北,上海,便利店,2025-06,110.13,161.97,272.11,0.2679,10
S2033,门店-0033,华北,上海,便利店,2025-07,204.61,244.35,448.96,0.2548,14
S2033,门店-0033,华北,杭州,便利店,2025-08,138.52,159.99,298.51,0.3002,13
S2033,门店-0033,华北,成都,便利店,2025-09,146.11,149.43,295.54,0.259,13
S2033,门店-0033,华北,广州,便利店,2025-10,145.54,119.35,264.89,0.2881,13
S2033,门店-0033,华北,武汉,便利店,2025-11,53.99,77.19,131.18,0.209,7
S2033,门店-0033,华北,重庆,便利店,2025-12,250.61,253.89,504.5,0.3066,8
S2034,门店-0034,华南,广州,标准店,2026-01,216.76,329.56,546.32,0.1996,6
S2034,门店-0034,华南,杭州,标准店,2026-02,92.49,83.26,175.74,0.3102,11
S2034,门店-0034,华南,广州,标准店,2026-03,99.3,123.88,223.18,0.2989,9
S2034,门店-0034,华南,广州,标准店,2026-04,318.11,322.31,640.43,0.2112,8
S2034,门店-0034,华南,武汉,标准店,2025-05,304.35,312.77,617.12,0.2607,6
S2034,门店-0034,华南,成都,标准店,2025-06,287.77,376.81,664.57,0.2642,9
S2034,门店-0034,华南,杭州,标准店,2025-07,141.92,216.74,358.65,0.3354,4
S2034,门店-0034,华南,北京,标准店,2025-08,115.17,179.5,294.67,0.2305,13
S2034,门店-0034,华南,重庆,标准店,2025-09,237.83,306.29,544.12,0.2114,8
S2034,门店-0034,华南,西安,标准店,2025-10,77.04,79.55,156.59,0.2223,4
S2034,门店-0034,华南,西安,标准店,2025-11,312.57,474.7,787.26,0.2775,15
S2034,门店-0034,华南,南京,标准店,2025-12,259.37,325.99,585.36,0.2083,15
S2035,门店-0035,华中,重庆,便利店,2026-01,76.07,116.7,192.77,0.2287,3
S2035,门店-0035,华中,上海,便利店,2026-02,174.69,154.08,328.77,0.2974,5
S2035,门店-0035,华中,武汉,便利店,2026-03,63.67,56.37,120.04,0.2349,4
S2035,门店-0035,华中,西安,便利店,2026-04,83.97,73.99,157.96,0.205,10
S2035,门店-0035,华中,西安,便利店,2025-05,240.87,302.26,543.12,0.298,5
S2035,门店-0035,华中,南京,便利店,2025-06,191.62,168.17,359.79,0.3086,15
S2035,门店-0035,华中,成都,便利店,2025-07,84.16,134.6,218.76,0.3013,9
S2035,门店-0035,华中,广州,便利店,2025-08,192.34,183.78,376.11,0.2348,7
S2035,门店-0035,华中,北京,便利店,2025-09,157.07,221.46,378.53,0.2703,8
S2035,门店-0035,华中,深圳,便利店,2025-10,123.24,190.93,314.16,0.3106,9
S2035,门店-0035,华中,上海,便利店,2025-11,62.9,90.61,153.51,0.2162,4
S2035,门店-0035,华中,广州,便利店,2025-12,260.28,241.13,501.41,0.2974,14
S2036,门店-0036,东北,西安,旗舰店,2026-01,159.67,154.7,314.37,0.2142,5
S2036,门店-0036,东北,南京,旗舰店,2026-02,51.83,55.88,107.71,0.234,8
S2036,门店-0036,东北,成都,旗舰店,2026-03,144.9,190.92,335.81,0.2035,6
S2036,门店-0036,东北,重庆,旗舰店,2026-04,218.12,273.49,491.6,0.2377,15
S2036,门店-0036,东北,武汉,旗舰店,2025-05,132.25,170.15,302.4,0.2319,3
S2036,门店-0036,东北,重庆,旗舰店,2025-06,242.74,299.15,541.89,0.249,12
S2036,门店-0036,东北,北京,旗舰店,2025-07,242.32,236.58,478.9,0.3154,3
S2036,门店-0036,东北,北京,旗舰店,2025-08,172.79,225.38,398.17,0.2068,9
S2036,门店-0036,东北,杭州,旗舰店,2025-09,52.44,75.59,128.03,0.2444,4
S2036,门店-0036,东北,南京,旗舰店,2025-10,124.57,166.16,290.73,0.2327,7
S2036,门店-0036,东北,重庆,旗舰店,2025-11,144.2,126.58,270.78,0.2398,10
S2036,门店-0036,东北,重庆,旗舰店,2025-12,191.46,265.35,456.81,0.2201,9
S2037,门店-0037,华中,武汉,标准店,2026-01,124.51,196.0,320.51,0.1976,10
S2037,门店-0037,华中,杭州,标准店,2026-02,48.28,61.53,109.81,0.2364,4
S2037,门店-0037,华中,上海,标准店,2026-03,79.44,83.38,162.82,0.2281,14
S2037,门店-0037,华中,广州,标准店,2026-04,169.98,230.1,400.08,0.2796,9
S2037,门店-0037,华中,武汉,标准店,2025-05,174.8,275.15,449.95,0.2847,9
S2037,门店-0037,华中,广州,标准店,2025-06,111.74,105.6,217.34,0.2114,3
S2037,门店-0037,华中,上海,标准店,2025-07,138.68,135.65,274.34,0.2022,15
S2037,门店-0037,华中,上海,标准店,2025-08,136.94,202.25,339.19,0.1864,14
S2037,门店-0037,华中,杭州,标准店,2025-09,95.48,100.18,195.66,0.2171,10
S2037,门店-0037,华中,广州,标准店,2025-10,169.05,206.24,375.29,0.2475,3
S2037,门店-0037,华中,西安,标准店,2025-11,111.75,168.98,280.73,0.3164,4
S2037,门店-0037,华中,西安,标准店,2025-12,207.89,281.34,489.23,0.2205,12
S2038,门店-0038,西南,北京,旗舰店,2026-01,229.63,319.83,549.46,0.1872,8
S2038,门店-0038,西南,武汉,旗舰店,2026-02,202.6,207.23,409.84,0.248,12
S2038,门店-0038,西南,重庆,旗舰店,2026-03,191.02,277.14,468.17,0.1961,15
S2038,门店-0038,西南,成都,旗舰店,2026-04,127.95,175.21,303.16,0.2532,4
S2038,门店-0038,西南,武汉,旗舰店,2025-05,199.54,171.23,370.77,0.314,15
S2038,门店-0038,西南,武汉,旗舰店,2025-06,250.01,269.97,519.97,0.185,6
S2038,门店-0038,西南,上海,旗舰店,2025-07,112.33,145.54,257.87,0.2744,13
S2038,门店-0038,西南,上海,旗舰店,2025-08,171.8,195.16,366.96,0.2556,12
S2038,门店-0038,西南,广州,旗舰店,2025-09,197.88,262.29,460.16,0.2676,10
S2038,门店-0038,西南,广州,旗舰店,2025-10,162.82,225.74,388.55,0.2218,9
S2038,门店-0038,西南,武汉,旗舰店,2025-11,269.56,238.07,507.63,0.2031,15
S2038,门店-0038,西南,广州,旗舰店,2025-12,242.08,326.08,568.16,0.2161,9
S2039,门店-0039,华北,杭州,标准店,2026-01,265.58,390.35,655.93,0.302,3
S2039,门店-0039,华北,西安,标准店,2026-02,234.65,187.78,422.43,0.2064,10
S2039,门店-0039,华北,武汉,标准店,2026-03,223.32,216.19,439.51,0.2914,12
S2039,门店-0039,华北,上海,标准店,2026-04,133.93,207.93,341.86,0.234,12
S2039,门店-0039,华北,广州,标准店,2025-05,169.33,265.93,435.25,0.1883,12
S2039,门店-0039,华北,北京,标准店,2025-06,243.45,267.29,510.74,0.204,8
S2039,门店-0039,华北,西安,标准店,2025-07,221.46,284.25,505.71,0.2048,5
S2039,门店-0039,华北,北京,标准店,2025-08,187.46,226.16,413.62,0.2085,4
S2039,门店-0039,华北,武汉,标准店,2025-09,228.85,318.27,547.11,0.3133,8
S2039,门店-0039,华北,深圳,标准店,2025-10,185.6,175.78,361.37,0.2644,9
S2039,门店-0039,华北,上海,标准店,2025-11,269.46,282.44,551.9,0.2639,3
S2039,门店-0039,华北,重庆,标准店,2025-12,224.28,296.04,520.33,0.2134,5
S2040,门店-0040,华中,北京,标准店,2026-01,164.59,247.56,412.15,0.2938,11
S2040,门店-0040,华中,武汉,标准店,2026-02,220.71,279.96,500.67,0.2425,13
S2040,门店-0040,华中,深圳,标准店,2026-03,235.29,357.65,592.95,0.2307,6
S2040,门店-0040,华中,西安,标准店,2026-04,248.82,380.33,629.15,0.2329,9
S2040,门店-0040,华中,西安,标准店,2025-05,127.1,158.37,285.47,0.3197,4
S2040,门店-0040,华中,成都,标准店,2025-06,46.05,61.63,107.68,0.2507,3
S2040,门店-0040,华中,西安,标准店,2025-07,213.91,204.83,418.74,0.2486,4
S2040,门店-0040,华中,杭州,标准店,2025-08,56.26,47.43,103.7,0.2651,12
S2040,门店-0040,华中,深圳,标准店,2025-09,250.05,308.35,558.39,0.3196,10
S2040,门店-0040,华中,武汉,标准店,2025-10,109.9,123.81,233.71,0.2744,11
S2040,门店-0040,华中,杭州,标准店,2025-11,165.98,220.7,386.68,0.2766,10
S2040,门店-0040,华中,杭州,标准店,2025-12,184.22,173.91,358.13,0.2625,9
S2041,门店-0041,东北,西安,标准店,2026-01,100.21,100.13,200.34,0.2529,9
S2041,门店-0041,东北,广州,标准店,2026-02,121.69,120.27,241.95,0.2681,15
S2041,门店-0041,东北,南京,标准店,2026-03,96.98,112.36,209.34,0.2521,14
S2041,门店-0041,东北,重庆,标准店,2026-04,114.22,182.3,296.52,0.2781,9
S2041,门店-0041,东北,成都,标准店,2025-05,178.06,250.63,428.69,0.2992,6
S2041,门店-0041,东北,深圳,标准店,2025-06,220.19,331.51,551.7,0.195,12
S2041,门店-0041,东北,武汉,标准店,2025-07,65.61,53.94,119.55,0.2147,3
S2041,门店-0041,东北,深圳,标准店,2025-08,145.08,168.61,313.69,0.299,5
S2041,门店-0041,东北,广州,标准店,2025-09,172.45,210.63,383.08,0.2534,15
S2041,门店-0041,东北,南京,标准店,2025-10,255.58,366.3,621.88,0.2391,8
S2041,门店-0041,东北,西安,标准店,2025-11,124.27,113.4,237.67,0.2253,12
S2041,门店-0041,东北,成都,标准店,2025-12,72.26,92.36,164.62,0.3042,12
S2042,门店-0042,华北,上海,标准店,2026-01,223.06,263.77,486.83,0.2643,12
S2042,门店-0042,华北,重庆,标准店,2026-02,73.83,84.42,158.25,0.2591,15
S2042,门店-0042,华北,成都,标准店,2026-03,219.24,194.83,414.07,0.2298,11
S2042,门店-0042,华北,武汉,标准店,2026-04,71.79,85.83,157.62,0.2474,11
S2042,门店-0042,华北,北京,标准店,2025-05,252.84,251.3,504.14,0.2123,3
S2042,门店-0042,华北,北京,标准店,2025-06,199.37,265.05,464.42,0.183,9
S2042,门店-0042,华北,广州,标准店,2025-07,261.2,224.59,485.79,0.286,6
S2042,门店-0042,华北,广州,标准店,2025-08,238.23,311.76,549.99,0.2272,3
S2042,门店-0042,华北,武汉,标准店,2025-09,146.29,174.29,320.58,0.2426,14
S2042,门店-0042,华北,北京,标准店,2025-10,83.92,125.18,209.11,0.2031,15
S2042,门店-0042,华北,深圳,标准店,2025-11,96.51,121.13,217.64,0.2446,4
S2042,门店-0042,华北,南京,标准店,2025-12,132.61,128.78,261.38,0.2563,6
S2043,门店-0043,华中,广州,便利店,2026-01,168.71,249.96,418.67,0.2618,6
S2043,门店-0043,华中,杭州,便利店,2026-02,253.09,241.61,494.7,0.2689,8
S2043,门店-0043,华中,北京,便利店,2026-03,54.18,75.66,129.84,0.2532,12
S2043,门店-0043,华中,北京,便利店,2026-04,141.46,117.73,259.19,0.1994,9
S2043,门店-0043,华中,深圳,便利店,2025-05,71.75,66.16,137.91,0.2642,15
S2043,门店-0043,华中,广州,便利店,2025-06,236.31,264.8,501.12,0.3044,5
S2043,门店-0043,华中,广州,便利店,2025-07,187.96,277.56,465.52,0.2613,3
S2043,门店-0043,华中,南京,便利店,2025-08,177.92,258.52,436.43,0.2257,7
S2043,门店-0043,华中,重庆,便利店,2025-09,139.86,206.98,346.84,0.1908,10
S2043,门店-0043,华中,南京,便利店,2025-10,226.81,244.44,471.24,0.2168,13
S2043,门店-0043,华中,上海,便利店,2025-11,232.02,332.9,564.92,0.3014,4
S2043,门店-0043,华中,上海,便利店,2025-12,47.1,44.0,91.1,0.2758,13
S2044,门店-0044,东北,重庆,无人店,2026-01,254.95,342.86,597.8,0.3067,7
S2044,门店-0044,东北,上海,无人店,2026-02,49.69,61.28,110.97,0.2019,7
S2044,门店-0044,东北,广州,无人店,2026-03,204.43,174.51,378.94,0.2719,8
S2044,门店-0044,东北,杭州,无人店,2026-04,82.96,73.49,156.45,0.2104,6
S2044,门店-0044,东北,南京,无人店,2025-05,259.66,342.2,601.86,0.3122,15
S2044,门店-0044,东北,西安,无人店,2025-06,189.08,202.49,391.57,0.1927,9
S2044,门店-0044,东北,广州,无人店,2025-07,53.27,52.07,105.34,0.3074,15
S2044,门店-0044,东北,成都,无人店,2025-08,123.7,131.42,255.11,0.2682,15
S2044,门店-0044,东北,杭州,无人店,2025-09,237.35,272.41,509.76,0.265,14
S2044,门店-0044,东北,广州,无人店,2025-10,142.35,139.96,282.31,0.2491,11
S2044,门店-0044,东北,西安,无人店,2025-11,207.37,291.36,498.73,0.3068,9
S2044,门店-0044,东北,重庆,无人店,2025-12,111.17,171.61,282.78,0.2182,4
S2045,门店-0045,华南,南京,旗舰店,2026-01,290.48,451.41,741.89,0.3301,4
S2045,门店-0045,华南,杭州,旗舰店,2026-02,92.6,142.74,235.34,0.2056,7
S2045,门店-0045,华南,广州,旗舰店,2026-03,354.28,380.02,734.3,0.2814,10
S2045,门店-0045,华南,杭州,旗舰店,2026-04,237.32,314.33,551.65,0.2762,13
S2045,门店-0045,华南,深圳,旗舰店,2025-05,124.77,103.8,228.57,0.2564,3
S2045,门店-0045,华南,西安,旗舰店,2025-06,211.3,194.03,405.33,0.2208,13
S2045,门店-0045,华南,武汉,旗舰店,2025-07,337.17,317.19,654.36,0.2169,14
S2045,门店-0045,华南,武汉,旗舰店,2025-08,319.91,293.28,613.18,0.3254,14
S2045,门店-0045,华南,西安,旗舰店,2025-09,305.64,439.79,745.42,0.3212,13
S2045,门店-0045,华南,北京,旗舰店,2025-10,142.09,169.26,311.36,0.2437,15
S2045,门店-0045,华南,南京,旗舰店,2025-11,65.87,61.92,127.79,0.2388,3
S2045,门店-0045,华南,广州,旗舰店,2025-12,187.24,263.09,450.34,0.2998,6
S2046,门店-0046,华东,深圳,无人店,2026-01,342.98,489.95,832.93,0.2453,3
S2046,门店-0046,华东,上海,无人店,2026-02,130.09,160.54,290.63,0.244,6
S2046,门店-0046,华东,武汉,无人店,2026-03,70.81,69.25,140.06,0.328,15
S2046,门店-0046,华东,杭州,无人店,2026-04,153.77,245.42,399.19,0.2942,5
S2046,门店-0046,华东,北京,无人店,2025-05,331.3,380.88,712.18,0.2461,3
S2046,门店-0046,华东,南京,无人店,2025-06,258.84,407.64,666.48,0.2095,5
S2046,门店-0046,华东,杭州,无人店,2025-07,86.38,111.46,197.83,0.1904,9
S2046,门店-0046,华东,南京,无人店,2025-08,319.31,360.46,679.77,0.2287,4
S2046,门店-0046,华东,南京,无人店,2025-09,147.95,154.27,302.22,0.1968,12
S2046,门店-0046,华东,北京,无人店,2025-10,289.44,296.18,585.62,0.3103,5
S2046,门店-0046,华东,北京,无人店,2025-11,93.92,141.5,235.43,0.2608,12
S2046,门店-0046,华东,上海,无人店,2025-12,250.13,340.53,590.66,0.2561,14
S2047,门店-0047,华南,杭州,无人店,2026-01,222.99,248.52,471.51,0.2431,13
S2047,门店-0047,华南,北京,无人店,2026-02,345.43,457.4,802.83,0.2218,7
S2047,门店-0047,华南,武汉,无人店,2026-03,83.53,120.44,203.97,0.2478,13
S2047,门店-0047,华南,重庆,无人店,2026-04,192.09,191.63,383.73,0.3119,12
S2047,门店-0047,华南,杭州,无人店,2025-05,176.38,269.58,445.96,0.2072,3
S2047,门店-0047,华南,杭州,无人店,2025-06,114.92,146.08,261.01,0.2617,8
S2047,门店-0047,华南,成都,无人店,2025-07,210.27,199.72,409.99,0.2996,11
S2047,门店-0047,华南,广州,无人店,2025-08,278.56,350.69,629.24,0.2931,11
S2047,门店-0047,华南,西安,无人店,2025-09,211.49,222.06,433.55,0.2537,4
S2047,门店-0047,华南,南京,无人店,2025-10,279.93,372.96,652.88,0.2819,8
S2047,门店-0047,华南,杭州,无人店,2025-11,118.78,131.77,250.56,0.2796,3
S2047,门店-0047,华南,成都,无人店,2025-12,84.74,123.81,208.55,0.2607,7
S2048,门店-0048,华中,北京,便利店,2026-01,50.55,58.26,108.8,0.2634,3
S2048,门店-0048,华中,南京,便利店,2026-02,220.71,271.09,491.81,0.2818,4
S2048,门店-0048,华中,广州,便利店,2026-03,201.07,216.19,417.26,0.2131,13
S2048,门店-0048,华中,成都,便利店,2026-04,109.77,125.15,234.93,0.2682,5
S2048,门店-0048,华中,北京,便利店,2025-05,262.51,371.12,633.63,0.3082,7
S2048,门店-0048,华中,重庆,便利店,2025-06,166.96,232.32,399.28,0.2565,12
S2048,门店-0048,华中,深圳,便利店,2025-07,46.0,50.17,96.17,0.2197,12
S2048,门店-0048,华中,成都,便利店,2025-08,218.18,334.34,552.52,0.272,5
S2048,门店-0048,华中,重庆,便利店,2025-09,209.04,175.03,384.08,0.2887,3
S2048,门店-0048,华中,上海,便利店,2025-10,160.99,183.36,344.35,0.1935,7
S2048,门店-0048,华中,广州,便利店,2025-11,217.16,221.29,438.45,0.2657,15
S2048,门店-0048,华中,杭州,便利店,2025-12,207.13,330.34,537.47,0.2976,12
S2049,门店-0049,华东,上海,旗舰店,2026-01,106.71,116.67,223.38,0.3002,12
S2049,门店-0049,华东,重庆,旗舰店,2026-02,137.59,158.57,296.16,0.3148,12
S2049,门店-0049,华东,西安,旗舰店,2026-03,276.45,366.08,642.53,0.1908,8
S2049,门店-0049,华东,西安,旗舰店,2026-04,169.86,248.17,418.03,0.2466,3
S2049,门店-0049,华东,重庆,旗舰店,2025-05,286.45,304.65,591.1,0.2336,7
S2049,门店-0049,华东,上海,旗舰店,2025-06,315.68,439.45,755.13,0.2197,14
S2049,门店-0049,华东,成都,旗舰店,2025-07,243.31,311.89,555.19,0.2393,7
S2049,门店-0049,华东,西安,旗舰店,2025-08,147.7,184.25,331.95,0.201,9
S2049,门店-0049,华东,南京,旗舰店,2025-09,351.57,497.71,849.28,0.336,12
S2049,门店-0049,华东,北京,旗舰店,2025-10,239.44,331.45,570.89,0.2876,15
S2049,门店-0049,华东,成都,旗舰店,2025-11,74.72,97.66,172.39,0.2173,13
S2049,门店-0049,华东,北京,旗舰店,2025-12,170.59,174.94,345.53,0.293,4
S2050,门店-0050,华南,武汉,便利店,2026-01,299.09,305.0,604.08,0.2729,8
S2050,门店-0050,华南,广州,便利店,2026-02,344.85,368.14,712.98,0.3186,15
S2050,门店-0050,华南,广州,便利店,2026-03,204.5,239.41,443.92,0.3058,14
S2050,门店-0050,华南,西安,便利店,2026-04,188.37,222.42,410.79,0.2862,10
S2050,门店-0050,华南,北京,便利店,2025-05,278.33,278.75,557.07,0.2348,6
S2050,门店-0050,华南,深圳,便利店,2025-06,321.56,392.39,713.95,0.2638,3
S2050,门店-0050,华南,南京,便利店,2025-07,123.04,154.05,277.09,0.2324,6
S2050,门店-0050,华南,重庆,便利店,2025-08,100.98,152.3,253.28,0.313,8
S2050,门店-0050,华南,西安,便利店,2025-09,106.96,168.14,275.09,0.2809,15
S2050,门店-0050,华南,重庆,便利店,2025-10,69.01,65.63,134.64,0.2004,12
S2050,门店-0050,华南,武汉,便利店,2025-11,146.04,193.61,339.65,0.2587,11
S2050,门店-0050,华南,西安,便利店,2025-12,265.79,404.49,670.28,0.2487,6
S2051,门店-0051,华北,北京,便利店,2026-01,195.0,204.47,399.47,0.2386,15
S2051,门店-0051,华北,西安,便利店,2026-02,215.18,204.75,419.93,0.2419,13
S2051,门店-0051,华北,杭州,便利店,2026-03,165.98,241.8,407.77,0.2616,14
S2051,门店-0051,华北,西安,便利店,2026-04,234.53,289.93,524.46,0.199,15
S2051,门店-0051,华北,北京,便利店,2025-05,93.84,86.68,180.52,0.2674,9
S2051,门店-0051,华北,成都,便利店,2025-06,84.74,72.02,156.76,0.2648,8
S2051,门店-0051,华北,上海,便利店,2025-07,147.13,130.04,277.17,0.2688,3
S2051,门店-0051,华北,重庆,便利店,2025-08,231.42,343.87,575.3,0.2346,8
S2051,门店-0051,华北,上海,便利店,2025-09,113.55,122.58,236.13,0.2062,6
S2051,门店-0051,华北,北京,便利店,2025-10,182.98,186.77,369.75,0.2081,10
S2051,门店-0051,华北,深圳,便利店,2025-11,220.37,280.61,500.98,0.2849,7
S2051,门店-0051,华北,广州,便利店,2025-12,118.65,185.48,304.13,0.2371,12
S2052,门店-0052,华中,上海,无人店,2026-01,57.4,73.39,130.79,0.2378,10
S2052,门店-0052,华中,北京,无人店,2026-02,113.84,107.84,221.68,0.2258,15
S2052,门店-0052,华中,广州,无人店,2026-03,56.19,87.11,143.31,0.3102,12
S2052,门店-0052,华中,武汉,无人店,2026-04,62.62,90.31,152.94,0.1841,5
S2052,门店-0052,华中,南京,无人店,2025-05,94.18,83.44,177.62,0.2383,13
S2052,门店-0052,华中,南京,无人店,2025-06,142.91,164.04,306.95,0.3073,9
S2052,门店-0052,华中,武汉,无人店,2025-07,71.28,80.28,151.56,0.2739,13
S2052,门店-0052,华中,西安,无人店,2025-08,223.03,284.93,507.96,0.2939,8
S2052,门店-0052,华中,杭州,无人店,2025-09,68.09,93.18,161.27,0.28,8
S2052,门店-0052,华中,成都,无人店,2025-10,48.62,51.55,100.17,0.2456,12
S2052,门店-0052,华中,北京,无人店,2025-11,171.51,165.18,336.69,0.1812,13
S2052,门店-0052,华中,杭州,无人店,2025-12,84.9,106.8,191.7,0.2789,12
S2053,门店-0053,华东,上海,便利店,2026-01,290.22,266.46,556.67,0.3313,15
S2053,门店-0053,华东,深圳,便利店,2026-02,220.94,287.98,508.92,0.2161,13
S2053,门店-0053,华东,重庆,便利店,2026-03,163.33,202.39,365.73,0.3343,10
S2053,门店-0053,华东,武汉,便利店,2026-04,99.99,102.07,202.06,0.3199,3
S2053,门店-0053,华东,成都,便利店,2025-05,200.58,268.3,468.88,0.2057,3
S2053,门店-0053,华东,重庆,便利店,2025-06,222.8,255.77,478.57,0.2242,14
S2053,门店-0053,华东,杭州,便利店,2025-07,84.2,104.79,188.99,0.334,14
S2053,门店-0053,华东,上海,便利店,2025-08,288.25,302.3,590.55,0.2672,4
S2053,门店-0053,华东,广州,便利店,2025-09,118.77,148.29,267.06,0.2881,15
S2053,门店-0053,华东,杭州,便利店,2025-10,343.06,312.3,655.36,0.2515,12
S2053,门店-0053,华东,西安,便利店,2025-11,326.68,295.0,621.68,0.2762,11
S2053,门店-0053,华东,杭州,便利店,2025-12,78.94,81.74,160.68,0.3288,3
S2054,门店-0054,华南,成都,便利店,2026-01,353.99,488.16,842.14,0.2953,15
S2054,门店-0054,华南,上海,便利店,2026-02,253.17,219.06,472.23,0.2421,15
S2054,门店-0054,华南,上海,便利店,2026-03,204.3,219.34,423.64,0.212,3
S2054,门店-0054,华南,广州,便利店,2026-04,293.49,403.41,696.9,0.2068,4
S2054,门店-0054,华南,上海,便利店,2025-05,257.82,363.74,621.56,0.2981,7
S2054,门店-0054,华南,重庆,便利店,2025-06,296.93,329.66,626.59,0.2723,3
S2054,门店-0054,华南,深圳,便利店,2025-07,138.1,216.27,354.37,0.3169,13
S2054,门店-0054,华南,西安,便利店,2025-08,336.78,366.37,703.15,0.3274,4
S2054,门店-0054,华南,广州,便利店,2025-09,264.24,230.16,494.4,0.3188,8
S2054,门店-0054,华南,武汉,便利店,2025-10,300.47,401.75,702.22,0.1929,12
S2054,门店-0054,华南,广州,便利店,2025-11,63.18,89.39,152.57,0.2828,8
S2054,门店-0054,华南,广州,便利店,2025-12,161.73,205.73,367.46,0.2315,12
S2055,门店-0055,东北,上海,旗舰店,2026-01,248.76,267.19,515.94,0.201,4
S2055,门店-0055,东北,深圳,旗舰店,2026-02,246.65,380.31,626.96,0.3094,11
S2055,门店-0055,东北,武汉,旗舰店,2026-03,78.64,84.39,163.04,0.2404,12
S2055,门店-0055,东北,西安,旗舰店,2026-04,158.91,248.53,407.44,0.2146,15
S2055,门店-0055,东北,深圳,旗舰店,2025-05,137.22,138.47,275.69,0.2443,10
S2055,门店-0055,东北,上海,旗舰店,2025-06,241.9,211.1,453.0,0.2544,4
S2055,门店-0055,东北,西安,旗舰店,2025-07,251.27,380.07,631.34,0.2482,4
S2055,门店-0055,东北,西安,旗舰店,2025-08,218.86,196.64,415.5,0.2494,12
S2055,门店-0055,东北,上海,旗舰店,2025-09,188.69,290.7,479.38,0.2812,3
S2055,门店-0055,东北,深圳,旗舰店,2025-10,81.42,110.81,192.23,0.2762,15
S2055,门店-0055,东北,重庆,旗舰店,2025-11,103.92,138.6,242.52,0.2972,4
S2055,门店-0055,东北,杭州,旗舰店,2025-12,129.1,180.69,309.79,0.2536,6
S2056,门店-0056,华北,北京,旗舰店,2026-01,127.0,122.33,249.33,0.2462,7
S2056,门店-0056,华北,上海,旗舰店,2026-02,149.8,121.44,271.24,0.1855,3
S2056,门店-0056,华北,杭州,旗舰店,2026-03,217.01,258.78,475.8,0.2952,4
S2056,门店-0056,华北,深圳,旗舰店,2026-04,160.69,144.25,304.94,0.2751,3
S2056,门店-0056,华北,成都,旗舰店,2025-05,54.91,82.47,137.38,0.2343,3
S2056,门店-0056,华北,北京,旗舰店,2025-06,209.48,259.08,468.56,0.2648,11
S2056,门店-0056,华北,北京,旗舰店,2025-07,133.55,196.23,329.78,0.2938,4
S2056,门店-0056,华北,深圳,旗舰店,2025-08,140.61,124.5,265.11,0.2919,13
S2056,门店-0056,华北,深圳,旗舰店,2025-09,85.71,120.08,205.79,0.3182,3
S2056,门店-0056,华北,西安,旗舰店,2025-10,133.87,109.63,243.5,0.2387,3
S2056,门店-0056,华北,上海,旗舰店,2025-11,257.63,348.73,606.36,0.2741,15
S2056,门店-0056,华北,北京,旗舰店,2025-12,117.93,145.45,263.39,0.2827,11
S2057,门店-0057,华北,北京,旗舰店,2026-01,65.98,81.81,147.79,0.2984,15
S2057,门店-0057,华北,重庆,旗舰店,2026-02,179.72,205.12,384.85,0.2439,9
S2057,门店-0057,华北,深圳,旗舰店,2026-03,77.06,116.16,193.22,0.2498,8
S2057,门店-0057,华北,武汉,旗舰店,2026-04,110.25,138.55,248.8,0.1808,10
S2057,门店-0057,华北,武汉,旗舰店,2025-05,189.15,302.19,491.34,0.313,13
S2057,门店-0057,华北,北京,旗舰店,2025-06,79.04,110.94,189.98,0.2284,7
S2057,门店-0057,华北,重庆,旗舰店,2025-07,255.08,354.72,609.81,0.2727,5
S2057,门店-0057,华北,杭州,旗舰店,2025-08,260.66,303.83,564.49,0.1904,13
S2057,门店-0057,华北,广州,旗舰店,2025-09,153.88,138.45,292.33,0.1956,15
S2057,门店-0057,华北,西安,旗舰店,2025-10,85.33,121.18,206.5,0.2406,4
S2057,门店-0057,华北,杭州,旗舰店,2025-11,175.72,277.71,453.43,0.1878,15
S2057,门店-0057,华北,武汉,旗舰店,2025-12,59.87,55.73,115.6,0.3047,11
S2058,门店-0058,西南,上海,无人店,2026-01,84.06,73.81,157.87,0.2551,7
S2058,门店-0058,西南,北京,无人店,2026-02,49.5,56.49,105.99,0.3162,7
S2058,门店-0058,西南,成都,无人店,2026-03,249.86,217.73,467.59,0.2908,4
S2058,门店-0058,西南,西安,无人店,2026-04,207.68,287.1,494.78,0.2027,4
S2058,门店-0058,西南,上海,无人店,2025-05,238.64,366.13,604.77,0.2199,8
S2058,门店-0058,西南,杭州,无人店,2025-06,224.93,326.22,551.15,0.3199,6
S2058,门店-0058,西南,西安,无人店,2025-07,163.9,210.47,374.37,0.2011,10
S2058,门店-0058,西南,深圳,无人店,2025-08,178.85,207.19,386.04,0.2959,14
S2058,门店-0058,西南,重庆,无人店,2025-09,69.92,86.41,156.33,0.3054,15
S2058,门店-0058,西南,重庆,无人店,2025-10,268.78,348.56,617.34,0.314,8
S2058,门店-0058,西南,重庆,无人店,2025-11,112.69,97.34,210.03,0.2692,14
S2058,门店-0058,西南,深圳,无人店,2025-12,170.63,230.83,401.46,0.1945,6
S2059,门店-0059,东北,西安,旗舰店,2026-01,215.78,333.76,549.54,0.2758,15
S2059,门店-0059,东北,重庆,旗舰店,2026-02,47.07,40.24,87.31,0.2649,7
S2059,门店-0059,东北,北京,旗舰店,2026-03,157.12,197.87,354.99,0.1963,14
S2059,门店-0059,东北,上海,旗舰店,2026-04,224.25,330.39,554.63,0.2352,12
S2059,门店-0059,东北,南京,旗舰店,2025-05,175.69,280.12,455.81,0.185,4
S2059,门店-0059,东北,北京,旗舰店,2025-06,220.84,324.23,545.07,0.2092,11
S2059,门店-0059,东北,重庆,旗舰店,2025-07,99.43,146.63,246.05,0.2541,7
S2059,门店-0059,东北,广州,旗舰店,2025-08,198.48,243.79,442.28,0.2402,8
S2059,门店-0059,东北,武汉,旗舰店,2025-09,241.07,261.36,502.43,0.209,15
S2059,门店-0059,东北,成都,旗舰店,2025-10,73.85,108.19,182.04,0.2589,12
S2059,门店-0059,东北,西安,旗舰店,2025-11,66.55,98.12,164.67,0.2296,5
S2059,门店-0059,东北,武汉,旗舰店,2025-12,54.92,83.36,138.28,0.2218,9
S2060,门店-0060,华北,上海,旗舰店,2026-01,53.08,81.81,134.89,0.1955,6
S2060,门店-0060,华北,武汉,旗舰店,2026-02,62.84,53.23,116.07,0.282,13
S2060,门店-0060,华北,杭州,旗舰店,2026-03,216.55,197.88,414.44,0.208,8
S2060,门店-0060,华北,武汉,旗舰店,2026-04,198.59,253.81,452.41,0.2806,14
S2060,门店-0060,华北,广州,旗舰店,2025-05,135.84,195.61,331.45,0.2769,15
S2060,门店-0060,华北,成都,旗舰店,2025-06,137.53,191.28,328.81,0.2386,12
S2060,门店-0060,华北,武汉,旗舰店,2025-07,217.93,305.87,523.8,0.2514,8
S2060,门店-0060,华北,上海,旗舰店,2025-08,199.99,308.81,508.8,0.2392,9
S2060,门店-0060,华北,西安,旗舰店,2025-09,58.37,48.76,107.13,0.3097,10
S2060,门店-0060,华北,上海,旗舰店,2025-10,181.56,169.54,351.1,0.2704,8
S2060,门店-0060,华北,深圳,旗舰店,2025-11,219.28,242.77,462.05,0.2828,10
S2060,门店-0060,华北,西安,旗舰店,2025-12,81.54,91.49,173.03,0.3056,9
S2061,门店-0061,华南,成都,便利店,2026-01,294.07,413.07,707.14,0.3177,10
S2061,门店-0061,华南,杭州,便利店,2026-02,167.18,141.4,308.58,0.2036,9
S2061,门店-0061,华南,武汉,便利店,2026-03,227.25,324.22,551.47,0.2888,13
S2061,门店-0061,华南,深圳,便利店,2026-04,242.43,256.22,498.65,0.2145,9
S2061,门店-0061,华南,南京,便利店,2025-05,175.01,195.94,370.95,0.2912,9
S2061,门店-0061,华南,深圳,便利店,2025-06,240.66,294.84,535.5,0.2753,13
S2061,门店-0061,华南,南京,便利店,2025-07,201.46,236.76,438.22,0.2616,8
S2061,门店-0061,华南,杭州,便利店,2025-08,206.56,244.37,450.92,0.3175,9
S2061,门店-0061,华南,北京,便利店,2025-09,61.29,83.0,144.29,0.2714,7
S2061,门店-0061,华南,成都,便利店,2025-10,242.68,384.51,627.19,0.2791,4
S2061,门店-0061,华南,广州,便利店,2025-11,150.72,146.43,297.15,0.3357,8
S2061,门店-0061,华南,武汉,便利店,2025-12,65.51,63.51,129.03,0.3339,4
S2062,门店-0062,华东,广州,无人店,2026-01,134.05,167.57,301.62,0.1939,14
S2062,门店-0062,华东,武汉,无人店,2026-02,212.85,243.76,456.61,0.1906,5
S2062,门店-0062,华东,西安,无人店,2026-03,338.49,270.91,609.4,0.2334,10
S2062,门店-0062,华东,重庆,无人店,2026-04,103.11,158.56,261.68,0.2232,12
S2062,门店-0062,华东,北京,无人店,2025-05,177.96,258.22,436.18,0.2854,12
S2062,门店-0062,华东,上海,无人店,2025-06,341.67,419.37,761.04,0.2854,9
S2062,门店-0062,华东,广州,无人店,2025-07,335.37,371.46,706.83,0.3107,13
S2062,门店-0062,华东,武汉,无人店,2025-08,350.76,490.88,841.64,0.2381,4
S2062,门店-0062,华东,武汉,无人店,2025-09,230.77,237.15,467.91,0.275,4
S2062,门店-0062,华东,南京,无人店,2025-10,137.21,210.36,347.57,0.2852,5
S2062,门店-0062,华东,广州,无人店,2025-11,293.59,385.06,678.65,0.219,6
S2062,门店-0062,华东,重庆,无人店,2025-12,78.48,73.9,152.38,0.2237,9
S2063,门店-0063,东北,广州,旗舰店,2026-01,148.43,121.25,269.69,0.2615,11
S2063,门店-0063,东北,成都,旗舰店,2026-02,147.95,189.72,337.67,0.2113,6
S2063,门店-0063,东北,深圳,旗舰店,2026-03,200.89,174.56,375.46,0.273,10
S2063,门店-0063,东北,深圳,旗舰店,2026-04,256.78,316.05,572.83,0.2149,10
S2063,门店-0063,东北,武汉,旗舰店,2025-05,230.29,308.96,539.25,0.2789,14
S2063,门店-0063,东北,广州,旗舰店,2025-06,167.82,188.54,356.35,0.2254,7
S2063,门店-0063,东北,重庆,旗舰店,2025-07,189.55,159.67,349.21,0.2017,5
S2063,门店-0063,东北,南京,旗舰店,2025-08,254.77,218.97,473.74,0.2752,9
S2063,门店-0063,东北,上海,旗舰店,2025-09,214.92,239.34,454.27,0.1943,8
S2063,门店-0063,东北,南京,旗舰店,2025-10,123.72,113.44,237.15,0.2186,8
S2063,门店-0063,东北,上海,旗舰店,2025-11,194.5,256.25,450.75,0.2662,13
S2063,门店-0063,东北,南京,旗舰店,2025-12,52.43,68.14,120.57,0.3069,14
S2064,门店-0064,西南,北京,便利店,2026-01,179.73,196.76,376.49,0.2653,8
S2064,门店-0064,西南,重庆,便利店,2026-02,261.16,280.77,541.93,0.205,8
S2064,门店-0064,西南,武汉,便利店,2026-03,65.96,60.84,126.8,0.2881,7
S2064,门店-0064,西南,上海,便利店,2026-04,174.81,251.89,426.7,0.2578,3
S2064,门店-0064,西南,广州,便利店,2025-05,71.97,106.13,178.1,0.1982,14
S2064,门店-0064,西南,成都,便利店,2025-06,94.16,147.86,242.03,0.2304,12
S2064,门店-0064,西南,深圳,便利店,2025-07,63.33,53.44,116.77,0.2801,11
S2064,门店-0064,西南,杭州,便利店,2025-08,216.84,344.01,560.86,0.3062,13
S2064,门店-0064,西南,成都,便利店,2025-09,139.61,170.76,310.37,0.2208,4
S2064,门店-0064,西南,广州,便利店,2025-10,223.44,254.5,477.95,0.3106,12
S2064,门店-0064,西南,武汉,便利店,2025-11,151.77,212.68,364.45,0.2421,6
S2064,门店-0064,西南,杭州,便利店,2025-12,150.43,139.36,289.79,0.292,15
S2065,门店-0065,华北,成都,便利店,2026-01,224.68,195.9,420.58,0.1863,4
S2065,门店-0065,华北,深圳,便利店,2026-02,112.24,171.37,283.6,0.2247,6
S2065,门店-0065,华北,西安,便利店,2026-03,205.68,328.48,534.16,0.2205,11
S2065,门店-0065,华北,上海,便利店,2026-04,236.57,310.79,547.36,0.1922,6
S2065,门店-0065,华北,武汉,便利店,2025-05,242.85,197.61,440.45,0.2436,14
S2065,门店-0065,华北,成都,便利店,2025-06,208.03,287.42,495.45,0.26,14
S2065,门店-0065,华北,广州,便利店,2025-07,90.38,120.51,210.89,0.2355,8
S2065,门店-0065,华北,重庆,便利店,2025-08,181.55,275.55,457.09,0.2175,4
S2065,门店-0065,华北,重庆,便利店,2025-09,207.55,228.3,435.85,0.3029,6
S2065,门店-0065,华北,南京,便利店,2025-10,60.77,49.73,110.5,0.1992,13
S2065,门店-0065,华北,成都,便利店,2025-11,87.18,126.71,213.9,0.2199,4
S2065,门店-0065,华北,南京,便利店,2025-12,235.8,286.87,522.67,0.1893,7
S2066,门店-0066,华北,杭州,无人店,2026-01,78.33,115.84,194.16,0.3144,10
S2066,门店-0066,华北,西安,无人店,2026-02,142.27,186.95,329.22,0.2624,14
S2066,门店-0066,华北,杭州,无人店,2026-03,127.23,105.07,232.3,0.1991,15
S2066,门店-0066,华北,深圳,无人店,2026-04,90.32,80.3,170.62,0.2805,6
S2066,门店-0066,华北,成都,无人店,2025-05,105.25,153.37,258.62,0.1845,7
S2066,门店-0066,华北,深圳,无人店,2025-06,153.1,217.96,371.06,0.2595,10
S2066,门店-0066,华北,南京,无人店,2025-07,67.19,85.56,152.76,0.3012,4
S2066,门店-0066,华北,成都,无人店,2025-08,133.01,169.8,302.81,0.2091,12
S2066,门店-0066,华北,杭州,无人店,2025-09,210.8,264.44,475.24,0.2603,5
S2066,门店-0066,华北,武汉,无人店,2025-10,182.82,195.47,378.29,0.2815,6
S2066,门店-0066,华北,上海,无人店,2025-11,105.87,96.2,202.07,0.287,10
S2066,门店-0066,华北,上海,无人店,2025-12,197.02,224.43,421.45,0.2832,10
S2067,门店-0067,华东,西安,标准店,2026-01,241.88,259.96,501.85,0.3243,3
S2067,门店-0067,华东,成都,标准店,2026-02,303.4,467.5,770.9,0.202,8
S2067,门店-0067,华东,西安,标准店,2026-03,220.42,194.14,414.56,0.1949,5
S2067,门店-0067,华东,杭州,标准店,2026-04,256.09,225.29,481.38,0.3074,11
S2067,门店-0067,华东,深圳,标准店,2025-05,172.08,260.48,432.56,0.3026,12
S2067,门店-0067,华东,广州,标准店,2025-06,180.05,188.97,369.02,0.2364,14
S2067,门店-0067,华东,成都,标准店,2025-07,220.68,178.48,399.16,0.3084,13
S2067,门店-0067,华东,深圳,标准店,2025-08,205.4,281.91,487.31,0.2301,15
S2067,门店-0067,华东,重庆,标准店,2025-09,122.99,118.19,241.18,0.2544,5
S2067,门店-0067,华东,深圳,标准店,2025-10,324.83,398.34,723.17,0.3151,4
S2067,门店-0067,华东,重庆,标准店,2025-11,318.93,257.78,576.71,0.259,4
S2067,门店-0067,华东,成都,标准店,2025-12,274.69,414.84,689.53,0.2312,12
S2068,门店-0068,华北,武汉,无人店,2026-01,134.25,112.8,247.05,0.284,8
S2068,门店-0068,华北,广州,无人店,2026-02,100.76,116.17,216.93,0.2283,8
S2068,门店-0068,华北,武汉,无人店,2026-03,175.92,276.59,452.51,0.2662,6
S2068,门店-0068,华北,重庆,无人店,2026-04,157.12,133.62,290.74,0.1986,5
S2068,门店-0068,华北,深圳,无人店,2025-05,191.13,230.2,421.33,0.2571,10
S2068,门店-0068,华北,广州,无人店,2025-06,169.74,231.69,401.43,0.3035,8
S2068,门店-0068,华北,重庆,无人店,2025-07,92.85,147.77,240.62,0.1954,9
S2068,门店-0068,华北,广州,无人店,2025-08,52.34,50.85,103.19,0.2957,11
S2068,门店-0068,华北,广州,无人店,2025-09,88.52,136.25,224.76,0.2962,10
S2068,门店-0068,华北,成都,无人店,2025-10,269.02,415.8,684.83,0.2497,8
S2068,门店-0068,华北,广州,无人店,2025-11,197.36,160.78,358.13,0.2742,7
S2068,门店-0068,华北,广州,无人店,2025-12,235.82,257.12,492.94,0.2044,10
S2069,门店-0069,西南,武汉,标准店,2026-01,154.05,195.87,349.92,0.1872,8
S2069,门店-0069,西南,西安,标准店,2026-02,141.52,178.01,319.52,0.1828,12
S2069,门店-0069,西南,武汉,标准店,2026-03,155.55,203.62,359.17,0.202,9
S2069,门店-0069,西南,深圳,标准店,2026-04,80.04,90.64,170.68,0.181,9
S2069,门店-0069,西南,西安,标准店,2025-05,108.78,164.88,273.66,0.2069,4
S2069,门店-0069,西南,北京,标准店,2025-06,156.75,230.18,386.93,0.2292,9
S2069,门店-0069,西南,南京,标准店,2025-07,73.33,66.36,139.69,0.2008,5
S2069,门店-0069,西南,成都,标准店,2025-08,268.01,386.52,654.53,0.2302,6
S2069,门店-0069,西南,深圳,标准店,2025-09,250.66,262.41,513.07,0.2292,12
S2069,门店-0069,西南,南京,标准店,2025-10,136.29,181.86,318.16,0.2282,9
S2069,门店-0069,西南,南京,标准店,2025-11,122.26,110.55,232.8,0.2158,9
S2069,门店-0069,西南,南京,标准店,2025-12,268.34,296.18,564.52,0.1925,9
S2070,门店-0070,华南,重庆,旗舰店,2026-01,250.43,218.22,468.65,0.2059,15
S2070,门店-0070,华南,北京,旗舰店,2026-02,295.08,304.6,599.68,0.1949,14
S2070,门店-0070,华南,上海,旗舰店,2026-03,315.73,486.59,802.32,0.2774,12
S2070,门店-0070,华南,武汉,旗舰店,2026-04,304.71,343.23,647.93,0.2958,10
S2070,门店-0070,华南,成都,旗舰店,2025-05,201.43,181.64,383.07,0.2931,5
S2070,门店-0070,华南,南京,旗舰店,2025-06,213.67,308.7,522.37,0.3166,8
S2070,门店-0070,华南,成都,旗舰店,2025-07,79.53,111.3,190.83,0.2645,11
S2070,门店-0070,华南,南京,旗舰店,2025-08,236.22,265.65,501.87,0.2469,4
S2070,门店-0070,华南,武汉,旗舰店,2025-09,288.21,441.75,729.96,0.2563,13
S2070,门店-0070,华南,成都,旗舰店,2025-10,110.24,95.97,206.21,0.2022,6
S2070,门店-0070,华南,杭州,旗舰店,2025-11,341.01,414.73,755.74,0.265,12
S2070,门店-0070,华南,北京,旗舰店,2025-12,144.04,169.81,313.85,0.2756,7
S2071,门店-0071,西南,南京,无人店,2026-01,260.46,213.6,474.06,0.2045,3
S2071,门店-0071,西南,南京,无人店,2026-02,231.32,330.55,561.88,0.1841,14
S2071,门店-0071,西南,深圳,无人店,2026-03,214.61,213.02,427.63,0.2387,9
S2071,门店-0071,西南,上海,无人店,2026-04,193.42,302.72,496.14,0.2021,14
S2071,门店-0071,西南,南京,无人店,2025-05,66.33,64.21,130.54,0.1926,7
S2071,门店-0071,西南,上海,无人店,2025-06,135.97,113.48,249.46,0.2133,5
S2071,门店-0071,西南,深圳,无人店,2025-07,208.61,284.11,492.73,0.2315,6
S2071,门店-0071,西南,武汉,无人店,2025-08,97.56,140.93,238.49,0.2462,9
S2071,门店-0071,西南,成都,无人店,2025-09,219.92,198.39,418.32,0.2399,14
S2071,门店-0071,西南,北京,无人店,2025-10,114.6,113.37,227.98,0.1912,15
S2071,门店-0071,西南,深圳,无人店,2025-11,87.73,87.72,175.45,0.1922,9
S2071,门店-0071,西南,西安,无人店,2025-12,89.74,120.18,209.92,0.1849,10
S2072,门店-0072,华中,上海,无人店,2026-01,158.5,191.97,350.46,0.1922,7
S2072,门店-0072,华中,成都,无人店,2026-02,229.72,209.96,439.68,0.1968,4
S2072,门店-0072,华中,西安,无人店,2026-03,97.19,90.77,187.96,0.2182,7
S2072,门店-0072,华中,北京,无人店,2026-04,215.28,261.0,476.29,0.2564,14
S2072,门店-0072,华中,成都,无人店,2025-05,267.25,225.47,492.72,0.3105,6
S2072,门店-0072,华中,重庆,无人店,2025-06,50.18,59.67,109.85,0.3114,15
S2072,门店-0072,华中,上海,无人店,2025-07,127.9,118.19,246.09,0.2621,13
S2072,门店-0072,华中,上海,无人店,2025-08,171.58,159.23,330.81,0.2687,13
S2072,门店-0072,华中,杭州,无人店,2025-09,77.25,92.88,170.14,0.1941,15
S2072,门店-0072,华中,深圳,无人店,2025-10,262.47,243.18,505.65,0.1834,6
S2072,门店-0072,华中,广州,无人店,2025-11,165.07,231.12,396.19,0.2937,4
S2072,门店-0072,华中,深圳,无人店,2025-12,81.15,121.8,202.96,0.2536,9
S2073,门店-0073,华南,重庆,无人店,2026-01,353.45,463.67,817.12,0.24,5
S2073,门店-0073,华南,北京,无人店,2026-02,75.27,116.33,191.61,0.3065,13
S2073,门店-0073,华南,成都,无人店,2026-03,105.68,129.46,235.15,0.2265,5
S2073,门店-0073,华南,重庆,无人店,2026-04,97.32,151.25,248.56,0.3316,6
S2073,门店-0073,华南,广州,无人店,2025-05,322.4,442.98,765.38,0.2307,11
S2073,门店-0073,华南,杭州,无人店,2025-06,185.18,163.09,348.27,0.2112,3
S2073,门店-0073,华南,南京,无人店,2025-07,285.55,362.97,648.52,0.2949,10
S2073,门店-0073,华南,成都,无人店,2025-08,159.72,177.64,337.36,0.2743,5
S2073,门店-0073,华南,深圳,无人店,2025-09,180.63,283.73,464.36,0.2256,3
S2073,门店-0073,华南,上海,无人店,2025-10,353.38,541.97,895.35,0.2593,7
S2073,门店-0073,华南,成都,无人店,2025-11,246.47,281.28,527.75,0.2548,15
S2073,门店-0073,华南,武汉,无人店,2025-12,177.19,183.7,360.89,0.227,9
S2074,门店-0074,东北,南京,标准店,2026-01,56.38,60.3,116.68,0.2727,6
S2074,门店-0074,东北,成都,标准店,2026-02,202.65,309.73,512.38,0.2022,15
S2074,门店-0074,东北,武汉,标准店,2026-03,265.3,295.83,561.14,0.2045,3
S2074,门店-0074,东北,北京,标准店,2026-04,249.84,266.91,516.76,0.2135,7
S2074,门店-0074,东北,北京,标准店,2025-05,62.64,71.27,133.91,0.2641,4
S2074,门店-0074,东北,南京,标准店,2025-06,259.87,310.88,570.75,0.2875,15
S2074,门店-0074,东北,杭州,标准店,2025-07,243.61,270.99,514.6,0.2594,6
S2074,门店-0074,东北,深圳,标准店,2025-08,215.43,327.52,542.95,0.2099,12
S2074,门店-0074,东北,南京,标准店,2025-09,206.23,323.6,529.83,0.2654,7
S2074,门店-0074,东北,上海,标准店,2025-10,162.23,138.9,301.14,0.2473,12
S2074,门店-0074,东北,上海,标准店,2025-11,91.85,135.74,227.59,0.2582,13
S2074,门店-0074,东北,重庆,标准店,2025-12,107.02,115.81,222.83,0.2037,7
S2075,门店-0075,华中,上海,标准店,2026-01,207.31,314.06,521.37,0.2787,15
S2075,门店-0075,华中,上海,标准店,2026-02,153.94,165.34,319.28,0.2902,10
S2075,门店-0075,华中,北京,标准店,2026-03,181.97,271.25,453.22,0.2367,14
S2075,门店-0075,华中,深圳,标准店,2026-04,163.23,206.24,369.47,0.2426,14
S2075,门店-0075,华中,广州,标准店,2025-05,234.0,243.13,477.13,0.215,10
S2075,门店-0075,华中,成都,标准店,2025-06,62.01,89.5,151.51,0.1951,5
S2075,门店-0075,华中,南京,标准店,2025-07,193.83,255.5,449.33,0.1871,10
S2075,门店-0075,华中,重庆,标准店,2025-08,101.7,150.37,252.08,0.3102,11
S2075,门店-0075,华中,西安,标准店,2025-09,214.39,277.58,491.97,0.1968,5
S2075,门店-0075,华中,重庆,标准店,2025-10,186.96,174.69,361.66,0.1961,8
S2075,门店-0075,华中,广州,标准店,2025-11,245.14,269.95,515.09,0.2624,14
S2075,门店-0075,华中,杭州,标准店,2025-12,225.3,219.62,444.91,0.3012,9
S2076,门店-0076,华中,南京,旗舰店,2026-01,76.5,68.39,144.88,0.2194,10
S2076,门店-0076,华中,南京,旗舰店,2026-02,74.47,66.0,140.46,0.227,7
S2076,门店-0076,华中,北京,旗舰店,2026-03,95.15,145.42,240.57,0.2774,9
S2076,门店-0076,华中,杭州,旗舰店,2026-04,101.11,138.62,239.73,0.1844,5
S2076,门店-0076,华中,上海,旗舰店,2025-05,166.59,232.02,398.61,0.3148,13
S2076,门店-0076,华中,南京,旗舰店,2025-06,194.14,260.95,455.09,0.3032,13
S2076,门店-0076,华中,武汉,旗舰店,2025-07,267.18,292.15,559.32,0.2147,8
S2076,门店-0076,华中,杭州,旗舰店,2025-08,233.14,295.17,528.31,0.2525,11
S2076,门店-0076,华中,武汉,旗舰店,2025-09,141.8,113.53,255.33,0.2429,3
S2076,门店-0076,华中,西安,旗舰店,2025-10,64.02,71.08,135.1,0.1817,9
S2076,门店-0076,华中,深圳,旗舰店,2025-11,239.41,208.67,448.08,0.224,12
S2076,门店-0076,华中,南京,旗舰店,2025-12,126.35,174.58,300.94,0.2328,3
S2077,门店-0077,华东,广州,无人店,2026-01,318.49,279.42,597.91,0.1938,14
S2077,门店-0077,华东,武汉,无人店,2026-02,265.69,410.06,675.75,0.3308,10
S2077,门店-0077,华东,广州,无人店,2026-03,179.84,229.64,409.48,0.2094,8
S2077,门店-0077,华东,南京,无人店,2026-04,133.91,193.64,327.56,0.2393,5
S2077,门店-0077,华东,南京,无人店,2025-05,63.94,55.91,119.85,0.2702,9
S2077,门店-0077,华东,成都,无人店,2025-06,158.27,157.64,315.91,0.2732,15
S2077,门店-0077,华东,杭州,无人店,2025-07,64.78,67.07,131.85,0.3086,12
S2077,门店-0077,华东,成都,无人店,2025-08,264.65,341.79,606.44,0.2339,12
S2077,门店-0077,华东,南京,无人店,2025-09,96.26,142.83,239.08,0.1997,7
S2077,门店-0077,华东,深圳,无人店,2025-10,125.33,179.97,305.3,0.2199,6
S2077,门店-0077,华东,武汉,无人店,2025-11,166.98,213.99,380.96,0.2749,4
S2077,门店-0077,华东,西安,无人店,2025-12,213.94,209.36,423.3,0.2104,3
S2078,门店-0078,西南,广州,标准店,2026-01,140.22,113.53,253.75,0.2974,4
S2078,门店-0078,西南,上海,标准店,2026-02,74.38,76.36,150.74,0.3179,4
S2078,门店-0078,西南,西安,标准店,2026-03,51.11,67.67,118.79,0.2627,5
S2078,门店-0078,西南,成都,标准店,2026-04,266.66,275.37,542.03,0.2631,4
S2078,门店-0078,西南,杭州,标准店,2025-05,184.2,230.71,414.92,0.2586,15
S2078,门店-0078,西南,重庆,标准店,2025-06,233.58,294.2,527.79,0.207,3
S2078,门店-0078,西南,成都,标准店,2025-07,215.55,234.42,449.97,0.2577,12
S2078,门店-0078,西南,成都,标准店,2025-08,170.05,179.42,349.47,0.2733,11
S2078,门店-0078,西南,上海,标准店,2025-09,112.46,150.39,262.85,0.2852,13
S2078,门店-0078,西南,广州,标准店,2025-10,125.71,174.32,300.03,0.3134,9
S2078,门店-0078,西南,成都,标准店,2025-11,204.02,219.97,423.98,0.3111,10
S2078,门店-0078,西南,重庆,标准店,2025-12,202.31,288.26,490.56,0.309,10
S2079,门店-0079,东北,北京,无人店,2026-01,65.47,73.12,138.59,0.3182,4
S2079,门店-0079,东北,成都,无人店,2026-02,99.82,155.71,255.53,0.2262,6
S2079,门店-0079,东北,广州,无人店,2026-03,78.89,79.13,158.02,0.3067,3
S2079,门店-0079,东北,上海,无人店,2026-04,185.01,198.66,383.67,0.3075,14
S2079,门店-0079,东北,成都,无人店,2025-05,194.27,224.49,418.75,0.2602,4
S2079,门店-0079,东北,重庆,无人店,2025-06,263.37,273.51,536.88,0.2872,3
S2079,门店-0079,东北,广州,无人店,2025-07,67.54,61.56,129.09,0.2213,8
S2079,门店-0079,东北,西安,无人店,2025-08,150.76,188.79,339.55,0.191,3
S2079,门店-0079,东北,上海,无人店,2025-09,239.55,207.18,446.73,0.2164,3
S2079,门店-0079,东北,杭州,无人店,2025-10,89.0,120.32,209.32,0.2419,8
S2079,门店-0079,东北,广州,无人店,2025-11,73.4,106.8,180.21,0.2135,13
S2079,门店-0079,东北,上海,无人店,2025-12,96.21,152.1,248.31,0.3032,11
S2080,门店-0080,华南,南京,旗舰店,2026-01,270.42,381.35,651.78,0.3239,6
S2080,门店-0080,华南,上海,旗舰店,2026-02,202.07,178.23,380.3,0.2857,9
S2080,门店-0080,华南,重庆,旗舰店,2026-03,280.32,408.37,688.69,0.1948,15
S2080,门店-0080,华南,广州,旗舰店,2026-04,250.65,250.96,501.61,0.3208,13
S2080,门店-0080,华南,上海,旗舰店,2025-05,329.99,466.4,796.38,0.2505,15
S2080,门店-0080,华南,上海,旗舰店,2025-06,307.12,301.8,608.92,0.2186,4
S2080,门店-0080,华南,北京,旗舰店,2025-07,155.78,156.28,312.07,0.2601,10
S2080,门店-0080,华南,重庆,旗舰店,2025-08,277.16,251.13,528.29,0.19,5
S2080,门店-0080,华南,武汉,旗舰店,2025-09,136.38,192.4,328.77,0.241,15
S2080,门店-0080,华南,上海,旗舰店,2025-10,344.0,491.8,835.8,0.2969,14
S2080,门店-0080,华南,北京,旗舰店,2025-11,337.8,322.43,660.23,0.2169,7
S2080,门店-0080,华南,上海,旗舰店,2025-12,293.46,373.18,666.64,0.2499,11
S2081,门店-0081,华北,深圳,标准店,2026-01,137.68,199.19,336.87,0.198,11
S2081,门店-0081,华北,上海,标准店,2026-02,154.7,227.66,382.36,0.2253,6
S2081,门店-0081,华北,北京,标准店,2026-03,137.35,147.93,285.28,0.2963,12
S2081,门店-0081,华北,成都,标准店,2026-04,254.85,288.0,542.85,0.2665,15
S2081,门店-0081,华北,杭州,标准店,2025-05,144.35,148.79,293.14,0.3007,4
S2081,门店-0081,华北,南京,标准店,2025-06,227.95,296.77,524.72,0.217,4
S2081,门店-0081,华北,广州,标准店,2025-07,136.43,156.39,292.83,0.3192,12
S2081,门店-0081,华北,北京,标准店,2025-08,150.65,193.16,343.81,0.2638,4
S2081,门店-0081,华北,广州,标准店,2025-09,235.03,370.65,605.68,0.2594,15
S2081,门店-0081,华北,深圳,标准店,2025-10,101.32,100.08,201.4,0.2532,14
S2081,门店-0081,华北,重庆,标准店,2025-11,82.41,82.38,164.78,0.2379,6
S2081,门店-0081,华北,广州,标准店,2025-12,158.38,241.81,400.19,0.193,6
S2082,门店-0082,西南,广州,便利店,2026-01,195.69,294.07,489.76,0.1946,4
S2082,门店-0082,西南,深圳,便利店,2026-02,135.85,134.24,270.09,0.2867,12
S2082,门店-0082,西南,成都,便利店,2026-03,88.54,80.29,168.83,0.3148,8
S2082,门店-0082,西南,杭州,便利店,2026-04,93.98,103.57,197.55,0.2752,6
S2082,门店-0082,西南,成都,便利店,2025-05,77.98,93.17,171.15,0.2074,11
S2082,门店-0082,西南,北京,便利店,2025-06,59.94,91.54,151.48,0.2945,11
S2082,门店-0082,西南,南京,便利店,2025-07,261.93,310.62,572.55,0.2202,5
S2082,门店-0082,西南,深圳,便利店,2025-08,218.39,247.23,465.62,0.2619,9
S2082,门店-0082,西南,杭州,便利店,2025-09,157.0,207.65,364.65,0.1837,11
S2082,门店-0082,西南,杭州,便利店,2025-10,147.92,227.21,375.14,0.1898,3
S2082,门店-0082,西南,杭州,便利店,2025-11,223.17,233.6,456.77,0.2699,5
S2082,门店-0082,西南,广州,便利店,2025-12,130.8,118.53,249.33,0.2031,15
S2083,门店-0083,华南,南京,无人店,2026-01,204.76,298.54,503.3,0.288,14
S2083,门店-0083,华南,广州,无人店,2026-02,269.1,391.99,661.09,0.3225,12
S2083,门店-0083,华南,成都,无人店,2026-03,127.52,182.41,309.93,0.2213,10
S2083,门店-0083,华南,上海,无人店,2026-04,148.94,172.38,321.33,0.3287,10
S2083,门店-0083,华南,广州,无人店,2025-05,245.59,323.11,568.7,0.2253,7
S2083,门店-0083,华南,重庆,无人店,2025-06,183.57,266.58,450.15,0.2925,15
S2083,门店-0083,华南,西安,无人店,2025-07,129.1,158.95,288.05,0.3065,15
S2083,门店-0083,华南,北京,无人店,2025-08,119.04,176.38,295.42,0.304,15
S2083,门店-0083,华南,北京,无人店,2025-09,125.11,115.08,240.19,0.3092,9
S2083,门店-0083,华南,广州,无人店,2025-10,191.09,258.55,449.64,0.2524,13
S2083,门店-0083,华南,北京,无人店,2025-11,295.66,370.38,666.04,0.2935,7
S2083,门店-0083,华南,武汉,无人店,2025-12,357.81,371.68,729.5,0.3322,8
S2084,门店-0084,西南,成都,便利店,2026-01,170.74,200.32,371.06,0.2818,5
S2084,门店-0084,西南,武汉,便利店,2026-02,250.9,349.07,599.97,0.2349,3
S2084,门店-0084,西南,上海,便利店,2026-03,202.76,168.13,370.88,0.2217,6
S2084,门店-0084,西南,成都,便利店,2026-04,146.09,154.3,300.38,0.2701,9
S2084,门店-0084,西南,成都,便利店,2025-05,113.71,128.38,242.09,0.285,5
S2084,门店-0084,西南,武汉,便利店,2025-06,50.39,59.13,109.52,0.2834,11
S2084,门店-0084,西南,深圳,便利店,2025-07,132.16,193.52,325.68,0.2815,15
S2084,门店-0084,西南,广州,便利店,2025-08,84.21,93.52,177.73,0.2436,13
S2084,门店-0084,西南,杭州,便利店,2025-09,267.61,274.89,542.5,0.3075,10
S2084,门店-0084,西南,南京,便利店,2025-10,216.62,180.41,397.03,0.2295,12
S2084,门店-0084,西南,南京,便利店,2025-11,156.53,232.91,389.43,0.2682,4
S2084,门店-0084,西南,广州,便利店,2025-12,170.04,199.79,369.83,0.2727,3
S2085,门店-0085,东北,南京,便利店,2026-01,127.02,140.64,267.66,0.2726,8
S2085,门店-0085,东北,深圳,便利店,2026-02,240.99,235.25,476.24,0.282,14
S2085,门店-0085,东北,南京,便利店,2026-03,167.2,244.5,411.7,0.2615,5
S2085,门店-0085,东北,杭州,便利店,2026-04,97.4,103.24,200.64,0.2848,3
S2085,门店-0085,东北,西安,便利店,2025-05,54.8,68.54,123.34,0.2319,6
S2085,门店-0085,东北,广州,便利店,2025-06,72.16,105.37,177.53,0.2179,11
S2085,门店-0085,东北,重庆,便利店,2025-07,91.07,142.43,233.5,0.2224,7
S2085,门店-0085,东北,武汉,便利店,2025-08,212.9,233.38,446.28,0.3058,14
S2085,门店-0085,东北,武汉,便利店,2025-09,155.36,225.69,381.05,0.266,5
S2085,门店-0085,东北,北京,便利店,2025-10,169.5,249.68,419.18,0.2785,14
S2085,门店-0085,东北,西安,便利店,2025-11,83.92,123.79,207.72,0.2873,13
S2085,门店-0085,东北,武汉,便利店,2025-12,54.32,66.65,120.97,0.298,8
S2086,门店-0086,西南,杭州,旗舰店,2026-01,121.9,146.79,268.69,0.2611,10
S2086,门店-0086,西南,上海,旗舰店,2026-02,180.95,170.36,351.31,0.1813,15
S2086,门店-0086,西南,南京,旗舰店,2026-03,164.55,188.04,352.59,0.3009,4
S2086,门店-0086,西南,西安,旗舰店,2026-04,142.35,135.69,278.04,0.2351,11
S2086,门店-0086,西南,重庆,旗舰店,2025-05,89.0,124.71,213.71,0.2828,10
S2086,门店-0086,西南,南京,旗舰店,2025-06,244.33,356.42,600.76,0.2401,3
S2086,门店-0086,西南,深圳,旗舰店,2025-07,64.33,92.47,156.8,0.2385,3
S2086,门店-0086,西南,南京,旗舰店,2025-08,140.71,173.17,313.88,0.2688,3
S2086,门店-0086,西南,成都,旗舰店,2025-09,246.8,203.75,450.55,0.2735,5
S2086,门店-0086,西南,重庆,旗舰店,2025-10,240.08,314.19,554.27,0.2155,6
S2086,门店-0086,西南,重庆,旗舰店,2025-11,231.4,325.17,556.57,0.2396,7
S2086,门店-0086,西南,北京,旗舰店,2025-12,258.77,321.06,579.83,0.2369,6
S2087,门店-0087,华东,杭州,便利店,2026-01,236.94,242.85,479.79,0.2762,9
S2087,门店-0087,华东,成都,便利店,2026-02,266.11,263.71,529.82,0.2359,15
S2087,门店-0087,华东,南京,便利店,2026-03,210.48,179.55,390.02,0.2838,10
S2087,门店-0087,华东,北京,便利店,2026-04,199.7,173.06,372.76,0.2899,10
S2087,门店-0087,华东,成都,便利店,2025-05,236.83,348.23,585.06,0.2401,6
S2087,门店-0087,华东,武汉,便利店,2025-06,171.71,253.11,424.82,0.2929,15
S2087,门店-0087,华东,西安,便利店,2025-07,252.09,397.98,650.07,0.2309,7
S2087,门店-0087,华东,杭州,便利店,2025-08,193.58,282.29,475.87,0.2618,3
S2087,门店-0087,华东,深圳,便利店,2025-09,116.02,165.14,281.16,0.2927,4
S2087,门店-0087,华东,南京,便利店,2025-10,297.16,278.57,575.73,0.2139,5
S2087,门店-0087,华东,武汉,便利店,2025-11,93.74,101.09,194.83,0.2383,7
S2087,门店-0087,华东,北京,便利店,2025-12,126.93,101.83,228.75,0.2136,7
S2088,门店-0088,东北,广州,无人店,2026-01,260.8,364.04,624.85,0.3138,3
S2088,门店-0088,东北,北京,无人店,2026-02,195.81,280.91,476.72,0.1926,3
S2088,门店-0088,东北,南京,无人店,2026-03,46.18,69.44,115.62,0.2218,8
S2088,门店-0088,东北,深圳,无人店,2026-04,167.36,241.09,408.46,0.1965,5
S2088,门店-0088,东北,重庆,无人店,2025-05,260.86,213.43,474.3,0.1957,15
S2088,门店-0088,东北,重庆,无人店,2025-06,133.58,133.1,266.68,0.1814,15
S2088,门店-0088,东北,南京,无人店,2025-07,229.05,287.44,516.49,0.2824,6
S2088,门店-0088,东北,深圳,无人店,2025-08,234.36,218.48,452.85,0.2701,11
S2088,门店-0088,东北,武汉,无人店,2025-09,240.26,240.78,481.04,0.2493,5
S2088,门店-0088,东北,成都,无人店,2025-10,97.17,144.25,241.43,0.1839,15
S2088,门店-0088,东北,重庆,无人店,2025-11,118.38,188.14,306.52,0.2849,9
S2088,门店-0088,东北,广州,无人店,2025-12,65.69,83.1,148.8,0.2067,13
S2089,门店-0089,华北,成都,无人店,2026-01,121.69,180.9,302.59,0.272,15
S2089,门店-0089,华北,成都,无人店,2026-02,77.86,88.52,166.38,0.2828,4
S2089,门店-0089,华北,成都,无人店,2026-03,142.46,206.63,349.09,0.2464,11
S2089,门店-0089,华北,上海,无人店,2026-04,101.22,120.94,222.16,0.2202,6
S2089,门店-0089,华北,深圳,无人店,2025-05,218.23,292.95,511.18,0.213,10
S2089,门店-0089,华北,西安,无人店,2025-06,239.39,258.21,497.6,0.253,5
S2089,门店-0089,华北,成都,无人店,2025-07,55.98,54.2,110.19,0.2306,12
S2089,门店-0089,华北,北京,无人店,2025-08,110.96,142.36,253.32,0.2901,7
S2089,门店-0089,华北,北京,无人店,2025-09,229.37,186.69,416.06,0.2964,10
S2089,门店-0089,华北,杭州,无人店,2025-10,129.71,114.36,244.07,0.2484,12
S2089,门店-0089,华北,深圳,无人店,2025-11,224.76,225.25,450.01,0.2755,7
S2089,门店-0089,华北,南京,无人店,2025-12,217.06,203.4,420.47,0.3155,10
S2090,门店-0090,西南,重庆,旗舰店,2026-01,143.04,116.19,259.23,0.2168,13
S2090,门店-0090,西南,重庆,旗舰店,2026-02,124.51,186.42,310.93,0.2586,4
S2090,门店-0090,西南,南京,旗舰店,2026-03,86.8,126.55,213.36,0.211,10
S2090,门店-0090,西南,深圳,旗舰店,2026-04,220.04,262.02,482.06,0.2571,8
S2090,门店-0090,西南,武汉,旗舰店,2025-05,51.05,66.27,117.32,0.2058,10
S2090,门店-0090,西南,广州,旗舰店,2025-06,139.72,132.88,272.61,0.2242,7
S2090,门店-0090,西南,杭州,旗舰店,2025-07,220.25,239.17,459.43,0.2224,15
S2090,门店-0090,西南,上海,旗舰店,2025-08,233.56,188.65,422.21,0.1904,12
S2090,门店-0090,西南,重庆,旗舰店,2025-09,66.62,101.65,168.27,0.1845,15
S2090,门店-0090,西南,成都,旗舰店,2025-10,183.68,229.46,413.14,0.2658,3
S2090,门店-0090,西南,北京,旗舰店,2025-11,94.09,125.98,220.07,0.192,15
S2090,门店-0090,西南,重庆,旗舰店,2025-12,187.71,272.73,460.44,0.2209,10
S2091,门店-0091,华北,武汉,标准店,2026-01,122.83,160.62,283.45,0.196,3
S2091,门店-0091,华北,深圳,标准店,2026-02,222.84,339.95,562.8,0.2091,15
S2091,门店-0091,华北,杭州,标准店,2026-03,51.73,41.8,93.53,0.2317,6
S2091,门店-0091,华北,北京,标准店,2026-04,249.25,292.52,541.77,0.2929,5
S2091,门店-0091,华北,北京,标准店,2025-05,110.08,95.76,205.84,0.3076,4
S2091,门店-0091,华北,重庆,标准店,2025-06,137.23,163.09,300.32,0.2193,12
S2091,门店-0091,华北,南京,标准店,2025-07,265.32,296.19,561.51,0.308,3
S2091,门店-0091,华北,重庆,标准店,2025-08,226.75,209.8,436.55,0.2861,10
S2091,门店-0091,华北,北京,标准店,2025-09,87.35,88.86,176.21,0.2675,3
S2091,门店-0091,华北,上海,标准店,2025-10,228.21,284.13,512.34,0.2565,3
S2091,门店-0091,华北,南京,标准店,2025-11,146.2,206.47,352.67,0.2495,14
S2091,门店-0091,华北,广州,标准店,2025-12,161.35,205.3,366.65,0.2646,8
S2092,门店-0092,华东,成都,无人店,2026-01,358.33,552.57,910.91,0.2271,15
S2092,门店-0092,华东,杭州,无人店,2026-02,315.25,335.79,651.04,0.2498,3
S2092,门店-0092,华东,北京,无人店,2026-03,241.66,195.5,437.16,0.2351,3
S2092,门店-0092,华东,武汉,无人店,2026-04,132.16,118.2,250.35,0.2742,13
S2092,门店-0092,华东,成都,无人店,2025-05,324.91,289.18,614.09,0.3118,12
S2092,门店-0092,华东,西安,无人店,2025-06,84.73,112.05,196.79,0.2369,10
S2092,门店-0092,华东,杭州,无人店,2025-07,60.13,83.47,143.59,0.3138,15
S2092,门店-0092,华东,北京,无人店,2025-08,337.73,394.73,732.45,0.3202,11
S2092,门店-0092,华东,西安,无人店,2025-09,244.85,288.69,533.55,0.2096,3
S2092,门店-0092,华东,广州,无人店,2025-10,279.37,403.2,682.56,0.2312,12
S2092,门店-0092,华东,重庆,无人店,2025-11,295.43,471.56,766.99,0.2525,4
S2092,门店-0092,华东,北京,无人店,2025-12,79.85,114.51,194.36,0.272,12
S2093,门店-0093,华北,广州,旗舰店,2026-01,166.19,247.74,413.93,0.2695,3
S2093,门店-0093,华北,西安,旗舰店,2026-02,220.44,318.4,538.84,0.3085,14
S2093,门店-0093,华北,深圳,旗舰店,2026-03,143.24,184.36,327.61,0.1863,12
S2093,门店-0093,华北,上海,旗舰店,2026-04,123.95,172.29,296.24,0.2019,8
S2093,门店-0093,华北,北京,旗舰店,2025-05,185.8,150.2,335.99,0.2398,15
S2093,门店-0093,华北,上海,旗舰店,2025-06,196.49,262.81,459.31,0.2122,5
S2093,门店-0093,华北,成都,旗舰店,2025-07,246.4,197.38,443.78,0.2543,6
S2093,门店-0093,华北,重庆,旗舰店,2025-08,81.87,128.38,210.25,0.1872,5
S2093,门店-0093,华北,成都,旗舰店,2025-09,191.08,261.8,452.87,0.1913,7
S2093,门店-0093,华北,杭州,旗舰店,2025-10,79.0,75.14,154.14,0.2734,10
S2093,门店-0093,华北,西安,旗舰店,2025-11,74.74,85.5,160.24,0.2539,9
S2093,门店-0093,华北,成都,旗舰店,2025-12,182.55,188.47,371.02,0.2407,5
S2094,门店-0094,华东,上海,标准店,2026-01,172.01,221.16,393.17,0.2203,4
S2094,门店-0094,华东,广州,标准店,2026-02,200.13,294.0,494.13,0.2648,9
S2094,门店-0094,华东,武汉,标准店,2026-03,340.49,405.11,745.61,0.1983,12
S2094,门店-0094,华东,成都,标准店,2026-04,98.89,105.67,204.56,0.3281,7
S2094,门店-0094,华东,广州,标准店,2025-05,130.09,127.68,257.77,0.2903,7
S2094,门店-0094,华东,南京,标准店,2025-06,213.51,312.47,525.98,0.2182,11
S2094,门店-0094,华东,重庆,标准店,2025-07,134.79,116.1,250.89,0.3195,13
S2094,门店-0094,华东,南京,标准店,2025-08,208.32,319.98,528.29,0.2523,6
S2094,门店-0094,华东,重庆,标准店,2025-09,76.61,66.24,142.85,0.2951,3
S2094,门店-0094,华东,重庆,标准店,2025-10,283.29,235.69,518.98,0.3215,10
S2094,门店-0094,华东,深圳,标准店,2025-11,185.02,243.87,428.89,0.2626,12
S2094,门店-0094,华东,广州,标准店,2025-12,187.28,258.59,445.87,0.2963,13
S2095,门店-0095,东北,成都,旗舰店,2026-01,46.03,45.33,91.36,0.3148,9
S2095,门店-0095,东北,上海,旗舰店,2026-02,67.65,63.64,131.29,0.1968,13
S2095,门店-0095,东北,武汉,旗舰店,2026-03,139.0,119.45,258.45,0.2335,13
S2095,门店-0095,东北,北京,旗舰店,2026-04,149.12,169.9,319.02,0.277,11
S2095,门店-0095,东北,北京,旗舰店,2025-05,94.02,111.18,205.19,0.2892,6
S2095,门店-0095,东北,西安,旗舰店,2025-06,208.03,201.61,409.64,0.2256,15
S2095,门店-0095,东北,广州,旗舰店,2025-07,185.54,204.55,390.09,0.2442,11
S2095,门店-0095,东北,南京,旗舰店,2025-08,198.89,212.22,411.11,0.2106,6
S2095,门店-0095,东北,重庆,旗舰店,2025-09,65.26,91.14,156.4,0.2512,14
S2095,门店-0095,东北,南京,旗舰店,2025-10,97.41,92.54,189.95,0.2281,15
S2095,门店-0095,东北,西安,旗舰店,2025-11,53.95,48.76,102.7,0.3134,7
S2095,门店-0095,东北,武汉,旗舰店,2025-12,56.79,79.04,135.82,0.1816,13
S2096,门店-0096,华南,上海,旗舰店,2026-01,262.83,417.95,680.79,0.2572,7
S2096,门店-0096,华南,西安,旗舰店,2026-02,196.28,191.78,388.06,0.3353,4
S2096,门店-0096,华南,杭州,旗舰店,2026-03,114.51,109.04,223.55,0.2955,9
S2096,门店-0096,华南,南京,旗舰店,2026-04,267.33,219.93,487.26,0.2887,7
S2096,门店-0096,华南,武汉,旗舰店,2025-05,241.67,266.6,508.27,0.3129,6
S2096,门店-0096,华南,杭州,旗舰店,2025-06,138.86,165.39,304.25,0.2444,15
S2096,门店-0096,华南,重庆,旗舰店,2025-07,230.23,190.25,420.47,0.2836,11
S2096,门店-0096,华南,南京,旗舰店,2025-08,112.63,130.64,243.27,0.1917,8
S2096,门店-0096,华南,南京,旗舰店,2025-09,129.37,136.83,266.2,0.235,4
S2096,门店-0096,华南,北京,旗舰店,2025-10,297.78,455.03,752.8,0.2013,14
S2096,门店-0096,华南,重庆,旗舰店,2025-11,111.18,157.62,268.8,0.3302,14
S2096,门店-0096,华南,杭州,旗舰店,2025-12,297.48,472.61,770.09,0.2401,10
S2097,门店-0097,华北,成都,标准店,2026-01,224.18,310.72,534.89,0.2084,14
S2097,门店-0097,华北,南京,标准店,2026-02,72.26,114.35,186.62,0.2944,6
S2097,门店-0097,华北,西安,标准店,2026-03,266.66,280.47,547.13,0.2061,5
S2097,门店-0097,华北,杭州,标准店,2026-04,256.3,352.95,609.26,0.2742,5
S2097,门店-0097,华北,深圳,标准店,2025-05,216.67,230.91,447.57,0.1864,10
S2097,门店-0097,华北,上海,标准店,2025-06,109.71,116.24,225.95,0.2393,10
S2097,门店-0097,华北,北京,标准店,2025-07,183.55,230.8,414.36,0.1908,9
S2097,门店-0097,华北,上海,标准店,2025-08,75.56,117.96,193.52,0.2898,5
S2097,门店-0097,华北,深圳,标准店,2025-09,203.66,194.47,398.13,0.3088,9
S2097,门店-0097,华北,武汉,标准店,2025-10,223.16,340.14,563.3,0.2305,15
S2097,门店-0097,华北,上海,标准店,2025-11,176.24,247.15,423.39,0.2379,3
S2097,门店-0097,华北,武汉,标准店,2025-12,208.84,279.18,488.02,0.1879,6
S2098,门店-0098,西南,武汉,标准店,2026-01,231.93,254.28,486.2,0.3033,13
S2098,门店-0098,西南,北京,标准店,2026-02,139.52,142.48,282.0,0.263,3
S2098,门店-0098,西南,北京,标准店,2026-03,246.89,247.76,494.65,0.1986,4
S2098,门店-0098,西南,重庆,标准店,2026-04,147.55,201.8,349.36,0.1902,7
S2098,门店-0098,西南,北京,标准店,2025-05,204.11,261.74,465.85,0.2171,7
S2098,门店-0098,西南,重庆,标准店,2025-06,132.43,139.42,271.85,0.2472,4
S2098,门店-0098,西南,深圳,标准店,2025-07,211.61,315.43,527.04,0.2,9
S2098,门店-0098,西南,成都,标准店,2025-08,62.55,55.5,118.05,0.2969,6
S2098,门店-0098,西南,深圳,标准店,2025-09,73.14,101.62,174.76,0.303,10
S2098,门店-0098,西南,西安,标准店,2025-10,208.5,317.85,526.35,0.2119,7
S2098,门店-0098,西南,成都,标准店,2025-11,220.1,229.1,449.2,0.2702,5
S2098,门店-0098,西南,深圳,标准店,2025-12,121.08,100.88,221.95,0.2761,12
S2099,门店-0099,华中,杭州,标准店,2026-01,108.08,98.31,206.39,0.2627,8
S2099,门店-0099,华中,成都,标准店,2026-02,183.02,256.97,439.99,0.3164,14
S2099,门店-0099,华中,上海,标准店,2026-03,54.08,85.51,139.59,0.216,7
S2099,门店-0099,华中,杭州,标准店,2026-04,102.79,116.69,219.49,0.2713,3
S2099,门店-0099,华中,北京,标准店,2025-05,191.17,178.96,370.13,0.2008,15
S2099,门店-0099,华中,北京,标准店,2025-06,210.07,168.65,378.72,0.1965,11
S2099,门店-0099,华中,西安,标准店,2025-07,152.72,195.53,348.25,0.2481,5
S2099,门店-0099,华中,西安,标准店,2025-08,73.8,76.58,150.37,0.2409,3
S2099,门店-0099,华中,杭州,标准店,2025-09,220.41,334.11,554.52,0.186,13
S2099,门店-0099,华中,成都,标准店,2025-10,86.91,113.19,200.1,0.2454,4
S2099,门店-0099,华中,上海,标准店,2025-11,232.34,353.06,585.4,0.308,4
S2099,门店-0099,华中,广州,标准店,2025-12,62.62,71.88,134.5,0.2968,11
S2100,门店-0100,东北,武汉,标准店,2026-01,163.03,182.18,345.21,0.3187,11
S2100,门店-0100,东北,杭州,标准店,2026-02,208.02,319.18,527.19,0.1934,6
S2100,门店-0100,东北,深圳,标准店,2026-03,77.21,104.26,181.47,0.2236,5
S2100,门店-0100,东北,杭州,标准店,2026-04,72.08,105.02,177.1,0.207,15
S2100,门店-0100,东北,西安,标准店,2025-05,166.33,256.68,423.02,0.2181,12
S2100,门店-0100,东北,成都,标准店,2025-06,112.5,96.16,208.66,0.2354,12
S2100,门店-0100,东北,杭州,标准店,2025-07,232.8,207.47,440.27,0.2659,13
S2100,门店-0100,东北,广州,标准店,2025-08,185.85,157.03,342.88,0.2204,14
S2100,门店-0100,东北,重庆,标准店,2025-09,98.54,154.67,253.2,0.2787,8
S2100,门店-0100,东北,上海,标准店,2025-10,220.42,259.73,480.15,0.2495,11
S2100,门店-0100,东北,深圳,标准店,2025-11,100.96,150.05,251.01,0.3118,14
S2100,门店-0100,东北,广州,标准店,2025-12,210.79,290.93,501.71,0.3191,8
S2101,门店-0101,华中,北京,无人店,2026-01,103.78,126.18,229.96,0.2203,10
S2101,门店-0101,华中,上海,无人店,2026-02,171.99,206.78,378.76,0.2627,15
S2101,门店-0101,华中,广州,无人店,2026-03,236.05,268.05,504.1,0.2356,10
S2101,门店-0101,华中,南京,无人店,2026-04,88.3,133.35,221.65,0.2962,14
S2101,门店-0101,华中,成都,无人店,2025-05,194.02,234.15,428.17,0.2621,9
S2101,门店-0101,华中,西安,无人店,2025-06,170.23,184.86,355.08,0.1846,3
S2101,门店-0101,华中,西安,无人店,2025-07,214.39,226.57,440.95,0.2534,14
S2101,门店-0101,华中,重庆,无人店,2025-08,179.31,273.32,452.63,0.2762,9
S2101,门店-0101,华中,南京,无人店,2025-09,60.94,59.32,120.26,0.3062,7
S2101,门店-0101,华中,杭州,无人店,2025-10,197.96,296.47,494.43,0.3148,7
S2101,门店-0101,华中,杭州,无人店,2025-11,146.56,183.19,329.75,0.1995,14
S2101,门店-0101,华中,广州,无人店,2025-12,131.93,164.69,296.62,0.2324,5
S2102,门店-0102,华南,南京,便利店,2026-01,334.48,270.08,604.56,0.1892,13
S2102,门店-0102,华南,北京,便利店,2026-02,132.29,173.85,306.15,0.2351,4
S2102,门店-0102,华南,武汉,便利店,2026-03,346.89,529.79,876.68,0.3164,12
S2102,门店-0102,华南,广州,便利店,2026-04,104.94,152.51,257.45,0.2359,12
S2102,门店-0102,华南,武汉,便利店,2025-05,241.71,293.43,535.13,0.3259,10
S2102,门店-0102,华南,深圳,便利店,2025-06,259.02,283.93,542.95,0.2966,4
S2102,门店-0102,华南,广州,便利店,2025-07,231.65,363.91,595.57,0.1907,5
S2102,门店-0102,华南,南京,便利店,2025-08,217.77,325.17,542.95,0.2205,4
S2102,门店-0102,华南,深圳,便利店,2025-09,341.4,479.37,820.77,0.263,3
S2102,门店-0102,华南,杭州,便利店,2025-10,121.85,145.3,267.15,0.1897,12
S2102,门店-0102,华南,成都,便利店,2025-11,225.66,217.59,443.25,0.3188,12
S2102,门店-0102,华南,广州,便利店,2025-12,184.85,250.43,435.28,0.318,8
S2103,门店-0103,东北,西安,旗舰店,2026-01,162.42,142.91,305.33,0.2193,15
S2103,门店-0103,东北,西安,旗舰店,2026-02,56.72,89.11,145.83,0.3174,9
S2103,门店-0103,东北,西安,旗舰店,2026-03,171.57,200.17,371.74,0.21,9
S2103,门店-0103,东北,成都,旗舰店,2026-04,91.2,102.01,193.21,0.2716,11
S2103,门店-0103,东北,深圳,旗舰店,2025-05,185.2,277.81,463.0,0.2489,6
S2103,门店-0103,东北,武汉,旗舰店,2025-06,253.05,290.18,543.23,0.2376,5
S2103,门店-0103,东北,广州,旗舰店,2025-07,204.21,221.41,425.63,0.3087,15
S2103,门店-0103,东北,武汉,旗舰店,2025-08,177.43,262.35,439.78,0.1942,11
S2103,门店-0103,东北,杭州,旗舰店,2025-09,123.22,140.54,263.76,0.2641,6
S2103,门店-0103,东北,广州,旗舰店,2025-10,81.8,100.9,182.7,0.2887,6
S2103,门店-0103,东北,西安,旗舰店,2025-11,148.43,173.11,321.54,0.2402,15
S2103,门店-0103,东北,西安,旗舰店,2025-12,46.15,67.33,113.49,0.2728,12
S2104,门店-0104,华中,重庆,无人店,2026-01,193.39,213.85,407.24,0.2289,9
S2104,门店-0104,华中,北京,无人店,2026-02,202.01,212.74,414.74,0.2155,8
S2104,门店-0104,华中,广州,无人店,2026-03,228.74,188.35,417.09,0.1887,13
S2104,门店-0104,华中,西安,无人店,2026-04,253.42,356.77,610.2,0.2416,9
S2104,门店-0104,华中,南京,无人店,2025-05,251.6,216.26,467.86,0.255,9
S2104,门店-0104,华中,杭州,无人店,2025-06,194.13,249.12,443.25,0.2024,6
S2104,门店-0104,华中,上海,无人店,2025-07,81.67,78.57,160.24,0.1911,4
S2104,门店-0104,华中,西安,无人店,2025-08,219.84,200.2,420.04,0.1975,9
S2104,门店-0104,华中,西安,无人店,2025-09,241.1,211.71,452.81,0.2808,13
S2104,门店-0104,华中,杭州,无人店,2025-10,221.98,329.43,551.41,0.2245,15
S2104,门店-0104,华中,杭州,无人店,2025-11,223.11,316.71,539.83,0.2743,3
S2104,门店-0104,华中,重庆,无人店,2025-12,135.75,204.64,340.4,0.2272,12
S2105,门店-0105,华北,上海,无人店,2026-01,132.71,179.95,312.66,0.2004,15
S2105,门店-0105,华北,杭州,无人店,2026-02,80.56,65.17,145.73,0.264,9
S2105,门店-0105,华北,深圳,无人店,2026-03,254.82,390.54,645.37,0.3064,4
S2105,门店-0105,华北,武汉,无人店,2026-04,86.5,103.04,189.54,0.3136,8
S2105,门店-0105,华北,广州,无人店,2025-05,235.43,208.58,444.01,0.308,13
S2105,门店-0105,华北,广州,无人店,2025-06,170.77,260.05,430.82,0.2313,11
S2105,门店-0105,华北,武汉,无人店,2025-07,179.64,147.96,327.6,0.3194,5
S2105,门店-0105,华北,北京,无人店,2025-08,68.1,70.27,138.37,0.3175,7
S2105,门店-0105,华北,重庆,无人店,2025-09,150.5,131.25,281.75,0.2239,15
S2105,门店-0105,华北,重庆,无人店,2025-10,83.02,84.19,167.21,0.271,10
S2105,门店-0105,华北,南京,无人店,2025-11,258.94,378.82,637.76,0.292,7
S2105,门店-0105,华北,广州,无人店,2025-12,45.36,37.46,82.82,0.3018,4
S2106,门店-0106,华北,南京,旗舰店,2026-01,93.19,88.5,181.69,0.232,7
S2106,门店-0106,华北,广州,旗舰店,2026-02,98.22,142.64,240.85,0.2333,3
S2106,门店-0106,华北,武汉,旗舰店,2026-03,176.81,258.92,435.73,0.2898,6
S2106,门店-0106,华北,重庆,旗舰店,2026-04,94.76,102.88,197.64,0.2372,4
S2106,门店-0106,华北,上海,旗舰店,2025-05,250.17,336.42,586.59,0.2088,12
S2106,门店-0106,华北,武汉,旗舰店,2025-06,82.96,127.54,210.51,0.1944,12
S2106,门店-0106,华北,深圳,旗舰店,2025-07,215.32,309.25,524.56,0.2792,13
S2106,门店-0106,华北,南京,旗舰店,2025-08,215.23,342.62,557.84,0.306,14
S2106,门店-0106,华北,武汉,旗舰店,2025-09,240.47,197.15,437.62,0.2028,6
S2106,门店-0106,华北,深圳,旗舰店,2025-10,228.81,192.36,421.17,0.2892,10
S2106,门店-0106,华北,成都,旗舰店,2025-11,264.34,355.07,619.41,0.2765,12
S2106,门店-0106,华北,重庆,旗舰店,2025-12,262.63,411.57,674.2,0.24,13
S2107,门店-0107,华中,南京,便利店,2026-01,168.77,153.68,322.45,0.2485,11
S2107,门店-0107,华中,重庆,便利店,2026-02,71.41,103.7,175.12,0.2168,9
S2107,门店-0107,华中,重庆,便利店,2026-03,114.59,137.82,252.41,0.3038,4
S2107,门店-0107,华中,西安,便利店,2026-04,244.62,221.84,466.46,0.2661,11
S2107,门店-0107,华中,南京,便利店,2025-05,263.47,297.02,560.49,0.1916,10
S2107,门店-0107,华中,武汉,便利店,2025-06,201.19,248.69,449.87,0.2378,12
S2107,门店-0107,华中,重庆,便利店,2025-07,88.03,128.16,216.19,0.3196,14
S2107,门店-0107,华中,北京,便利店,2025-08,131.33,194.43,325.77,0.2983,14
S2107,门店-0107,华中,深圳,便利店,2025-09,49.89,48.09,97.98,0.2655,4
S2107,门店-0107,华中,西安,便利店,2025-10,68.74,87.4,156.14,0.202,14
S2107,门店-0107,华中,上海,便利店,2025-11,134.88,196.27,331.14,0.2516,14
S2107,门店-0107,华中,深圳,便利店,2025-12,248.37,283.48,531.85,0.2634,3
S2108,门店-0108,东北,重庆,标准店,2026-01,122.49,174.92,297.4,0.2828,7
S2108,门店-0108,东北,广州,标准店,2026-02,85.39,83.72,169.11,0.2812,3
S2108,门店-0108,东北,北京,标准店,2026-03,133.43,132.29,265.72,0.2423,9
S2108,门店-0108,东北,杭州,标准店,2026-04,126.29,171.5,297.79,0.2401,6
S2108,门店-0108,东北,成都,标准店,2025-05,185.95,281.17,467.12,0.3183,9
S2108,门店-0108,东北,南京,标准店,2025-06,209.95,281.3,491.25,0.2971,6
S2108,门店-0108,东北,杭州,标准店,2025-07,74.13,78.3,152.43,0.3103,4
S2108,门店-0108,东北,北京,标准店,2025-08,229.28,274.69,503.97,0.275,12
S2108,门店-0108,东北,西安,标准店,2025-09,55.78,47.09,102.87,0.1973,10
S2108,门店-0108,东北,南京,标准店,2025-10,77.35,76.1,153.45,0.2977,9
S2108,门店-0108,东北,南京,标准店,2025-11,180.66,194.09,374.75,0.2553,11
S2108,门店-0108,东北,西安,标准店,2025-12,224.45,244.46,468.91,0.3042,9
S2109,门店-0109,华中,杭州,旗舰店,2026-01,66.67,98.85,165.52,0.2317,11
S2109,门店-0109,华中,重庆,旗舰店,2026-02,55.85,67.08,122.92,0.2502,15
S2109,门店-0109,华中,武汉,旗舰店,2026-03,196.26,240.43,436.69,0.1923,14
S2109,门店-0109,华中,上海,旗舰店,2026-04,223.49,354.3,577.79,0.1926,10
S2109,门店-0109,华中,西安,旗舰店,2025-05,118.56,95.67,214.23,0.1806,6
S2109,门店-0109,华中,广州,旗舰店,2025-06,258.21,237.59,495.81,0.2669,5
S2109,门店-0109,华中,上海,旗舰店,2025-07,98.21,154.91,253.13,0.2784,13
S2109,门店-0109,华中,上海,旗舰店,2025-08,50.09,69.26,119.36,0.3174,4
S2109,门店-0109,华中,深圳,旗舰店,2025-09,61.63,86.14,147.77,0.2724,12
S2109,门店-0109,华中,成都,旗舰店,2025-10,77.37,88.25,165.62,0.2072,13
S2109,门店-0109,华中,北京,旗舰店,2025-11,161.08,207.9,368.98,0.2591,8
S2109,门店-0109,华中,杭州,旗舰店,2025-12,107.22,156.63,263.84,0.2774,4
S2110,门店-0110,华中,杭州,标准店,2026-01,248.77,256.26,505.02,0.309,11
S2110,门店-0110,华中,南京,标准店,2026-02,83.54,128.16,211.7,0.3196,9
S2110,门店-0110,华中,上海,标准店,2026-03,264.79,305.13,569.92,0.2561,13
S2110,门店-0110,华中,杭州,标准店,2026-04,249.06,381.97,631.04,0.2052,11
S2110,门店-0110,华中,武汉,标准店,2025-05,201.97,272.73,474.7,0.2505,9
S2110,门店-0110,华中,南京,标准店,2025-06,147.68,144.83,292.51,0.2957,12
S2110,门店-0110,华中,重庆,标准店,2025-07,145.8,229.74,375.55,0.1865,3
S2110,门店-0110,华中,重庆,标准店,2025-08,228.37,256.19,484.56,0.2159,4
S2110,门店-0110,华中,成都,标准店,2025-09,86.92,133.52,220.44,0.2576,5
S2110,门店-0110,华中,北京,标准店,2025-10,209.2,331.99,541.19,0.2576,15
S2110,门店-0110,华中,上海,标准店,2025-11,82.95,71.49,154.44,0.22,12
S2110,门店-0110,华中,武汉,标准店,2025-12,220.91,297.23,518.14,0.3118,3
S2111,门店-0111,华南,广州,标准店,2026-01,260.69,354.33,615.03,0.2225,14
S2111,门店-0111,华南,广州,标准店,2026-02,102.8,100.99,203.79,0.2034,3
S2111,门店-0111,华南,深圳,标准店,2026-03,73.57,81.71,155.28,0.1982,3
S2111,门店-0111,华南,重庆,标准店,2026-04,127.09,107.91,235.0,0.2172,3
S2111,门店-0111,华南,西安,标准店,2025-05,286.37,252.36,538.73,0.2487,6
S2111,门店-0111,华南,南京,标准店,2025-06,283.72,254.92,538.64,0.2331,9
S2111,门店-0111,华南,上海,标准店,2025-07,93.1,96.91,190.01,0.3023,11
S2111,门店-0111,华南,西安,标准店,2025-08,273.38,387.05,660.43,0.2731,7
S2111,门店-0111,华南,杭州,标准店,2025-09,172.03,239.99,412.02,0.1932,11
S2111,门店-0111,华南,杭州,标准店,2025-10,198.2,306.92,505.12,0.3111,15
S2111,门店-0111,华南,成都,标准店,2025-11,346.77,368.66,715.43,0.2756,12
S2111,门店-0111,华南,北京,标准店,2025-12,247.77,292.48,540.26,0.2797,8
S2112,门店-0112,西南,北京,便利店,2026-01,49.52,40.96,90.48,0.3125,8
S2112,门店-0112,西南,广州,便利店,2026-02,203.47,255.39,458.86,0.2565,7
S2112,门店-0112,西南,重庆,便利店,2026-03,128.41,175.43,303.84,0.3076,6
S2112,门店-0112,西南,西安,便利店,2026-04,235.94,280.88,516.83,0.3132,11
S2112,门店-0112,西南,上海,便利店,2025-05,170.1,162.67,332.77,0.2106,15
S2112,门店-0112,西南,广州,便利店,2025-06,53.66,68.0,121.67,0.3167,6
S2112,门店-0112,西南,南京,便利店,2025-07,248.9,267.68,516.58,0.2143,9
S2112,门店-0112,西南,重庆,便利店,2025-08,51.5,59.18,110.68,0.2359,6
S2112,门店-0112,西南,广州,便利店,2025-09,50.26,79.05,129.31,0.195,4
S2112,门店-0112,西南,南京,便利店,2025-10,267.85,240.89,508.74,0.1905,3
S2112,门店-0112,西南,北京,便利店,2025-11,45.95,53.01,98.96,0.1839,15
S2112,门店-0112,西南,北京,便利店,2025-12,244.04,289.76,533.8,0.2619,5
S2113,门店-0113,华中,成都,便利店,2026-01,129.53,178.22,307.75,0.2556,11
S2113,门店-0113,华中,武汉,便利店,2026-02,91.27,133.71,224.97,0.2586,13
S2113,门店-0113,华中,武汉,便利店,2026-03,49.13,41.54,90.66,0.2861,5
S2113,门店-0113,华中,成都,便利店,2026-04,73.9,76.21,150.11,0.312,14
S2113,门店-0113,华中,重庆,便利店,2025-05,103.88,139.07,242.95,0.2051,9
S2113,门店-0113,华中,深圳,便利店,2025-06,107.83,117.67,225.49,0.2376,10
S2113,门店-0113,华中,广州,便利店,2025-07,82.18,102.31,184.49,0.1853,13
S2113,门店-0113,华中,广州,便利店,2025-08,63.53,84.06,147.59,0.3013,8
S2113,门店-0113,华中,重庆,便利店,2025-09,210.28,242.38,452.66,0.1833,3
S2113,门店-0113,华中,南京,便利店,2025-10,75.7,120.37,196.07,0.3096,13
S2113,门店-0113,华中,杭州,便利店,2025-11,244.98,198.81,443.78,0.2119,8
S2113,门店-0113,华中,武汉,便利店,2025-12,52.36,82.49,134.85,0.3111,5
S2114,门店-0114,华北,杭州,旗舰店,2026-01,159.03,137.64,296.66,0.2686,14
S2114,门店-0114,华北,北京,旗舰店,2026-02,157.39,240.39,397.78,0.2411,9
S2114,门店-0114,华北,杭州,旗舰店,2026-03,141.97,204.54,346.51,0.24,3
S2114,门店-0114,华北,西安,旗舰店,2026-04,151.39,172.79,324.18,0.2892,9
S2114,门店-0114,华北,成都,旗舰店,2025-05,123.58,194.87,318.45,0.2245,15
S2114,门店-0114,华北,广州,旗舰店,2025-06,47.95,50.81,98.76,0.1907,7
S2114,门店-0114,华北,深圳,旗舰店,2025-07,170.63,266.68,437.3,0.2528,15
S2114,门店-0114,华北,武汉,旗舰店,2025-08,183.28,258.94,442.21,0.3191,15
S2114,门店-0114,华北,成都,旗舰店,2025-09,254.95,303.01,557.97,0.2874,7
S2114,门店-0114,华北,西安,旗舰店,2025-10,127.42,195.51,322.93,0.2804,11
S2114,门店-0114,华北,武汉,旗舰店,2025-11,241.98,274.76,516.73,0.2566,11
S2114,门店-0114,华北,南京,旗舰店,2025-12,167.85,154.98,322.83,0.2892,12
S2115,门店-0115,华东,北京,标准店,2026-01,180.17,263.44,443.61,0.3028,12
S2115,门店-0115,华东,西安,标准店,2026-02,193.08,185.79,378.87,0.1922,6
S2115,门店-0115,华东,重庆,标准店,2026-03,75.23,80.4,155.63,0.2346,15
S2115,门店-0115,华东,北京,标准店,2026-04,156.13,187.32,343.45,0.2839,8
S2115,门店-0115,华东,南京,标准店,2025-05,221.29,224.02,445.31,0.2176,15
S2115,门店-0115,华东,武汉,标准店,2025-06,336.15,448.44,784.59,0.262,5
S2115,门店-0115,华东,深圳,标准店,2025-07,197.23,295.83,493.06,0.1937,13
S2115,门店-0115,华东,上海,标准店,2025-08,119.82,134.71,254.53,0.2013,13
S2115,门店-0115,华东,杭州,标准店,2025-09,110.42,98.28,208.71,0.2316,14
S2115,门店-0115,华东,西安,标准店,2025-10,126.99,201.9,328.89,0.233,8
S2115,门店-0115,华东,杭州,标准店,2025-11,164.46,198.37,362.83,0.2482,6
S2115,门店-0115,华东,北京,标准店,2025-12,186.39,164.62,351.01,0.1958,9
S2116,门店-0116,华东,北京,无人店,2026-01,163.21,249.1,412.3,0.3328,3
S2116,门店-0116,华东,杭州,无人店,2026-02,103.48,148.13,251.61,0.2556,15
S2116,门店-0116,华东,重庆,无人店,2026-03,156.96,248.54,405.5,0.196,7
S2116,门店-0116,华东,深圳,无人店,2026-04,155.63,185.74,341.38,0.3064,3
S2116,门店-0116,华东,北京,无人店,2025-05,169.85,265.58,435.43,0.2221,6
S2116,门店-0116,华东,广州,无人店,2025-06,268.27,250.92,519.19,0.2264,5
S2116,门店-0116,华东,成都,无人店,2025-07,77.63,69.48,147.11,0.2987,3
S2116,门店-0116,华东,南京,无人店,2025-08,323.84,362.62,686.45,0.2876,11
S2116,门店-0116,华东,西安,无人店,2025-09,261.7,245.18,506.88,0.3125,9
S2116,门店-0116,华东,西安,无人店,2025-10,322.57,263.79,586.36,0.2057,12
S2116,门店-0116,华东,南京,无人店,2025-11,157.43,182.36,339.79,0.2455,13
S2116,门店-0116,华东,西安,无人店,2025-12,262.92,219.76,482.68,0.1961,15
S2117,门店-0117,华东,南京,无人店,2026-01,308.31,301.55,609.86,0.3327,12
S2117,门店-0117,华东,杭州,无人店,2026-02,170.37,169.57,339.95,0.2673,14
S2117,门店-0117,华东,北京,无人店,2026-03,129.09,190.9,320.0,0.244,6
S2117,门店-0117,华东,上海,无人店,2026-04,339.05,411.32,750.37,0.245,3
S2117,门店-0117,华东,杭州,无人店,2025-05,143.57,160.51,304.08,0.1951,10
S2117,门店-0117,华东,广州,无人店,2025-06,355.8,550.2,906.0,0.3003,10
S2117,门店-0117,华东,南京,无人店,2025-07,193.72,162.99,356.72,0.2134,10
S2117,门店-0117,华东,北京,无人店,2025-08,269.35,245.55,514.9,0.2011,13
S2117,门店-0117,华东,广州,无人店,2025-09,103.64,98.31,201.95,0.2005,12
S2117,门店-0117,华东,上海,无人店,2025-10,240.03,283.03,523.07,0.3115,3
S2117,门店-0117,华东,重庆,无人店,2025-11,76.17,98.97,175.14,0.2785,11
S2117,门店-0117,华东,武汉,无人店,2025-12,173.28,169.2,342.48,0.275,12
S2118,门店-0118,华东,北京,无人店,2026-01,248.25,341.36,589.6,0.3037,9
S2118,门店-0118,华东,重庆,无人店,2026-02,304.08,384.59,688.67,0.3247,8
S2118,门店-0118,华东,上海,无人店,2026-03,71.34,107.15,178.48,0.1963,11
S2118,门店-0118,华东,成都,无人店,2026-04,68.19,101.87,170.06,0.2751,13
S2118,门店-0118,华东,广州,无人店,2025-05,259.67,322.41,582.08,0.2576,7
S2118,门店-0118,华东,杭州,无人店,2025-06,187.71,198.09,385.8,0.2988,4
S2118,门店-0118,华东,杭州,无人店,2025-07,77.75,86.93,164.68,0.2668,5
S2118,门店-0118,华东,南京,无人店,2025-08,331.43,372.55,703.98,0.2658,3
S2118,门店-0118,华东,成都,无人店,2025-09,358.34,425.84,784.19,0.237,8
S2118,门店-0118,华东,武汉,无人店,2025-10,217.24,263.43,480.67,0.2512,7
S2118,门店-0118,华东,重庆,无人店,2025-11,324.77,306.42,631.19,0.2944,6
S2118,门店-0118,华东,西安,无人店,2025-12,200.76,176.45,377.22,0.2895,4
S2119,门店-0119,东北,北京,便利店,2026-01,93.16,105.13,198.28,0.2891,4
S2119,门店-0119,东北,武汉,便利店,2026-02,200.09,313.24,513.33,0.24,15
S2119,门店-0119,东北,西安,便利店,2026-03,183.39,152.05,335.44,0.2965,7
S2119,门店-0119,东北,北京,便利店,2026-04,116.01,176.91,292.93,0.2308,11
S2119,门店-0119,东北,武汉,便利店,2025-05,264.95,234.55,499.5,0.1906,7
S2119,门店-0119,东北,南京,便利店,2025-06,47.82,55.26,103.07,0.251,11
S2119,门店-0119,东北,武汉,便利店,2025-07,162.48,253.41,415.9,0.184,11
S2119,门店-0119,东北,深圳,便利店,2025-08,254.88,269.79,524.67,0.1958,3
S2119,门店-0119,东北,西安,便利店,2025-09,68.74,70.6,139.35,0.2739,13
S2119,门店-0119,东北,上海,便利店,2025-10,130.72,173.04,303.76,0.2588,4
S2119,门店-0119,东北,西安,便利店,2025-11,259.78,414.73,674.5,0.311,8
S2119,门店-0119,东北,深圳,便利店,2025-12,47.89,58.75,106.64,0.213,14
S2120,门店-0120,西南,杭州,旗舰店,2026-01,147.28,194.43,341.71,0.2847,12
S2120,门店-0120,西南,广州,旗舰店,2026-02,99.72,145.29,245.02,0.3,13
S2120,门店-0120,西南,武汉,旗舰店,2026-03,253.37,348.42,601.79,0.2938,12
S2120,门店-0120,西南,北京,旗舰店,2026-04,141.09,118.65,259.74,0.2393,10
S2120,门店-0120,西南,北京,旗舰店,2025-05,165.1,222.94,388.04,0.2762,4
S2120,门店-0120,西南,南京,旗舰店,2025-06,214.54,218.18,432.71,0.2798,15
S2120,门店-0120,西南,深圳,旗舰店,2025-07,254.38,227.19,481.57,0.251,3
S2120,门店-0120,西南,武汉,旗舰店,2025-08,156.76,170.34,327.1,0.2205,10
S2120,门店-0120,西南,广州,旗舰店,2025-09,77.07,74.66,151.72,0.2696,15
S2120,门店-0120,西南,武汉,旗舰店,2025-10,226.67,360.22,586.89,0.2406,15
S2120,门店-0120,西南,西安,旗舰店,2025-11,197.48,159.91,357.39,0.2962,14
S2120,门店-0120,西南,广州,旗舰店,2025-12,59.45,51.65,111.1,0.2197,14
S2121,门店-0121,东北,重庆,便利店,2026-01,239.79,213.58,453.37,0.2409,11
S2121,门店-0121,东北,北京,便利店,2026-02,252.2,308.37,560.56,0.2174,4
S2121,门店-0121,东北,上海,便利店,2026-03,87.29,84.5,171.79,0.2446,13
S2121,门店-0121,东北,广州,便利店,2026-04,76.2,62.24,138.44,0.2049,4
S2121,门店-0121,东北,上海,便利店,2025-05,169.51,148.42,317.93,0.2142,5
S2121,门店-0121,东北,西安,便利店,2025-06,110.34,103.25,213.59,0.2016,15
S2121,门店-0121,东北,成都,便利店,2025-07,185.0,233.79,418.8,0.2008,11
S2121,门店-0121,东北,广州,便利店,2025-08,158.27,213.73,372.0,0.2261,12
S2121,门店-0121,东北,北京,便利店,2025-09,228.89,337.35,566.24,0.2911,11
S2121,门店-0121,东北,重庆,便利店,2025-10,59.23,88.92,148.15,0.259,4
S2121,门店-0121,东北,上海,便利店,2025-11,148.13,167.65,315.78,0.1936,4
S2121,门店-0121,东北,武汉,便利店,2025-12,150.6,209.68,360.28,0.182,10
S2122,门店-0122,华南,北京,无人店,2026-01,92.16,98.39,190.54,0.3335,9
S2122,门店-0122,华南,杭州,无人店,2026-02,150.88,158.84,309.72,0.2446,13
S2122,门店-0122,华南,南京,无人店,2026-03,302.48,403.52,706.0,0.1969,15
S2122,门店-0122,华南,南京,无人店,2026-04,131.54,189.37,320.91,0.2171,10
S2122,门店-0122,华南,武汉,无人店,2025-05,331.32,469.88,801.2,0.2729,14
S2122,门店-0122,华南,杭州,无人店,2025-06,233.66,356.56,590.22,0.2616,3
S2122,门店-0122,华南,杭州,无人店,2025-07,266.8,370.64,637.44,0.2617,8
S2122,门店-0122,华南,成都,无人店,2025-08,252.53,252.51,505.03,0.2291,9
S2122,门店-0122,华南,杭州,无人店,2025-09,80.01,67.89,147.9,0.2234,12
S2122,门店-0122,华南,西安,无人店,2025-10,292.19,408.79,700.98,0.2575,6
S2122,门店-0122,华南,广州,无人店,2025-11,340.13,460.77,800.89,0.2215,9
S2122,门店-0122,华南,南京,无人店,2025-12,187.95,234.66,422.61,0.2122,10
S2123,门店-0123,华东,上海,标准店,2026-01,126.8,192.74,319.54,0.2067,10
S2123,门店-0123,华东,武汉,标准店,2026-02,336.34,464.31,800.65,0.3049,9
S2123,门店-0123,华东,杭州,标准店,2026-03,217.82,198.64,416.46,0.2724,8
S2123,门店-0123,华东,重庆,标准店,2026-04,295.05,351.06,646.11,0.2006,3
S2123,门店-0123,华东,西安,标准店,2025-05,207.56,190.93,398.49,0.3239,3
S2123,门店-0123,华东,重庆,标准店,2025-06,212.52,306.37,518.89,0.3008,3
S2123,门店-0123,华东,广州,标准店,2025-07,147.25,232.23,379.49,0.3323,15
S2123,门店-0123,华东,广州,标准店,2025-08,245.77,352.14,597.91,0.2265,12
S2123,门店-0123,华东,重庆,标准店,2025-09,286.45,360.43,646.89,0.3108,3
S2123,门店-0123,华东,武汉,标准店,2025-10,211.87,287.82,499.7,0.3145,5
S2123,门店-0123,华东,南京,标准店,2025-11,107.46,129.39,236.85,0.3046,12
S2123,门店-0123,华东,西安,标准店,2025-12,81.29,120.1,201.4,0.2742,4
S2124,门店-0124,东北,深圳,无人店,2026-01,178.13,219.93,398.05,0.2867,5
S2124,门店-0124,东北,武汉,无人店,2026-02,214.86,275.76,490.63,0.2855,13
S2124,门店-0124,东北,深圳,无人店,2026-03,269.73,234.33,504.06,0.2195,3
S2124,门店-0124,东北,深圳,无人店,2026-04,177.68,220.42,398.1,0.2605,9
S2124,门店-0124,东北,成都,无人店,2025-05,65.68,82.54,148.22,0.2894,5
S2124,门店-0124,东北,成都,无人店,2025-06,82.06,106.9,188.96,0.237,10
S2124,门店-0124,东北,北京,无人店,2025-07,179.62,220.96,400.58,0.3074,5
S2124,门店-0124,东北,重庆,无人店,2025-08,50.66,43.84,94.5,0.1943,9
S2124,门店-0124,东北,杭州,无人店,2025-09,174.29,153.16,327.45,0.2484,5
S2124,门店-0124,东北,北京,无人店,2025-10,254.23,323.8,578.03,0.2251,14
S2124,门店-0124,东北,上海,无人店,2025-11,248.7,342.62,591.32,0.2087,14
S2124,门店-0124,东北,广州,无人店,2025-12,95.92,110.66,206.57,0.2734,9
S2125,门店-0125,华中,重庆,无人店,2026-01,79.61,98.72,178.33,0.1973,6
S2125,门店-0125,华中,杭州,无人店,2026-02,145.42,119.69,265.1,0.2664,11
S2125,门店-0125,华中,深圳,无人店,2026-03,101.78,97.46,199.24,0.2612,3
S2125,门店-0125,华中,成都,无人店,2026-04,204.75,245.0,449.75,0.191,5
S2125,门店-0125,华中,南京,无人店,2025-05,158.61,242.07,400.68,0.2848,5
S2125,门店-0125,华中,北京,无人店,2025-06,227.0,325.71,552.71,0.2905,15
S2125,门店-0125,华中,北京,无人店,2025-07,165.76,140.33,306.09,0.1921,8
S2125,门店-0125,华中,武汉,无人店,2025-08,187.5,282.38,469.88,0.2112,14
S2125,门店-0125,华中,重庆,无人店,2025-09,207.35,245.73,453.08,0.2072,13
S2125,门店-0125,华中,上海,无人店,2025-10,260.19,361.28,621.47,0.2773,5
S2125,门店-0125,华中,广州,无人店,2025-11,189.12,255.77,444.9,0.197,9
S2125,门店-0125,华中,杭州,无人店,2025-12,182.11,206.22,388.33,0.3,7
S2126,门店-0126,西南,上海,便利店,2026-01,190.01,278.22,468.23,0.3121,9
S2126,门店-0126,西南,上海,便利店,2026-02,58.71,49.83,108.54,0.2084,15
S2126,门店-0126,西南,北京,便利店,2026-03,232.93,281.49,514.43,0.2262,7
S2126,门店-0126,西南,成都,便利店,2026-04,54.79,55.88,110.67,0.289,5
S2126,门店-0126,西南,深圳,便利店,2025-05,168.32,184.64,352.96,0.1872,10
S2126,门店-0126,西南,西安,便利店,2025-06,99.72,83.54,183.26,0.2758,7
S2126,门店-0126,西南,武汉,便利店,2025-07,61.54,73.97,135.5,0.2841,3
S2126,门店-0126,西南,武汉,便利店,2025-08,184.0,213.73,397.73,0.2276,11
S2126,门店-0126,西南,广州,便利店,2025-09,152.56,236.45,389.02,0.2848,3
S2126,门店-0126,西南,杭州,便利店,2025-10,151.47,148.68,300.15,0.2107,8
S2126,门店-0126,西南,西安,便利店,2025-11,145.24,179.86,325.1,0.2811,3
S2126,门店-0126,西南,武汉,便利店,2025-12,233.7,364.84,598.54,0.2756,14
S2127,门店-0127,华南,南京,无人店,2026-01,87.6,85.29,172.88,0.2994,10
S2127,门店-0127,华南,南京,无人店,2026-02,351.78,495.46,847.24,0.3285,4
S2127,门店-0127,华南,深圳,无人店,2026-03,267.46,400.21,667.67,0.2576,13
S2127,门店-0127,华南,杭州,无人店,2026-04,259.22,396.93,656.15,0.3315,4
S2127,门店-0127,华南,重庆,无人店,2025-05,85.12,129.14,214.26,0.2685,14
S2127,门店-0127,华南,北京,无人店,2025-06,344.42,286.47,630.89,0.1963,15
S2127,门店-0127,华南,武汉,无人店,2025-07,288.19,340.1,628.28,0.1969,7
S2127,门店-0127,华南,西安,无人店,2025-08,275.4,347.51,622.92,0.3159,5
S2127,门店-0127,华南,深圳,无人店,2025-09,350.18,519.82,870.0,0.2548,9
S2127,门店-0127,华南,重庆,无人店,2025-10,200.44,243.37,443.81,0.1978,3
S2127,门店-0127,华南,成都,无人店,2025-11,231.49,294.77,526.26,0.2698,11
S2127,门店-0127,华南,西安,无人店,2025-12,209.32,252.01,461.33,0.1965,13
S2128,门店-0128,西南,广州,标准店,2026-01,128.71,177.25,305.96,0.2576,13
S2128,门店-0128,西南,武汉,标准店,2026-02,208.86,226.55,435.4,0.2072,13
S2128,门店-0128,西南,上海,标准店,2026-03,157.94,252.44,410.38,0.2689,14
S2128,门店-0128,西南,重庆,标准店,2026-04,206.1,198.3,404.39,0.3136,15
S2128,门店-0128,西南,上海,标准店,2025-05,140.21,159.31,299.52,0.2911,15
S2128,门店-0128,西南,深圳,标准店,2025-06,113.81,164.99,278.8,0.2948,5
S2128,门店-0128,西南,杭州,标准店,2025-07,154.64,236.76,391.4,0.2504,8
S2128,门店-0128,西南,重庆,标准店,2025-08,136.02,202.26,338.28,0.299,6
S2128,门店-0128,西南,深圳,标准店,2025-09,267.51,420.99,688.5,0.244,8
S2128,门店-0128,西南,上海,标准店,2025-10,177.14,207.88,385.02,0.1991,12
S2128,门店-0128,西南,重庆,标准店,2025-11,94.07,136.85,230.92,0.2562,9
S2128,门店-0128,西南,深圳,标准店,2025-12,171.69,201.61,373.3,0.3151,5
S2129,门店-0129,华北,成都,标准店,2026-01,182.2,278.03,460.23,0.2056,8
S2129,门店-0129,华北,西安,标准店,2026-02,222.11,281.09,503.2,0.276,5
S2129,门店-0129,华北,深圳,标准店,2026-03,212.52,310.24,522.76,0.3037,12
S2129,门店-0129,华北,杭州,标准店,2026-04,76.55,78.06,154.61,0.2487,15
S2129,门店-0129,华北,成都,标准店,2025-05,231.49,337.03,568.52,0.2368,14
S2129,门店-0129,华北,武汉,标准店,2025-06,228.24,201.06,429.31,0.269,13
S2129,门店-0129,华北,重庆,标准店,2025-07,68.83,89.18,158.0,0.2635,14
S2129,门店-0129,华北,重庆,标准店,2025-08,135.18,198.76,333.93,0.1942,12
S2129,门店-0129,华北,北京,标准店,2025-09,235.15,328.75,563.9,0.2039,15
S2129,门店-0129,华北,重庆,标准店,2025-10,168.03,171.83,339.86,0.3033,4
S2129,门店-0129,华北,重庆,标准店,2025-11,82.58,66.83,149.41,0.1959,6
S2129,门店-0129,华北,成都,标准店,2025-12,95.87,94.96,190.83,0.3071,14
S2130,门店-0130,东北,西安,便利店,2026-01,245.24,345.74,590.97,0.2588,13
S2130,门店-0130,东北,杭州,便利店,2026-02,150.45,236.3,386.75,0.2977,4
S2130,门店-0130,东北,成都,便利店,2026-03,255.6,204.88,460.49,0.2054,7
S2130,门店-0130,东北,武汉,便利店,2026-04,205.86,214.55,420.42,0.3093,8
S2130,门店-0130,东北,北京,便利店,2025-05,91.44,81.52,172.96,0.3048,7
S2130,门店-0130,东北,北京,便利店,2025-06,144.56,205.35,349.91,0.3103,13
S2130,门店-0130,东北,武汉,便利店,2025-07,123.92,161.6,285.52,0.2704,5
S2130,门店-0130,东北,西安,便利店,2025-08,172.9,274.63,447.53,0.294,4
S2130,门店-0130,东北,深圳,便利店,2025-09,55.85,79.47,135.32,0.2715,14
S2130,门店-0130,东北,杭州,便利店,2025-10,208.33,332.25,540.58,0.2939,3
S2130,门店-0130,东北,西安,便利店,2025-11,115.12,162.31,277.43,0.2959,12
S2130,门店-0130,东北,西安,便利店,2025-12,155.63,208.08,363.72,0.2526,3
S2131,门店-0131,华南,北京,便利店,2026-01,121.33,146.29,267.62,0.2988,8
S2131,门店-0131,华南,成都,便利店,2026-02,120.31,114.22,234.52,0.2874,12
S2131,门店-0131,华南,深圳,便利店,2026-03,86.11,87.24,173.35,0.3351,13
S2131,门店-0131,华南,南京,便利店,2026-04,88.52,116.46,204.98,0.2416,12
S2131,门店-0131,华南,南京,便利店,2025-05,76.66,86.36,163.01,0.1891,9
S2131,门店-0131,华南,西安,便利店,2025-06,68.9,79.36,148.26,0.1955,3
S2131,门店-0131,华南,南京,便利店,2025-07,94.95,147.34,242.29,0.2541,15
S2131,门店-0131,华南,深圳,便利店,2025-08,87.84,88.3,176.14,0.2367,9
S2131,门店-0131,华南,成都,便利店,2025-09,154.07,242.18,396.25,0.3313,11
S2131,门店-0131,华南,杭州,便利店,2025-10,130.63,176.64,307.27,0.2637,15
S2131,门店-0131,华南,深圳,便利店,2025-11,227.71,332.36,560.07,0.2299,13
S2131,门店-0131,华南,成都,便利店,2025-12,85.11,126.68,211.79,0.2805,11
S2132,门店-0132,华南,深圳,旗舰店,2026-01,324.34,350.13,674.47,0.3218,7
S2132,门店-0132,华南,武汉,旗舰店,2026-02,326.01,459.88,785.89,0.2918,14
S2132,门店-0132,华南,杭州,旗舰店,2026-03,270.62,319.51,590.13,0.2468,3
S2132,门店-0132,华南,武汉,旗舰店,2026-04,274.27,416.08,690.36,0.3262,11
S2132,门店-0132,华南,西安,旗舰店,2025-05,317.94,409.62,727.56,0.1901,7
S2132,门店-0132,华南,武汉,旗舰店,2025-06,191.03,206.81,397.84,0.2401,6
S2132,门店-0132,华南,深圳,旗舰店,2025-07,332.92,312.59,645.51,0.2799,14
S2132,门店-0132,华南,武汉,旗舰店,2025-08,95.69,147.68,243.37,0.2923,13
S2132,门店-0132,华南,南京,旗舰店,2025-09,321.23,289.79,611.02,0.2515,13
S2132,门店-0132,华南,武汉,旗舰店,2025-10,177.31,168.14,345.44,0.2315,6
S2132,门店-0132,华南,深圳,旗舰店,2025-11,122.04,153.99,276.03,0.3172,11
S2132,门店-0132,华南,重庆,旗舰店,2025-12,231.57,338.48,570.05,0.2066,8
S2133,门店-0133,华东,北京,无人店,2026-01,298.75,464.56,763.31,0.3331,4
S2133,门店-0133,华东,杭州,无人店,2026-02,129.48,154.94,284.42,0.2903,12
S2133,门店-0133,华东,南京,无人店,2026-03,254.82,297.37,552.19,0.1949,8
S2133,门店-0133,华东,广州,无人店,2026-04,65.46,73.72,139.18,0.2892,6
S2133,门店-0133,华东,杭州,无人店,2025-05,68.69,73.54,142.23,0.2609,6
S2133,门店-0133,华东,西安,无人店,2025-06,70.15,105.8,175.95,0.3162,7
S2133,门店-0133,华东,重庆,无人店,2025-07,193.81,177.28,371.1,0.3265,7
S2133,门店-0133,华东,西安,无人店,2025-08,147.2,227.75,374.96,0.2326,4
S2133,门店-0133,华东,成都,无人店,2025-09,225.18,224.61,449.79,0.3249,10
S2133,门店-0133,华东,杭州,无人店,2025-10,151.1,229.74,380.85,0.2934,3
S2133,门店-0133,华东,杭州,无人店,2025-11,191.13,293.21,484.34,0.2731,8
S2133,门店-0133,华东,深圳,无人店,2025-12,218.73,342.76,561.49,0.3349,8
S2134,门店-0134,华东,南京,便利店,2026-01,157.44,146.94,304.38,0.2192,7
S2134,门店-0134,华东,重庆,便利店,2026-02,93.39,142.28,235.67,0.1899,15
S2134,门店-0134,华东,西安,便利店,2026-03,218.25,232.33,450.57,0.2328,11
S2134,门店-0134,华东,重庆,便利店,2026-04,296.83,470.37,767.2,0.2886,8
S2134,门店-0134,华东,上海,便利店,2025-05,336.44,284.19,620.63,0.2176,15
S2134,门店-0134,华东,广州,便利店,2025-06,120.06,182.22,302.27,0.1927,3
S2134,门店-0134,华东,西安,便利店,2025-07,329.26,291.73,620.99,0.2334,8
S2134,门店-0134,华东,西安,便利店,2025-08,249.27,257.14,506.41,0.2397,7
S2134,门店-0134,华东,成都,便利店,2025-09,314.93,490.17,805.1,0.2542,4
S2134,门店-0134,华东,武汉,便利店,2025-10,67.08,65.29,132.37,0.3133,14
S2134,门店-0134,华东,深圳,便利店,2025-11,83.41,127.12,210.53,0.2157,9
S2134,门店-0134,华东,深圳,便利店,2025-12,146.45,190.25,336.71,0.3165,10
S2135,门店-0135,华中,杭州,无人店,2026-01,100.89,108.38,209.26,0.198,4
S2135,门店-0135,华中,南京,无人店,2026-02,60.47,72.27,132.75,0.2032,11
S2135,门店-0135,华中,北京,无人店,2026-03,185.75,193.24,378.99,0.266,4
S2135,门店-0135,华中,广州,无人店,2026-04,138.61,195.24,333.86,0.2697,6
S2135,门店-0135,华中,重庆,无人店,2025-05,231.25,207.32,438.57,0.2317,6
S2135,门店-0135,华中,南京,无人店,2025-06,53.71,43.06,96.77,0.2206,13
S2135,门店-0135,华中,武汉,无人店,2025-07,94.21,147.68,241.89,0.2,14
S2135,门店-0135,华中,重庆,无人店,2025-08,67.76,83.17,150.93,0.3047,5
S2135,门店-0135,华中,上海,无人店,2025-09,202.68,223.1,425.78,0.2159,5
S2135,门店-0135,华中,成都,无人店,2025-10,56.0,73.65,129.65,0.2604,7
S2135,门店-0135,华中,西安,无人店,2025-11,162.63,132.27,294.9,0.3154,6
S2135,门店-0135,华中,广州,无人店,2025-12,81.83,69.53,151.35,0.2984,3
S2136,门店-0136,西南,广州,标准店,2026-01,182.64,289.56,472.2,0.3103,4
S2136,门店-0136,西南,南京,标准店,2026-02,92.32,143.71,236.02,0.2406,10
S2136,门店-0136,西南,武汉,标准店,2026-03,78.75,101.2,179.96,0.2804,10
S2136,门店-0136,西南,上海,标准店,2026-04,83.78,80.84,164.62,0.2546,8
S2136,门店-0136,西南,杭州,标准店,2025-05,193.13,307.48,500.6,0.1911,10
S2136,门店-0136,西南,北京,标准店,2025-06,265.6,283.82,549.42,0.2621,14
S2136,门店-0136,西南,上海,标准店,2025-07,73.01,61.04,134.04,0.2097,13
S2136,门店-0136,西南,杭州,标准店,2025-08,63.82,75.78,139.61,0.3112,14
S2136,门店-0136,西南,西安,标准店,2025-09,180.82,172.76,353.58,0.3022,14
S2136,门店-0136,西南,广州,标准店,2025-10,126.08,165.94,292.02,0.3129,5
S2136,门店-0136,西南,广州,标准店,2025-11,117.55,116.72,234.26,0.2624,11
S2136,门店-0136,西南,西安,标准店,2025-12,132.01,174.04,306.04,0.1987,9
S2137,门店-0137,华南,深圳,无人店,2026-01,275.68,353.94,629.62,0.2733,14
S2137,门店-0137,华南,南京,无人店,2026-02,121.6,149.7,271.3,0.2774,6
S2137,门店-0137,华南,武汉,无人店,2026-03,326.3,362.28,688.58,0.3263,15
S2137,门店-0137,华南,南京,无人店,2026-04,85.7,108.26,193.96,0.3176,8
S2137,门店-0137,华南,北京,无人店,2025-05,88.4,131.57,219.97,0.2631,11
S2137,门店-0137,华南,成都,无人店,2025-06,186.72,290.85,477.57,0.2832,12
S2137,门店-0137,华南,重庆,无人店,2025-07,156.84,126.18,283.01,0.2298,15
S2137,门店-0137,华南,重庆,无人店,2025-08,296.29,440.05,736.34,0.3184,12
S2137,门店-0137,华南,深圳,无人店,2025-09,106.59,118.68,225.27,0.2748,7
S2137,门店-0137,华南,南京,无人店,2025-10,140.99,186.37,327.37,0.2757,5
S2137,门店-0137,华南,重庆,无人店,2025-11,168.51,247.35,415.86,0.2146,3
S2137,门店-0137,华南,武汉,无人店,2025-12,166.19,220.88,387.07,0.3168,9
S2138,门店-0138,东北,南京,便利店,2026-01,265.5,310.2,575.69,0.2211,4
S2138,门店-0138,东北,深圳,便利店,2026-02,218.3,180.49,398.8,0.1997,3
S2138,门店-0138,东北,重庆,便利店,2026-03,57.26,84.45,141.71,0.2957,13
S2138,门店-0138,东北,南京,便利店,2026-04,85.36,126.22,211.58,0.2829,3
S2138,门店-0138,东北,南京,便利店,2025-05,79.96,116.89,196.85,0.2733,10
S2138,门店-0138,东北,杭州,便利店,2025-06,154.07,198.96,353.03,0.2018,7
S2138,门店-0138,东北,深圳,便利店,2025-07,191.24,272.52,463.76,0.2574,3
S2138,门店-0138,东北,成都,便利店,2025-08,104.75,102.88,207.63,0.2446,3
S2138,门店-0138,东北,深圳,便利店,2025-09,54.14,77.44,131.57,0.2091,12
S2138,门店-0138,东北,上海,便利店,2025-10,71.48,66.17,137.64,0.3078,12
S2138,门店-0138,东北,北京,便利店,2025-11,146.0,205.1,351.09,0.1923,5
S2138,门店-0138,东北,深圳,便利店,2025-12,259.85,240.81,500.66,0.2853,8
S2139,门店-0139,华北,重庆,无人店,2026-01,81.12,81.95,163.07,0.2958,14
S2139,门店-0139,华北,武汉,无人店,2026-02,222.59,318.65,541.24,0.2106,11
S2139,门店-0139,华北,杭州,无人店,2026-03,138.84,143.5,282.34,0.198,15
S2139,门店-0139,华北,北京,无人店,2026-04,181.11,233.79,414.9,0.2245,7
S2139,门店-0139,华北,武汉,无人店,2025-05,120.54,178.88,299.42,0.2651,4
S2139,门店-0139,华北,北京,无人店,2025-06,50.34,53.21,103.55,0.2328,13
S2139,门店-0139,华北,广州,无人店,2025-07,96.54,102.39,198.93,0.233,7
S2139,门店-0139,华北,成都,无人店,2025-08,100.1,92.19,192.28,0.2296,8
S2139,门店-0139,华北,杭州,无人店,2025-09,47.44,43.0,90.44,0.2115,13
S2139,门店-0139,华北,武汉,无人店,2025-10,212.6,292.05,504.65,0.2462,3
S2139,门店-0139,华北,深圳,无人店,2025-11,187.76,154.56,342.33,0.2249,3
S2139,门店-0139,华北,重庆,无人店,2025-12,168.28,251.83,420.11,0.3049,4
S2140,门店-0140,华北,成都,无人店,2026-01,138.25,180.45,318.7,0.1926,8
S2140,门店-0140,华北,杭州,无人店,2026-02,48.49,64.16,112.65,0.2736,11
S2140,门店-0140,华北,成都,无人店,2026-03,78.99,68.97,147.95,0.1831,13
S2140,门店-0140,华北,北京,无人店,2026-04,110.04,161.01,271.05,0.2126,3
S2140,门店-0140,华北,武汉,无人店,2025-05,141.99,157.14,299.12,0.2116,7
S2140,门店-0140,华北,广州,无人店,2025-06,76.6,66.84,143.43,0.3073,7
S2140,门店-0140,华北,广州,无人店,2025-07,46.42,64.05,110.47,0.2798,8
S2140,门店-0140,华北,南京,无人店,2025-08,185.83,251.48,437.31,0.2015,8
S2140,门店-0140,华北,杭州,无人店,2025-09,222.05,282.53,504.58,0.2943,4
S2140,门店-0140,华北,北京,无人店,2025-10,259.56,317.4,576.97,0.2459,4
S2140,门店-0140,华北,南京,无人店,2025-11,52.88,44.08,96.96,0.2755,9
S2140,门店-0140,华北,深圳,无人店,2025-12,71.77,105.11,176.88,0.2227,3
S2141,门店-0141,华南,重庆,标准店,2026-01,184.46,268.41,452.87,0.2188,10
S2141,门店-0141,华南,上海,标准店,2026-02,357.92,519.67,877.59,0.1894,6
S2141,门店-0141,华南,深圳,标准店,2026-03,241.36,286.96,528.32,0.2637,8
S2141,门店-0141,华南,北京,标准店,2026-04,293.11,429.04,722.14,0.2946,11
S2141,门店-0141,华南,成都,标准店,2025-05,62.26,89.99,152.24,0.2139,9
S2141,门店-0141,华南,西安,标准店,2025-06,343.99,516.72,860.71,0.2776,9
S2141,门店-0141,华南,西安,标准店,2025-07,273.96,249.08,523.03,0.2312,7
S2141,门店-0141,华南,上海,标准店,2025-08,284.04,280.07,564.11,0.3257,7
S2141,门店-0141,华南,深圳,标准店,2025-09,96.36,121.01,217.37,0.3123,10
S2141,门店-0141,华南,杭州,标准店,2025-10,299.9,299.72,599.63,0.1996,7
S2141,门店-0141,华南,成都,标准店,2025-11,99.18,114.23,213.41,0.2954,7
S2141,门店-0141,华南,重庆,标准店,2025-12,218.19,243.65,461.84,0.334,11
S2142,门店-0142,华南,上海,无人店,2026-01,271.93,280.24,552.17,0.2464,12
S2142,门店-0142,华南,成都,无人店,2026-02,217.7,229.64,447.34,0.2354,4
S2142,门店-0142,华南,成都,无人店,2026-03,329.37,347.48,676.86,0.2202,6
S2142,门店-0142,华南,上海,无人店,2026-04,178.13,245.26,423.38,0.2086,6
S2142,门店-0142,华南,广州,无人店,2025-05,263.86,254.73,518.59,0.3295,5
S2142,门店-0142,华南,西安,无人店,2025-06,351.74,405.74,757.48,0.25,14
S2142,门店-0142,华南,武汉,无人店,2025-07,354.35,354.92,709.28,0.2646,4
S2142,门店-0142,华南,西安,无人店,2025-08,98.61,128.64,227.25,0.2747,5
S2142,门店-0142,华南,武汉,无人店,2025-09,248.75,384.51,633.26,0.307,8
S2142,门店-0142,华南,北京,无人店,2025-10,310.61,347.04,657.65,0.286,5
S2142,门店-0142,华南,南京,无人店,2025-11,203.44,313.5,516.93,0.2795,11
S2142,门店-0142,华南,南京,无人店,2025-12,200.64,254.21,454.85,0.3118,3
S2143,门店-0143,华南,重庆,便利店,2026-01,275.74,228.92,504.66,0.1901,3
S2143,门店-0143,华南,北京,便利店,2026-02,91.24,145.41,236.65,0.3123,12
S2143,门店-0143,华南,重庆,便利店,2026-03,177.15,239.09,416.24,0.2263,7
S2143,门店-0143,华南,武汉,便利店,2026-04,150.82,145.06,295.89,0.2037,14
S2143,门店-0143,华南,南京,便利店,2025-05,349.34,297.12,646.45,0.2638,11
S2143,门店-0143,华南,成都,便利店,2025-06,251.2,351.87,603.07,0.1979,12
S2143,门店-0143,华南,南京,便利店,2025-07,126.9,139.26,266.15,0.2209,5
S2143,门店-0143,华南,南京,便利店,2025-08,337.92,446.31,784.23,0.2836,13
S2143,门店-0143,华南,杭州,便利店,2025-09,290.2,445.15,735.35,0.3255,15
S2143,门店-0143,华南,广州,便利店,2025-10,250.69,227.13,477.83,0.311,3
S2143,门店-0143,华南,武汉,便利店,2025-11,111.56,170.35,281.91,0.2961,9
S2143,门店-0143,华南,武汉,便利店,2025-12,184.45,183.57,368.03,0.3257,4
S2144,门店-0144,华中,广州,标准店,2026-01,55.7,47.44,103.14,0.1936,4
S2144,门店-0144,华中,广州,标准店,2026-02,224.6,197.29,421.89,0.2312,15
S2144,门店-0144,华中,南京,标准店,2026-03,145.38,204.12,349.5,0.1802,6
S2144,门店-0144,华中,重庆,标准店,2026-04,147.69,201.32,349.01,0.3029,13
S2144,门店-0144,华中,广州,标准店,2025-05,234.12,328.37,562.49,0.2514,9
S2144,门店-0144,华中,武汉,标准店,2025-06,136.51,218.26,354.77,0.2891,13
S2144,门店-0144,华中,南京,标准店,2025-07,232.89,189.22,422.11,0.3194,12
S2144,门店-0144,华中,西安,标准店,2025-08,56.08,85.37,141.45,0.3039,8
S2144,门店-0144,华中,深圳,标准店,2025-09,59.24,83.89,143.12,0.1878,11
S2144,门店-0144,华中,北京,标准店,2025-10,157.25,215.69,372.94,0.1832,13
S2144,门店-0144,华中,北京,标准店,2025-11,217.19,280.05,497.25,0.2337,6
S2144,门店-0144,华中,武汉,标准店,2025-12,91.53,99.45,190.98,0.319,6
S2145,门店-0145,华南,南京,便利店,2026-01,239.11,364.67,603.79,0.3155,10
S2145,门店-0145,华南,北京,便利店,2026-02,227.22,235.94,463.16,0.2166,15
S2145,门店-0145,华南,成都,便利店,2026-03,282.75,273.74,556.48,0.1917,12
S2145,门店-0145,华南,广州,便利店,2026-04,223.93,326.71,550.64,0.2724,13
S2145,门店-0145,华南,深圳,便利店,2025-05,71.29,75.57,146.86,0.1999,9
S2145,门店-0145,华南,成都,便利店,2025-06,85.68,93.0,178.68,0.3047,15
S2145,门店-0145,华南,武汉,便利店,2025-07,61.54,68.6,130.14,0.2802,8
S2145,门店-0145,华南,南京,便利店,2025-08,95.96,131.75,227.71,0.2427,5
S2145,门店-0145,华南,重庆,便利店,2025-09,359.38,360.35,719.73,0.2215,9
S2145,门店-0145,华南,深圳,便利店,2025-10,244.73,331.98,576.71,0.213,4
S2145,门店-0145,华南,南京,便利店,2025-11,70.26,105.47,175.73,0.2964,9
S2145,门店-0145,华南,杭州,便利店,2025-12,290.39,348.77,639.16,0.2042,12
S2146,门店-0146,华中,广州,标准店,2026-01,146.23,207.69,353.92,0.2005,10
S2146,门店-0146,华中,杭州,标准店,2026-02,48.42,49.53,97.95,0.1966,9
S2146,门店-0146,华中,上海,标准店,2026-03,116.67,129.95,246.62,0.1856,11
S2146,门店-0146,华中,南京,标准店,2026-04,51.63,62.83,114.46,0.2692,7
S2146,门店-0146,华中,武汉,标准店,2025-05,76.46,85.69,162.14,0.2631,8
S2146,门店-0146,华中,杭州,标准店,2025-06,183.74,221.84,405.58,0.2873,9
S2146,门店-0146,华中,上海,标准店,2025-07,208.67,185.04,393.71,0.3015,11
S2146,门店-0146,华中,南京,标准店,2025-08,235.19,214.62,449.81,0.1925,7
S2146,门店-0146,华中,重庆,标准店,2025-09,87.05,80.92,167.97,0.1984,6
S2146,门店-0146,华中,重庆,标准店,2025-10,221.24,221.67,442.9,0.2724,8
S2146,门店-0146,华中,成都,标准店,2025-11,129.86,154.94,284.8,0.2615,6
S2146,门店-0146,华中,上海,标准店,2025-12,106.35,137.03,243.38,0.253,7
S2147,门店-0147,华北,北京,便利店,2026-01,151.48,156.33,307.82,0.2158,8
S2147,门店-0147,华北,杭州,便利店,2026-02,207.35,315.86,523.21,0.2423,4
S2147,门店-0147,华北,武汉,便利店,2026-03,264.14,307.99,572.13,0.3103,7
S2147,门店-0147,华北,深圳,便利店,2026-04,219.09,328.6,547.68,0.2466,5
S2147,门店-0147,华北,成都,便利店,2025-05,211.2,185.19,396.39,0.27,9
S2147,门店-0147,华北,深圳,便利店,2025-06,54.3,45.59,99.89,0.294,4
S2147,门店-0147,华北,成都,便利店,2025-07,80.35,116.86,197.2,0.2137,9
S2147,门店-0147,华北,广州,便利店,2025-08,142.62,211.64,354.26,0.3117,10
S2147,门店-0147,华北,广州,便利店,2025-09,195.29,178.69,373.99,0.2667,13
S2147,门店-0147,华北,杭州,便利店,2025-10,127.1,164.27,291.38,0.2845,15
S2147,门店-0147,华北,成都,便利店,2025-11,198.66,316.76,515.42,0.183,10
S2147,门店-0147,华北,北京,便利店,2025-12,172.12,263.52,435.64,0.1951,8
S2148,门店-0148,华北,深圳,旗舰店,2026-01,97.41,80.16,177.57,0.2316,14
S2148,门店-0148,华北,杭州,旗舰店,2026-02,135.56,170.43,305.99,0.2081,8
S2148,门店-0148,华北,成都,旗舰店,2026-03,199.78,310.19,509.97,0.2702,9
S2148,门店-0148,华北,武汉,旗舰店,2026-04,248.82,321.19,570.01,0.2323,10
S2148,门店-0148,华北,广州,旗舰店,2025-05,143.14,228.65,371.78,0.2997,4
S2148,门店-0148,华北,杭州,旗舰店,2025-06,217.92,330.43,548.35,0.2694,12
S2148,门店-0148,华北,深圳,旗舰店,2025-07,166.78,193.33,360.11,0.2448,3
S2148,门店-0148,华北,杭州,旗舰店,2025-08,175.07,193.88,368.95,0.2012,5
S2148,门店-0148,华北,成都,旗舰店,2025-09,72.95,92.51,165.46,0.2556,10
S2148,门店-0148,华北,南京,旗舰店,2025-10,59.57,93.43,153.0,0.2803,12
S2148,门店-0148,华北,深圳,旗舰店,2025-11,101.06,96.05,197.11,0.2698,6
S2148,门店-0148,华北,成都,旗舰店,2025-12,95.17,89.82,185.0,0.1808,5
S2149,门店-0149,东北,深圳,旗舰店,2026-01,58.62,53.97,112.59,0.247,13
S2149,门店-0149,东北,北京,旗舰店,2026-02,260.75,321.61,582.35,0.2467,6
S2149,门店-0149,东北,广州,旗舰店,2026-03,79.72,114.88,194.6,0.2121,8
S2149,门店-0149,东北,成都,旗舰店,2026-04,177.23,153.84,331.07,0.2551,6
S2149,门店-0149,东北,杭州,旗舰店,2025-05,184.24,211.1,395.34,0.1807,9
S2149,门店-0149,东北,北京,旗舰店,2025-06,183.28,230.49,413.77,0.2821,3
S2149,门店-0149,东北,深圳,旗舰店,2025-07,197.11,243.43,440.54,0.3116,4
S2149,门店-0149,东北,上海,旗舰店,2025-08,212.14,199.39,411.54,0.2448,11
S2149,门店-0149,东北,成都,旗舰店,2025-09,161.02,212.0,373.02,0.1913,6
S2149,门店-0149,东北,成都,旗舰店,2025-10,118.45,160.87,279.32,0.2701,11
S2149,门店-0149,东北,杭州,旗舰店,2025-11,268.57,308.49,577.06,0.1991,3
S2149,门店-0149,东北,西安,旗舰店,2025-12,240.48,200.59,441.07,0.3123,10
S2150,门店-0150,华东,杭州,无人店,2026-01,333.23,528.48,861.71,0.2372,14
S2150,门店-0150,华东,重庆,无人店,2026-02,209.91,208.48,418.39,0.2635,13
S2150,门店-0150,华东,深圳,无人店,2026-03,76.65,78.06,154.71,0.2496,12
S2150,门店-0150,华东,上海,无人店,2026-04,217.93,278.49,496.42,0.1908,3
S2150,门店-0150,华东,杭州,无人店,2025-05,131.53,138.45,269.97,0.3276,11
S2150,门店-0150,华东,成都,无人店,2025-06,90.66,122.93,213.59,0.2251,5
S2150,门店-0150,华东,深圳,无人店,2025-07,325.56,276.08,601.63,0.3029,5
S2150,门店-0150,华东,成都,无人店,2025-08,204.79,200.93,405.72,0.1938,13
S2150,门店-0150,华东,上海,无人店,2025-09,262.48,376.03,638.51,0.2597,8
S2150,门店-0150,华东,上海,无人店,2025-10,176.82,193.62,370.44,0.2715,6
S2150,门店-0150,华东,广州,无人店,2025-11,190.6,190.95,381.55,0.209,14
S2150,门店-0150,华东,武汉,无人店,2025-12,347.68,448.8,796.48,0.1896,15
S2151,门店-0151,华中,南京,标准店,2026-01,120.9,126.18,247.09,0.2335,6
S2151,门店-0151,华中,广州,标准店,2026-02,158.88,161.27,320.14,0.2769,9
S2151,门店-0151,华中,广州,标准店,2026-03,234.05,373.19,607.24,0.1828,9
S2151,门店-0151,华中,北京,标准店,2026-04,166.29,203.93,370.22,0.2161,14
S2151,门店-0151,华中,武汉,标准店,2025-05,129.61,190.29,319.9,0.2091,13
S2151,门店-0151,华中,成都,标准店,2025-06,187.54,293.33,480.87,0.2406,12
S2151,门店-0151,华中,重庆,标准店,2025-07,259.05,321.84,580.89,0.2543,4
S2151,门店-0151,华中,广州,标准店,2025-08,99.57,119.74,219.32,0.2554,6
S2151,门店-0151,华中,南京,标准店,2025-09,215.39,293.36,508.75,0.2139,8
S2151,门店-0151,华中,杭州,标准店,2025-10,179.59,160.11,339.7,0.1916,8
S2151,门店-0151,华中,武汉,标准店,2025-11,123.76,160.84,284.6,0.2459,5
S2151,门店-0151,华中,上海,标准店,2025-12,153.35,220.52,373.87,0.223,12
S2152,门店-0152,华中,南京,无人店,2026-01,47.58,48.7,96.28,0.2061,4
S2152,门店-0152,华中,成都,无人店,2026-02,236.79,253.84,490.62,0.275,7
S2152,门店-0152,华中,成都,无人店,2026-03,251.08,314.72,565.79,0.1928,10
S2152,门店-0152,华中,杭州,无人店,2026-04,236.83,217.46,454.29,0.2525,9
S2152,门店-0152,华中,西安,无人店,2025-05,95.19,107.1,202.29,0.3137,13
S2152,门店-0152,华中,西安,无人店,2025-06,46.78,53.93,100.71,0.3008,5
S2152,门店-0152,华中,北京,无人店,2025-07,186.87,252.9,439.78,0.2769,11
S2152,门店-0152,华中,成都,无人店,2025-08,228.13,309.02,537.15,0.304,10
S2152,门店-0152,华中,武汉,无人店,2025-09,235.53,283.53,519.07,0.2065,14
S2152,门店-0152,华中,重庆,无人店,2025-10,152.8,130.51,283.31,0.2664,12
S2152,门店-0152,华中,成都,无人店,2025-11,61.74,97.46,159.2,0.2479,8
S2152,门店-0152,华中,西安,无人店,2025-12,191.34,201.35,392.69,0.3025,8
S2153,门店-0153,华北,杭州,旗舰店,2026-01,172.0,261.07,433.07,0.2703,7
S2153,门店-0153,华北,上海,旗舰店,2026-02,269.52,380.12,649.64,0.2976,15
S2153,门店-0153,华北,广州,旗舰店,2026-03,241.75,351.93,593.69,0.2015,15
S2153,门店-0153,华北,上海,旗舰店,2026-04,224.59,184.85,409.43,0.2471,9
S2153,门店-0153,华北,广州,旗舰店,2025-05,138.53,157.11,295.64,0.2705,14
S2153,门店-0153,华北,广州,旗舰店,2025-06,244.41,310.21,554.62,0.2263,3
S2153,门店-0153,华北,北京,旗舰店,2025-07,180.67,259.76,440.43,0.2806,15
S2153,门店-0153,华北,深圳,旗舰店,2025-08,229.55,354.02,583.57,0.1807,10
S2153,门店-0153,华北,北京,旗舰店,2025-09,48.37,55.96,104.33,0.2873,15
S2153,门店-0153,华北,西安,旗舰店,2025-10,132.16,208.07,340.22,0.3046,11
S2153,门店-0153,华北,重庆,旗舰店,2025-11,224.25,302.18,526.43,0.247,11
S2153,门店-0153,华北,南京,旗舰店,2025-12,259.26,379.79,639.04,0.1997,15
S2154,门店-0154,华中,南京,标准店,2026-01,198.49,173.45,371.94,0.2543,7
S2154,门店-0154,华中,西安,标准店,2026-02,157.33,236.55,393.88,0.2239,6
S2154,门店-0154,华中,成都,标准店,2026-03,45.39,68.74,114.13,0.1824,3
S2154,门店-0154,华中,西安,标准店,2026-04,67.09,92.04,159.13,0.2518,11
S2154,门店-0154,华中,成都,标准店,2025-05,65.94,89.51,155.45,0.27,13
S2154,门店-0154,华中,北京,标准店,2025-06,212.34,268.84,481.18,0.2404,13
S2154,门店-0154,华中,武汉,标准店,2025-07,143.17,121.32,264.49,0.2767,14
S2154,门店-0154,华中,上海,标准店,2025-08,76.24,111.68,187.93,0.2499,10
S2154,门店-0154,华中,上海,标准店,2025-09,234.83,236.48,471.3,0.1922,10
S2154,门店-0154,华中,广州,标准店,2025-10,139.91,160.76,300.67,0.2931,6
S2154,门店-0154,华中,广州,标准店,2025-11,77.41,99.54,176.95,0.2024,3
S2154,门店-0154,华中,成都,标准店,2025-12,109.76,164.05,273.8,0.2438,3
S2155,门店-0155,华北,武汉,旗舰店,2026-01,152.47,167.41,319.88,0.3009,12
S2155,门店-0155,华北,上海,旗舰店,2026-02,96.13,131.58,227.71,0.2868,5
S2155,门店-0155,华北,成都,旗舰店,2026-03,128.9,138.66,267.56,0.2626,5
S2155,门店-0155,华北,广州,旗舰店,2026-04,79.06,76.68,155.74,0.2972,12
S2155,门店-0155,华北,上海,旗舰店,2025-05,168.12,268.33,436.45,0.2125,7
S2155,门店-0155,华北,上海,旗舰店,2025-06,195.91,260.33,456.24,0.2256,13
S2155,门店-0155,华北,北京,旗舰店,2025-07,62.88,88.9,151.78,0.3169,4
S2155,门店-0155,华北,广州,旗舰店,2025-08,92.7,139.68,232.37,0.2939,11
S2155,门店-0155,华北,南京,旗舰店,2025-09,253.56,393.78,647.34,0.242,14
S2155,门店-0155,华北,上海,旗舰店,2025-10,108.18,156.32,264.5,0.3151,4
S2155,门店-0155,华北,深圳,旗舰店,2025-11,223.17,312.92,536.09,0.2821,15
S2155,门店-0155,华北,深圳,旗舰店,2025-12,98.16,140.59,238.76,0.3176,12
S2156,门店-0156,华北,杭州,标准店,2026-01,260.51,393.15,653.66,0.2238,6
S2156,门店-0156,华北,深圳,标准店,2026-02,69.57,82.2,151.77,0.2486,13
S2156,门店-0156,华北,广州,标准店,2026-03,254.46,208.52,462.98,0.2836,6
S2156,门店-0156,华北,重庆,标准店,2026-04,73.49,75.57,149.05,0.2109,12
S2156,门店-0156,华北,北京,标准店,2025-05,228.77,306.04,534.81,0.187,13
S2156,门店-0156,华北,南京,标准店,2025-06,141.89,194.41,336.3,0.252,13
S2156,门店-0156,华北,西安,标准店,2025-07,83.28,67.69,150.97,0.2945,15
S2156,门店-0156,华北,北京,标准店,2025-08,82.62,119.15,201.77,0.2128,7
S2156,门店-0156,华北,成都,标准店,2025-09,84.82,92.18,177.0,0.1979,3
S2156,门店-0156,华北,成都,标准店,2025-10,169.13,180.14,349.26,0.2502,8
S2156,门店-0156,华北,深圳,标准店,2025-11,249.35,294.12,543.47,0.2377,13
S2156,门店-0156,华北,深圳,标准店,2025-12,125.87,166.69,292.56,0.2141,3
S2157,门店-0157,华南,杭州,无人店,2026-01,264.23,406.18,670.4,0.1995,6
S2157,门店-0157,华南,西安,无人店,2026-02,281.62,395.17,676.78,0.3317,11
S2157,门店-0157,华南,深圳,无人店,2026-03,348.81,344.69,693.5,0.2023,7
S2157,门店-0157,华南,北京,无人店,2026-04,354.24,444.77,799.01,0.2039,11
S2157,门店-0157,华南,成都,无人店,2025-05,67.74,80.94,148.67,0.2833,11
S2157,门店-0157,华南,上海,无人店,2025-06,123.2,144.48,267.69,0.209,7
S2157,门店-0157,华南,广州,无人店,2025-07,210.65,329.77,540.42,0.2902,4
S2157,门店-0157,华南,成都,无人店,2025-08,75.82,91.73,167.55,0.2773,7
S2157,门店-0157,华南,深圳,无人店,2025-09,336.86,520.69,857.55,0.3205,12
S2157,门店-0157,华南,广州,无人店,2025-10,202.16,252.1,454.27,0.2931,5
S2157,门店-0157,华南,成都,无人店,2025-11,187.07,267.13,454.19,0.2545,6
S2157,门店-0157,华南,广州,无人店,2025-12,163.26,180.66,343.91,0.2108,3
S2158,门店-0158,华南,上海,旗舰店,2026-01,237.1,268.79,505.88,0.2018,4
S2158,门店-0158,华南,深圳,旗舰店,2026-02,215.1,198.17,413.27,0.3108,14
S2158,门店-0158,华南,重庆,旗舰店,2026-03,349.58,347.04,696.62,0.2173,12
S2158,门店-0158,华南,北京,旗舰店,2026-04,224.64,223.72,448.36,0.3353,4
S2158,门店-0158,华南,杭州,旗舰店,2025-05,118.45,129.09,247.54,0.297,10
S2158,门店-0158,华南,武汉,旗舰店,2025-06,149.91,155.67,305.58,0.3082,8
S2158,门店-0158,华南,南京,旗舰店,2025-07,279.42,438.23,717.65,0.3073,5
S2158,门店-0158,华南,北京,旗舰店,2025-08,253.34,240.24,493.58,0.204,7
S2158,门店-0158,华南,杭州,旗舰店,2025-09,108.81,156.46,265.26,0.1925,13
S2158,门店-0158,华南,武汉,旗舰店,2025-10,71.18,109.24,180.42,0.2018,5
S2158,门店-0158,华南,西安,旗舰店,2025-11,212.25,302.73,514.97,0.3041,8
S2158,门店-0158,华南,杭州,旗舰店,2025-12,82.0,120.85,202.85,0.2919,12
S2159,门店-0159,华北,北京,便利店,2026-01,155.02,174.16,329.18,0.2328,8
S2159,门店-0159,华北,深圳,便利店,2026-02,252.85,243.33,496.17,0.2996,8
S2159,门店-0159,华北,上海,便利店,2026-03,220.03,235.6,455.62,0.1979,14
S2159,门店-0159,华北,北京,便利店,2026-04,175.2,233.96,409.16,0.3163,11
S2159,门店-0159,华北,重庆,便利店,2025-05,176.24,146.42,322.67,0.2905,4
S2159,门店-0159,华北,武汉,便利店,2025-06,264.51,335.23,599.74,0.3054,15
S2159,门店-0159,华北,西安,便利店,2025-07,134.82,114.44,249.26,0.1931,7
S2159,门店-0159,华北,成都,便利店,2025-08,207.1,166.02,373.12,0.2549,3
S2159,门店-0159,华北,南京,便利店,2025-09,189.72,288.17,477.89,0.2143,5
S2159,门店-0159,华北,广州,便利店,2025-10,135.28,215.28,350.56,0.2217,5
S2159,门店-0159,华北,深圳,便利店,2025-11,120.4,97.17,217.57,0.2039,9
S2159,门店-0159,华北,北京,便利店,2025-12,220.48,223.29,443.77,0.1883,4
S2160,门店-0160,东北,重庆,标准店,2026-01,163.7,214.46,378.15,0.316,9
S2160,门店-0160,东北,成都,标准店,2026-02,222.57,232.26,454.83,0.1996,15
S2160,门店-0160,东北,南京,标准店,2026-03,184.99,241.15,426.14,0.3126,12
S2160,门店-0160,东北,武汉,标准店,2026-04,132.24,166.06,298.3,0.3198,7
S2160,门店-0160,东北,深圳,标准店,2025-05,108.48,142.29,250.77,0.3061,4
S2160,门店-0160,东北,南京,标准店,2025-06,128.41,147.35,275.76,0.2035,5
S2160,门店-0160,东北,广州,标准店,2025-07,119.41,138.28,257.69,0.2121,6
S2160,门店-0160,东北,重庆,标准店,2025-08,260.11,341.22,601.33,0.2278,4
S2160,门店-0160,东北,重庆,标准店,2025-09,139.4,152.82,292.22,0.3087,7
S2160,门店-0160,东北,西安,标准店,2025-10,145.2,170.23,315.44,0.1992,5
S2160,门店-0160,东北,北京,标准店,2025-11,85.89,79.85,165.74,0.2305,4
S2160,门店-0160,东北,杭州,标准店,2025-12,141.06,153.39,294.44,0.1998,6
S2161,门店-0161,华北,成都,无人店,2026-01,209.29,205.31,414.6,0.1982,11
S2161,门店-0161,华北,武汉,无人店,2026-02,191.54,173.13,364.68,0.2871,4
S2161,门店-0161,华北,成都,无人店,2026-03,115.82,168.9,284.72,0.2028,10
S2161,门店-0161,华北,北京,无人店,2026-04,240.85,364.54,605.38,0.3132,10
S2161,门店-0161,华北,成都,无人店,2025-05,268.85,383.68,652.54,0.254,8
S2161,门店-0161,华北,杭州,无人店,2025-06,137.73,167.05,304.77,0.2122,14
S2161,门店-0161,华北,武汉,无人店,2025-07,209.34,327.36,536.7,0.2954,7
S2161,门店-0161,华北,杭州,无人店,2025-08,233.64,293.07,526.71,0.2478,3
S2161,门店-0161,华北,重庆,无人店,2025-09,130.16,192.5,322.66,0.2206,12
S2161,门店-0161,华北,杭州,无人店,2025-10,243.96,268.48,512.43,0.2673,11
S2161,门店-0161,华北,广州,无人店,2025-11,192.21,208.67,400.87,0.242,12
S2161,门店-0161,华北,杭州,无人店,2025-12,254.77,257.32,512.09,0.1962,5
S2162,门店-0162,华北,北京,标准店,2026-01,122.0,188.78,310.77,0.2009,15
S2162,门店-0162,华北,重庆,标准店,2026-02,209.08,255.78,464.86,0.2444,12
S2162,门店-0162,华北,武汉,标准店,2026-03,245.87,226.31,472.18,0.2148,4
S2162,门店-0162,华北,重庆,标准店,2026-04,220.09,183.31,403.4,0.3177,10
S2162,门店-0162,华北,重庆,标准店,2025-05,127.29,105.08,232.38,0.2893,4
S2162,门店-0162,华北,深圳,标准店,2025-06,186.84,215.92,402.76,0.3014,10
S2162,门店-0162,华北,武汉,标准店,2025-07,226.78,229.62,456.4,0.2116,14
S2162,门店-0162,华北,深圳,标准店,2025-08,101.57,85.18,186.75,0.2513,13
S2162,门店-0162,华北,武汉,标准店,2025-09,250.65,295.04,545.69,0.2299,5
S2162,门店-0162,华北,广州,标准店,2025-10,202.64,169.56,372.2,0.2933,3
S2162,门店-0162,华北,北京,标准店,2025-11,146.99,152.08,299.08,0.2252,13
S2162,门店-0162,华北,上海,标准店,2025-12,127.84,123.64,251.48,0.27,10
S2163,门店-0163,华南,深圳,标准店,2026-01,205.47,313.8,519.27,0.2567,10
S2163,门店-0163,华南,南京,标准店,2026-02,214.02,271.19,485.22,0.2263,9
S2163,门店-0163,华南,上海,标准店,2026-03,141.52,178.55,320.07,0.2167,15
S2163,门店-0163,华南,深圳,标准店,2026-04,123.18,146.73,269.91,0.2589,12
S2163,门店-0163,华南,北京,标准店,2025-05,183.84,172.6,356.44,0.2455,10
S2163,门店-0163,华南,广州,标准店,2025-06,290.76,316.03,606.79,0.2285,15
S2163,门店-0163,华南,杭州,标准店,2025-07,356.37,338.31,694.68,0.3087,10
S2163,门店-0163,华南,成都,标准店,2025-08,219.49,224.97,444.46,0.2328,14
S2163,门店-0163,华南,北京,标准店,2025-09,193.99,296.08,490.07,0.3272,7
S2163,门店-0163,华南,北京,标准店,2025-10,133.02,198.79,331.82,0.2622,8
S2163,门店-0163,华南,北京,标准店,2025-11,66.09,83.61,149.71,0.2751,3
S2163,门店-0163,华南,杭州,标准店,2025-12,346.4,524.19,870.58,0.2328,14
S2164,门店-0164,华北,杭州,标准店,2026-01,67.15,95.82,162.97,0.2104,8
S2164,门店-0164,华北,北京,标准店,2026-02,109.62,115.86,225.48,0.2262,4
S2164,门店-0164,华北,南京,标准店,2026-03,174.7,186.07,360.78,0.2922,14
S2164,门店-0164,华北,深圳,标准店,2026-04,83.35,72.57,155.92,0.2826,10
S2164,门店-0164,华北,杭州,标准店,2025-05,213.55,238.69,452.24,0.2779,4
S2164,门店-0164,华北,北京,标准店,2025-06,212.74,301.66,514.4,0.1805,15
S2164,门店-0164,华北,上海,标准店,2025-07,202.6,323.99,526.59,0.2018,15
S2164,门店-0164,华北,上海,标准店,2025-08,177.41,178.19,355.6,0.3151,10
S2164,门店-0164,华北,北京,标准店,2025-09,219.47,255.75,475.22,0.3048,15
S2164,门店-0164,华北,深圳,标准店,2025-10,256.48,340.13,596.61,0.2211,3
S2164,门店-0164,华北,杭州,标准店,2025-11,235.2,353.77,588.97,0.2259,4
S2164,门店-0164,华北,西安,标准店,2025-12,143.19,184.76,327.95,0.3061,9
S2165,门店-0165,华南,北京,无人店,2026-01,248.55,361.81,610.37,0.1959,8
S2165,门店-0165,华南,武汉,无人店,2026-02,331.87,371.56,703.43,0.2631,9
S2165,门店-0165,华南,广州,无人店,2026-03,150.02,159.77,309.79,0.2928,6
S2165,门店-0165,华南,北京,无人店,2026-04,177.8,242.7,420.5,0.3062,9
S2165,门店-0165,华南,武汉,无人店,2025-05,226.38,268.65,495.03,0.2632,12
S2165,门店-0165,华南,西安,无人店,2025-06,151.0,144.37,295.37,0.3047,4
S2165,门店-0165,华南,南京,无人店,2025-07,291.85,364.13,655.98,0.195,13
S2165,门店-0165,华南,武汉,无人店,2025-08,113.83,133.55,247.38,0.2059,11
S2165,门店-0165,华南,上海,无人店,2025-09,75.88,63.8,139.68,0.2161,5
S2165,门店-0165,华南,广州,无人店,2025-10,298.48,458.87,757.35,0.2662,5
S2165,门店-0165,华南,成都,无人店,2025-11,265.98,384.3,650.28,0.2463,14
S2165,门店-0165,华南,西安,无人店,2025-12,166.08,251.89,417.97,0.2895,15
S2166,门店-0166,东北,杭州,标准店,2026-01,228.91,292.34,521.26,0.2194,3
S2166,门店-0166,东北,深圳,标准店,2026-02,194.09,297.54,491.62,0.3064,3
S2166,门店-0166,东北,成都,标准店,2026-03,118.25,113.62,231.86,0.2289,10
S2166,门店-0166,东北,上海,标准店,2026-04,62.37,53.07,115.43,0.3079,10
S2166,门店-0166,东北,深圳,标准店,2025-05,74.06,115.73,189.79,0.2229,13
S2166,门店-0166,东北,上海,标准店,2025-06,159.9,231.21,391.11,0.2757,13
S2166,门店-0166,东北,重庆,标准店,2025-07,244.3,350.31,594.61,0.3086,3
S2166,门店-0166,东北,北京,标准店,2025-08,166.33,192.85,359.18,0.2562,4
S2166,门店-0166,东北,上海,标准店,2025-09,86.15,104.21,190.37,0.3076,8
S2166,门店-0166,东北,重庆,标准店,2025-10,127.35,158.29,285.64,0.2147,9
S2166,门店-0166,东北,重庆,标准店,2025-11,166.76,156.64,323.4,0.1871,13
S2166,门店-0166,东北,上海,标准店,2025-12,48.94,71.66,120.6,0.2883,12
S2167,门店-0167,华东,北京,旗舰店,2026-01,303.96,284.0,587.96,0.3108,5
S2167,门店-0167,华东,重庆,旗舰店,2026-02,314.6,457.66,772.26,0.3054,6
S2167,门店-0167,华东,上海,旗舰店,2026-03,283.66,377.13,660.79,0.302,11
S2167,门店-0167,华东,南京,旗舰店,2026-04,311.81,281.77,593.58,0.1966,14
S2167,门店-0167,华东,武汉,旗舰店,2025-05,313.5,386.74,700.25,0.1995,6
S2167,门店-0167,华东,南京,旗舰店,2025-06,313.99,253.79,567.78,0.2622,9
S2167,门店-0167,华东,重庆,旗舰店,2025-07,328.67,507.05,835.72,0.2734,7
S2167,门店-0167,华东,北京,旗舰店,2025-08,244.33,225.4,469.73,0.2946,13
S2167,门店-0167,华东,西安,旗舰店,2025-09,188.07,162.14,350.21,0.3137,10
S2167,门店-0167,华东,北京,旗舰店,2025-10,339.18,324.12,663.3,0.2449,8
S2167,门店-0167,华东,北京,旗舰店,2025-11,85.53,106.38,191.91,0.1993,4
S2167,门店-0167,华东,武汉,旗舰店,2025-12,259.24,344.89,604.13,0.2708,12
S2168,门店-0168,西南,西安,便利店,2026-01,118.47,126.45,244.92,0.25,10
S2168,门店-0168,西南,北京,便利店,2026-02,190.03,175.54,365.57,0.314,10
S2168,门店-0168,西南,杭州,便利店,2026-03,220.75,307.45,528.19,0.2037,5
S2168,门店-0168,西南,南京,便利店,2026-04,84.89,90.12,175.01,0.255,3
S2168,门店-0168,西南,北京,便利店,2025-05,177.33,174.54,351.87,0.2026,11
S2168,门店-0168,西南,成都,便利店,2025-06,146.24,161.66,307.9,0.3079,13
S2168,门店-0168,西南,重庆,便利店,2025-07,84.7,111.81,196.51,0.1955,10
S2168,门店-0168,西南,武汉,便利店,2025-08,74.21,92.08,166.28,0.189,7
S2168,门店-0168,西南,北京,便利店,2025-09,260.18,209.23,469.41,0.2731,15
S2168,门店-0168,西南,上海,便利店,2025-10,199.98,213.43,413.42,0.2007,10
S2168,门店-0168,西南,杭州,便利店,2025-11,193.43,264.75,458.18,0.2763,9
S2168,门店-0168,西南,成都,便利店,2025-12,222.95,245.42,468.37,0.2068,3
S2169,门店-0169,华东,重庆,无人店,2026-01,293.11,372.3,665.41,0.3195,4
S2169,门店-0169,华东,武汉,无人店,2026-02,196.8,192.74,389.55,0.2387,14
S2169,门店-0169,华东,成都,无人店,2026-03,327.05,442.98,770.02,0.2906,3
S2169,门店-0169,华东,重庆,无人店,2026-04,140.5,124.09,264.59,0.1931,8
S2169,门店-0169,华东,西安,无人店,2025-05,144.28,227.87,372.16,0.3125,10
S2169,门店-0169,华东,深圳,无人店,2025-06,342.41,402.77,745.19,0.2976,10
S2169,门店-0169,华东,西安,无人店,2025-07,304.6,397.13,701.72,0.2982,14
S2169,门店-0169,华东,深圳,无人店,2025-08,173.55,244.02,417.58,0.257,3
S2169,门店-0169,华东,广州,无人店,2025-09,294.93,445.68,740.61,0.2427,12
S2169,门店-0169,华东,武汉,无人店,2025-10,316.77,337.37,654.14,0.1904,12
S2169,门店-0169,华东,武汉,无人店,2025-11,179.84,183.91,363.75,0.2986,14
S2169,门店-0169,华东,深圳,无人店,2025-12,105.3,101.0,206.3,0.2993,3
S2170,门店-0170,华东,上海,标准店,2026-01,101.09,145.88,246.97,0.3002,8
S2170,门店-0170,华东,南京,标准店,2026-02,295.68,296.02,591.7,0.2868,5
S2170,门店-0170,华东,广州,标准店,2026-03,338.86,445.96,784.81,0.198,6
S2170,门店-0170,华东,西安,标准店,2026-04,77.77,90.36,168.13,0.2461,15
S2170,门店-0170,华东,重庆,标准店,2025-05,198.67,255.79,454.46,0.2522,5
S2170,门店-0170,华东,广州,标准店,2025-06,199.74,219.63,419.37,0.1927,5
S2170,门店-0170,华东,北京,标准店,2025-07,359.75,445.2,804.94,0.2148,9
S2170,门店-0170,华东,杭州,标准店,2025-08,248.66,323.32,571.97,0.2645,4
S2170,门店-0170,华东,北京,标准店,2025-09,275.41,431.36,706.77,0.3022,11
S2170,门店-0170,华东,深圳,标准店,2025-10,306.24,462.85,769.09,0.3118,11
S2170,门店-0170,华东,广州,标准店,2025-11,327.94,490.54,818.48,0.2864,12
S2170,门店-0170,华东,重庆,标准店,2025-12,306.5,401.4,707.9,0.2244,10
S2171,门店-0171,华中,北京,标准店,2026-01,136.55,189.61,326.16,0.2814,6
S2171,门店-0171,华中,广州,标准店,2026-02,136.97,123.51,260.49,0.211,10
S2171,门店-0171,华中,深圳,标准店,2026-03,199.08,165.13,364.2,0.197,6
S2171,门店-0171,华中,深圳,标准店,2026-04,268.26,221.77,490.03,0.2205,11
S2171,门店-0171,华中,杭州,标准店,2025-05,164.8,141.34,306.13,0.2609,4
S2171,门店-0171,华中,重庆,标准店,2025-06,131.13,195.49,326.62,0.3158,10
S2171,门店-0171,华中,重庆,标准店,2025-07,228.43,339.69,568.13,0.1873,5
S2171,门店-0171,华中,重庆,标准店,2025-08,242.8,362.07,604.87,0.2519,3
S2171,门店-0171,华中,深圳,标准店,2025-09,80.91,125.89,206.79,0.2141,14
S2171,门店-0171,华中,上海,标准店,2025-10,208.7,236.78,445.48,0.213,14
S2171,门店-0171,华中,北京,标准店,2025-11,168.1,163.5,331.6,0.2727,15
S2171,门店-0171,华中,深圳,标准店,2025-12,152.4,208.88,361.28,0.2671,3
S2172,门店-0172,华北,西安,旗舰店,2026-01,145.56,126.32,271.88,0.1815,10
S2172,门店-0172,华北,杭州,旗舰店,2026-02,106.27,112.54,218.82,0.27,7
S2172,门店-0172,华北,南京,旗舰店,2026-03,242.12,343.8,585.91,0.2733,11
S2172,门店-0172,华北,北京,旗舰店,2026-04,223.14,228.84,451.99,0.2375,3
S2172,门店-0172,华北,上海,旗舰店,2025-05,230.62,283.45,514.06,0.2784,3
S2172,门店-0172,华北,西安,旗舰店,2025-06,82.93,97.68,180.61,0.2783,15
S2172,门店-0172,华北,上海,旗舰店,2025-07,268.69,428.56,697.25,0.3015,4
S2172,门店-0172,华北,武汉,旗舰店,2025-08,245.39,333.59,578.98,0.2167,9
S2172,门店-0172,华北,武汉,旗舰店,2025-09,252.84,347.95,600.78,0.2623,6
S2172,门店-0172,华北,广州,旗舰店,2025-10,99.64,152.17,251.81,0.2651,15
S2172,门店-0172,华北,北京,旗舰店,2025-11,117.34,181.91,299.25,0.2077,14
S2172,门店-0172,华北,杭州,旗舰店,2025-12,200.53,188.84,389.37,0.2702,8
S2173,门店-0173,华东,西安,便利店,2026-01,169.08,246.06,415.14,0.2082,15
S2173,门店-0173,华东,成都,便利店,2026-02,191.94,227.99,419.93,0.316,14
S2173,门店-0173,华东,北京,便利店,2026-03,110.03,149.69,259.72,0.2201,15
S2173,门店-0173,华东,南京,便利店,2026-04,204.73,210.77,415.5,0.2594,11
S2173,门店-0173,华东,广州,便利店,2025-05,329.48,416.02,745.5,0.2478,15
S2173,门店-0173,华东,上海,便利店,2025-06,312.66,323.2,635.86,0.2519,11
S2173,门店-0173,华东,武汉,便利店,2025-07,255.02,269.48,524.5,0.3093,11
S2173,门店-0173,华东,西安,便利店,2025-08,355.56,414.98,770.54,0.3325,12
S2173,门店-0173,华东,上海,便利店,2025-09,138.54,142.87,281.41,0.2456,13
S2173,门店-0173,华东,重庆,便利店,2025-10,295.46,327.38,622.84,0.2605,11
S2173,门店-0173,华东,西安,便利店,2025-11,341.49,379.79,721.28,0.3107,8
S2173,门店-0173,华东,武汉,便利店,2025-12,133.15,157.47,290.62,0.3328,10
S2174,门店-0174,华东,西安,无人店,2026-01,348.28,444.95,793.24,0.2629,13
S2174,门店-0174,华东,成都,无人店,2026-02,230.71,216.94,447.66,0.3235,8
S2174,门店-0174,华东,南京,无人店,2026-03,127.8,152.59,280.4,0.3131,3
S2174,门店-0174,华东,杭州,无人店,2026-04,349.12,407.64,756.76,0.288,10
S2174,门店-0174,华东,成都,无人店,2025-05,232.93,353.41,586.34,0.3324,9
S2174,门店-0174,华东,西安,无人店,2025-06,286.59,263.6,550.19,0.2363,9
S2174,门店-0174,华东,西安,无人店,2025-07,228.3,184.45,412.75,0.2479,10
S2174,门店-0174,华东,西安,无人店,2025-08,117.65,110.49,228.14,0.2383,13
S2174,门店-0174,华东,北京,无人店,2025-09,213.3,295.9,509.2,0.1984,14
S2174,门店-0174,华东,杭州,无人店,2025-10,193.64,295.85,489.49,0.2819,10
S2174,门店-0174,华东,上海,无人店,2025-11,135.21,115.3,250.51,0.1938,3
S2174,门店-0174,华东,广州,无人店,2025-12,111.45,125.76,237.21,0.1924,6
S2175,门店-0175,西南,南京,旗舰店,2026-01,214.63,283.76,498.39,0.2661,9
S2175,门店-0175,西南,深圳,旗舰店,2026-02,180.11,267.6,447.71,0.2539,6
S2175,门店-0175,西南,深圳,旗舰店,2026-03,73.25,88.49,161.74,0.2394,4
S2175,门店-0175,西南,成都,旗舰店,2026-04,186.55,282.3,468.85,0.3153,11
S2175,门店-0175,西南,北京,旗舰店,2025-05,152.51,169.61,322.12,0.2137,5
S2175,门店-0175,西南,南京,旗舰店,2025-06,205.45,231.01,436.45,0.1941,11
S2175,门店-0175,西南,成都,旗舰店,2025-07,178.47,268.77,447.23,0.1862,6
S2175,门店-0175,西南,广州,旗舰店,2025-08,46.16,42.54,88.7,0.2513,11
S2175,门店-0175,西南,南京,旗舰店,2025-09,260.06,374.67,634.73,0.2316,6
S2175,门店-0175,西南,广州,旗舰店,2025-10,261.52,324.12,585.64,0.251,6
S2175,门店-0175,西南,北京,旗舰店,2025-11,184.27,234.1,418.37,0.3136,7
S2175,门店-0175,西南,上海,旗舰店,2025-12,196.42,169.8,366.22,0.2009,13
S2176,门店-0176,华东,南京,便利店,2026-01,288.95,290.78,579.73,0.2674,8
S2176,门店-0176,华东,武汉,便利店,2026-02,331.62,361.24,692.86,0.2108,8
S2176,门店-0176,华东,重庆,便利店,2026-03,299.24,305.95,605.19,0.2938,8
S2176,门店-0176,华东,武汉,便利店,2026-04,255.84,308.62,564.46,0.2096,4
S2176,门店-0176,华东,重庆,便利店,2025-05,324.61,488.32,812.92,0.3244,13
S2176,门店-0176,华东,广州,便利店,2025-06,245.44,346.93,592.37,0.2187,6
S2176,门店-0176,华东,杭州,便利店,2025-07,322.46,389.4,711.86,0.3088,14
S2176,门店-0176,华东,南京,便利店,2025-08,143.13,163.34,306.47,0.2196,12
S2176,门店-0176,华东,西安,便利店,2025-09,209.05,304.3,513.35,0.231,15
S2176,门店-0176,华东,重庆,便利店,2025-10,230.25,364.15,594.4,0.2646,13
S2176,门店-0176,华东,西安,便利店,2025-11,85.33,91.1,176.43,0.2927,3
S2176,门店-0176,华东,北京,便利店,2025-12,318.7,470.96,789.66,0.2553,8
S2177,门店-0177,华中,成都,旗舰店,2026-01,165.61,155.32,320.92,0.2272,11
S2177,门店-0177,华中,西安,旗舰店,2026-02,211.12,186.03,397.14,0.1815,7
S2177,门店-0177,华中,成都,旗舰店,2026-03,155.9,217.25,373.15,0.2294,13
S2177,门店-0177,华中,西安,旗舰店,2026-04,97.35,152.98,250.33,0.2406,7
S2177,门店-0177,华中,西安,旗舰店,2025-05,48.24,40.67,88.91,0.2329,8
S2177,门店-0177,华中,武汉,旗舰店,2025-06,158.31,214.23,372.54,0.2766,5
S2177,门店-0177,华中,武汉,旗舰店,2025-07,98.94,104.02,202.95,0.2559,9
S2177,门店-0177,华中,广州,旗舰店,2025-08,83.6,73.77,157.37,0.2189,10
S2177,门店-0177,华中,上海,旗舰店,2025-09,204.3,297.41,501.71,0.2778,5
S2177,门店-0177,华中,重庆,旗舰店,2025-10,106.55,100.93,207.48,0.2349,7
S2177,门店-0177,华中,成都,旗舰店,2025-11,169.4,224.87,394.27,0.221,7
S2177,门店-0177,华中,北京,旗舰店,2025-12,113.26,112.02,225.28,0.2863,7
S2178,门店-0178,华南,广州,标准店,2026-01,235.21,364.74,599.95,0.2173,15
S2178,门店-0178,华南,上海,标准店,2026-02,316.66,419.61,736.27,0.2169,13
S2178,门店-0178,华南,西安,标准店,2026-03,207.37,292.73,500.1,0.2994,13
S2178,门店-0178,华南,杭州,标准店,2026-04,125.68,148.81,274.49,0.3074,6
S2178,门店-0178,华南,杭州,标准店,2025-05,291.79,364.83,656.62,0.2904,7
S2178,门店-0178,华南,杭州,标准店,2025-06,350.85,478.78,829.63,0.2789,11
S2178,门店-0178,华南,武汉,标准店,2025-07,340.16,437.79,777.94,0.3248,8
S2178,门店-0178,华南,上海,标准店,2025-08,293.07,398.19,691.26,0.2399,8
S2178,门店-0178,华南,成都,标准店,2025-09,118.25,96.46,214.71,0.2451,10
S2178,门店-0178,华南,武汉,标准店,2025-10,110.85,139.58,250.43,0.3317,8
S2178,门店-0178,华南,深圳,标准店,2025-11,97.17,131.44,228.62,0.2742,15
S2178,门店-0178,华南,西安,标准店,2025-12,355.74,442.62,798.35,0.2024,14
S2179,门店-0179,西南,深圳,无人店,2026-01,47.7,55.32,103.02,0.3062,9
S2179,门店-0179,西南,杭州,无人店,2026-02,105.29,110.86,216.15,0.2897,5
S2179,门店-0179,西南,成都,无人店,2026-03,188.12,171.14,359.26,0.225,6
S2179,门店-0179,西南,上海,无人店,2026-04,159.17,206.07,365.24,0.3128,11
S2179,门店-0179,西南,广州,无人店,2025-05,229.19,252.36,481.56,0.3105,11
S2179,门店-0179,西南,北京,无人店,2025-06,220.72,234.55,455.27,0.1853,3
S2179,门店-0179,西南,西安,无人店,2025-07,106.98,114.21,221.19,0.3169,12
S2179,门店-0179,西南,深圳,无人店,2025-08,81.13,79.98,161.11,0.26,13
S2179,门店-0179,西南,重庆,无人店,2025-09,52.23,62.14,114.37,0.3157,3
S2179,门店-0179,西南,上海,无人店,2025-10,116.88,123.08,239.95,0.3185,9
S2179,门店-0179,西南,南京,无人店,2025-11,101.02,99.66,200.67,0.2144,12
S2179,门店-0179,西南,广州,无人店,2025-12,86.12,130.0,216.12,0.2365,14
S2180,门店-0180,华南,南京,无人店,2026-01,325.24,441.98,767.22,0.228,7
S2180,门店-0180,华南,成都,无人店,2026-02,325.53,455.36,780.9,0.2567,4
S2180,门店-0180,华南,武汉,无人店,2026-03,294.12,327.57,621.69,0.2031,3
S2180,门店-0180,华南,南京,无人店,2026-04,116.33,124.94,241.26,0.2845,13
S2180,门店-0180,华南,西安,无人店,2025-05,109.28,128.45,237.73,0.2276,4
S2180,门店-0180,华南,深圳,无人店,2025-06,77.06,105.91,182.97,0.2553,9
S2180,门店-0180,华南,杭州,无人店,2025-07,341.2,502.65,843.85,0.256,14
S2180,门店-0180,华南,南京,无人店,2025-08,153.06,186.42,339.48,0.3307,13
S2180,门店-0180,华南,成都,无人店,2025-09,298.69,242.7,541.39,0.3091,3
S2180,门店-0180,华南,北京,无人店,2025-10,153.87,150.06,303.94,0.2768,11
S2180,门店-0180,华南,南京,无人店,2025-11,342.12,508.72,850.84,0.3293,6
S2180,门店-0180,华南,重庆,无人店,2025-12,341.35,483.99,825.34,0.2444,10
S2181,门店-0181,华东,南京,便利店,2026-01,323.84,392.65,716.49,0.1942,5
S2181,门店-0181,华东,南京,便利店,2026-02,103.88,91.98,195.86,0.2783,14
S2181,门店-0181,华东,北京,便利店,2026-03,306.71,432.83,739.54,0.3285,5
S2181,门店-0181,华东,武汉,便利店,2026-04,74.71,112.72,187.43,0.2767,12
S2181,门店-0181,华东,重庆,便利店,2025-05,212.26,330.83,543.09,0.2899,9
S2181,门店-0181,华东,杭州,便利店,2025-06,162.41,178.21,340.62,0.3045,5
S2181,门店-0181,华东,南京,便利店,2025-07,104.08,130.14,234.22,0.2618,12
S2181,门店-0181,华东,北京,便利店,2025-08,313.88,428.12,742.0,0.3263,6
S2181,门店-0181,华东,深圳,便利店,2025-09,253.71,321.84,575.54,0.3051,11
S2181,门店-0181,华东,上海,便利店,2025-10,229.8,291.18,520.99,0.2265,4
S2181,门店-0181,华东,杭州,便利店,2025-11,206.23,254.48,460.71,0.2451,12
S2181,门店-0181,华东,广州,便利店,2025-12,253.68,226.38,480.06,0.2381,4
S2182,门店-0182,华东,南京,便利店,2026-01,339.74,380.92,720.66,0.2536,12
S2182,门店-0182,华东,上海,便利店,2026-02,191.68,229.56,421.23,0.3254,15
S2182,门店-0182,华东,南京,便利店,2026-03,186.19,187.65,373.84,0.2819,8
S2182,门店-0182,华东,重庆,便利店,2026-04,285.21,438.95,724.16,0.2224,11
S2182,门店-0182,华东,武汉,便利店,2025-05,124.91,141.21,266.12,0.3134,15
S2182,门店-0182,华东,深圳,便利店,2025-06,238.58,298.79,537.37,0.319,14
S2182,门店-0182,华东,深圳,便利店,2025-07,205.88,302.79,508.67,0.2791,15
S2182,门店-0182,华东,南京,便利店,2025-08,318.84,281.09,599.93,0.3204,4
S2182,门店-0182,华东,成都,便利店,2025-09,91.5,117.21,208.72,0.3242,12
S2182,门店-0182,华东,北京,便利店,2025-10,187.87,286.72,474.59,0.2689,10
S2182,门店-0182,华东,广州,便利店,2025-11,261.07,301.65,562.71,0.2655,5
S2182,门店-0182,华东,西安,便利店,2025-12,203.79,269.04,472.82,0.2197,5
S2183,门店-0183,华南,重庆,无人店,2026-01,152.65,207.09,359.74,0.3276,10
S2183,门店-0183,华南,重庆,无人店,2026-02,100.98,141.04,242.02,0.3357,3
S2183,门店-0183,华南,成都,无人店,2026-03,330.96,284.67,615.62,0.2722,15
S2183,门店-0183,华南,武汉,无人店,2026-04,282.11,430.19,712.3,0.2115,7
S2183,门店-0183,华南,广州,无人店,2025-05,289.42,276.11,565.53,0.3075,15
S2183,门店-0183,华南,西安,无人店,2025-06,184.09,208.99,393.08,0.2114,5
S2183,门店-0183,华南,杭州,无人店,2025-07,84.09,126.08,210.17,0.1898,3
S2183,门店-0183,华南,西安,无人店,2025-08,130.3,208.07,338.37,0.2294,10
S2183,门店-0183,华南,北京,无人店,2025-09,269.97,331.36,601.33,0.2031,9
S2183,门店-0183,华南,成都,无人店,2025-10,286.21,254.09,540.3,0.275,4
S2183,门店-0183,华南,重庆,无人店,2025-11,130.14,206.16,336.31,0.3146,8
S2183,门店-0183,华南,杭州,无人店,2025-12,222.5,301.31,523.81,0.3189,12
S2184,门店-0184,华东,西安,便利店,2026-01,267.53,263.33,530.86,0.274,9
S2184,门店-0184,华东,西安,便利店,2026-02,301.72,393.92,695.64,0.3112,13
S2184,门店-0184,华东,武汉,便利店,2026-03,164.28,249.09,413.36,0.2428,14
S2184,门店-0184,华东,深圳,便利店,2026-04,166.19,209.34,375.53,0.2132,12
S2184,门店-0184,华东,成都,便利店,2025-05,96.76,144.32,241.08,0.321,3
S2184,门店-0184,华东,杭州,便利店,2025-06,168.14,251.93,420.07,0.2803,13
S2184,门店-0184,华东,上海,便利店,2025-07,339.42,464.4,803.82,0.2265,7
S2184,门店-0184,华东,西安,便利店,2025-08,132.22,195.19,327.41,0.294,4
S2184,门店-0184,华东,武汉,便利店,2025-09,334.39,422.58,756.97,0.2053,13
S2184,门店-0184,华东,北京,便利店,2025-10,173.41,245.54,418.95,0.1903,8
S2184,门店-0184,华东,深圳,便利店,2025-11,244.73,210.88,455.61,0.2167,13
S2184,门店-0184,华东,杭州,便利店,2025-12,147.06,164.15,311.22,0.2572,7
S2185,门店-0185,华南,西安,无人店,2026-01,95.43,91.82,187.26,0.3192,9
S2185,门店-0185,华南,北京,无人店,2026-02,230.5,269.84,500.33,0.2045,6
S2185,门店-0185,华南,重庆,无人店,2026-03,158.13,167.51,325.64,0.3103,12
S2185,门店-0185,华南,西安,无人店,2026-04,205.1,209.72,414.81,0.3039,15
S2185,门店-0185,华南,南京,无人店,2025-05,353.8,428.75,782.54,0.2697,12
S2185,门店-0185,华南,广州,无人店,2025-06,347.8,337.21,685.01,0.3078,12
S2185,门店-0185,华南,武汉,无人店,2025-07,234.32,331.5,565.82,0.2984,11
S2185,门店-0185,华南,广州,无人店,2025-08,350.12,310.94,661.06,0.2695,9
S2185,门店-0185,华南,广州,无人店,2025-09,259.94,241.28,501.22,0.291,5
S2185,门店-0185,华南,西安,无人店,2025-10,177.76,259.22,436.98,0.2641,15
S2185,门店-0185,华南,深圳,无人店,2025-11,343.61,400.78,744.39,0.2981,3
S2185,门店-0185,华南,武汉,无人店,2025-12,92.17,107.1,199.27,0.3069,13
S2186,门店-0186,华南,北京,无人店,2026-01,193.28,182.68,375.96,0.3279,15
S2186,门店-0186,华南,北京,无人店,2026-02,269.26,336.67,605.93,0.2233,5
S2186,门店-0186,华南,广州,无人店,2026-03,283.75,355.78,639.53,0.3304,8
S2186,门店-0186,华南,南京,无人店,2026-04,248.35,260.07,508.42,0.2664,5
S2186,门店-0186,华南,重庆,无人店,2025-05,355.03,426.98,782.01,0.2415,7
S2186,门店-0186,华南,重庆,无人店,2025-06,132.05,137.77,269.82,0.3173,4
S2186,门店-0186,华南,武汉,无人店,2025-07,289.68,415.71,705.39,0.3224,13
S2186,门店-0186,华南,深圳,无人店,2025-08,186.48,286.08,472.55,0.2679,15
S2186,门店-0186,华南,深圳,无人店,2025-09,256.47,350.49,606.97,0.3137,11
S2186,门店-0186,华南,成都,无人店,2025-10,114.43,102.01,216.44,0.2417,6
S2186,门店-0186,华南,杭州,无人店,2025-11,293.48,265.83,559.31,0.2168,4
S2186,门店-0186,华南,成都,无人店,2025-12,318.75,310.35,629.09,0.2936,8
S2187,门店-0187,华中,上海,便利店,2026-01,240.12,364.57,604.69,0.296,8
S2187,门店-0187,华中,重庆,便利店,2026-02,123.1,188.13,311.23,0.249,3
S2187,门店-0187,华中,西安,便利店,2026-03,207.59,250.84,458.43,0.2639,10
S2187,门店-0187,华中,西安,便利店,2026-04,128.88,146.4,275.29,0.2057,15
S2187,门店-0187,华中,成都,便利店,2025-05,241.05,211.87,452.92,0.2492,7
S2187,门店-0187,华中,重庆,便利店,2025-06,178.5,178.68,357.18,0.26,9
S2187,门店-0187,华中,杭州,便利店,2025-07,178.9,204.16,383.06,0.2465,5
S2187,门店-0187,华中,杭州,便利店,2025-08,249.48,307.2,556.67,0.2895,9
S2187,门店-0187,华中,重庆,便利店,2025-09,126.01,155.35,281.36,0.2857,15
S2187,门店-0187,华中,上海,便利店,2025-10,124.69,129.93,254.62,0.2215,10
S2187,门店-0187,华中,南京,便利店,2025-11,259.04,396.51,655.56,0.2882,4
S2187,门店-0187,华中,西安,便利店,2025-12,269.63,289.82,559.45,0.3102,5
S2188,门店-0188,华南,深圳,无人店,2026-01,262.35,220.77,483.12,0.2064,13
S2188,门店-0188,华南,杭州,无人店,2026-02,226.53,242.85,469.39,0.3053,15
S2188,门店-0188,华南,成都,无人店,2026-03,217.54,345.66,563.21,0.2991,5
S2188,门店-0188,华南,广州,无人店,2026-04,254.03,317.54,571.57,0.2224,9
S2188,门店-0188,华南,广州,无人店,2025-05,300.27,449.72,749.99,0.2406,13
S2188,门店-0188,华南,成都,无人店,2025-06,335.01,399.58,734.59,0.2288,3
S2188,门店-0188,华南,重庆,无人店,2025-07,96.95,148.78,245.73,0.2053,5
S2188,门店-0188,华南,上海,无人店,2025-08,165.15,254.61,419.76,0.3095,12
S2188,门店-0188,华南,北京,无人店,2025-09,125.86,127.9,253.75,0.2956,7
S2188,门店-0188,华南,上海,无人店,2025-10,155.52,142.06,297.58,0.1907,9
S2188,门店-0188,华南,武汉,无人店,2025-11,357.39,364.51,721.9,0.3191,4
S2188,门店-0188,华南,武汉,无人店,2025-12,97.06,145.82,242.88,0.3056,9
S2189,门店-0189,东北,深圳,便利店,2026-01,222.85,335.37,558.22,0.2281,6
S2189,门店-0189,东北,杭州,便利店,2026-02,222.32,336.59,558.91,0.2758,7
S2189,门店-0189,东北,广州,便利店,2026-03,268.35,256.45,524.81,0.2071,5
S2189,门店-0189,东北,北京,便利店,2026-04,93.17,94.18,187.35,0.3093,15
S2189,门店-0189,东北,北京,便利店,2025-05,51.47,81.31,132.78,0.2192,13
S2189,门店-0189,东北,南京,便利店,2025-06,152.32,140.04,292.36,0.2317,9
S2189,门店-0189,东北,西安,便利店,2025-07,86.77,69.43,156.2,0.1904,8
S2189,门店-0189,东北,广州,便利店,2025-08,192.5,165.41,357.9,0.2906,3
S2189,门店-0189,东北,西安,便利店,2025-09,121.03,114.53,235.56,0.1831,13
S2189,门店-0189,东北,西安,便利店,2025-10,66.71,103.39,170.09,0.201,4
S2189,门店-0189,东北,杭州,便利店,2025-11,231.88,236.02,467.9,0.2041,11
S2189,门店-0189,东北,重庆,便利店,2025-12,97.56,97.95,195.52,0.267,12
S2190,门店-0190,华东,深圳,标准店,2026-01,359.12,505.02,864.14,0.254,4
S2190,门店-0190,华东,北京,标准店,2026-02,272.39,403.18,675.57,0.2982,14
S2190,门店-0190,华东,北京,标准店,2026-03,316.45,407.28,723.73,0.2318,8
S2190,门店-0190,华东,武汉,标准店,2026-04,184.94,160.32,345.26,0.305,8
S2190,门店-0190,华东,西安,标准店,2025-05,294.09,248.95,543.05,0.2148,12
S2190,门店-0190,华东,重庆,标准店,2025-06,113.24,135.6,248.84,0.223,7
S2190,门店-0190,华东,成都,标准店,2025-07,241.29,338.19,579.47,0.2168,4
S2190,门店-0190,华东,上海,标准店,2025-08,86.64,117.49,204.12,0.2452,11
S2190,门店-0190,华东,成都,标准店,2025-09,254.82,233.27,488.1,0.2395,4
S2190,门店-0190,华东,深圳,标准店,2025-10,200.74,217.77,418.51,0.2762,5
S2190,门店-0190,华东,西安,标准店,2025-11,84.46,112.22,196.68,0.2286,7
S2190,门店-0190,华东,上海,标准店,2025-12,85.41,88.45,173.86,0.2611,9
S2191,门店-0191,东北,上海,标准店,2026-01,87.42,99.44,186.86,0.3035,14
S2191,门店-0191,东北,南京,标准店,2026-02,161.94,224.48,386.42,0.2793,6
S2191,门店-0191,东北,北京,标准店,2026-03,258.15,403.69,661.84,0.2546,15
S2191,门店-0191,东北,杭州,标准店,2026-04,219.04,313.1,532.14,0.2881,9
S2191,门店-0191,东北,南京,标准店,2025-05,204.54,317.63,522.17,0.2197,5
S2191,门店-0191,东北,广州,标准店,2025-06,162.67,227.92,390.59,0.3113,5
S2191,门店-0191,东北,西安,标准店,2025-07,158.19,155.17,313.36,0.2867,3
S2191,门店-0191,东北,杭州,标准店,2025-08,113.33,120.91,234.24,0.2963,12
S2191,门店-0191,东北,武汉,标准店,2025-09,204.5,307.29,511.79,0.2243,12
S2191,门店-0191,东北,西安,标准店,2025-10,53.07,65.55,118.62,0.2677,14
S2191,门店-0191,东北,广州,标准店,2025-11,125.24,170.16,295.4,0.2144,3
S2191,门店-0191,东北,北京,标准店,2025-12,82.05,96.51,178.56,0.2709,14
S2192,门店-0192,西南,杭州,无人店,2026-01,242.98,212.2,455.18,0.3075,10
S2192,门店-0192,西南,上海,无人店,2026-02,59.93,80.87,140.8,0.2906,13
S2192,门店-0192,西南,成都,无人店,2026-03,225.54,252.14,477.68,0.2675,4
S2192,门店-0192,西南,广州,无人店,2026-04,101.74,123.66,225.4,0.1879,8
S2192,门店-0192,西南,上海,无人店,2025-05,234.95,365.44,600.39,0.2933,10
S2192,门店-0192,西南,广州,无人店,2025-06,211.44,194.48,405.92,0.2574,5
S2192,门店-0192,西南,上海,无人店,2025-07,101.35,141.12,242.47,0.2685,8
S2192,门店-0192,西南,西安,无人店,2025-08,91.86,103.18,195.04,0.2417,5
S2192,门店-0192,西南,杭州,无人店,2025-09,212.83,303.09,515.92,0.3117,3
S2192,门店-0192,西南,深圳,无人店,2025-10,173.6,196.39,369.99,0.31,5
S2192,门店-0192,西南,西安,无人店,2025-11,229.09,265.94,495.03,0.2813,3
S2192,门店-0192,西南,杭州,无人店,2025-12,83.31,107.24,190.55,0.2247,7
S2193,门店-0193,东北,西安,无人店,2026-01,116.35,183.46,299.8,0.2565,9
S2193,门店-0193,东北,西安,无人店,2026-02,150.91,182.3,333.21,0.2547,7
S2193,门店-0193,东北,杭州,无人店,2026-03,57.64,76.14,133.78,0.2621,12
S2193,门店-0193,东北,杭州,无人店,2026-04,85.78,129.35,215.13,0.2124,14
S2193,门店-0193,东北,上海,无人店,2025-05,160.01,245.84,405.85,0.302,8
S2193,门店-0193,东北,成都,无人店,2025-06,185.91,272.25,458.16,0.3183,8
S2193,门店-0193,东北,广州,无人店,2025-07,205.64,280.03,485.67,0.2566,13
S2193,门店-0193,东北,西安,无人店,2025-08,121.14,147.4,268.53,0.233,11
S2193,门店-0193,东北,上海,无人店,2025-09,192.14,248.17,440.31,0.1958,15
S2193,门店-0193,东北,深圳,无人店,2025-10,106.62,93.37,199.99,0.2069,8
S2193,门店-0193,东北,深圳,无人店,2025-11,252.4,252.32,504.72,0.2425,5
S2193,门店-0193,东北,重庆,无人店,2025-12,59.55,48.48,108.03,0.2993,7
S2194,门店-0194,西南,西安,无人店,2026-01,117.93,187.55,305.48,0.2364,9
S2194,门店-0194,西南,北京,无人店,2026-02,62.66,64.63,127.29,0.2149,13
S2194,门店-0194,西南,广州,无人店,2026-03,176.09,151.93,328.02,0.2683,7
S2194,门店-0194,西南,杭州,无人店,2026-04,103.3,115.37,218.67,0.3123,3
S2194,门店-0194,西南,南京,无人店,2025-05,259.14,386.17,645.31,0.2278,10
S2194,门店-0194,西南,深圳,无人店,2025-06,147.77,170.48,318.25,0.2464,9
S2194,门店-0194,西南,广州,无人店,2025-07,181.61,210.14,391.75,0.2456,10
S2194,门店-0194,西南,深圳,无人店,2025-08,239.25,226.91,466.16,0.1979,7
S2194,门店-0194,西南,上海,无人店,2025-09,72.94,79.25,152.19,0.3067,14
S2194,门店-0194,西南,北京,无人店,2025-10,217.16,295.5,512.66,0.2543,13
S2194,门店-0194,西南,上海,无人店,2025-11,159.64,136.75,296.38,0.1943,11
S2194,门店-0194,西南,成都,无人店,2025-12,174.24,170.88,345.12,0.2305,11
S2195,门店-0195,华东,广州,旗舰店,2026-01,67.45,79.01,146.46,0.2529,4
S2195,门店-0195,华东,南京,旗舰店,2026-02,90.49,126.05,216.54,0.2076,14
S2195,门店-0195,华东,广州,旗舰店,2026-03,342.38,512.84,855.22,0.1891,9
S2195,门店-0195,华东,重庆,旗舰店,2026-04,303.88,275.55,579.43,0.2774,13
S2195,门店-0195,华东,武汉,旗舰店,2025-05,139.3,164.26,303.56,0.2404,15
S2195,门店-0195,华东,重庆,旗舰店,2025-06,198.45,231.47,429.91,0.3178,3
S2195,门店-0195,华东,杭州,旗舰店,2025-07,72.96,97.33,170.29,0.2325,3
S2195,门店-0195,华东,武汉,旗舰店,2025-08,176.09,278.66,454.74,0.2917,5
S2195,门店-0195,华东,南京,旗舰店,2025-09,242.01,346.09,588.1,0.2631,3
S2195,门店-0195,华东,西安,旗舰店,2025-10,78.3,84.05,162.35,0.2276,3
S2195,门店-0195,华东,重庆,旗舰店,2025-11,358.66,425.06,783.72,0.1969,11
S2195,门店-0195,华东,重庆,旗舰店,2025-12,217.63,195.57,413.19,0.328,7
S2196,门店-0196,东北,杭州,标准店,2026-01,50.8,61.09,111.89,0.2255,11
S2196,门店-0196,东北,重庆,标准店,2026-02,91.38,85.09,176.47,0.2084,9
S2196,门店-0196,东北,北京,标准店,2026-03,159.07,156.35,315.43,0.2634,4
S2196,门店-0196,东北,西安,标准店,2026-04,262.01,349.85,611.86,0.3093,12
S2196,门店-0196,东北,杭州,标准店,2025-05,225.51,326.6,552.1,0.2382,3
S2196,门店-0196,东北,北京,标准店,2025-06,249.59,394.33,643.92,0.2071,8
S2196,门店-0196,东北,西安,标准店,2025-07,165.13,237.61,402.74,0.2348,4
S2196,门店-0196,东北,上海,标准店,2025-08,148.43,200.07,348.5,0.2749,5
S2196,门店-0196,东北,广州,标准店,2025-09,110.56,122.64,233.21,0.2409,13
S2196,门店-0196,东北,重庆,标准店,2025-10,224.3,230.38,454.68,0.2408,6
S2196,门店-0196,东北,武汉,标准店,2025-11,83.42,86.73,170.15,0.2088,6
S2196,门店-0196,东北,西安,标准店,2025-12,144.32,124.23,268.55,0.3159,8
S2197,门店-0197,华东,广州,便利店,2026-01,265.13,269.73,534.85,0.295,14
S2197,门店-0197,华东,北京,便利店,2026-02,97.93,79.19,177.12,0.2138,7
S2197,门店-0197,华东,重庆,便利店,2026-03,263.72,212.91,476.63,0.2334,10
S2197,门店-0197,华东,武汉,便利店,2026-04,357.59,515.15,872.74,0.2701,7
S2197,门店-0197,华东,深圳,便利店,2025-05,106.98,118.89,225.88,0.2761,3
S2197,门店-0197,华东,广州,便利店,2025-06,290.94,251.26,542.2,0.1921,4
S2197,门店-0197,华东,上海,便利店,2025-07,175.28,167.3,342.58,0.32,8
S2197,门店-0197,华东,南京,便利店,2025-08,185.17,228.54,413.71,0.2527,11
S2197,门店-0197,华东,广州,便利店,2025-09,303.22,476.85,780.07,0.2415,8
S2197,门店-0197,华东,北京,便利店,2025-10,266.06,281.53,547.59,0.27,13
S2197,门店-0197,华东,广州,便利店,2025-11,356.08,442.25,798.32,0.3098,14
S2197,门店-0197,华东,南京,便利店,2025-12,355.83,448.5,804.33,0.3358,3
S2198,门店-0198,东北,重庆,无人店,2026-01,117.6,121.29,238.89,0.3089,15
S2198,门店-0198,东北,深圳,无人店,2026-02,248.72,371.1,619.82,0.2718,11
S2198,门店-0198,东北,成都,无人店,2026-03,115.43,162.09,277.52,0.1839,12
S2198,门店-0198,东北,重庆,无人店,2026-04,231.28,301.28,532.57,0.2939,5
S2198,门店-0198,东北,武汉,无人店,2025-05,116.93,136.76,253.69,0.1924,4
S2198,门店-0198,东北,杭州,无人店,2025-06,199.24,258.35,457.59,0.181,13
S2198,门店-0198,东北,武汉,无人店,2025-07,54.37,48.02,102.39,0.2833,15
S2198,门店-0198,东北,上海,无人店,2025-08,106.64,102.76,209.4,0.2707,12
S2198,门店-0198,东北,深圳,无人店,2025-09,206.21,278.42,484.63,0.2691,4
S2198,门店-0198,东北,深圳,无人店,2025-10,196.32,307.78,504.1,0.202,7
S2198,门店-0198,东北,成都,无人店,2025-11,95.83,100.01,195.84,0.207,10
S2198,门店-0198,东北,西安,无人店,2025-12,236.86,327.82,564.68,0.2104,8
S2199,门店-0199,华南,深圳,便利店,2026-01,340.25,508.58,848.83,0.2561,7
S2199,门店-0199,华南,杭州,便利店,2026-02,260.74,266.24,526.97,0.2467,13
S2199,门店-0199,华南,深圳,便利店,2026-03,192.85,274.94,467.79,0.3284,5
S2199,门店-0199,华南,北京,便利店,2026-04,109.39,88.57,197.95,0.2322,4
S2199,门店-0199,华南,武汉,便利店,2025-05,168.3,172.97,341.27,0.2235,10
S2199,门店-0199,华南,南京,便利店,2025-06,199.3,189.45,388.75,0.2652,13
S2199,门店-0199,华南,成都,便利店,2025-07,255.36,299.51,554.88,0.2075,13
S2199,门店-0199,华南,重庆,便利店,2025-08,234.55,229.31,463.86,0.2361,11
S2199,门店-0199,华南,北京,便利店,2025-09,109.16,105.9,215.07,0.2516,8
S2199,门店-0199,华南,南京,便利店,2025-10,340.56,541.46,882.02,0.2549,15
S2199,门店-0199,华南,武汉,便利店,2025-11,355.49,490.11,845.61,0.269,13
S2199,门店-0199,华南,广州,便利店,2025-12,78.93,107.67,186.6,0.3336,3
S2200,门店-0200,华中,重庆,旗舰店,2026-01,260.25,416.31,676.56,0.2775,8
S2200,门店-0200,华中,上海,旗舰店,2026-02,83.35,128.65,212.0,0.1994,4
S2200,门店-0200,华中,深圳,旗舰店,2026-03,180.78,195.63,376.41,0.3095,13
S2200,门店-0200,华中,北京,旗舰店,2026-04,103.18,114.99,218.17,0.2431,6
S2200,门店-0200,华中,深圳,旗舰店,2025-05,110.34,115.02,225.36,0.186,13
S2200,门店-0200,华中,武汉,旗舰店,2025-06,193.79,188.16,381.95,0.1866,13
S2200,门店-0200,华中,上海,旗舰店,2025-07,225.29,248.74,474.03,0.2968,4
S2200,门店-0200,华中,重庆,旗舰店,2025-08,105.19,132.11,237.3,0.2763,8
S2200,门店-0200,华中,杭州,旗舰店,2025-09,208.72,210.32,419.05,0.2547,11
S2200,门店-0200,华中,西安,旗舰店,2025-10,132.78,157.57,290.34,0.3063,10
S2200,门店-0200,华中,上海,旗舰店,2025-11,53.56,69.36,122.92,0.2392,15
S2200,门店-0200,华中,深圳,旗舰店,2025-12,124.8,144.2,268.99,0.2506,14
S2201,门店-0201,华北,武汉,便利店,2026-01,216.7,315.18,531.88,0.1876,5
S2201,门店-0201,华北,西安,便利店,2026-02,222.81,276.39,499.2,0.2655,5
S2201,门店-0201,华北,北京,便利店,2026-03,129.84,110.12,239.96,0.2134,3
S2201,门店-0201,华北,西安,便利店,2026-04,155.78,152.29,308.07,0.3003,12
S2201,门店-0201,华北,南京,便利店,2025-05,147.53,178.61,326.14,0.2632,5
S2201,门店-0201,华北,武汉,便利店,2025-06,68.15,92.69,160.84,0.2754,5
S2201,门店-0201,华北,广州,便利店,2025-07,229.75,330.5,560.25,0.3192,6
S2201,门店-0201,华北,重庆,便利店,2025-08,80.47,100.53,181.0,0.232,4
S2201,门店-0201,华北,成都,便利店,2025-09,87.53,118.58,206.11,0.2228,10
S2201,门店-0201,华北,北京,便利店,2025-10,60.8,50.92,111.72,0.2757,3
S2201,门店-0201,华北,武汉,便利店,2025-11,225.69,327.31,553.01,0.1985,8
S2201,门店-0201,华北,成都,便利店,2025-12,209.17,274.0,483.17,0.1827,10
S2202,门店-0202,华东,成都,旗舰店,2026-01,324.26,405.41,729.67,0.195,3
S2202,门店-0202,华东,广州,旗舰店,2026-02,133.04,179.42,312.46,0.2106,7
S2202,门店-0202,华东,杭州,旗舰店,2026-03,160.23,202.24,362.48,0.2276,11
S2202,门店-0202,华东,南京,旗舰店,2026-04,130.82,151.82,282.63,0.2364,11
S2202,门店-0202,华东,成都,旗舰店,2025-05,217.34,222.54,439.88,0.3251,14
S2202,门店-0202,华东,深圳,旗舰店,2025-06,170.34,212.18,382.51,0.21,13
S2202,门店-0202,华东,南京,旗舰店,2025-07,264.23,304.6,568.82,0.2676,3
S2202,门店-0202,华东,杭州,旗舰店,2025-08,186.14,233.43,419.57,0.2786,5
S2202,门店-0202,华东,重庆,旗舰店,2025-09,245.44,271.67,517.12,0.2086,6
S2202,门店-0202,华东,武汉,旗舰店,2025-10,158.22,189.58,347.8,0.2358,12
S2202,门店-0202,华东,上海,旗舰店,2025-11,86.0,96.76,182.75,0.2936,4
S2202,门店-0202,华东,广州,旗舰店,2025-12,241.89,207.88,449.77,0.3035,12
S2203,门店-0203,华东,深圳,便利店,2026-01,67.19,67.33,134.52,0.2729,15
S2203,门店-0203,华东,深圳,便利店,2026-02,353.42,351.85,705.27,0.3239,3
S2203,门店-0203,华东,成都,便利店,2026-03,62.86,64.31,127.18,0.3121,11
S2203,门店-0203,华东,上海,便利店,2026-04,315.99,312.16,628.15,0.2937,9
S2203,门店-0203,华东,武汉,便利店,2025-05,217.02,186.24,403.26,0.2731,3
S2203,门店-0203,华东,成都,便利店,2025-06,209.23,326.4,535.63,0.2167,11
S2203,门店-0203,华东,深圳,便利店,2025-07,166.49,190.4,356.89,0.3099,11
S2203,门店-0203,华东,重庆,便利店,2025-08,172.33,191.16,363.49,0.3334,3
S2203,门店-0203,华东,上海,便利店,2025-09,247.47,375.25,622.73,0.2569,11
S2203,门店-0203,华东,上海,便利店,2025-10,300.4,280.21,580.61,0.2104,5
S2203,门店-0203,华东,上海,便利店,2025-11,223.0,338.71,561.72,0.2926,14
S2203,门店-0203,华东,西安,便利店,2025-12,231.23,309.95,541.18,0.2945,7
S2204,门店-0204,西南,重庆,便利店,2026-01,155.15,191.45,346.6,0.2596,11
S2204,门店-0204,西南,成都,便利店,2026-02,82.72,116.02,198.73,0.2265,4
S2204,门店-0204,西南,杭州,便利店,2026-03,195.85,289.73,485.58,0.2877,11
S2204,门店-0204,西南,深圳,便利店,2026-04,162.35,209.45,371.8,0.3041,10
S2204,门店-0204,西南,北京,便利店,2025-05,121.7,165.9,287.6,0.2806,9
S2204,门店-0204,西南,北京,便利店,2025-06,64.63,80.59,145.22,0.2271,15
S2204,门店-0204,西南,上海,便利店,2025-07,168.2,221.39,389.59,0.2992,15
S2204,门店-0204,西南,北京,便利店,2025-08,183.4,159.77,343.17,0.244,8
S2204,门店-0204,西南,上海,便利店,2025-09,205.43,218.47,423.9,0.195,4
S2204,门店-0204,西南,武汉,便利店,2025-10,214.99,332.09,547.09,0.2369,13
S2204,门店-0204,西南,广州,便利店,2025-11,215.69,274.98,490.67,0.314,3
S2204,门店-0204,西南,成都,便利店,2025-12,252.68,276.14,528.82,0.1952,13
S2205,门店-0205,西南,上海,标准店,2026-01,119.16,190.12,309.28,0.217,15
S2205,门店-0205,西南,重庆,标准店,2026-02,130.92,107.83,238.75,0.2361,8
S2205,门店-0205,西南,西安,标准店,2026-03,170.52,181.44,351.96,0.2621,9
S2205,门店-0205,西南,西安,标准店,2026-04,92.54,77.99,170.53,0.3045,12
S2205,门店-0205,西南,杭州,标准店,2025-05,233.39,307.37,540.76,0.2584,6
S2205,门店-0205,西南,武汉,标准店,2025-06,73.02,86.18,159.2,0.2282,7
S2205,门店-0205,西南,北京,标准店,2025-07,124.8,136.82,261.62,0.2944,9
S2205,门店-0205,西南,广州,标准店,2025-08,125.44,119.43,244.87,0.1876,4
S2205,门店-0205,西南,广州,标准店,2025-09,233.24,351.87,585.11,0.2032,11
S2205,门店-0205,西南,南京,标准店,2025-10,50.82,63.25,114.07,0.3037,4
S2205,门店-0205,西南,上海,标准店,2025-11,144.02,200.08,344.1,0.2731,9
S2205,门店-0205,西南,北京,标准店,2025-12,72.73,59.6,132.33,0.2801,14
S2206,门店-0206,华东,重庆,旗舰店,2026-01,65.06,74.71,139.76,0.2486,9
S2206,门店-0206,华东,广州,旗舰店,2026-02,203.22,185.58,388.8,0.2721,3
S2206,门店-0206,华东,北京,旗舰店,2026-03,320.92,355.23,676.14,0.2822,3
S2206,门店-0206,华东,杭州,旗舰店,2026-04,281.33,273.76,555.09,0.229,9
S2206,门店-0206,华东,重庆,旗舰店,2025-05,255.62,281.04,536.66,0.2138,13
S2206,门店-0206,华东,重庆,旗舰店,2025-06,276.56,222.7,499.27,0.3136,3
S2206,门店-0206,华东,上海,旗舰店,2025-07,97.17,124.16,221.34,0.203,7
S2206,门店-0206,华东,成都,旗舰店,2025-08,179.67,175.31,354.98,0.2305,5
S2206,门店-0206,华东,深圳,旗舰店,2025-09,285.72,435.43,721.15,0.3268,13
S2206,门店-0206,华东,广州,旗舰店,2025-10,104.55,108.31,212.86,0.288,9
S2206,门店-0206,华东,北京,旗舰店,2025-11,213.1,268.39,481.48,0.3157,11
S2206,门店-0206,华东,杭州,旗舰店,2025-12,65.59,57.02,122.61,0.3205,15
S2207,门店-0207,华北,成都,无人店,2026-01,159.5,144.08,303.59,0.2847,14
S2207,门店-0207,华北,南京,无人店,2026-02,45.83,42.31,88.14,0.2762,9
S2207,门店-0207,华北,武汉,无人店,2026-03,184.19,231.94,416.13,0.277,11
S2207,门店-0207,华北,南京,无人店,2026-04,239.05,191.92,430.97,0.194,10
S2207,门店-0207,华北,北京,无人店,2025-05,79.69,97.39,177.08,0.2699,14
S2207,门店-0207,华北,武汉,无人店,2025-06,128.05,204.03,332.08,0.3005,11
S2207,门店-0207,华北,杭州,无人店,2025-07,104.82,91.44,196.26,0.2585,15
S2207,门店-0207,华北,成都,无人店,2025-08,97.72,124.56,222.28,0.2838,13
S2207,门店-0207,华北,北京,无人店,2025-09,128.91,204.82,333.73,0.2775,5
S2207,门店-0207,华北,深圳,无人店,2025-10,114.95,118.44,233.39,0.2936,14
S2207,门店-0207,华北,深圳,无人店,2025-11,72.79,103.57,176.36,0.2812,10
S2207,门店-0207,华北,杭州,无人店,2025-12,83.41,123.95,207.36,0.2035,11
S2208,门店-0208,西南,北京,旗舰店,2026-01,193.78,206.97,400.75,0.1909,10
S2208,门店-0208,西南,杭州,旗舰店,2026-02,189.23,215.46,404.7,0.3112,3
S2208,门店-0208,西南,广州,旗舰店,2026-03,107.96,102.33,210.29,0.1895,8
S2208,门店-0208,西南,武汉,旗舰店,2026-04,51.71,67.81,119.53,0.3131,15
S2208,门店-0208,西南,西安,旗舰店,2025-05,119.98,96.75,216.73,0.2454,13
S2208,门店-0208,西南,广州,旗舰店,2025-06,172.06,268.44,440.5,0.2662,4
S2208,门店-0208,西南,北京,旗舰店,2025-07,221.16,319.81,540.97,0.2441,4
S2208,门店-0208,西南,杭州,旗舰店,2025-08,145.65,232.52,378.17,0.1867,9
S2208,门店-0208,西南,武汉,旗舰店,2025-09,186.26,284.11,470.37,0.2292,8
S2208,门店-0208,西南,上海,旗舰店,2025-10,231.71,189.15,420.86,0.2934,12
S2208,门店-0208,西南,深圳,旗舰店,2025-11,225.89,326.76,552.65,0.2529,12
S2208,门店-0208,西南,西安,旗舰店,2025-12,124.98,133.88,258.85,0.2531,8
S2209,门店-0209,华中,深圳,便利店,2026-01,218.28,197.34,415.61,0.2138,15
S2209,门店-0209,华中,杭州,便利店,2026-02,248.54,232.2,480.74,0.2953,11
S2209,门店-0209,华中,重庆,便利店,2026-03,167.89,258.84,426.73,0.2153,6
S2209,门店-0209,华中,西安,便利店,2026-04,80.65,65.73,146.37,0.2269,8
S2209,门店-0209,华中,杭州,便利店,2025-05,145.86,159.84,305.71,0.2526,12
S2209,门店-0209,华中,广州,便利店,2025-06,199.76,194.44,394.2,0.2913,8
S2209,门店-0209,华中,重庆,便利店,2025-07,103.68,130.07,233.75,0.2395,12
S2209,门店-0209,华中,深圳,便利店,2025-08,226.5,299.67,526.17,0.2617,6
S2209,门店-0209,华中,杭州,便利店,2025-09,87.17,124.19,211.35,0.2054,7
S2209,门店-0209,华中,北京,便利店,2025-10,221.98,228.16,450.14,0.3192,12
S2209,门店-0209,华中,重庆,便利店,2025-11,144.38,157.1,301.48,0.2023,13
S2209,门店-0209,华中,重庆,便利店,2025-12,160.7,143.47,304.18,0.3003,6
S2210,门店-0210,华北,武汉,无人店,2026-01,70.39,80.9,151.29,0.3086,5
S2210,门店-0210,华北,西安,无人店,2026-02,84.82,135.65,220.47,0.2468,10
S2210,门店-0210,华北,武汉,无人店,2026-03,62.65,68.55,131.2,0.2852,5
S2210,门店-0210,华北,广州,无人店,2026-04,176.17,202.75,378.91,0.2267,3
S2210,门店-0210,华北,西安,无人店,2025-05,132.55,199.48,332.03,0.2516,6
S2210,门店-0210,华北,成都,无人店,2025-06,145.82,177.82,323.65,0.2747,7
S2210,门店-0210,华北,武汉,无人店,2025-07,130.85,205.15,336.0,0.2097,8
S2210,门店-0210,华北,重庆,无人店,2025-08,131.67,198.6,330.27,0.2471,7
S2210,门店-0210,华北,深圳,无人店,2025-09,121.84,173.26,295.1,0.2658,4
S2210,门店-0210,华北,上海,无人店,2025-10,87.63,97.97,185.6,0.2806,12
S2210,门店-0210,华北,上海,无人店,2025-11,163.43,257.39,420.82,0.1912,11
S2210,门店-0210,华北,西安,无人店,2025-12,195.95,214.47,410.42,0.2322,8
S2211,门店-0211,西南,上海,无人店,2026-01,219.23,253.1,472.33,0.2881,8
S2211,门店-0211,西南,广州,无人店,2026-02,75.82,105.4,181.22,0.2043,13
S2211,门店-0211,西南,西安,无人店,2026-03,242.59,332.15,574.74,0.2038,13
S2211,门店-0211,西南,南京,无人店,2026-04,70.34,106.76,177.1,0.2023,11
S2211,门店-0211,西南,武汉,无人店,2025-05,90.52,128.5,219.02,0.1835,14
S2211,门店-0211,西南,北京,无人店,2025-06,113.4,98.8,212.2,0.1965,10
S2211,门店-0211,西南,成都,无人店,2025-07,48.18,41.95,90.13,0.2974,11
S2211,门店-0211,西南,南京,无人店,2025-08,188.54,157.54,346.08,0.2742,3
S2211,门店-0211,西南,武汉,无人店,2025-09,90.32,83.84,174.17,0.2687,8
S2211,门店-0211,西南,成都,无人店,2025-10,194.33,207.64,401.97,0.2591,5
S2211,门店-0211,西南,上海,无人店,2025-11,73.76,103.86,177.62,0.1805,8
S2211,门店-0211,西南,深圳,无人店,2025-12,231.85,203.01,434.85,0.1808,10
S2212,门店-0212,华东,成都,无人店,2026-01,202.32,167.98,370.3,0.3213,14
S2212,门店-0212,华东,广州,无人店,2026-02,118.84,151.81,270.65,0.307,15
S2212,门店-0212,华东,南京,无人店,2026-03,171.67,259.91,431.58,0.2944,15
S2212,门店-0212,华东,重庆,无人店,2026-04,231.17,313.34,544.51,0.2543,8
S2212,门店-0212,华东,北京,无人店,2025-05,107.51,104.62,212.13,0.2069,7
S2212,门店-0212,华东,深圳,无人店,2025-06,95.13,79.12,174.25,0.3104,11
S2212,门店-0212,华东,上海,无人店,2025-07,262.6,364.23,626.83,0.1996,14
S2212,门店-0212,华东,上海,无人店,2025-08,279.06,292.89,571.94,0.2006,3
S2212,门店-0212,华东,武汉,无人店,2025-09,63.31,72.19,135.5,0.2996,9
S2212,门店-0212,华东,重庆,无人店,2025-10,333.84,337.13,670.97,0.3023,5
S2212,门店-0212,华东,广州,无人店,2025-11,134.15,126.61,260.76,0.3335,3
S2212,门店-0212,华东,武汉,无人店,2025-12,353.27,491.59,844.85,0.1919,6
S2213,门店-0213,华东,深圳,标准店,2026-01,199.49,306.52,506.0,0.1967,12
S2213,门店-0213,华东,西安,标准店,2026-02,313.61,296.08,609.69,0.2421,6
S2213,门店-0213,华东,南京,标准店,2026-03,64.33,85.51,149.84,0.2707,14
S2213,门店-0213,华东,西安,标准店,2026-04,316.44,500.37,816.81,0.2937,7
S2213,门店-0213,华东,上海,标准店,2025-05,342.26,416.29,758.55,0.2493,8
S2213,门店-0213,华东,成都,标准店,2025-06,88.06,101.88,189.94,0.2295,11
S2213,门店-0213,华东,杭州,标准店,2025-07,72.12,94.35,166.48,0.2017,8
S2213,门店-0213,华东,上海,标准店,2025-08,282.14,352.36,634.5,0.2264,13
S2213,门店-0213,华东,西安,标准店,2025-09,97.4,117.22,214.62,0.2616,14
S2213,门店-0213,华东,武汉,标准店,2025-10,309.72,305.64,615.37,0.2507,9
S2213,门店-0213,华东,南京,标准店,2025-11,194.52,243.5,438.01,0.2883,3
S2213,门店-0213,华东,上海,标准店,2025-12,183.64,283.96,467.6,0.3218,13
S2214,门店-0214,华中,北京,旗舰店,2026-01,163.05,142.04,305.09,0.2049,5
S2214,门店-0214,华中,南京,旗舰店,2026-02,212.49,289.45,501.94,0.1928,9
S2214,门店-0214,华中,广州,旗舰店,2026-03,69.38,97.12,166.5,0.2269,12
S2214,门店-0214,华中,重庆,旗舰店,2026-04,92.22,106.13,198.34,0.1982,5
S2214,门店-0214,华中,上海,旗舰店,2025-05,126.85,153.0,279.85,0.2367,4
S2214,门店-0214,华中,深圳,旗舰店,2025-06,191.27,268.14,459.41,0.2892,3
S2214,门店-0214,华中,武汉,旗舰店,2025-07,102.33,127.32,229.65,0.2387,11
S2214,门店-0214,华中,重庆,旗舰店,2025-08,116.24,144.49,260.73,0.2626,14
S2214,门店-0214,华中,成都,旗舰店,2025-09,180.51,196.56,377.08,0.258,12
S2214,门店-0214,华中,上海,旗舰店,2025-10,228.36,293.05,521.41,0.2422,6
S2214,门店-0214,华中,西安,旗舰店,2025-11,108.3,125.19,233.49,0.2759,10
S2214,门店-0214,华中,重庆,旗舰店,2025-12,269.93,282.26,552.19,0.2892,3
S2215,门店-0215,西南,上海,标准店,2026-01,218.01,324.5,542.51,0.2387,6
S2215,门店-0215,西南,上海,标准店,2026-02,163.63,203.46,367.1,0.3108,6
S2215,门店-0215,西南,上海,标准店,2026-03,89.37,137.03,226.4,0.2828,14
S2215,门店-0215,西南,深圳,标准店,2026-04,106.31,131.27,237.58,0.2161,7
S2215,门店-0215,西南,重庆,标准店,2025-05,84.94,107.69,192.64,0.2065,4
S2215,门店-0215,西南,武汉,标准店,2025-06,187.61,178.93,366.54,0.1813,3
S2215,门店-0215,西南,南京,标准店,2025-07,261.22,263.45,524.67,0.257,15
S2215,门店-0215,西南,重庆,标准店,2025-08,93.75,131.5,225.25,0.3109,11
S2215,门店-0215,西南,上海,标准店,2025-09,96.58,137.59,234.17,0.2166,15
S2215,门店-0215,西南,武汉,标准店,2025-10,240.02,368.51,608.53,0.2979,13
S2215,门店-0215,西南,重庆,标准店,2025-11,100.34,111.54,211.88,0.19,15
S2215,门店-0215,西南,重庆,标准店,2025-12,194.68,157.42,352.1,0.2188,13
S2216,门店-0216,华东,杭州,无人店,2026-01,216.4,317.61,534.02,0.2882,7
S2216,门店-0216,华东,杭州,无人店,2026-02,270.96,256.21,527.18,0.2801,9
S2216,门店-0216,华东,广州,无人店,2026-03,242.51,251.02,493.53,0.2231,11
S2216,门店-0216,华东,深圳,无人店,2026-04,214.65,332.67,547.32,0.1979,6
S2216,门店-0216,华东,武汉,无人店,2025-05,335.01,516.22,851.24,0.2996,11
S2216,门店-0216,华东,南京,无人店,2025-06,239.58,282.56,522.15,0.3053,10
S2216,门店-0216,华东,深圳,无人店,2025-07,227.92,215.29,443.2,0.2741,8
S2216,门店-0216,华东,南京,无人店,2025-08,107.54,92.46,200.0,0.2521,15
S2216,门店-0216,华东,西安,无人店,2025-09,269.87,404.32,674.19,0.2739,12
S2216,门店-0216,华东,成都,无人店,2025-10,283.04,375.7,658.74,0.2165,11
S2216,门店-0216,华东,武汉,无人店,2025-11,203.91,324.08,527.99,0.3145,9
S2216,门店-0216,华东,南京,无人店,2025-12,198.21,261.88,460.09,0.3071,6
S2217,门店-0217,华东,上海,便利店,2026-01,354.92,444.89,799.81,0.2611,3
S2217,门店-0217,华东,上海,便利店,2026-02,97.36,137.05,234.41,0.236,3
S2217,门店-0217,华东,成都,便利店,2026-03,169.8,232.05,401.86,0.2409,8
S2217,门店-0217,华东,广州,便利店,2026-04,143.92,164.25,308.17,0.2771,5
S2217,门店-0217,华东,武汉,便利店,2025-05,250.56,341.25,591.81,0.2671,7
S2217,门店-0217,华东,成都,便利店,2025-06,232.41,324.86,557.27,0.2237,13
S2217,门店-0217,华东,北京,便利店,2025-07,353.81,384.33,738.14,0.2014,7
S2217,门店-0217,华东,南京,便利店,2025-08,300.28,373.39,673.67,0.2563,6
S2217,门店-0217,华东,深圳,便利店,2025-09,232.17,340.46,572.63,0.1899,3
S2217,门店-0217,华东,广州,便利店,2025-10,315.37,435.69,751.06,0.2767,11
S2217,门店-0217,华东,深圳,便利店,2025-11,308.33,271.65,579.98,0.2223,8
S2217,门店-0217,华东,杭州,便利店,2025-12,187.2,197.91,385.11,0.2805,14
S2218,门店-0218,华北,广州,旗舰店,2026-01,80.94,73.97,154.91,0.2921,4
S2218,门店-0218,华北,北京,旗舰店,2026-02,110.83,127.63,238.46,0.184,11
S2218,门店-0218,华北,上海,旗舰店,2026-03,237.62,280.08,517.7,0.2843,7
S2218,门店-0218,华北,武汉,旗舰店,2026-04,104.3,137.8,242.09,0.1921,5
S2218,门店-0218,华北,南京,旗舰店,2025-05,196.54,289.19,485.72,0.1984,3
S2218,门店-0218,华北,西安,旗舰店,2025-06,246.04,247.1,493.14,0.2639,13
S2218,门店-0218,华北,北京,旗舰店,2025-07,66.21,84.35,150.56,0.1998,11
S2218,门店-0218,华北,重庆,旗舰店,2025-08,221.2,239.38,460.59,0.2251,3
S2218,门店-0218,华北,上海,旗舰店,2025-09,60.64,84.99,145.64,0.2624,10
S2218,门店-0218,华北,成都,旗舰店,2025-10,123.07,170.62,293.68,0.2703,10
S2218,门店-0218,华北,南京,旗舰店,2025-11,260.27,314.32,574.59,0.3134,9
S2218,门店-0218,华北,上海,旗舰店,2025-12,222.39,323.0,545.4,0.2577,11
S2219,门店-0219,东北,南京,无人店,2026-01,77.9,117.72,195.62,0.2859,12
S2219,门店-0219,东北,武汉,无人店,2026-02,261.03,211.98,473.01,0.2854,14
S2219,门店-0219,东北,杭州,无人店,2026-03,163.14,142.41,305.55,0.3092,4
S2219,门店-0219,东北,南京,无人店,2026-04,94.53,77.35,171.88,0.256,8
S2219,门店-0219,东北,重庆,无人店,2025-05,68.8,80.98,149.78,0.2361,9
S2219,门店-0219,东北,西安,无人店,2025-06,189.12,291.18,480.31,0.2812,3
S2219,门店-0219,东北,上海,无人店,2025-07,86.49,125.73,212.22,0.2764,5
S2219,门店-0219,东北,南京,无人店,2025-08,101.44,121.6,223.04,0.2405,5
S2219,门店-0219,东北,重庆,无人店,2025-09,68.53,108.29,176.81,0.2103,8
S2219,门店-0219,东北,成都,无人店,2025-10,164.5,155.15,319.65,0.2709,13
S2219,门店-0219,东北,杭州,无人店,2025-11,163.3,235.8,399.1,0.3075,8
S2219,门店-0219,东北,广州,无人店,2025-12,198.59,209.58,408.18,0.2773,10
S2220,门店-0220,西南,西安,无人店,2026-01,241.88,315.14,557.03,0.2978,15
S2220,门店-0220,西南,上海,无人店,2026-02,46.01,66.42,112.43,0.1855,6
S2220,门店-0220,西南,南京,无人店,2026-03,146.22,218.46,364.68,0.2752,8
S2220,门店-0220,西南,北京,无人店,2026-04,233.92,220.02,453.94,0.2375,3
S2220,门店-0220,西南,武汉,无人店,2025-05,138.7,147.23,285.93,0.2641,9
S2220,门店-0220,西南,杭州,无人店,2025-06,234.59,337.76,572.35,0.2174,6
S2220,门店-0220,西南,成都,无人店,2025-07,139.71,141.06,280.77,0.273,15
S2220,门店-0220,西南,武汉,无人店,2025-08,163.85,159.96,323.81,0.3073,3
S2220,门店-0220,西南,广州,无人店,2025-09,253.42,364.17,617.59,0.2472,5
S2220,门店-0220,西南,北京,无人店,2025-10,218.27,271.72,489.98,0.3172,14
S2220,门店-0220,西南,上海,无人店,2025-11,90.64,87.41,178.05,0.2167,6
S2220,门店-0220,西南,成都,无人店,2025-12,113.75,102.31,216.07,0.2421,9
S2221,门店-0221,华南,广州,标准店,2026-01,347.08,295.34,642.42,0.2352,6
S2221,门店-0221,华南,上海,标准店,2026-02,357.78,545.0,902.78,0.2354,3
S2221,门店-0221,华南,深圳,标准店,2026-03,115.0,149.91,264.91,0.3346,12
S2221,门店-0221,华南,杭州,标准店,2026-04,144.73,124.45,269.18,0.2844,10
S2221,门店-0221,华南,武汉,标准店,2025-05,170.48,190.64,361.12,0.2731,5
S2221,门店-0221,华南,上海,标准店,2025-06,328.89,516.64,845.54,0.234,3
S2221,门店-0221,华南,重庆,标准店,2025-07,271.63,236.37,508.0,0.2233,10
S2221,门店-0221,华南,深圳,标准店,2025-08,324.45,332.7,657.16,0.3004,4
S2221,门店-0221,华南,广州,标准店,2025-09,118.27,177.09,295.35,0.3347,9
S2221,门店-0221,华南,北京,标准店,2025-10,288.16,376.44,664.6,0.2036,6
S2221,门店-0221,华南,北京,标准店,2025-11,177.21,260.74,437.95,0.2887,13
S2221,门店-0221,华南,北京,标准店,2025-12,317.57,259.13,576.7,0.2616,7
S2222,门店-0222,东北,上海,无人店,2026-01,191.77,247.55,439.32,0.1885,8
S2222,门店-0222,东北,南京,无人店,2026-02,90.63,94.05,184.68,0.2927,8
S2222,门店-0222,东北,上海,无人店,2026-03,205.49,249.58,455.06,0.2586,6
S2222,门店-0222,东北,北京,无人店,2026-04,210.19,181.67,391.86,0.2619,5
S2222,门店-0222,东北,南京,无人店,2025-05,161.99,197.15,359.15,0.2287,3
S2222,门店-0222,东北,重庆,无人店,2025-06,257.5,386.82,644.32,0.2572,4
S2222,门店-0222,东北,武汉,无人店,2025-07,166.81,196.45,363.26,0.2492,14
S2222,门店-0222,东北,武汉,无人店,2025-08,157.02,237.66,394.68,0.298,7
S2222,门店-0222,东北,上海,无人店,2025-09,173.61,249.68,423.29,0.2756,12
S2222,门店-0222,东北,南京,无人店,2025-10,230.05,338.16,568.22,0.2437,13
S2222,门店-0222,东北,深圳,无人店,2025-11,45.18,55.1,100.29,0.3078,11
S2222,门店-0222,东北,武汉,无人店,2025-12,163.07,232.4,395.47,0.2674,7
S2223,门店-0223,华中,北京,便利店,2026-01,54.62,53.51,108.12,0.1983,11
S2223,门店-0223,华中,深圳,便利店,2026-02,140.41,153.87,294.28,0.2644,15
S2223,门店-0223,华中,成都,便利店,2026-03,122.92,109.47,232.39,0.2624,6
S2223,门店-0223,华中,广州,便利店,2026-04,115.04,122.02,237.06,0.1956,5
S2223,门店-0223,华中,西安,便利店,2025-05,133.8,140.39,274.19,0.2361,10
S2223,门店-0223,华中,西安,便利店,2025-06,100.56,83.47,184.02,0.2237,5
S2223,门店-0223,华中,南京,便利店,2025-07,127.33,127.88,255.21,0.2953,7
S2223,门店-0223,华中,武汉,便利店,2025-08,246.46,374.22,620.67,0.3146,14
S2223,门店-0223,华中,西安,便利店,2025-09,115.1,142.76,257.86,0.2022,11
S2223,门店-0223,华中,武汉,便利店,2025-10,48.25,71.96,120.22,0.3173,14
S2223,门店-0223,华中,广州,便利店,2025-11,113.44,180.96,294.4,0.1898,7
S2223,门店-0223,华中,武汉,便利店,2025-12,236.33,263.98,500.31,0.2485,11
S2224,门店-0224,华东,西安,旗舰店,2026-01,69.55,81.7,151.25,0.2453,10
S2224,门店-0224,华东,北京,旗舰店,2026-02,234.24,230.44,464.68,0.245,8
S2224,门店-0224,华东,成都,旗舰店,2026-03,223.37,205.21,428.58,0.3234,13
S2224,门店-0224,华东,南京,旗舰店,2026-04,155.88,185.3,341.18,0.2557,6
S2224,门店-0224,华东,成都,旗舰店,2025-05,192.54,191.81,384.36,0.2097,15
S2224,门店-0224,华东,西安,旗舰店,2025-06,321.64,401.01,722.64,0.3316,14
S2224,门店-0224,华东,深圳,旗舰店,2025-07,90.15,108.36,198.5,0.2684,8
S2224,门店-0224,华东,西安,旗舰店,2025-08,209.51,308.47,517.98,0.2856,4
S2224,门店-0224,华东,重庆,旗舰店,2025-09,61.84,91.81,153.65,0.2647,11
S2224,门店-0224,华东,成都,旗舰店,2025-10,158.86,142.45,301.3,0.3194,11
S2224,门店-0224,华东,武汉,旗舰店,2025-11,351.61,375.69,727.29,0.2887,4
S2224,门店-0224,华东,杭州,旗舰店,2025-12,221.5,253.95,475.45,0.193,11
S2225,门店-0225,西南,上海,便利店,2026-01,205.18,238.08,443.26,0.1954,14
S2225,门店-0225,西南,南京,便利店,2026-02,268.17,382.36,650.53,0.2616,8
S2225,门店-0225,西南,西安,便利店,2026-03,136.66,172.69,309.35,0.2737,9
S2225,门店-0225,西南,广州,便利店,2026-04,205.62,180.17,385.79,0.2593,14
S2225,门店-0225,西南,广州,便利店,2025-05,159.94,237.0,396.93,0.302,14
S2225,门店-0225,西南,南京,便利店,2025-06,220.04,242.4,462.44,0.2001,11
S2225,门店-0225,西南,广州,便利店,2025-07,107.23,112.9,220.13,0.3038,14
S2225,门店-0225,西南,北京,便利店,2025-08,231.7,333.5,565.2,0.2556,3
S2225,门店-0225,西南,南京,便利店,2025-09,53.9,53.96,107.85,0.3104,8
S2225,门店-0225,西南,广州,便利店,2025-10,81.85,116.79,198.64,0.3041,15
S2225,门店-0225,西南,重庆,便利店,2025-11,160.85,209.1,369.95,0.32,9
S2225,门店-0225,西南,西安,便利店,2025-12,137.88,128.45,266.33,0.3126,4
S2226,门店-0226,西南,成都,无人店,2026-01,87.89,78.02,165.91,0.2979,4
S2226,门店-0226,西南,重庆,无人店,2026-02,245.46,391.98,637.45,0.2278,3
S2226,门店-0226,西南,南京,无人店,2026-03,158.2,180.18,338.38,0.217,9
S2226,门店-0226,西南,西安,无人店,2026-04,160.89,235.34,396.23,0.3171,13
S2226,门店-0226,西南,广州,无人店,2025-05,181.78,286.27,468.05,0.3057,10
S2226,门店-0226,西南,上海,无人店,2025-06,235.35,213.68,449.03,0.2862,12
S2226,门店-0226,西南,深圳,无人店,2025-07,78.04,71.76,149.79,0.2752,9
S2226,门店-0226,西南,武汉,无人店,2025-08,107.76,147.19,254.95,0.2172,4
S2226,门店-0226,西南,武汉,无人店,2025-09,250.65,365.3,615.94,0.1879,4
S2226,门店-0226,西南,重庆,无人店,2025-10,51.23,71.13,122.36,0.2877,9
S2226,门店-0226,西南,南京,无人店,2025-11,122.48,104.6,227.08,0.2485,15
S2226,门店-0226,西南,北京,无人店,2025-12,174.46,245.43,419.9,0.2165,6
S2227,门店-0227,华中,西安,便利店,2026-01,49.74,49.36,99.1,0.2115,5
S2227,门店-0227,华中,广州,便利店,2026-02,227.93,218.88,446.81,0.2621,7
S2227,门店-0227,华中,广州,便利店,2026-03,218.86,200.88,419.74,0.2923,15
S2227,门店-0227,华中,武汉,便利店,2026-04,260.04,216.57,476.61,0.1875,12
S2227,门店-0227,华中,深圳,便利店,2025-05,99.71,128.84,228.56,0.2427,7
S2227,门店-0227,华中,武汉,便利店,2025-06,109.05,157.9,266.95,0.1934,5
S2227,门店-0227,华中,杭州,便利店,2025-07,220.46,315.65,536.11,0.1808,11
S2227,门店-0227,华中,南京,便利店,2025-08,212.67,294.24,506.91,0.187,10
S2227,门店-0227,华中,杭州,便利店,2025-09,98.8,82.12,180.92,0.3156,6
S2227,门店-0227,华中,武汉,便利店,2025-10,214.75,176.39,391.14,0.2356,10
S2227,门店-0227,华中,上海,便利店,2025-11,62.38,61.65,124.03,0.2101,8
S2227,门店-0227,华中,杭州,便利店,2025-12,98.05,84.32,182.37,0.2955,7
S2228,门店-0228,华东,杭州,无人店,2026-01,337.02,433.46,770.48,0.1923,9
S2228,门店-0228,华东,成都,无人店,2026-02,339.22,386.27,725.5,0.244,3
S2228,门店-0228,华东,上海,无人店,2026-03,279.51,350.13,629.64,0.309,14
S2228,门店-0228,华东,西安,无人店,2026-04,340.26,306.32,646.57,0.1927,14
S2228,门店-0228,华东,广州,无人店,2025-05,299.39,366.04,665.42,0.2782,3
S2228,门店-0228,华东,深圳,无人店,2025-06,156.26,206.96,363.22,0.2224,5
S2228,门店-0228,华东,广州,无人店,2025-07,220.32,235.35,455.67,0.1958,7
S2228,门店-0228,华东,成都,无人店,2025-08,256.01,245.84,501.85,0.2314,10
S2228,门店-0228,华东,成都,无人店,2025-09,75.11,77.12,152.22,0.2718,12
S2228,门店-0228,华东,南京,无人店,2025-10,122.99,162.93,285.91,0.2851,10
S2228,门店-0228,华东,北京,无人店,2025-11,355.44,518.61,874.05,0.3336,6
S2228,门店-0228,华东,深圳,无人店,2025-12,188.23,185.63,373.86,0.267,7
S2229,门店-0229,华中,杭州,无人店,2026-01,231.18,304.03,535.21,0.2407,4
S2229,门店-0229,华中,北京,无人店,2026-02,217.28,200.1,417.39,0.2388,5
S2229,门店-0229,华中,广州,无人店,2026-03,160.17,134.55,294.73,0.2548,15
S2229,门店-0229,华中,杭州,无人店,2026-04,152.47,214.87,367.34,0.3037,11
S2229,门店-0229,华中,广州,无人店,2025-05,51.02,41.64,92.66,0.2988,4
S2229,门店-0229,华中,重庆,无人店,2025-06,77.31,63.42,140.73,0.2327,7
S2229,门店-0229,华中,北京,无人店,2025-07,239.4,275.53,514.93,0.1866,6
S2229,门店-0229,华中,上海,无人店,2025-08,75.05,119.62,194.67,0.1804,5
S2229,门店-0229,华中,西安,无人店,2025-09,154.41,199.75,354.16,0.1929,12
S2229,门店-0229,华中,北京,无人店,2025-10,109.03,95.03,204.06,0.2386,9
S2229,门店-0229,华中,北京,无人店,2025-11,87.21,93.78,180.99,0.2577,4
S2229,门店-0229,华中,西安,无人店,2025-12,256.75,364.86,621.61,0.2858,6
S2230,门店-0230,西南,上海,旗舰店,2026-01,104.78,118.19,222.98,0.3025,10
S2230,门店-0230,西南,广州,旗舰店,2026-02,252.3,209.81,462.1,0.3013,11
S2230,门店-0230,西南,杭州,旗舰店,2026-03,172.2,217.66,389.87,0.3184,6
S2230,门店-0230,西南,北京,旗舰店,2026-04,222.11,290.87,512.98,0.2381,10
S2230,门店-0230,西南,杭州,旗舰店,2025-05,153.22,167.82,321.04,0.2018,9
S2230,门店-0230,西南,武汉,旗舰店,2025-06,79.8,85.02,164.82,0.3194,6
S2230,门店-0230,西南,上海,旗舰店,2025-07,167.24,193.48,360.72,0.2717,9
S2230,门店-0230,西南,南京,旗舰店,2025-08,63.72,99.58,163.3,0.312,6
S2230,门店-0230,西南,广州,旗舰店,2025-09,236.31,234.51,470.82,0.2691,6
S2230,门店-0230,西南,重庆,旗舰店,2025-10,45.31,54.27,99.57,0.2292,12
S2230,门店-0230,西南,重庆,旗舰店,2025-11,140.05,171.56,311.61,0.2233,4
S2230,门店-0230,西南,杭州,旗舰店,2025-12,81.35,82.4,163.75,0.3036,7
S2231,门店-0231,华南,杭州,旗舰店,2026-01,337.56,430.16,767.72,0.2806,14
S2231,门店-0231,华南,南京,旗舰店,2026-02,181.51,252.42,433.93,0.2371,9
S2231,门店-0231,华南,广州,旗舰店,2026-03,288.43,276.73,565.16,0.2253,9
S2231,门店-0231,华南,广州,旗舰店,2026-04,266.27,238.09,504.36,0.2537,15
S2231,门店-0231,华南,南京,旗舰店,2025-05,225.7,291.04,516.74,0.2901,9
S2231,门店-0231,华南,深圳,旗舰店,2025-06,220.22,278.57,498.79,0.3066,14
S2231,门店-0231,华南,广州,旗舰店,2025-07,135.76,137.82,273.59,0.3147,13
S2231,门店-0231,华南,上海,旗舰店,2025-08,210.81,227.93,438.73,0.3113,10
S2231,门店-0231,华南,深圳,旗舰店,2025-09,331.73,466.94,798.67,0.2083,11
S2231,门店-0231,华南,西安,旗舰店,2025-10,108.86,138.5,247.36,0.3114,6
S2231,门店-0231,华南,成都,旗舰店,2025-11,296.99,281.84,578.83,0.2192,13
S2231,门店-0231,华南,西安,旗舰店,2025-12,104.13,90.52,194.65,0.2749,3
S2232,门店-0232,东北,深圳,旗舰店,2026-01,197.76,244.22,441.98,0.26,5
S2232,门店-0232,东北,杭州,旗舰店,2026-02,214.71,184.81,399.52,0.2933,11
S2232,门店-0232,东北,广州,旗舰店,2026-03,187.27,230.31,417.58,0.3199,4
S2232,门店-0232,东北,成都,旗舰店,2026-04,219.43,198.53,417.97,0.2408,10
S2232,门店-0232,东北,成都,旗舰店,2025-05,253.09,369.87,622.96,0.2883,9
S2232,门店-0232,东北,西安,旗舰店,2025-06,124.59,116.45,241.05,0.306,5
S2232,门店-0232,东北,北京,旗舰店,2025-07,266.49,259.02,525.51,0.2383,9
S2232,门店-0232,东北,深圳,旗舰店,2025-08,157.43,226.41,383.84,0.2215,7
S2232,门店-0232,东北,武汉,旗舰店,2025-09,170.19,186.94,357.13,0.2715,12
S2232,门店-0232,东北,广州,旗舰店,2025-10,63.42,73.38,136.8,0.2348,6
S2232,门店-0232,东北,广州,旗舰店,2025-11,228.22,346.88,575.1,0.2298,14
S2232,门店-0232,东北,成都,旗舰店,2025-12,64.76,52.19,116.96,0.2498,14
S2233,门店-0233,华北,成都,标准店,2026-01,107.04,123.94,230.98,0.2901,4
S2233,门店-0233,华北,上海,标准店,2026-02,133.73,119.33,253.05,0.2365,5
S2233,门店-0233,华北,南京,标准店,2026-03,221.14,256.95,478.09,0.2106,12
S2233,门店-0233,华北,南京,标准店,2026-04,228.09,360.46,588.55,0.2853,14
S2233,门店-0233,华北,成都,标准店,2025-05,245.63,235.91,481.54,0.3164,13
S2233,门店-0233,华北,重庆,标准店,2025-06,76.85,108.27,185.12,0.2742,3
S2233,门店-0233,华北,北京,标准店,2025-07,175.7,148.13,323.83,0.312,11
S2233,门店-0233,华北,成都,标准店,2025-08,59.74,93.6,153.34,0.2569,4
S2233,门店-0233,华北,南京,标准店,2025-09,85.8,97.17,182.97,0.1819,4
S2233,门店-0233,华北,武汉,标准店,2025-10,164.75,243.54,408.3,0.286,8
S2233,门店-0233,华北,西安,标准店,2025-11,108.21,172.81,281.01,0.2778,15
S2233,门店-0233,华北,成都,标准店,2025-12,162.02,235.98,398.0,0.3001,13
S2234,门店-0234,东北,广州,无人店,2026-01,265.45,251.76,517.21,0.2781,6
S2234,门店-0234,东北,杭州,无人店,2026-02,209.56,219.75,429.31,0.3098,13
S2234,门店-0234,东北,南京,无人店,2026-03,241.9,331.09,572.99,0.3186,9
S2234,门店-0234,东北,武汉,无人店,2026-04,225.15,335.89,561.03,0.2629,14
S2234,门店-0234,东北,西安,无人店,2025-05,114.96,135.37,250.33,0.2312,9
S2234,门店-0234,东北,上海,无人店,2025-06,142.06,182.67,324.73,0.1947,10
S2234,门店-0234,东北,成都,无人店,2025-07,55.17,57.51,112.68,0.2867,4
S2234,门店-0234,东北,上海,无人店,2025-08,133.58,171.36,304.94,0.1935,3
S2234,门店-0234,东北,重庆,无人店,2025-09,259.38,332.68,592.06,0.2136,10
S2234,门店-0234,东北,上海,无人店,2025-10,147.62,181.01,328.63,0.3029,14
S2234,门店-0234,东北,南京,无人店,2025-11,233.73,322.46,556.19,0.1956,12
S2234,门店-0234,东北,成都,无人店,2025-12,71.57,78.51,150.09,0.3144,9
S2235,门店-0235,华南,西安,无人店,2026-01,91.42,107.35,198.76,0.2831,3
S2235,门店-0235,华南,广州,无人店,2026-02,203.27,264.51,467.78,0.328,12
S2235,门店-0235,华南,深圳,无人店,2026-03,353.99,370.99,724.99,0.2099,4
S2235,门店-0235,华南,北京,无人店,2026-04,339.0,397.85,736.85,0.2127,7
S2235,门店-0235,华南,杭州,无人店,2025-05,193.3,195.93,389.23,0.2569,7
S2235,门店-0235,华南,广州,无人店,2025-06,283.22,231.7,514.93,0.2964,12
S2235,门店-0235,华南,深圳,无人店,2025-07,259.97,402.43,662.4,0.2642,3
S2235,门店-0235,华南,成都,无人店,2025-08,126.49,109.29,235.78,0.2665,14
S2235,门店-0235,华南,重庆,无人店,2025-09,312.23,335.03,647.25,0.2236,12
S2235,门店-0235,华南,广州,无人店,2025-10,109.32,142.09,251.4,0.3052,13
S2235,门店-0235,华南,深圳,无人店,2025-11,210.05,227.11,437.16,0.2706,11
S2235,门店-0235,华南,广州,无人店,2025-12,351.14,515.42,866.56,0.3113,7
S2236,门店-0236,华南,西安,便利店,2026-01,163.94,176.18,340.12,0.2497,14
S2236,门店-0236,华南,南京,便利店,2026-02,133.11,195.86,328.97,0.3022,3
S2236,门店-0236,华南,深圳,便利店,2026-03,166.86,211.56,378.42,0.258,9
S2236,门店-0236,华南,上海,便利店,2026-04,322.45,489.93,812.38,0.2086,6
S2236,门店-0236,华南,杭州,便利店,2025-05,200.96,283.03,483.99,0.2777,12
S2236,门店-0236,华南,杭州,便利店,2025-06,270.57,430.4,700.97,0.3081,13
S2236,门店-0236,华南,武汉,便利店,2025-07,215.96,333.28,549.24,0.2599,15
S2236,门店-0236,华南,杭州,便利店,2025-08,176.2,203.46,379.65,0.213,14
S2236,门店-0236,华南,南京,便利店,2025-09,94.47,136.5,230.97,0.3249,4
S2236,门店-0236,华南,杭州,便利店,2025-10,309.29,360.68,669.97,0.3298,15
S2236,门店-0236,华南,南京,便利店,2025-11,207.28,281.71,488.99,0.2165,9
S2236,门店-0236,华南,深圳,便利店,2025-12,308.97,292.37,601.34,0.2447,11
S2237,门店-0237,西南,南京,便利店,2026-01,199.51,189.06,388.57,0.2163,3
S2237,门店-0237,西南,重庆,便利店,2026-02,144.91,227.38,372.29,0.2107,7
S2237,门店-0237,西南,西安,便利店,2026-03,137.62,178.93,316.55,0.1811,13
S2237,门店-0237,西南,西安,便利店,2026-04,124.52,142.02,266.54,0.2247,4
S2237,门店-0237,西南,重庆,便利店,2025-05,138.99,133.01,272.0,0.267,15
S2237,门店-0237,西南,北京,便利店,2025-06,51.85,51.97,103.81,0.3102,8
S2237,门店-0237,西南,北京,便利店,2025-07,249.54,354.02,603.55,0.3195,7
S2237,门店-0237,西南,上海,便利店,2025-08,268.67,253.94,522.62,0.3181,9
S2237,门店-0237,西南,上海,便利店,2025-09,233.52,319.18,552.69,0.2452,5
S2237,门店-0237,西南,成都,便利店,2025-10,222.27,207.87,430.13,0.2898,12
S2237,门店-0237,西南,上海,便利店,2025-11,78.07,88.15,166.22,0.2413,11
S2237,门店-0237,西南,深圳,便利店,2025-12,264.21,407.82,672.03,0.2317,13
S2238,门店-0238,华南,北京,标准店,2026-01,75.63,90.97,166.6,0.2922,5
S2238,门店-0238,华南,广州,标准店,2026-02,73.45,92.99,166.44,0.3215,3
S2238,门店-0238,华南,西安,标准店,2026-03,73.57,70.99,144.56,0.2912,4
S2238,门店-0238,华南,南京,标准店,2026-04,241.16,334.27,575.43,0.2054,11
S2238,门店-0238,华南,重庆,标准店,2025-05,236.17,373.29,609.46,0.2523,14
S2238,门店-0238,华南,北京,标准店,2025-06,172.45,195.01,367.47,0.1892,8
S2238,门店-0238,华南,南京,标准店,2025-07,301.79,413.74,715.53,0.2062,6
S2238,门店-0238,华南,武汉,标准店,2025-08,243.38,382.08,625.46,0.2973,9
S2238,门店-0238,华南,西安,标准店,2025-09,227.63,260.55,488.18,0.2895,14
S2238,门店-0238,华南,深圳,标准店,2025-10,90.07,141.31,231.38,0.3162,5
S2238,门店-0238,华南,成都,标准店,2025-11,327.64,329.07,656.71,0.2477,3
S2238,门店-0238,华南,南京,标准店,2025-12,315.75,433.81,749.57,0.1969,13
S2239,门店-0239,华北,南京,无人店,2026-01,70.69,57.86,128.55,0.2394,9
S2239,门店-0239,华北,北京,无人店,2026-02,60.24,56.91,117.15,0.2124,9
S2239,门店-0239,华北,深圳,无人店,2026-03,155.7,248.73,404.43,0.303,11
S2239,门店-0239,华北,杭州,无人店,2026-04,132.16,203.2,335.36,0.2797,10
S2239,门店-0239,华北,上海,无人店,2025-05,71.14,60.01,131.15,0.3145,7
S2239,门店-0239,华北,南京,无人店,2025-06,216.46,173.27,389.74,0.2713,5
S2239,门店-0239,华北,北京,无人店,2025-07,58.32,93.3,151.62,0.2416,5
S2239,门店-0239,华北,武汉,无人店,2025-08,67.94,108.66,176.6,0.2965,15
S2239,门店-0239,华北,西安,无人店,2025-09,72.82,89.65,162.47,0.2849,4
S2239,门店-0239,华北,武汉,无人店,2025-10,250.88,285.9,536.79,0.2518,8
S2239,门店-0239,华北,南京,无人店,2025-11,105.12,113.92,219.04,0.3058,11
S2239,门店-0239,华北,西安,无人店,2025-12,227.0,237.99,464.99,0.2123,7
S2240,门店-0240,西南,重庆,旗舰店,2026-01,181.8,223.36,405.16,0.2896,4
S2240,门店-0240,西南,武汉,旗舰店,2026-02,207.6,331.92,539.52,0.1833,3
S2240,门店-0240,西南,深圳,旗舰店,2026-03,215.8,245.16,460.96,0.291,13
S2240,门店-0240,西南,南京,旗舰店,2026-04,115.04,126.42,241.46,0.281,14
S2240,门店-0240,西南,广州,旗舰店,2025-05,84.79,132.03,216.82,0.2345,7
S2240,门店-0240,西南,成都,旗舰店,2025-06,186.94,171.96,358.9,0.233,11
S2240,门店-0240,西南,广州,旗舰店,2025-07,76.83,82.82,159.65,0.2849,15
S2240,门店-0240,西南,重庆,旗舰店,2025-08,100.17,117.52,217.68,0.1929,3
S2240,门店-0240,西南,杭州,旗舰店,2025-09,190.86,183.21,374.06,0.3025,6
S2240,门店-0240,西南,上海,旗舰店,2025-10,190.59,295.32,485.91,0.2526,4
S2240,门店-0240,西南,北京,旗舰店,2025-11,155.94,153.33,309.28,0.3153,6
S2240,门店-0240,西南,杭州,旗舰店,2025-12,79.98,65.54,145.52,0.2924,10
S2241,门店-0241,西南,北京,旗舰店,2026-01,172.99,150.13,323.12,0.2729,13
S2241,门店-0241,西南,武汉,旗舰店,2026-02,167.19,163.34,330.53,0.309,15
S2241,门店-0241,西南,重庆,旗舰店,2026-03,225.56,262.83,488.39,0.2216,7
S2241,门店-0241,西南,北京,旗舰店,2026-04,95.41,113.32,208.72,0.2745,9
S2241,门店-0241,西南,西安,旗舰店,2025-05,109.28,171.91,281.19,0.2327,14
S2241,门店-0241,西南,杭州,旗舰店,2025-06,187.11,276.87,463.98,0.3044,10
S2241,门店-0241,西南,重庆,旗舰店,2025-07,197.21,224.95,422.16,0.2748,12
S2241,门店-0241,西南,西安,旗舰店,2025-08,268.06,363.87,631.93,0.2385,14
S2241,门店-0241,西南,广州,旗舰店,2025-09,184.4,156.31,340.71,0.2656,4
S2241,门店-0241,西南,西安,旗舰店,2025-10,152.23,191.28,343.5,0.3135,3
S2241,门店-0241,西南,西安,旗舰店,2025-11,102.39,146.39,248.78,0.2335,7
S2241,门店-0241,西南,广州,旗舰店,2025-12,164.87,255.68,420.55,0.2364,5
S2242,门店-0242,西南,北京,无人店,2026-01,84.01,72.21,156.22,0.21,15
S2242,门店-0242,西南,西安,无人店,2026-02,93.44,138.25,231.69,0.229,9
S2242,门店-0242,西南,广州,无人店,2026-03,123.7,163.81,287.52,0.3105,5
S2242,门店-0242,西南,深圳,无人店,2026-04,154.48,230.06,384.54,0.2734,8
S2242,门店-0242,西南,南京,无人店,2025-05,192.29,202.36,394.65,0.2915,15
S2242,门店-0242,西南,西安,无人店,2025-06,238.49,300.88,539.36,0.19,7
S2242,门店-0242,西南,北京,无人店,2025-07,45.95,48.87,94.81,0.2657,9
S2242,门店-0242,西南,重庆,无人店,2025-08,85.24,83.07,168.31,0.3081,14
S2242,门店-0242,西南,杭州,无人店,2025-09,92.49,146.23,238.71,0.2909,7
S2242,门店-0242,西南,成都,无人店,2025-10,195.73,272.08,467.8,0.2327,9
S2242,门店-0242,西南,成都,无人店,2025-11,173.37,168.21,341.58,0.2561,5
S2242,门店-0242,西南,南京,无人店,2025-12,212.05,199.07,411.12,0.1988,13
S2243,门店-0243,西南,深圳,标准店,2026-01,77.26,74.56,151.82,0.2091,7
S2243,门店-0243,西南,广州,标准店,2026-02,59.75,89.77,149.52,0.2464,11
S2243,门店-0243,西南,深圳,标准店,2026-03,174.72,185.56,360.28,0.185,9
S2243,门店-0243,西南,北京,标准店,2026-04,175.13,273.12,448.25,0.2958,4
S2243,门店-0243,西南,重庆,标准店,2025-05,142.4,115.64,258.03,0.2495,15
S2243,门店-0243,西南,南京,标准店,2025-06,210.62,290.96,501.58,0.2053,15
S2243,门店-0243,西南,上海,标准店,2025-07,241.02,270.82,511.84,0.2248,11
S2243,门店-0243,西南,重庆,标准店,2025-08,245.42,381.3,626.72,0.2408,3
S2243,门店-0243,西南,南京,标准店,2025-09,193.41,298.18,491.59,0.3143,6
S2243,门店-0243,西南,北京,标准店,2025-10,226.57,355.5,582.08,0.2908,14
S2243,门店-0243,西南,北京,标准店,2025-11,187.84,229.12,416.96,0.2182,10
S2243,门店-0243,西南,杭州,标准店,2025-12,106.59,148.8,255.4,0.221,12
S2244,门店-0244,华南,深圳,旗舰店,2026-01,156.68,248.1,404.78,0.2958,14
S2244,门店-0244,华南,重庆,旗舰店,2026-02,149.33,198.23,347.55,0.2539,12
S2244,门店-0244,华南,深圳,旗舰店,2026-03,227.99,202.72,430.72,0.2758,14
S2244,门店-0244,华南,上海,旗舰店,2026-04,89.06,84.86,173.92,0.2254,11
S2244,门店-0244,华南,北京,旗舰店,2025-05,326.1,345.3,671.4,0.3102,5
S2244,门店-0244,华南,西安,旗舰店,2025-06,301.78,296.15,597.94,0.2717,8
S2244,门店-0244,华南,成都,旗舰店,2025-07,195.72,180.08,375.81,0.2916,10
S2244,门店-0244,华南,重庆,旗舰店,2025-08,197.19,259.6,456.79,0.2892,9
S2244,门店-0244,华南,南京,旗舰店,2025-09,307.66,393.25,700.91,0.2865,14
S2244,门店-0244,华南,南京,旗舰店,2025-10,154.19,191.7,345.89,0.271,14
S2244,门店-0244,华南,北京,旗舰店,2025-11,328.01,302.97,630.99,0.2805,10
S2244,门店-0244,华南,南京,旗舰店,2025-12,293.41,424.9,718.31,0.2093,3
S2245,门店-0245,西南,广州,无人店,2026-01,65.28,88.27,153.55,0.2531,6
S2245,门店-0245,西南,广州,无人店,2026-02,172.39,152.33,324.72,0.1836,5
S2245,门店-0245,西南,成都,无人店,2026-03,147.46,132.56,280.02,0.2977,12
S2245,门店-0245,西南,武汉,无人店,2026-04,123.19,160.87,284.06,0.2987,9
S2245,门店-0245,西南,武汉,无人店,2025-05,83.85,95.36,179.21,0.1802,7
S2245,门店-0245,西南,成都,无人店,2025-06,177.81,281.07,458.88,0.1984,6
S2245,门店-0245,西南,重庆,无人店,2025-07,169.14,212.16,381.3,0.2465,9
S2245,门店-0245,西南,杭州,无人店,2025-08,183.47,183.92,367.39,0.2065,13
S2245,门店-0245,西南,北京,无人店,2025-09,164.68,216.74,381.42,0.2705,3
S2245,门店-0245,西南,重庆,无人店,2025-10,121.02,129.7,250.72,0.2623,7
S2245,门店-0245,西南,成都,无人店,2025-11,123.01,113.57,236.58,0.2379,12
S2245,门店-0245,西南,成都,无人店,2025-12,73.2,80.51,153.71,0.2404,3
S2246,门店-0246,东北,西安,标准店,2026-01,261.21,259.53,520.74,0.2717,15
S2246,门店-0246,东北,深圳,标准店,2026-02,63.73,62.6,126.34,0.3195,10
S2246,门店-0246,东北,杭州,标准店,2026-03,170.4,238.85,409.25,0.1845,11
S2246,门店-0246,东北,杭州,标准店,2026-04,79.9,98.16,178.06,0.3093,3
S2246,门店-0246,东北,成都,标准店,2025-05,77.32,86.68,164.0,0.1905,10
S2246,门店-0246,东北,武汉,标准店,2025-06,122.54,175.35,297.88,0.2278,6
S2246,门店-0246,东北,南京,标准店,2025-07,99.86,139.18,239.05,0.286,11
S2246,门店-0246,东北,重庆,标准店,2025-08,89.82,136.06,225.88,0.2938,12
S2246,门店-0246,东北,上海,标准店,2025-09,210.97,286.38,497.35,0.2583,9
S2246,门店-0246,东北,成都,标准店,2025-10,127.76,140.97,268.73,0.2814,10
S2246,门店-0246,东北,武汉,标准店,2025-11,132.25,206.3,338.55,0.2132,13
S2246,门店-0246,东北,北京,标准店,2025-12,124.99,187.66,312.64,0.203,11
S2247,门店-0247,华中,西安,旗舰店,2026-01,117.88,141.7,259.58,0.2383,13
S2247,门店-0247,华中,广州,旗舰店,2026-02,134.35,199.7,334.05,0.2375,12
S2247,门店-0247,华中,南京,旗舰店,2026-03,187.81,172.39,360.2,0.2183,3
S2247,门店-0247,华中,广州,旗舰店,2026-04,204.4,246.89,451.29,0.2655,3
S2247,门店-0247,华中,深圳,旗舰店,2025-05,202.26,299.27,501.53,0.1937,12
S2247,门店-0247,华中,重庆,旗舰店,2025-06,89.35,120.49,209.85,0.3131,11
S2247,门店-0247,华中,西安,旗舰店,2025-07,127.38,157.45,284.83,0.2241,5
S2247,门店-0247,华中,广州,旗舰店,2025-08,52.05,83.03,135.08,0.3053,7
S2247,门店-0247,华中,重庆,旗舰店,2025-09,48.33,51.13,99.47,0.2709,12
S2247,门店-0247,华中,广州,旗舰店,2025-10,78.94,119.23,198.17,0.2216,7
S2247,门店-0247,华中,上海,旗舰店,2025-11,70.57,67.72,138.29,0.2033,3
S2247,门店-0247,华中,西安,旗舰店,2025-12,98.35,140.92,239.27,0.2843,10
S2248,门店-0248,华北,广州,旗舰店,2026-01,109.9,129.09,238.99,0.3031,7
S2248,门店-0248,华北,西安,旗舰店,2026-02,162.8,221.74,384.54,0.1913,7
S2248,门店-0248,华北,武汉,旗舰店,2026-03,184.01,181.15,365.16,0.284,11
S2248,门店-0248,华北,上海,旗舰店,2026-04,135.29,128.3,263.59,0.2194,6
S2248,门店-0248,华北,武汉,旗舰店,2025-05,151.68,163.44,315.12,0.2964,11
S2248,门店-0248,华北,杭州,旗舰店,2025-06,226.72,244.61,471.33,0.2423,9
S2248,门店-0248,华北,西安,旗舰店,2025-07,121.44,144.07,265.5,0.3056,4
S2248,门店-0248,华北,重庆,旗舰店,2025-08,75.59,76.72,152.31,0.2229,9
S2248,门店-0248,华北,广州,旗舰店,2025-09,78.88,95.28,174.16,0.2703,14
S2248,门店-0248,华北,北京,旗舰店,2025-10,103.3,135.17,238.47,0.2067,8
S2248,门店-0248,华北,上海,旗舰店,2025-11,240.8,263.95,504.74,0.302,7
S2248,门店-0248,华北,广州,旗舰店,2025-12,264.31,334.58,598.89,0.1945,14
S2249,门店-0249,华北,广州,便利店,2026-01,266.18,214.88,481.06,0.2306,15
S2249,门店-0249,华北,杭州,便利店,2026-02,236.15,262.8,498.95,0.308,13
S2249,门店-0249,华北,南京,便利店,2026-03,95.96,108.09,204.05,0.2105,11
S2249,门店-0249,华北,深圳,便利店,2026-04,89.48,104.47,193.95,0.1828,15
S2249,门店-0249,华北,北京,便利店,2025-05,257.58,218.94,476.51,0.206,12
S2249,门店-0249,华北,上海,便利店,2025-06,50.18,44.91,95.08,0.1932,4
S2249,门店-0249,华北,成都,便利店,2025-07,105.05,112.56,217.61,0.2246,12
S2249,门店-0249,华北,重庆,便利店,2025-08,112.28,95.86,208.14,0.2558,3
S2249,门店-0249,华北,武汉,便利店,2025-09,127.95,193.47,321.42,0.2353,14
S2249,门店-0249,华北,成都,便利店,2025-10,249.65,281.23,530.88,0.2148,3
S2249,门店-0249,华北,重庆,便利店,2025-11,267.1,274.65,541.75,0.1919,12
S2249,门店-0249,华北,西安,便利店,2025-12,113.1,169.36,282.45,0.2961,13
S2250,门店-0250,东北,成都,旗舰店,2026-01,187.32,177.25,364.57,0.3179,7
S2250,门店-0250,东北,武汉,旗舰店,2026-02,45.71,59.48,105.19,0.2867,5
S2250,门店-0250,东北,成都,旗舰店,2026-03,161.36,141.37,302.73,0.2516,6
S2250,门店-0250,东北,广州,旗舰店,2026-04,248.4,290.39,538.78,0.2165,12
S2250,门店-0250,东北,成都,旗舰店,2025-05,176.38,172.56,348.93,0.2622,9
S2250,门店-0250,东北,北京,旗舰店,2025-06,189.21,273.29,462.49,0.2132,13
S2250,门店-0250,东北,武汉,旗舰店,2025-07,76.11,89.48,165.59,0.231,15
S2250,门店-0250,东北,杭州,旗舰店,2025-08,252.15,255.8,507.94,0.2687,10
S2250,门店-0250,东北,深圳,旗舰店,2025-09,54.66,53.77,108.43,0.2058,5
S2250,门店-0250,东北,南京,旗舰店,2025-10,209.14,258.08,467.22,0.3118,10
S2250,门店-0250,东北,南京,旗舰店,2025-11,197.27,305.52,502.79,0.252,10
S2250,门店-0250,东北,上海,旗舰店,2025-12,255.87,402.9,658.77,0.1979,8
S2251,门店-0251,华东,北京,旗舰店,2026-01,168.79,217.64,386.42,0.2694,13
S2251,门店-0251,华东,上海,旗舰店,2026-02,258.91,403.96,662.87,0.2532,7
S2251,门店-0251,华东,成都,旗舰店,2026-03,348.2,454.33,802.53,0.3155,10
S2251,门店-0251,华东,广州,旗舰店,2026-04,205.9,306.01,511.92,0.2609,8
S2251,门店-0251,华东,西安,旗舰店,2025-05,103.39,121.25,224.64,0.2697,10
S2251,门店-0251,华东,西安,旗舰店,2025-06,74.07,66.2,140.27,0.2881,15
S2251,门店-0251,华东,成都,旗舰店,2025-07,100.94,109.64,210.58,0.2925,5
S2251,门店-0251,华东,杭州,旗舰店,2025-08,93.72,119.33,213.05,0.2209,6
S2251,门店-0251,华东,重庆,旗舰店,2025-09,269.92,352.3,622.21,0.2058,7
S2251,门店-0251,华东,重庆,旗舰店,2025-10,282.74,308.37,591.12,0.2973,8
S2251,门店-0251,华东,深圳,旗舰店,2025-11,240.19,347.55,587.74,0.2279,12
S2251,门店-0251,华东,武汉,旗舰店,2025-12,276.21,294.02,570.23,0.2006,3
S2252,门店-0252,华北,深圳,旗舰店,2026-01,150.87,160.48,311.35,0.2607,10
S2252,门店-0252,华北,武汉,旗舰店,2026-02,264.87,315.02,579.89,0.3195,8
S2252,门店-0252,华北,杭州,旗舰店,2026-03,237.1,213.32,450.43,0.1849,11
S2252,门店-0252,华北,南京,旗舰店,2026-04,176.43,184.6,361.03,0.2071,15
S2252,门店-0252,华北,北京,旗舰店,2025-05,149.46,200.4,349.86,0.2557,8
S2252,门店-0252,华北,重庆,旗舰店,2025-06,126.78,167.06,293.84,0.2611,3
S2252,门店-0252,华北,南京,旗舰店,2025-07,154.86,176.45,331.31,0.2275,7
S2252,门店-0252,华北,重庆,旗舰店,2025-08,57.95,76.47,134.42,0.3094,15
S2252,门店-0252,华北,北京,旗舰店,2025-09,45.81,40.36,86.17,0.1827,3
S2252,门店-0252,华北,武汉,旗舰店,2025-10,117.06,144.03,261.09,0.2849,6
S2252,门店-0252,华北,西安,旗舰店,2025-11,152.81,160.45,313.26,0.2367,12
S2252,门店-0252,华北,上海,旗舰店,2025-12,108.75,125.43,234.19,0.2817,7
S2253,门店-0253,华南,武汉,便利店,2026-01,208.3,228.36,436.66,0.3034,11
S2253,门店-0253,华南,西安,便利店,2026-02,157.07,241.75,398.82,0.2024,14
S2253,门店-0253,华南,重庆,便利店,2026-03,137.69,167.87,305.56,0.2296,9
S2253,门店-0253,华南,武汉,便利店,2026-04,300.38,261.7,562.08,0.2426,14
S2253,门店-0253,华南,广州,便利店,2025-05,95.25,92.99,188.24,0.2361,6
S2253,门店-0253,华南,重庆,便利店,2025-06,334.08,519.86,853.93,0.2293,7
S2253,门店-0253,华南,上海,便利店,2025-07,289.51,275.87,565.39,0.2255,5
S2253,门店-0253,华南,成都,便利店,2025-08,174.96,196.28,371.24,0.2062,3
S2253,门店-0253,华南,武汉,便利店,2025-09,176.04,156.77,332.81,0.3268,11
S2253,门店-0253,华南,武汉,便利店,2025-10,194.92,259.28,454.2,0.2131,7
S2253,门店-0253,华南,杭州,便利店,2025-11,319.57,494.34,813.91,0.2068,15
S2253,门店-0253,华南,广州,便利店,2025-12,129.58,159.98,289.56,0.2209,11
S2254,门店-0254,华南,西安,标准店,2026-01,195.69,172.85,368.55,0.3272,10
S2254,门店-0254,华南,南京,标准店,2026-02,217.19,215.05,432.24,0.3006,3
S2254,门店-0254,华南,西安,标准店,2026-03,84.97,129.17,214.14,0.2959,13
S2254,门店-0254,华南,杭州,标准店,2026-04,133.01,162.25,295.26,0.2107,7
S2254,门店-0254,华南,成都,标准店,2025-05,209.24,208.22,417.46,0.2365,12
S2254,门店-0254,华南,西安,标准店,2025-06,281.32,285.21,566.52,0.2807,11
S2254,门店-0254,华南,广州,标准店,2025-07,201.79,293.88,495.67,0.2227,11
S2254,门店-0254,华南,深圳,标准店,2025-08,241.08,303.52,544.61,0.325,3
S2254,门店-0254,华南,南京,标准店,2025-09,281.98,424.42,706.4,0.1921,8
S2254,门店-0254,华南,西安,标准店,2025-10,329.95,384.62,714.57,0.2482,11
S2254,门店-0254,华南,广州,标准店,2025-11,270.18,397.93,668.11,0.3349,6
S2254,门店-0254,华南,杭州,标准店,2025-12,210.23,280.86,491.09,0.3137,15
S2255,门店-0255,东北,上海,标准店,2026-01,146.96,138.11,285.07,0.2825,10
S2255,门店-0255,东北,北京,标准店,2026-02,200.25,185.12,385.37,0.1998,11
S2255,门店-0255,东北,杭州,标准店,2026-03,159.6,247.71,407.31,0.3198,15
S2255,门店-0255,东北,深圳,标准店,2026-04,59.11,92.49,151.6,0.2484,9
S2255,门店-0255,东北,深圳,标准店,2025-05,121.33,134.08,255.41,0.2913,3
S2255,门店-0255,东北,西安,标准店,2025-06,162.32,131.56,293.88,0.1863,4
S2255,门店-0255,东北,杭州,标准店,2025-07,229.26,209.4,438.65,0.3015,6
S2255,门店-0255,东北,北京,标准店,2025-08,88.86,103.72,192.58,0.3136,13
S2255,门店-0255,东北,南京,标准店,2025-09,69.29,92.46,161.74,0.2909,7
S2255,门店-0255,东北,北京,标准店,2025-10,133.38,203.59,336.96,0.243,6
S2255,门店-0255,东北,重庆,标准店,2025-11,75.99,84.19,160.19,0.2526,13
S2255,门店-0255,东北,西安,标准店,2025-12,165.18,144.3,309.48,0.2066,6
S2256,门店-0256,西南,西安,便利店,2026-01,215.67,226.39,442.06,0.1966,3
S2256,门店-0256,西南,杭州,便利店,2026-02,242.28,196.22,438.5,0.2056,10
S2256,门店-0256,西南,广州,便利店,2026-03,209.94,197.44,407.38,0.2952,13
S2256,门店-0256,西南,北京,便利店,2026-04,235.01,189.58,424.59,0.3071,3
S2256,门店-0256,西南,成都,便利店,2025-05,89.81,139.72,229.53,0.2808,4
S2256,门店-0256,西南,成都,便利店,2025-06,132.65,166.32,298.97,0.2835,15
S2256,门店-0256,西南,深圳,便利店,2025-07,81.41,115.79,197.2,0.1803,4
S2256,门店-0256,西南,深圳,便利店,2025-08,201.04,166.25,367.29,0.2052,6
S2256,门店-0256,西南,西安,便利店,2025-09,189.74,228.53,418.27,0.2189,8
S2256,门店-0256,西南,深圳,便利店,2025-10,124.31,157.67,281.98,0.1969,9
S2256,门店-0256,西南,南京,便利店,2025-11,86.11,113.36,199.46,0.2862,8
S2256,门店-0256,西南,南京,便利店,2025-12,59.28,91.75,151.03,0.253,4
S2257,门店-0257,西南,北京,标准店,2026-01,88.12,75.37,163.49,0.2051,4
S2257,门店-0257,西南,重庆,标准店,2026-02,47.54,66.25,113.8,0.2571,15
S2257,门店-0257,西南,深圳,标准店,2026-03,131.03,167.88,298.91,0.2906,13
S2257,门店-0257,西南,深圳,标准店,2026-04,151.85,239.94,391.78,0.2077,6
S2257,门店-0257,西南,北京,标准店,2025-05,87.88,129.78,217.65,0.3042,14
S2257,门店-0257,西南,武汉,标准店,2025-06,266.51,246.09,512.61,0.1899,10
S2257,门店-0257,西南,深圳,标准店,2025-07,243.93,262.7,506.64,0.1845,3
S2257,门店-0257,西南,重庆,标准店,2025-08,193.19,240.44,433.63,0.3152,15
S2257,门店-0257,西南,深圳,标准店,2025-09,219.74,274.19,493.93,0.2645,8
S2257,门店-0257,西南,深圳,标准店,2025-10,234.21,281.67,515.89,0.2715,13
S2257,门店-0257,西南,上海,标准店,2025-11,122.64,99.31,221.95,0.2107,6
S2257,门店-0257,西南,上海,标准店,2025-12,205.18,236.29,441.47,0.2495,15
S2258,门店-0258,东北,成都,标准店,2026-01,256.87,381.93,638.81,0.2691,3
S2258,门店-0258,东北,北京,标准店,2026-02,95.09,138.67,233.76,0.2115,14
S2258,门店-0258,东北,重庆,标准店,2026-03,161.91,248.46,410.37,0.1933,10
S2258,门店-0258,东北,武汉,标准店,2026-04,72.13,87.13,159.26,0.2105,12
S2258,门店-0258,东北,上海,标准店,2025-05,84.76,123.35,208.1,0.2637,8
S2258,门店-0258,东北,杭州,标准店,2025-06,240.24,320.34,560.58,0.2704,11
S2258,门店-0258,东北,武汉,标准店,2025-07,130.18,180.85,311.02,0.2655,5
S2258,门店-0258,东北,重庆,标准店,2025-08,163.62,201.57,365.19,0.3003,9
S2258,门店-0258,东北,杭州,标准店,2025-09,220.93,218.22,439.15,0.1933,8
S2258,门店-0258,东北,杭州,标准店,2025-10,110.11,90.23,200.34,0.219,3
S2258,门店-0258,东北,西安,标准店,2025-11,158.38,179.41,337.79,0.2025,11
S2258,门店-0258,东北,杭州,标准店,2025-12,237.17,264.51,501.68,0.2257,14
S2259,门店-0259,东北,西安,旗舰店,2026-01,137.45,160.86,298.31,0.2462,4
S2259,门店-0259,东北,北京,旗舰店,2026-02,267.76,241.36,509.12,0.2642,10
S2259,门店-0259,东北,西安,旗舰店,2026-03,213.6,293.44,507.04,0.2083,8
S2259,门店-0259,东北,北京,旗舰店,2026-04,137.6,140.75,278.35,0.3055,14
S2259,门店-0259,东北,西安,旗舰店,2025-05,54.58,77.02,131.6,0.1829,12
S2259,门店-0259,东北,重庆,旗舰店,2025-06,121.67,134.71,256.38,0.2941,12
S2259,门店-0259,东北,成都,旗舰店,2025-07,54.58,62.96,117.54,0.2685,14
S2259,门店-0259,东北,深圳,旗舰店,2025-08,172.93,185.74,358.67,0.2556,13
S2259,门店-0259,东北,广州,旗舰店,2025-09,193.98,268.25,462.23,0.2013,10
S2259,门店-0259,东北,重庆,旗舰店,2025-10,164.08,248.02,412.1,0.2362,6
S2259,门店-0259,东北,北京,旗舰店,2025-11,179.87,194.99,374.87,0.1869,13
S2259,门店-0259,东北,上海,旗舰店,2025-12,247.65,198.13,445.78,0.2786,11
S2260,门店-0260,华中,深圳,无人店,2026-01,147.71,138.47,286.18,0.2594,10
S2260,门店-0260,华中,广州,无人店,2026-02,56.74,59.77,116.51,0.29,12
S2260,门店-0260,华中,北京,无人店,2026-03,191.68,253.68,445.35,0.2183,15
S2260,门店-0260,华中,广州,无人店,2026-04,206.0,296.63,502.62,0.318,13
S2260,门店-0260,华中,上海,无人店,2025-05,116.53,126.27,242.8,0.1901,15
S2260,门店-0260,华中,上海,无人店,2025-06,54.78,70.23,125.01,0.253,3
S2260,门店-0260,华中,重庆,无人店,2025-07,161.26,147.55,308.81,0.2984,5
S2260,门店-0260,华中,上海,无人店,2025-08,216.63,228.61,445.25,0.2965,14
S2260,门店-0260,华中,杭州,无人店,2025-09,198.02,295.77,493.79,0.2042,6
S2260,门店-0260,华中,杭州,无人店,2025-10,262.16,362.12,624.28,0.2984,13
S2260,门店-0260,华中,北京,无人店,2025-11,114.16,147.79,261.94,0.2437,10
S2260,门店-0260,华中,南京,无人店,2025-12,94.34,93.0,187.34,0.2015,6
S2261,门店-0261,华东,成都,便利店,2026-01,109.42,155.37,264.79,0.2929,4
S2261,门店-0261,华东,重庆,便利店,2026-02,110.6,153.4,264.0,0.238,3
S2261,门店-0261,华东,西安,便利店,2026-03,299.3,294.64,593.94,0.2719,8
S2261,门店-0261,华东,北京,便利店,2026-04,284.72,303.43,588.15,0.3067,14
S2261,门店-0261,华东,成都,便利店,2025-05,240.94,265.26,506.2,0.311,9
S2261,门店-0261,华东,深圳,便利店,2025-06,325.03,370.88,695.91,0.2585,14
S2261,门店-0261,华东,武汉,便利店,2025-07,309.97,466.94,776.91,0.3328,14
S2261,门店-0261,华东,武汉,便利店,2025-08,243.2,279.63,522.83,0.2844,8
S2261,门店-0261,华东,武汉,便利店,2025-09,252.04,294.09,546.13,0.2917,7
S2261,门店-0261,华东,北京,便利店,2025-10,111.1,153.23,264.34,0.2262,6
S2261,门店-0261,华东,广州,便利店,2025-11,237.49,215.91,453.41,0.3065,13
S2261,门店-0261,华东,武汉,便利店,2025-12,71.01,68.5,139.51,0.2715,6
S2262,门店-0262,东北,上海,无人店,2026-01,66.33,70.93,137.26,0.266,12
S2262,门店-0262,东北,武汉,无人店,2026-02,181.56,185.45,367.01,0.2436,7
S2262,门店-0262,东北,南京,无人店,2026-03,45.62,39.4,85.02,0.2461,8
S2262,门店-0262,东北,广州,无人店,2026-04,127.17,190.21,317.38,0.3084,12
S2262,门店-0262,东北,西安,无人店,2025-05,153.19,231.61,384.8,0.2449,11
S2262,门店-0262,东北,重庆,无人店,2025-06,202.47,198.2,400.67,0.2156,12
S2262,门店-0262,东北,西安,无人店,2025-07,270.0,409.65,679.64,0.316,3
S2262,门店-0262,东北,上海,无人店,2025-08,61.57,58.54,120.11,0.2436,6
S2262,门店-0262,东北,成都,无人店,2025-09,55.64,65.07,120.71,0.2397,3
S2262,门店-0262,东北,北京,无人店,2025-10,135.36,141.75,277.11,0.3032,15
S2262,门店-0262,东北,西安,无人店,2025-11,256.08,207.57,463.65,0.18,14
S2262,门店-0262,东北,深圳,无人店,2025-12,67.11,63.19,130.3,0.2643,7
S2263,门店-0263,华南,深圳,无人店,2026-01,143.61,203.3,346.91,0.3296,9
S2263,门店-0263,华南,杭州,无人店,2026-02,283.56,232.98,516.54,0.2536,10
S2263,门店-0263,华南,上海,无人店,2026-03,357.39,439.84,797.22,0.2986,3
S2263,门店-0263,华南,重庆,无人店,2026-04,291.61,273.5,565.11,0.2975,12
S2263,门店-0263,华南,上海,无人店,2025-05,256.71,396.41,653.12,0.3301,5
S2263,门店-0263,华南,重庆,无人店,2025-06,66.79,94.31,161.09,0.2859,8
S2263,门店-0263,华南,重庆,无人店,2025-07,184.18,210.03,394.21,0.2517,3
S2263,门店-0263,华南,南京,无人店,2025-08,351.28,315.2,666.48,0.3295,9
S2263,门店-0263,华南,上海,无人店,2025-09,355.34,366.77,722.11,0.2687,14
S2263,门店-0263,华南,重庆,无人店,2025-10,69.32,92.33,161.66,0.2675,12
S2263,门店-0263,华南,西安,无人店,2025-11,75.59,89.54,165.13,0.3044,7
S2263,门店-0263,华南,杭州,无人店,2025-12,280.02,258.74,538.76,0.3215,14
S2264,门店-0264,华中,上海,无人店,2026-01,204.34,290.02,494.36,0.2415,14
S2264,门店-0264,华中,南京,无人店,2026-02,45.12,55.44,100.56,0.3038,15
S2264,门店-0264,华中,西安,无人店,2026-03,100.67,116.11,216.78,0.2915,14
S2264,门店-0264,华中,南京,无人店,2026-04,223.56,276.54,500.1,0.228,10
S2264,门店-0264,华中,重庆,无人店,2025-05,146.72,229.79,376.51,0.1974,10
S2264,门店-0264,华中,南京,无人店,2025-06,131.47,137.02,268.48,0.2174,6
S2264,门店-0264,华中,杭州,无人店,2025-07,242.22,278.79,521.01,0.2984,15
S2264,门店-0264,华中,西安,无人店,2025-08,199.42,208.42,407.84,0.2397,6
S2264,门店-0264,华中,深圳,无人店,2025-09,139.82,141.83,281.65,0.2791,8
S2264,门店-0264,华中,成都,无人店,2025-10,198.19,182.29,380.48,0.2637,3
S2264,门店-0264,华中,重庆,无人店,2025-11,239.17,368.99,608.16,0.2586,8
S2264,门店-0264,华中,西安,无人店,2025-12,80.11,96.06,176.17,0.2984,3
S2265,门店-0265,华南,西安,旗舰店,2026-01,340.51,495.72,836.23,0.3142,15
S2265,门店-0265,华南,南京,旗舰店,2026-02,124.16,121.59,245.75,0.2862,4
S2265,门店-0265,华南,杭州,旗舰店,2026-03,318.92,468.46,787.38,0.2409,11
S2265,门店-0265,华南,西安,旗舰店,2026-04,193.79,165.16,358.95,0.2547,15
S2265,门店-0265,华南,南京,旗舰店,2025-05,348.65,483.68,832.32,0.3174,4
S2265,门店-0265,华南,上海,旗舰店,2025-06,78.94,77.1,156.04,0.1891,15
S2265,门店-0265,华南,北京,旗舰店,2025-07,267.32,416.87,684.2,0.219,15
S2265,门店-0265,华南,成都,旗舰店,2025-08,258.92,384.29,643.21,0.2887,11
S2265,门店-0265,华南,成都,旗舰店,2025-09,328.17,311.5,639.67,0.2141,13
S2265,门店-0265,华南,深圳,旗舰店,2025-10,138.85,140.41,279.26,0.3279,15
S2265,门店-0265,华南,广州,旗舰店,2025-11,153.44,214.42,367.87,0.2935,12
S2265,门店-0265,华南,深圳,旗舰店,2025-12,166.4,180.97,347.37,0.3247,3
S2266,门店-0266,东北,杭州,便利店,2026-01,51.03,44.57,95.6,0.2392,6
S2266,门店-0266,东北,武汉,便利店,2026-02,204.22,264.73,468.95,0.217,6
S2266,门店-0266,东北,广州,便利店,2026-03,168.74,261.46,430.2,0.2817,8
S2266,门店-0266,东北,北京,便利店,2026-04,140.13,165.86,305.99,0.3092,4
S2266,门店-0266,东北,武汉,便利店,2025-05,66.75,98.72,165.47,0.2163,4
S2266,门店-0266,东北,广州,便利店,2025-06,211.63,249.84,461.47,0.1894,10
S2266,门店-0266,东北,南京,便利店,2025-07,119.77,139.02,258.79,0.3021,14
S2266,门店-0266,东北,成都,便利店,2025-08,213.89,341.83,555.72,0.2156,5
S2266,门店-0266,东北,重庆,便利店,2025-09,222.08,224.92,446.99,0.2509,6
S2266,门店-0266,东北,深圳,便利店,2025-10,91.06,87.04,178.09,0.2063,6
S2266,门店-0266,东北,成都,便利店,2025-11,241.76,276.06,517.81,0.2167,10
S2266,门店-0266,东北,重庆,便利店,2025-12,48.48,40.8,89.28,0.2114,10
S2267,门店-0267,华中,西安,无人店,2026-01,91.56,106.19,197.75,0.2621,8
S2267,门店-0267,华中,成都,无人店,2026-02,112.96,173.46,286.42,0.2398,15
S2267,门店-0267,华中,南京,无人店,2026-03,201.72,284.8,486.53,0.2251,5
S2267,门店-0267,华中,广州,无人店,2026-04,228.53,312.1,540.63,0.2553,8
S2267,门店-0267,华中,西安,无人店,2025-05,77.18,73.81,150.99,0.25,15
S2267,门店-0267,华中,重庆,无人店,2025-06,97.21,82.46,179.67,0.2565,8
S2267,门店-0267,华中,杭州,无人店,2025-07,148.33,171.37,319.7,0.3178,14
S2267,门店-0267,华中,杭州,无人店,2025-08,253.0,362.19,615.19,0.2175,6
S2267,门店-0267,华中,武汉,无人店,2025-09,85.0,95.65,180.65,0.2412,10
S2267,门店-0267,华中,北京,无人店,2025-10,62.99,85.25,148.24,0.2739,6
S2267,门店-0267,华中,西安,无人店,2025-11,98.98,112.42,211.4,0.1836,8
S2267,门店-0267,华中,武汉,无人店,2025-12,110.0,92.87,202.86,0.2769,4
S2268,门店-0268,华东,重庆,标准店,2026-01,283.13,288.11,571.25,0.3319,14
S2268,门店-0268,华东,上海,标准店,2026-02,162.83,204.72,367.55,0.3164,11
S2268,门店-0268,华东,成都,标准店,2026-03,273.68,363.4,637.08,0.3131,6
S2268,门店-0268,华东,广州,标准店,2026-04,76.89,85.85,162.74,0.2754,15
S2268,门店-0268,华东,重庆,标准店,2025-05,342.22,523.17,865.38,0.2714,4
S2268,门店-0268,华东,西安,标准店,2025-06,173.24,253.17,426.41,0.2843,8
S2268,门店-0268,华东,西安,标准店,2025-07,235.36,363.77,599.13,0.2139,14
S2268,门店-0268,华东,西安,标准店,2025-08,291.76,440.02,731.78,0.2603,10
S2268,门店-0268,华东,北京,标准店,2025-09,96.1,82.87,178.96,0.3187,10
S2268,门店-0268,华东,重庆,标准店,2025-10,293.88,381.53,675.41,0.3017,9
S2268,门店-0268,华东,南京,标准店,2025-11,343.75,339.35,683.11,0.243,10
S2268,门店-0268,华东,重庆,标准店,2025-12,127.48,156.32,283.8,0.2507,14
S2269,门店-0269,华中,西安,旗舰店,2026-01,211.47,260.79,472.25,0.257,10
S2269,门店-0269,华中,广州,旗舰店,2026-02,152.1,166.52,318.62,0.1815,14
S2269,门店-0269,华中,重庆,旗舰店,2026-03,255.05,221.09,476.15,0.319,13
S2269,门店-0269,华中,西安,旗舰店,2026-04,133.38,194.41,327.79,0.2045,5
S2269,门店-0269,华中,上海,旗舰店,2025-05,143.93,168.35,312.27,0.2023,15
S2269,门店-0269,华中,成都,旗舰店,2025-06,60.04,61.53,121.57,0.1821,9
S2269,门店-0269,华中,上海,旗舰店,2025-07,86.83,134.74,221.57,0.2955,14
S2269,门店-0269,华中,广州,旗舰店,2025-08,77.4,78.15,155.55,0.1811,14
S2269,门店-0269,华中,杭州,旗舰店,2025-09,80.8,84.51,165.31,0.3125,3
S2269,门店-0269,华中,武汉,旗舰店,2025-10,71.77,58.72,130.49,0.2153,5
S2269,门店-0269,华中,上海,旗舰店,2025-11,162.25,215.69,377.94,0.2145,6
S2269,门店-0269,华中,上海,旗舰店,2025-12,254.9,251.61,506.5,0.211,6
S2270,门店-0270,华南,北京,无人店,2026-01,322.64,428.56,751.2,0.3271,3
S2270,门店-0270,华南,杭州,无人店,2026-02,95.98,135.53,231.51,0.2026,9
S2270,门店-0270,华南,武汉,无人店,2026-03,335.46,337.97,673.43,0.3176,12
S2270,门店-0270,华南,北京,无人店,2026-04,170.68,154.48,325.16,0.1901,3
S2270,门店-0270,华南,重庆,无人店,2025-05,256.96,297.55,554.51,0.3356,6
S2270,门店-0270,华南,杭州,无人店,2025-06,152.05,186.79,338.84,0.2957,11
S2270,门店-0270,华南,重庆,无人店,2025-07,337.35,521.7,859.06,0.1991,9
S2270,门店-0270,华南,成都,无人店,2025-08,337.41,527.81,865.22,0.2127,9
S2270,门店-0270,华南,杭州,无人店,2025-09,135.86,208.42,344.28,0.3212,13
S2270,门店-0270,华南,成都,无人店,2025-10,162.12,145.46,307.58,0.2134,10
S2270,门店-0270,华南,北京,无人店,2025-11,257.59,349.16,606.75,0.2136,14
S2270,门店-0270,华南,上海,无人店,2025-12,283.71,278.66,562.37,0.2493,13
S2271,门店-0271,华南,西安,便利店,2026-01,93.27,119.45,212.72,0.2635,9
S2271,门店-0271,华南,深圳,便利店,2026-02,227.08,217.84,444.91,0.3109,6
S2271,门店-0271,华南,成都,便利店,2026-03,134.81,152.57,287.38,0.2824,8
S2271,门店-0271,华南,深圳,便利店,2026-04,243.94,374.66,618.6,0.292,9
S2271,门店-0271,华南,成都,便利店,2025-05,297.49,294.33,591.82,0.2603,13
S2271,门店-0271,华南,重庆,便利店,2025-06,79.06,97.08,176.14,0.2637,5
S2271,门店-0271,华南,重庆,便利店,2025-07,266.66,406.13,672.79,0.2079,3
S2271,门店-0271,华南,成都,便利店,2025-08,320.31,344.72,665.02,0.252,6
S2271,门店-0271,华南,西安,便利店,2025-09,326.52,268.42,594.94,0.2477,12
S2271,门店-0271,华南,武汉,便利店,2025-10,126.81,190.84,317.65,0.3218,3
S2271,门店-0271,华南,武汉,便利店,2025-11,295.93,367.12,663.04,0.327,3
S2271,门店-0271,华南,南京,便利店,2025-12,193.6,259.57,453.16,0.2035,12
S2272,门店-0272,东北,上海,旗舰店,2026-01,162.87,141.65,304.52,0.1906,14
S2272,门店-0272,东北,上海,旗舰店,2026-02,165.62,264.12,429.73,0.287,3
S2272,门店-0272,东北,成都,旗舰店,2026-03,227.16,196.59,423.76,0.2065,15
S2272,门店-0272,东北,南京,旗舰店,2026-04,97.94,110.37,208.31,0.2277,7
S2272,门店-0272,东北,广州,旗舰店,2025-05,125.34,142.12,267.46,0.267,10
S2272,门店-0272,东北,广州,旗舰店,2025-06,124.37,191.38,315.75,0.2157,12
S2272,门店-0272,东北,南京,旗舰店,2025-07,101.45,116.08,217.53,0.2504,7
S2272,门店-0272,东北,重庆,旗舰店,2025-08,203.55,238.68,442.22,0.2657,4
S2272,门店-0272,东北,武汉,旗舰店,2025-09,136.19,140.47,276.66,0.2554,14
S2272,门店-0272,东北,成都,旗舰店,2025-10,165.19,137.28,302.47,0.2959,3
S2272,门店-0272,东北,北京,旗舰店,2025-11,77.11,121.8,198.91,0.3074,9
S2272,门店-0272,东北,成都,旗舰店,2025-12,144.69,126.12,270.82,0.3126,8
S2273,门店-0273,西南,上海,标准店,2026-01,54.94,87.57,142.51,0.3021,12
S2273,门店-0273,西南,北京,标准店,2026-02,163.87,237.85,401.71,0.2782,5
S2273,门店-0273,西南,北京,标准店,2026-03,230.7,188.89,419.58,0.2147,10
S2273,门店-0273,西南,杭州,标准店,2026-04,264.97,390.07,655.04,0.2187,7
S2273,门店-0273,西南,深圳,标准店,2025-05,114.54,105.25,219.79,0.1886,4
S2273,门店-0273,西南,北京,标准店,2025-06,113.05,117.52,230.57,0.1808,10
S2273,门店-0273,西南,重庆,标准店,2025-07,109.98,90.96,200.93,0.2519,12
S2273,门店-0273,西南,广州,标准店,2025-08,145.11,184.96,330.07,0.234,10
S2273,门店-0273,西南,重庆,标准店,2025-09,182.58,240.2,422.78,0.1941,14
S2273,门店-0273,西南,西安,标准店,2025-10,206.2,205.82,412.02,0.2353,3
S2273,门店-0273,西南,南京,标准店,2025-11,254.77,263.51,518.29,0.2592,6
S2273,门店-0273,西南,北京,标准店,2025-12,234.18,233.53,467.71,0.3098,10
S2274,门店-0274,东北,上海,无人店,2026-01,124.5,160.88,285.38,0.2125,5
S2274,门店-0274,东北,西安,无人店,2026-02,220.19,273.2,493.4,0.1963,8
S2274,门店-0274,东北,武汉,无人店,2026-03,201.17,261.89,463.06,0.2783,8
S2274,门店-0274,东北,广州,无人店,2026-04,48.87,46.83,95.69,0.2179,9
S2274,门店-0274,东北,西安,无人店,2025-05,79.3,126.71,206.01,0.2501,13
S2274,门店-0274,东北,武汉,无人店,2025-06,153.56,147.53,301.09,0.2196,12
S2274,门店-0274,东北,武汉,无人店,2025-07,83.72,96.51,180.23,0.2023,7
S2274,门店-0274,东北,杭州,无人店,2025-08,137.62,184.05,321.67,0.2061,5
S2274,门店-0274,东北,重庆,无人店,2025-09,225.69,193.07,418.76,0.1831,6
S2274,门店-0274,东北,重庆,无人店,2025-10,152.91,241.24,394.15,0.2429,4
S2274,门店-0274,东北,重庆,无人店,2025-11,46.13,52.4,98.54,0.2916,14
S2274,门店-0274,东北,杭州,无人店,2025-12,227.75,187.05,414.8,0.252,8
S2275,门店-0275,华东,上海,旗舰店,2026-01,87.5,108.2,195.7,0.312,13
S2275,门店-0275,华东,深圳,旗舰店,2026-02,281.26,316.12,597.38,0.326,4
S2275,门店-0275,华东,北京,旗舰店,2026-03,181.69,263.82,445.51,0.1903,15
S2275,门店-0275,华东,北京,旗舰店,2026-04,250.16,216.77,466.93,0.292,4
S2275,门店-0275,华东,北京,旗舰店,2025-05,78.87,119.46,198.33,0.2664,5
S2275,门店-0275,华东,广州,旗舰店,2025-06,154.4,228.85,383.25,0.3309,8
S2275,门店-0275,华东,成都,旗舰店,2025-07,63.01,93.26,156.27,0.3073,9
S2275,门店-0275,华东,成都,旗舰店,2025-08,197.91,273.54,471.45,0.2805,6
S2275,门店-0275,华东,西安,旗舰店,2025-09,103.09,101.47,204.56,0.3334,12
S2275,门店-0275,华东,成都,旗舰店,2025-10,359.29,541.61,900.9,0.2931,15
S2275,门店-0275,华东,杭州,旗舰店,2025-11,264.99,332.0,597.0,0.2259,9
S2275,门店-0275,华东,北京,旗舰店,2025-12,118.43,175.24,293.67,0.3134,9
S2276,门店-0276,华中,北京,标准店,2026-01,114.23,112.84,227.07,0.2995,10
S2276,门店-0276,华中,杭州,标准店,2026-02,115.53,153.46,269.0,0.3148,5
S2276,门店-0276,华中,杭州,标准店,2026-03,201.37,263.38,464.74,0.3099,12
S2276,门店-0276,华中,杭州,标准店,2026-04,85.48,121.33,206.81,0.2,15
S2276,门店-0276,华中,南京,标准店,2025-05,193.73,211.49,405.22,0.2973,15
S2276,门店-0276,华中,杭州,标准店,2025-06,148.97,138.14,287.11,0.2291,14
S2276,门店-0276,华中,成都,标准店,2025-07,150.42,186.99,337.41,0.2372,5
S2276,门店-0276,华中,杭州,标准店,2025-08,46.42,46.42,92.84,0.1933,13
S2276,门店-0276,华中,南京,标准店,2025-09,60.74,57.94,118.68,0.2717,4
S2276,门店-0276,华中,杭州,标准店,2025-10,269.0,293.45,562.45,0.2715,4
S2276,门店-0276,华中,成都,标准店,2025-11,188.1,195.49,383.59,0.1925,6
S2276,门店-0276,华中,西安,标准店,2025-12,69.61,104.74,174.35,0.2478,13
S2277,门店-0277,华南,北京,便利店,2026-01,80.41,76.0,156.42,0.3163,6
S2277,门店-0277,华南,广州,便利店,2026-02,267.46,237.7,505.15,0.2995,15
S2277,门店-0277,华南,重庆,便利店,2026-03,192.34,216.3,408.64,0.2434,4
S2277,门店-0277,华南,南京,便利店,2026-04,319.49,465.82,785.31,0.2691,7
S2277,门店-0277,华南,上海,便利店,2025-05,237.39,294.5,531.9,0.2638,15
S2277,门店-0277,华南,武汉,便利店,2025-06,227.93,362.03,589.96,0.2533,8
S2277,门店-0277,华南,杭州,便利店,2025-07,256.15,315.94,572.1,0.2125,5
S2277,门店-0277,华南,杭州,便利店,2025-08,320.86,395.81,716.67,0.2996,14
S2277,门店-0277,华南,广州,便利店,2025-09,249.17,298.2,547.37,0.2657,7
S2277,门店-0277,华南,上海,便利店,2025-10,237.54,223.71,461.25,0.2733,3
S2277,门店-0277,华南,武汉,便利店,2025-11,119.25,117.3,236.55,0.2842,9
S2277,门店-0277,华南,杭州,便利店,2025-12,326.73,431.96,758.69,0.2676,12
S2278,门店-0278,东北,西安,旗舰店,2026-01,102.79,155.19,257.98,0.1892,11
S2278,门店-0278,东北,广州,旗舰店,2026-02,101.43,150.81,252.24,0.3161,12
S2278,门店-0278,东北,杭州,旗舰店,2026-03,218.4,192.05,410.44,0.3197,15
S2278,门店-0278,东北,武汉,旗舰店,2026-04,179.54,163.96,343.5,0.1941,5
S2278,门店-0278,东北,南京,旗舰店,2025-05,192.89,276.21,469.1,0.2337,6
S2278,门店-0278,东北,南京,旗舰店,2025-06,230.77,246.26,477.03,0.1957,4
S2278,门店-0278,东北,南京,旗舰店,2025-07,201.33,193.43,394.75,0.2378,6
S2278,门店-0278,东北,武汉,旗舰店,2025-08,123.54,124.22,247.76,0.2446,12
S2278,门店-0278,东北,南京,旗舰店,2025-09,184.64,191.16,375.8,0.2023,4
S2278,门店-0278,东北,北京,旗舰店,2025-10,243.14,265.63,508.77,0.3024,10
S2278,门店-0278,东北,深圳,旗舰店,2025-11,250.63,295.22,545.85,0.212,3
S2278,门店-0278,东北,深圳,旗舰店,2025-12,181.98,197.43,379.41,0.2421,4
S2279,门店-0279,东北,深圳,便利店,2026-01,123.56,157.65,281.21,0.2448,9
S2279,门店-0279,东北,北京,便利店,2026-02,94.43,124.19,218.63,0.29,9
S2279,门店-0279,东北,杭州,便利店,2026-03,229.18,213.88,443.06,0.2894,13
S2279,门店-0279,东北,杭州,便利店,2026-04,46.76,63.89,110.65,0.2462,9
S2279,门店-0279,东北,南京,便利店,2025-05,117.68,128.82,246.5,0.3086,15
S2279,门店-0279,东北,成都,便利店,2025-06,127.96,165.38,293.34,0.2706,15
S2279,门店-0279,东北,北京,便利店,2025-07,153.6,230.66,384.26,0.2842,8
S2279,门店-0279,东北,重庆,便利店,2025-08,268.36,402.53,670.89,0.2354,10
S2279,门店-0279,东北,上海,便利店,2025-09,201.63,263.07,464.7,0.2378,8
S2279,门店-0279,东北,北京,便利店,2025-10,198.97,310.75,509.72,0.1819,8
S2279,门店-0279,东北,深圳,便利店,2025-11,204.46,290.26,494.72,0.2975,10
S2279,门店-0279,东北,重庆,便利店,2025-12,106.86,132.33,239.19,0.1829,7
S2280,门店-0280,西南,成都,便利店,2026-01,264.32,228.26,492.58,0.234,10
S2280,门店-0280,西南,南京,便利店,2026-02,61.01,76.06,137.08,0.2959,5
S2280,门店-0280,西南,杭州,便利店,2026-03,253.27,375.34,628.61,0.2595,14
S2280,门店-0280,西南,武汉,便利店,2026-04,62.69,97.54,160.22,0.2005,14
S2280,门店-0280,西南,武汉,便利店,2025-05,129.68,198.31,327.99,0.293,12
S2280,门店-0280,西南,西安,便利店,2025-06,198.51,198.13,396.64,0.2566,10
S2280,门店-0280,西南,西安,便利店,2025-07,116.17,128.19,244.36,0.2454,15
S2280,门店-0280,西南,南京,便利店,2025-08,76.26,92.84,169.1,0.2573,6
S2280,门店-0280,西南,重庆,便利店,2025-09,242.62,314.09,556.71,0.3194,4
S2280,门店-0280,西南,西安,便利店,2025-10,244.74,336.73,581.47,0.3099,9
S2280,门店-0280,西南,深圳,便利店,2025-11,210.45,254.58,465.03,0.2238,11
S2280,门店-0280,西南,北京,便利店,2025-12,196.83,181.3,378.12,0.201,9
S2281,门店-0281,华北,广州,旗舰店,2026-01,55.21,61.1,116.31,0.3051,14
S2281,门店-0281,华北,广州,旗舰店,2026-02,55.68,47.1,102.78,0.2747,11
S2281,门店-0281,华北,成都,旗舰店,2026-03,58.71,49.75,108.46,0.2289,13
S2281,门店-0281,华北,广州,旗舰店,2026-04,220.67,284.17,504.84,0.2613,8
S2281,门店-0281,华北,深圳,旗舰店,2025-05,72.12,61.87,133.99,0.238,11
S2281,门店-0281,华北,广州,旗舰店,2025-06,184.19,270.02,454.21,0.2326,5
S2281,门店-0281,华北,杭州,旗舰店,2025-07,227.52,328.87,556.39,0.2932,3
S2281,门店-0281,华北,北京,旗舰店,2025-08,130.19,122.04,252.23,0.315,3
S2281,门店-0281,华北,北京,旗舰店,2025-09,155.2,243.53,398.73,0.2459,5
S2281,门店-0281,华北,杭州,旗舰店,2025-10,61.23,53.81,115.03,0.2306,5
S2281,门店-0281,华北,武汉,旗舰店,2025-11,190.31,174.71,365.01,0.2195,3
S2281,门店-0281,华北,广州,旗舰店,2025-12,55.36,73.94,129.3,0.2198,6
S2282,门店-0282,华南,深圳,标准店,2026-01,135.5,155.89,291.38,0.2121,13
S2282,门店-0282,华南,北京,标准店,2026-02,149.52,170.26,319.78,0.2147,9
S2282,门店-0282,华南,重庆,标准店,2026-03,60.38,83.21,143.6,0.2207,5
S2282,门店-0282,华南,南京,标准店,2026-04,78.32,113.6,191.92,0.1958,11
S2282,门店-0282,华南,深圳,标准店,2025-05,322.45,359.52,681.97,0.2817,10
S2282,门店-0282,华南,成都,标准店,2025-06,339.0,355.46,694.46,0.2759,11
S2282,门店-0282,华南,杭州,标准店,2025-07,102.67,119.78,222.45,0.2802,5
S2282,门店-0282,华南,杭州,标准店,2025-08,215.49,265.86,481.35,0.259,3
S2282,门店-0282,华南,武汉,标准店,2025-09,200.79,176.26,377.05,0.2168,4
S2282,门店-0282,华南,深圳,标准店,2025-10,207.68,193.06,400.74,0.258,3
S2282,门店-0282,华南,武汉,标准店,2025-11,287.81,328.24,616.05,0.1921,14
S2282,门店-0282,华南,上海,标准店,2025-12,121.1,181.98,303.08,0.224,9
S2283,门店-0283,华东,深圳,便利店,2026-01,243.85,378.12,621.97,0.2047,13
S2283,门店-0283,华东,上海,便利店,2026-02,108.44,93.12,201.56,0.2691,5
S2283,门店-0283,华东,南京,便利店,2026-03,195.17,230.49,425.66,0.3067,6
S2283,门店-0283,华东,西安,便利店,2026-04,151.43,205.56,356.99,0.2143,11
S2283,门店-0283,华东,北京,便利店,2025-05,295.18,344.95,640.13,0.3,12
S2283,门店-0283,华东,南京,便利店,2025-06,197.67,279.91,477.59,0.269,5
S2283,门店-0283,华东,西安,便利店,2025-07,283.08,309.55,592.63,0.3354,3
S2283,门店-0283,华东,北京,便利店,2025-08,154.36,175.54,329.9,0.291,11
S2283,门店-0283,华东,广州,便利店,2025-09,236.09,203.82,439.91,0.2992,15
S2283,门店-0283,华东,西安,便利店,2025-10,202.06,205.12,407.18,0.2166,12
S2283,门店-0283,华东,深圳,便利店,2025-11,144.37,217.61,361.98,0.3308,12
S2283,门店-0283,华东,广州,便利店,2025-12,109.82,140.55,250.37,0.3054,3
S2284,门店-0284,华北,武汉,旗舰店,2026-01,180.3,207.05,387.35,0.203,9
S2284,门店-0284,华北,杭州,旗舰店,2026-02,214.47,246.68,461.15,0.289,13
S2284,门店-0284,华北,广州,旗舰店,2026-03,51.08,44.49,95.58,0.1805,10
S2284,门店-0284,华北,成都,旗舰店,2026-04,204.63,220.18,424.81,0.2604,14
S2284,门店-0284,华北,南京,旗舰店,2025-05,236.52,335.4,571.92,0.1908,11
S2284,门店-0284,华北,杭州,旗舰店,2025-06,50.97,65.65,116.62,0.269,4
S2284,门店-0284,华北,西安,旗舰店,2025-07,66.46,97.03,163.49,0.3162,12
S2284,门店-0284,华北,成都,旗舰店,2025-08,132.92,129.63,262.55,0.2783,10
S2284,门店-0284,华北,杭州,旗舰店,2025-09,242.06,349.99,592.05,0.2408,3
S2284,门店-0284,华北,武汉,旗舰店,2025-10,224.09,192.39,416.48,0.2055,15
S2284,门店-0284,华北,西安,旗舰店,2025-11,54.85,67.76,122.61,0.2914,5
S2284,门店-0284,华北,北京,旗舰店,2025-12,101.91,116.54,218.45,0.2299,11
S2285,门店-0285,东北,成都,便利店,2026-01,145.31,154.11,299.42,0.3089,6
S2285,门店-0285,东北,北京,便利店,2026-02,144.95,149.08,294.04,0.237,9
S2285,门店-0285,东北,上海,便利店,2026-03,114.2,116.93,231.14,0.2578,8
S2285,门店-0285,东北,北京,便利店,2026-04,96.79,94.24,191.03,0.2622,4
S2285,门店-0285,东北,上海,便利店,2025-05,197.97,283.98,481.95,0.2911,13
S2285,门店-0285,东北,深圳,便利店,2025-06,131.09,114.42,245.51,0.2541,14
S2285,门店-0285,东北,重庆,便利店,2025-07,104.55,92.5,197.04,0.26,12
S2285,门店-0285,东北,北京,便利店,2025-08,82.93,100.95,183.88,0.1811,13
S2285,门店-0285,东北,武汉,便利店,2025-09,148.64,195.87,344.51,0.3091,4
S2285,门店-0285,东北,成都,便利店,2025-10,198.67,289.66,488.32,0.2008,12
S2285,门店-0285,东北,重庆,便利店,2025-11,207.94,170.25,378.19,0.2303,15
S2285,门店-0285,东北,北京,便利店,2025-12,92.64,92.65,185.29,0.1917,12
S2286,门店-0286,华北,深圳,旗舰店,2026-01,54.42,73.19,127.61,0.2229,6
S2286,门店-0286,华北,北京,旗舰店,2026-02,113.2,136.3,249.51,0.2312,7
S2286,门店-0286,华北,广州,旗舰店,2026-03,243.74,377.27,621.01,0.2992,12
S2286,门店-0286,华北,西安,旗舰店,2026-04,188.99,278.42,467.42,0.1933,10
S2286,门店-0286,华北,西安,旗舰店,2025-05,77.69,86.28,163.97,0.2488,11
S2286,门店-0286,华北,北京,旗舰店,2025-06,78.46,92.74,171.2,0.2126,4
S2286,门店-0286,华北,杭州,旗舰店,2025-07,233.87,207.95,441.82,0.2613,15
S2286,门店-0286,华北,武汉,旗舰店,2025-08,243.9,249.99,493.88,0.2497,14
S2286,门店-0286,华北,广州,旗舰店,2025-09,217.34,318.77,536.11,0.2183,8
S2286,门店-0286,华北,南京,旗舰店,2025-10,246.81,347.48,594.29,0.2665,7
S2286,门店-0286,华北,上海,旗舰店,2025-11,220.27,225.44,445.7,0.2849,5
S2286,门店-0286,华北,成都,旗舰店,2025-12,228.47,245.2,473.67,0.2006,7
S2287,门店-0287,华中,上海,无人店,2026-01,51.76,52.74,104.5,0.2022,6
S2287,门店-0287,华中,成都,无人店,2026-02,92.67,103.62,196.3,0.2019,11
S2287,门店-0287,华中,重庆,无人店,2026-03,224.94,199.85,424.79,0.1865,5
S2287,门店-0287,华中,杭州,无人店,2026-04,183.94,189.74,373.69,0.249,5
S2287,门店-0287,华中,广州,无人店,2025-05,102.07,139.92,241.99,0.319,10
S2287,门店-0287,华中,西安,无人店,2025-06,72.91,82.45,155.36,0.2501,14
S2287,门店-0287,华中,南京,无人店,2025-07,171.13,272.67,443.8,0.2257,11
S2287,门店-0287,华中,广州,无人店,2025-08,188.91,185.56,374.47,0.2545,3
S2287,门店-0287,华中,广州,无人店,2025-09,227.53,258.6,486.13,0.2907,12
S2287,门店-0287,华中,深圳,无人店,2025-10,71.83,81.66,153.49,0.2082,9
S2287,门店-0287,华中,成都,无人店,2025-11,107.1,164.25,271.35,0.2305,13
S2287,门店-0287,华中,重庆,无人店,2025-12,192.21,287.52,479.73,0.1923,4
S2288,门店-0288,华中,北京,便利店,2026-01,205.96,203.05,409.02,0.272,6
S2288,门店-0288,华中,杭州,便利店,2026-02,116.99,102.75,219.74,0.3033,6
S2288,门店-0288,华中,杭州,便利店,2026-03,222.01,282.4,504.4,0.2023,14
S2288,门店-0288,华中,武汉,便利店,2026-04,70.74,90.93,161.67,0.2641,9
S2288,门店-0288,华中,南京,便利店,2025-05,116.21,157.76,273.97,0.3031,10
S2288,门店-0288,华中,南京,便利店,2025-06,241.74,221.12,462.86,0.2117,10
S2288,门店-0288,华中,南京,便利店,2025-07,119.74,169.02,288.76,0.2921,5
S2288,门店-0288,华中,重庆,便利店,2025-08,77.84,86.37,164.21,0.3167,15
S2288,门店-0288,华中,北京,便利店,2025-09,67.45,69.54,136.99,0.2893,15
S2288,门店-0288,华中,武汉,便利店,2025-10,162.44,165.26,327.69,0.3074,13
S2288,门店-0288,华中,重庆,便利店,2025-11,214.5,313.44,527.94,0.3119,7
S2288,门店-0288,华中,广州,便利店,2025-12,216.6,281.31,497.91,0.2791,6
S2289,门店-0289,西南,成都,无人店,2026-01,260.21,395.28,655.49,0.2388,7
S2289,门店-0289,西南,深圳,无人店,2026-02,184.79,225.07,409.86,0.1961,13
S2289,门店-0289,西南,重庆,无人店,2026-03,141.66,206.99,348.65,0.1978,5
S2289,门店-0289,西南,深圳,无人店,2026-04,57.93,80.48,138.41,0.2414,12
S2289,门店-0289,西南,上海,无人店,2025-05,203.78,187.49,391.27,0.2406,7
S2289,门店-0289,西南,成都,无人店,2025-06,260.83,353.14,613.97,0.2564,11
S2289,门店-0289,西南,北京,无人店,2025-07,237.71,326.22,563.93,0.3069,12
S2289,门店-0289,西南,北京,无人店,2025-08,57.47,69.24,126.71,0.2438,3
S2289,门店-0289,西南,武汉,无人店,2025-09,73.08,76.9,149.98,0.3122,13
S2289,门店-0289,西南,深圳,无人店,2025-10,175.6,164.48,340.08,0.1854,15
S2289,门店-0289,西南,南京,无人店,2025-11,171.44,237.05,408.49,0.2696,8
S2289,门店-0289,西南,成都,无人店,2025-12,247.3,291.82,539.11,0.2037,3
S2290,门店-0290,华东,广州,便利店,2026-01,341.4,319.86,661.26,0.2202,15
S2290,门店-0290,华东,杭州,便利店,2026-02,189.36,274.56,463.92,0.2851,11
S2290,门店-0290,华东,北京,便利店,2026-03,110.93,119.83,230.77,0.3082,9
S2290,门店-0290,华东,杭州,便利店,2026-04,338.94,399.05,737.99,0.3095,9
S2290,门店-0290,华东,上海,便利店,2025-05,258.09,219.24,477.33,0.3176,9
S2290,门店-0290,华东,上海,便利店,2025-06,135.04,132.63,267.67,0.2631,9
S2290,门店-0290,华东,武汉,便利店,2025-07,296.5,387.65,684.15,0.2666,6
S2290,门店-0290,华东,南京,便利店,2025-08,166.13,240.71,406.84,0.2836,6
S2290,门店-0290,华东,上海,便利店,2025-09,268.39,248.02,516.41,0.2666,15
S2290,门店-0290,华东,成都,便利店,2025-10,337.06,296.3,633.36,0.2697,4
S2290,门店-0290,华东,成都,便利店,2025-11,343.53,445.32,788.85,0.2956,11
S2290,门店-0290,华东,成都,便利店,2025-12,303.81,359.39,663.2,0.2575,8
S2291,门店-0291,华中,西安,旗舰店,2026-01,53.32,60.9,114.23,0.3056,11
S2291,门店-0291,华中,深圳,旗舰店,2026-02,232.45,287.33,519.78,0.2773,3
S2291,门店-0291,华中,杭州,旗舰店,2026-03,237.11,345.17,582.28,0.2197,15
S2291,门店-0291,华中,深圳,旗舰店,2026-04,170.01,216.48,386.49,0.3182,7
S2291,门店-0291,华中,北京,旗舰店,2025-05,251.36,223.2,474.55,0.2363,15
S2291,门店-0291,华中,杭州,旗舰店,2025-06,237.36,244.7,482.06,0.2236,15
S2291,门店-0291,华中,重庆,旗舰店,2025-07,92.22,106.29,198.5,0.25,15
S2291,门店-0291,华中,重庆,旗舰店,2025-08,228.13,231.8,459.93,0.2153,15
S2291,门店-0291,华中,重庆,旗舰店,2025-09,188.83,202.27,391.1,0.2234,5
S2291,门店-0291,华中,重庆,旗舰店,2025-10,256.0,333.87,589.86,0.2911,14
S2291,门店-0291,华中,广州,旗舰店,2025-11,61.45,86.75,148.19,0.2333,4
S2291,门店-0291,华中,西安,旗舰店,2025-12,169.6,193.0,362.6,0.2522,6
S2292,门店-0292,华中,成都,旗舰店,2026-01,77.03,67.35,144.37,0.2665,9
S2292,门店-0292,华中,北京,旗舰店,2026-02,61.31,92.99,154.3,0.2732,7
S2292,门店-0292,华中,深圳,旗舰店,2026-03,143.22,223.34,366.56,0.2746,13
S2292,门店-0292,华中,西安,旗舰店,2026-04,167.55,251.7,419.25,0.2933,8
S2292,门店-0292,华中,成都,旗舰店,2025-05,119.23,174.2,293.43,0.1812,8
S2292,门店-0292,华中,杭州,旗舰店,2025-06,267.71,386.7,654.41,0.2394,5
S2292,门店-0292,华中,广州,旗舰店,2025-07,115.55,128.09,243.64,0.2543,6
S2292,门店-0292,华中,深圳,旗舰店,2025-08,194.25,237.26,431.51,0.2379,9
S2292,门店-0292,华中,西安,旗舰店,2025-09,48.56,73.55,122.12,0.3,14
S2292,门店-0292,华中,广州,旗舰店,2025-10,144.98,205.03,350.02,0.2685,13
S2292,门店-0292,华中,广州,旗舰店,2025-11,206.15,327.01,533.16,0.303,14
S2292,门店-0292,华中,武汉,旗舰店,2025-12,133.7,127.66,261.36,0.2555,10
S2293,门店-0293,华南,北京,标准店,2026-01,122.15,195.43,317.58,0.2421,12
S2293,门店-0293,华南,武汉,标准店,2026-02,62.6,86.65,149.25,0.288,5
S2293,门店-0293,华南,武汉,标准店,2026-03,274.38,356.66,631.04,0.3186,3
S2293,门店-0293,华南,广州,标准店,2026-04,345.64,319.8,665.44,0.3273,8
S2293,门店-0293,华南,深圳,标准店,2025-05,157.19,156.45,313.64,0.1921,15
S2293,门店-0293,华南,武汉,标准店,2025-06,314.05,300.49,614.53,0.313,10
S2293,门店-0293,华南,广州,标准店,2025-07,359.4,566.58,925.98,0.1988,6
S2293,门店-0293,华南,杭州,标准店,2025-08,358.34,550.79,909.14,0.1908,5
S2293,门店-0293,华南,重庆,标准店,2025-09,65.32,55.45,120.77,0.3181,10
S2293,门店-0293,华南,西安,标准店,2025-10,146.59,228.8,375.39,0.3303,13
S2293,门店-0293,华南,北京,标准店,2025-11,211.16,197.21,408.36,0.266,10
S2293,门店-0293,华南,广州,标准店,2025-12,175.44,221.75,397.19,0.2061,4
S2294,门店-0294,西南,杭州,便利店,2026-01,146.6,119.74,266.33,0.182,8
S2294,门店-0294,西南,上海,便利店,2026-02,239.68,279.84,519.52,0.2111,8
S2294,门店-0294,西南,北京,便利店,2026-03,263.15,307.53,570.68,0.3144,8
S2294,门店-0294,西南,上海,便利店,2026-04,139.9,117.54,257.44,0.2198,8
S2294,门店-0294,西南,上海,便利店,2025-05,67.24,86.55,153.78,0.214,4
S2294,门店-0294,西南,武汉,便利店,2025-06,76.26,65.78,142.04,0.3099,3
S2294,门店-0294,西南,深圳,便利店,2025-07,256.67,343.07,599.75,0.2063,9
S2294,门店-0294,西南,广州,便利店,2025-08,72.64,89.83,162.47,0.203,4
S2294,门店-0294,西南,重庆,便利店,2025-09,68.06,57.78,125.84,0.2118,12
S2294,门店-0294,西南,西安,便利店,2025-10,201.36,194.81,396.18,0.2732,9
S2294,门店-0294,西南,北京,便利店,2025-11,266.6,226.56,493.16,0.3159,7
S2294,门店-0294,西南,武汉,便利店,2025-12,181.69,242.06,423.75,0.2277,14
S2295,门店-0295,华中,武汉,无人店,2026-01,206.7,294.32,501.02,0.252,4
S2295,门店-0295,华中,深圳,无人店,2026-02,238.94,232.11,471.04,0.2506,4
S2295,门店-0295,华中,深圳,无人店,2026-03,175.64,243.13,418.77,0.2499,13
S2295,门店-0295,华中,上海,无人店,2026-04,71.29,94.05,165.34,0.2719,8
S2295,门店-0295,华中,南京,无人店,2025-05,243.13,233.16,476.29,0.2088,11
S2295,门店-0295,华中,广州,无人店,2025-06,217.33,268.97,486.3,0.1925,11
S2295,门店-0295,华中,广州,无人店,2025-07,220.4,182.74,403.15,0.2895,11
S2295,门店-0295,华中,北京,无人店,2025-08,269.3,412.69,681.99,0.2615,7
S2295,门店-0295,华中,重庆,无人店,2025-09,64.67,61.86,126.53,0.2266,7
S2295,门店-0295,华中,北京,无人店,2025-10,117.59,128.35,245.94,0.3024,8
S2295,门店-0295,华中,西安,无人店,2025-11,133.75,203.06,336.81,0.3115,4
S2295,门店-0295,华中,上海,无人店,2025-12,124.94,117.0,241.94,0.1878,3
S2296,门店-0296,华北,杭州,标准店,2026-01,133.65,195.7,329.35,0.2924,13
S2296,门店-0296,华北,广州,标准店,2026-02,123.65,137.66,261.3,0.3009,15
S2296,门店-0296,华北,重庆,标准店,2026-03,244.25,241.55,485.8,0.2816,13
S2296,门店-0296,华北,南京,标准店,2026-04,174.46,212.23,386.69,0.2586,10
S2296,门店-0296,华北,深圳,标准店,2025-05,119.1,162.73,281.83,0.2002,4
S2296,门店-0296,华北,成都,标准店,2025-06,167.18,163.25,330.43,0.1986,5
S2296,门店-0296,华北,杭州,标准店,2025-07,231.91,212.99,444.9,0.1914,12
S2296,门店-0296,华北,上海,标准店,2025-08,97.28,79.11,176.39,0.2199,15
S2296,门店-0296,华北,上海,标准店,2025-09,169.13,138.62,307.75,0.2177,5
S2296,门店-0296,华北,武汉,标准店,2025-10,202.85,233.57,436.42,0.3113,4
S2296,门店-0296,华北,西安,标准店,2025-11,202.87,293.14,496.01,0.248,14
S2296,门店-0296,华北,广州,标准店,2025-12,52.19,67.93,120.12,0.2293,5
S2297,门店-0297,华南,上海,无人店,2026-01,353.64,391.16,744.8,0.2008,7
S2297,门店-0297,华南,武汉,无人店,2026-02,114.14,169.79,283.93,0.2156,11
S2297,门店-0297,华南,杭州,无人店,2026-03,307.43,450.53,757.96,0.3165,8
S2297,门店-0297,华南,武汉,无人店,2026-04,311.46,448.83,760.3,0.1925,8
S2297,门店-0297,华南,广州,无人店,2025-05,313.2,432.89,746.1,0.3095,4
S2297,门店-0297,华南,广州,无人店,2025-06,304.72,315.82,620.54,0.2501,12
S2297,门店-0297,华南,西安,无人店,2025-07,241.39,261.55,502.94,0.3007,3
S2297,门店-0297,华南,广州,无人店,2025-08,81.85,126.65,208.5,0.216,5
S2297,门店-0297,华南,广州,无人店,2025-09,204.86,233.05,437.92,0.233,6
S2297,门店-0297,华南,上海,无人店,2025-10,99.71,149.61,249.32,0.2994,8
S2297,门店-0297,华南,西安,无人店,2025-11,99.6,153.09,252.69,0.3002,5
S2297,门店-0297,华南,杭州,无人店,2025-12,101.96,155.61,257.58,0.3036,4
S2298,门店-0298,东北,南京,无人店,2026-01,152.99,134.54,287.53,0.2105,3
S2298,门店-0298,东北,北京,无人店,2026-02,145.64,167.06,312.7,0.2481,4
S2298,门店-0298,东北,武汉,无人店,2026-03,202.13,215.1,417.23,0.3029,3
S2298,门店-0298,东北,杭州,无人店,2026-04,129.84,202.01,331.85,0.2132,8
S2298,门店-0298,东北,武汉,无人店,2025-05,258.34,328.4,586.74,0.1939,6
S2298,门店-0298,东北,杭州,无人店,2025-06,211.47,315.62,527.09,0.3199,11
S2298,门店-0298,东北,武汉,无人店,2025-07,98.53,103.56,202.09,0.218,4
S2298,门店-0298,东北,上海,无人店,2025-08,169.42,177.53,346.94,0.2082,13
S2298,门店-0298,东北,北京,无人店,2025-09,213.74,321.4,535.14,0.2785,14
S2298,门店-0298,东北,南京,无人店,2025-10,113.84,142.86,256.7,0.196,5
S2298,门店-0298,东北,南京,无人店,2025-11,173.84,222.71,396.55,0.2969,12
S2298,门店-0298,东北,西安,无人店,2025-12,188.62,253.01,441.64,0.2787,13
S2299,门店-0299,东北,武汉,标准店,2026-01,79.58,98.58,178.16,0.2012,6
S2299,门店-0299,东北,深圳,标准店,2026-02,209.63,311.13,520.76,0.3145,8
S2299,门店-0299,东北,杭州,标准店,2026-03,168.87,185.8,354.67,0.3149,11
S2299,门店-0299,东北,西安,标准店,2026-04,191.0,240.28,431.29,0.2858,15
S2299,门店-0299,东北,成都,标准店,2025-05,209.39,201.19,410.59,0.2013,3
S2299,门店-0299,东北,重庆,标准店,2025-06,241.38,235.18,476.57,0.1833,15
S2299,门店-0299,东北,南京,标准店,2025-07,228.01,240.47,468.48,0.3054,7
S2299,门店-0299,东北,深圳,标准店,2025-08,194.72,180.84,375.55,0.305,7
S2299,门店-0299,东北,杭州,标准店,2025-09,225.3,352.56,577.86,0.2543,6
S2299,门店-0299,东北,上海,标准店,2025-10,191.06,245.77,436.83,0.2224,7
S2299,门店-0299,东北,深圳,标准店,2025-11,67.32,78.86,146.17,0.2527,15
S2299,门店-0299,东北,成都,标准店,2025-12,79.85,82.3,162.15,0.2472,11
