order_id,customer_id,region_l1,region_l2,bu_id,product_line,amount,order_date,period,channel,sales_manager_id,status
SO200000,C1872,华北,北线,BU-1,AI 助理,30.78,2025-03-19,2025Q1,直销,SM123,pending
SO200001,C1416,华中,北线,BU-6,云平台,73.18,2026-03-03,2026Q1,直销,SM180,closed
SO200002,C3077,华中,南线,BU-2,BSS-OSS,23.97,2024-07-14,2024Q3,电商,SM132,closed
SO200003,C1468,华东,北线,BU-2,数据中台,103.92,2026-03-26,2026Q1,电商,SM120,closed
SO200004,C1607,华东,中线,BU-2,智能客服,78.85,2025-11-15,2025Q4,电商,SM245,closed
SO200005,C3929,华北,南线,BU-6,IT 服务,42.99,2025-04-04,2025Q2,项目集采,SM118,shipping
SO200006,C3308,华南,北线,BU-3,AI 助理,17.76,2025-07-23,2025Q3,电商,SM230,pending
SO200007,C3440,华北,中线,BU-2,云平台,16.36,2025-10-06,2025Q4,直销,SM227,shipping
SO200008,C2488,华南,东线,BU-1,AI 助理,50.17,2025-11-26,2025Q4,电商,SM143,closed
SO200009,C2619,华中,南线,BU-3,IT 服务,9.54,2025-12-19,2025Q4,直销,SM120,closed
SO200010,C1820,华东,南线,BU-4,数据中台,52.69,2026-03-15,2026Q1,直销,SM133,shipping
SO200011,C1376,华南,中线,BU-4,IT 服务,1.9,2026-01-09,2026Q1,项目集采,SM158,closed
SO200012,C3250,华东,东线,BU-5,AI 助理,5.16,2025-01-08,2025Q1,渠道,SM189,closed
SO200013,C1598,华东,北线,BU-2,运营商网关,63.76,2026-01-16,2026Q1,渠道,SM152,closed
SO200014,C2372,华东,北线,BU-1,云平台,29.02,2026-01-23,2026Q1,渠道,SM246,closed
SO200015,C3813,华东,南线,BU-5,BSS-OSS,15.87,2024-09-17,2024Q3,电商,SM199,shipping
SO200016,C1041,华北,中线,BU-4,云平台,52.19,2026-01-19,2026Q1,电商,SM216,closed
SO200017,C3320,华东,北线,BU-5,运营商网关,11.48,2026-01-03,2026Q1,渠道,SM165,closed
SO200018,C1104,华东,东线,BU-5,云平台,60.16,2024-04-23,2024Q2,电商,SM190,closed
SO200019,C3797,华北,中线,BU-5,运营商网关,17.72,2025-07-04,2025Q3,项目集采,SM177,closed
SO200020,C2604,华南,东线,BU-1,运营商网关,19.31,2026-01-22,2026Q1,渠道,SM126,shipping
SO200021,C2564,华中,中线,BU-4,运营商网关,73.51,2025-02-04,2025Q1,渠道,SM162,closed
SO200022,C3378,华东,北线,BU-2,运营商网关,30.08,2025-08-09,2025Q3,项目集采,SM224,closed
SO200023,C2266,华东,南线,BU-4,AI 助理,45.42,2025-04-08,2025Q2,渠道,SM143,closed
SO200024,C3482,华北,南线,BU-6,数据中台,65.09,2025-10-04,2025Q4,直销,SM124,closed
SO200025,C2066,西南,中线,BU-4,运营商网关,177.47,2024-10-25,2024Q4,渠道,SM193,closed
SO200026,C1824,华东,南线,BU-4,智能客服,37.66,2026-01-11,2026Q1,项目集采,SM129,closed
SO200027,C2067,华中,中线,BU-3,云平台,5.66,2025-04-17,2025Q2,渠道,SM241,closed
SO200028,C1068,华北,中线,BU-5,运营商网关,0.98,2026-02-21,2026Q1,直销,SM195,closed
SO200029,C2208,华东,南线,BU-3,智能客服,29.05,2025-06-04,2025Q2,电商,SM125,shipping
SO200030,C3760,西南,南线,BU-2,AI 助理,22.77,2024-07-17,2024Q3,直销,SM118,closed
SO200031,C3785,东北,南线,BU-1,运营商网关,27.32,2026-03-26,2026Q1,项目集采,SM181,closed
SO200032,C2122,东北,南线,BU-2,智能客服,60.94,2025-02-18,2025Q1,渠道,SM164,closed
SO200033,C1040,华东,东线,BU-5,AI 助理,61.37,2026-01-01,2026Q1,直销,SM201,closed
SO200034,C3278,华北,北线,BU-2,AI 助理,192.04,2024-11-18,2024Q4,渠道,SM175,shipping
SO200035,C2078,华东,南线,BU-3,运营商网关,6.13,2026-01-02,2026Q1,电商,SM116,closed
SO200036,C1118,华北,北线,BU-6,AI 助理,76.34,2026-03-13,2026Q1,渠道,SM102,closed
SO200037,C1357,华南,东线,BU-2,云平台,19.63,2025-11-22,2025Q4,电商,SM111,shipping
SO200038,C1587,华东,中线,BU-5,IT 服务,2.11,2024-09-02,2024Q3,电商,SM181,closed
SO200039,C3890,西南,东线,BU-3,云平台,4.53,2025-02-24,2025Q1,电商,SM111,pending
SO200040,C1554,华中,东线,BU-6,IT 服务,20.36,2024-07-22,2024Q3,电商,SM121,closed
SO200041,C1580,华中,北线,BU-2,BSS-OSS,47.97,2024-09-22,2024Q3,项目集采,SM206,closed
SO200042,C2941,华东,东线,BU-3,IT 服务,14.3,2024-03-27,2024Q1,项目集采,SM154,closed
SO200043,C2491,华东,南线,BU-3,云平台,54.89,2026-01-26,2026Q1,直销,SM235,closed
SO200044,C3076,西南,北线,BU-5,数据中台,89.47,2026-02-08,2026Q1,项目集采,SM119,closed
SO200045,C2116,华北,北线,BU-4,BSS-OSS,20.84,2024-02-09,2024Q1,渠道,SM143,closed
SO200046,C2142,华中,北线,BU-3,智能客服,31.95,2025-06-16,2025Q2,直销,SM145,shipping
SO200047,C2839,东北,中线,BU-1,IT 服务,42.29,2026-03-14,2026Q1,渠道,SM191,closed
SO200048,C3631,西南,东线,BU-1,数据中台,84.68,2026-03-14,2026Q1,电商,SM209,closed
SO200049,C2894,华东,南线,BU-6,AI 助理,94.2,2025-06-16,2025Q2,电商,SM179,shipping
SO200050,C2487,西南,东线,BU-4,运营商网关,32.26,2026-01-10,2026Q1,渠道,SM188,closed
SO200051,C3664,华北,东线,BU-3,AI 助理,16.87,2024-03-20,2024Q1,电商,SM131,closed
SO200052,C3770,华东,北线,BU-1,数据中台,9.98,2026-03-12,2026Q1,电商,SM132,closed
SO200053,C2836,华东,东线,BU-1,BSS-OSS,49.1,2026-01-22,2026Q1,电商,SM162,closed
SO200054,C2340,华南,中线,BU-4,IT 服务,44.54,2025-06-08,2025Q2,电商,SM132,pending
SO200055,C1336,华东,东线,BU-2,云平台,32.46,2025-10-04,2025Q4,渠道,SM118,closed
SO200056,C3252,华南,中线,BU-4,运营商网关,77.7,2026-02-17,2026Q1,电商,SM167,closed
SO200057,C2605,西南,北线,BU-1,数据中台,27.49,2024-07-15,2024Q3,渠道,SM187,closed
SO200058,C1782,华南,中线,BU-4,运营商网关,77.21,2024-06-04,2024Q2,直销,SM111,closed
SO200059,C3020,华北,中线,BU-4,AI 助理,14.67,2025-10-17,2025Q4,直销,SM239,shipping
SO200060,C3228,华南,南线,BU-5,IT 服务,10.85,2025-08-10,2025Q3,项目集采,SM121,closed
SO200061,C1705,东北,南线,BU-5,运营商网关,9.33,2025-04-24,2025Q2,渠道,SM161,shipping
SO200062,C1633,华东,北线,BU-2,IT 服务,267.25,2026-01-02,2026Q1,项目集采,SM175,closed
SO200063,C3207,华东,中线,BU-4,数据中台,81.3,2026-02-23,2026Q1,项目集采,SM198,closed
SO200064,C1182,东北,南线,BU-1,云平台,61.77,2025-03-07,2025Q1,项目集采,SM124,closed
SO200065,C2853,华南,南线,BU-1,运营商网关,94.74,2025-07-11,2025Q3,项目集采,SM224,closed
SO200066,C3447,华东,东线,BU-1,BSS-OSS,45.21,2026-03-08,2026Q1,直销,SM101,closed
SO200067,C3026,华东,中线,BU-2,智能客服,86.94,2025-11-01,2025Q4,项目集采,SM167,closed
SO200068,C1721,华东,南线,BU-2,IT 服务,11.87,2025-07-16,2025Q3,电商,SM103,shipping
SO200069,C1695,华中,南线,BU-5,AI 助理,36.85,2025-12-19,2025Q4,直销,SM233,closed
SO200070,C2451,华东,南线,BU-5,运营商网关,6.66,2025-09-10,2025Q3,直销,SM201,closed
SO200071,C2365,华东,南线,BU-1,IT 服务,19.4,2025-06-05,2025Q2,电商,SM190,closed
SO200072,C1632,华南,南线,BU-4,AI 助理,33.11,2026-03-13,2026Q1,渠道,SM232,closed
SO200073,C3405,东北,中线,BU-4,AI 助理,51.86,2025-03-06,2025Q1,项目集采,SM129,closed
SO200074,C3268,华东,南线,BU-3,云平台,77.84,2026-03-14,2026Q1,项目集采,SM215,closed
SO200075,C1764,华东,北线,BU-3,AI 助理,95.15,2026-01-16,2026Q1,直销,SM208,closed
SO200076,C1347,华东,中线,BU-1,运营商网关,25.57,2025-08-05,2025Q3,直销,SM170,closed
SO200077,C1018,华东,南线,BU-3,智能客服,20.12,2026-02-24,2026Q1,项目集采,SM233,closed
SO200078,C3693,东北,东线,BU-5,数据中台,46.23,2024-10-06,2024Q4,电商,SM200,closed
SO200079,C1192,华东,东线,BU-6,数据中台,17.31,2024-08-09,2024Q3,电商,SM215,closed
SO200080,C3303,华南,南线,BU-6,数据中台,21.51,2026-02-16,2026Q1,渠道,SM219,closed
SO200081,C2966,华北,南线,BU-2,数据中台,4.67,2024-02-10,2024Q1,直销,SM220,closed
SO200082,C2027,华南,中线,BU-2,智能客服,2.6,2026-02-12,2026Q1,项目集采,SM228,closed
SO200083,C2520,华南,东线,BU-5,云平台,7.89,2025-03-15,2025Q1,直销,SM242,closed
SO200084,C1527,华东,南线,BU-5,运营商网关,4.75,2025-11-01,2025Q4,渠道,SM178,closed
SO200085,C1273,华南,南线,BU-6,数据中台,236.35,2025-05-11,2025Q2,项目集采,SM143,closed
SO200086,C1952,华中,东线,BU-6,云平台,20.55,2024-05-26,2024Q2,项目集采,SM218,closed
SO200087,C2925,华中,中线,BU-4,云平台,73.68,2024-07-25,2024Q3,电商,SM196,closed
SO200088,C2027,华中,中线,BU-3,AI 助理,47.44,2025-07-06,2025Q3,电商,SM110,closed
SO200089,C2524,华东,南线,BU-5,运营商网关,29.17,2026-02-01,2026Q1,渠道,SM188,closed
SO200090,C3937,华南,南线,BU-6,数据中台,3.56,2025-07-16,2025Q3,渠道,SM235,closed
SO200091,C1243,华东,中线,BU-4,智能客服,128.23,2024-03-16,2024Q1,电商,SM143,closed
SO200092,C3909,华东,北线,BU-1,运营商网关,22.98,2025-01-12,2025Q1,渠道,SM219,closed
SO200093,C3936,华东,南线,BU-6,运营商网关,95.75,2025-05-02,2025Q2,项目集采,SM238,closed
SO200094,C3811,华东,南线,BU-1,云平台,15.46,2025-10-07,2025Q4,渠道,SM180,closed
SO200095,C2123,华东,中线,BU-5,数据中台,22.91,2024-03-25,2024Q1,项目集采,SM146,closed
SO200096,C2569,华东,东线,BU-3,数据中台,118.79,2025-06-23,2025Q2,电商,SM152,shipping
SO200097,C2450,华南,南线,BU-3,BSS-OSS,31.93,2025-08-21,2025Q3,项目集采,SM192,closed
SO200098,C1668,华北,南线,BU-1,智能客服,120.54,2024-09-04,2024Q3,项目集采,SM234,closed
SO200099,C3667,华中,东线,BU-5,云平台,16.01,2025-08-24,2025Q3,渠道,SM139,closed
SO200100,C3027,华东,中线,BU-2,运营商网关,65.32,2025-04-02,2025Q2,直销,SM152,closed
SO200101,C2957,华东,南线,BU-1,数据中台,23.13,2026-03-25,2026Q1,电商,SM245,closed
SO200102,C2129,西南,北线,BU-1,运营商网关,33.33,2025-07-07,2025Q3,渠道,SM233,closed
SO200103,C2057,华东,南线,BU-6,智能客服,45.83,2026-01-12,2026Q1,电商,SM203,closed
SO200104,C3482,东北,北线,BU-1,BSS-OSS,73.58,2026-01-13,2026Q1,电商,SM116,shipping
SO200105,C3009,华东,南线,BU-4,BSS-OSS,22.27,2026-03-21,2026Q1,项目集采,SM140,closed
SO200106,C2776,东北,南线,BU-3,BSS-OSS,35.09,2025-03-01,2025Q1,项目集采,SM230,closed
SO200107,C2199,西南,东线,BU-6,AI 助理,80.34,2026-01-25,2026Q1,渠道,SM178,closed
SO200108,C3161,华北,中线,BU-2,运营商网关,12.89,2025-01-07,2025Q1,电商,SM231,closed
SO200109,C1880,华北,东线,BU-6,IT 服务,88.78,2026-01-23,2026Q1,直销,SM127,closed
SO200110,C1036,华东,北线,BU-1,IT 服务,50.45,2025-05-17,2025Q2,直销,SM216,shipping
SO200111,C2381,华中,中线,BU-5,云平台,155.87,2026-02-20,2026Q1,项目集采,SM137,closed
SO200112,C3450,华北,中线,BU-4,智能客服,16.78,2024-03-11,2024Q1,直销,SM188,closed
SO200113,C2885,华北,中线,BU-5,运营商网关,0.57,2025-06-16,2025Q2,项目集采,SM240,closed
SO200114,C2216,华东,北线,BU-3,云平台,114.86,2026-03-06,2026Q1,电商,SM163,closed
SO200115,C1058,华南,南线,BU-5,运营商网关,15.25,2026-03-06,2026Q1,直销,SM247,closed
SO200116,C1068,华南,东线,BU-1,数据中台,68.18,2026-02-21,2026Q1,电商,SM180,closed
SO200117,C2726,华中,南线,BU-4,AI 助理,1.83,2026-01-08,2026Q1,电商,SM166,closed
SO200118,C2791,华北,中线,BU-1,数据中台,129.88,2026-03-16,2026Q1,电商,SM143,closed
SO200119,C3452,西南,中线,BU-2,AI 助理,40.93,2025-07-23,2025Q3,渠道,SM185,closed
SO200120,C3448,华中,东线,BU-3,BSS-OSS,4.14,2025-02-17,2025Q1,渠道,SM139,closed
SO200121,C2976,东北,北线,BU-5,云平台,74.25,2025-02-18,2025Q1,项目集采,SM130,shipping
SO200122,C2068,华东,中线,BU-5,BSS-OSS,24.53,2024-07-19,2024Q3,渠道,SM233,closed
SO200123,C1525,华东,北线,BU-3,运营商网关,26.54,2025-03-21,2025Q1,电商,SM155,closed
SO200124,C2201,华东,东线,BU-6,运营商网关,76.11,2025-01-20,2025Q1,项目集采,SM246,closed
SO200125,C3549,华北,东线,BU-1,云平台,83.71,2025-03-19,2025Q1,电商,SM164,closed
SO200126,C2403,华南,北线,BU-6,AI 助理,84.94,2025-09-05,2025Q3,电商,SM128,closed
SO200127,C1760,华北,南线,BU-5,运营商网关,85.58,2024-10-25,2024Q4,电商,SM104,shipping
SO200128,C2548,东北,东线,BU-5,智能客服,74.61,2025-08-16,2025Q3,渠道,SM159,closed
SO200129,C1303,华北,北线,BU-5,运营商网关,25.97,2024-02-16,2024Q1,项目集采,SM227,closed
SO200130,C1185,华东,北线,BU-6,运营商网关,9.22,2025-03-04,2025Q1,项目集采,SM145,closed
SO200131,C2316,华北,南线,BU-2,运营商网关,78.63,2025-02-26,2025Q1,渠道,SM130,closed
SO200132,C2956,华北,北线,BU-3,BSS-OSS,118.5,2025-10-22,2025Q4,项目集采,SM190,closed
SO200133,C2302,西南,东线,BU-3,云平台,103.18,2024-06-04,2024Q2,项目集采,SM155,closed
SO200134,C3072,华北,北线,BU-3,IT 服务,68.92,2026-02-17,2026Q1,项目集采,SM150,closed
SO200135,C1468,华中,中线,BU-5,AI 助理,39.15,2025-07-25,2025Q3,项目集采,SM132,closed
SO200136,C3433,华东,东线,BU-2,智能客服,9.78,2024-12-14,2024Q4,渠道,SM123,closed
SO200137,C1122,华南,北线,BU-4,智能客服,91.82,2026-02-25,2026Q1,电商,SM114,closed
SO200138,C3451,华中,东线,BU-2,IT 服务,78.15,2025-02-12,2025Q1,渠道,SM168,closed
SO200139,C2750,华中,中线,BU-3,智能客服,57.6,2025-07-05,2025Q3,电商,SM185,closed
SO200140,C3418,西南,南线,BU-5,AI 助理,166.94,2026-02-10,2026Q1,渠道,SM137,closed
SO200141,C2230,华北,东线,BU-1,BSS-OSS,6.83,2026-02-02,2026Q1,项目集采,SM108,closed
SO200142,C3882,华北,东线,BU-6,BSS-OSS,316.26,2026-01-03,2026Q1,渠道,SM155,closed
SO200143,C1328,华南,中线,BU-1,AI 助理,126.7,2025-07-23,2025Q3,渠道,SM244,closed
SO200144,C1979,华东,南线,BU-4,AI 助理,16.63,2025-04-01,2025Q2,直销,SM135,closed
SO200145,C1973,华东,中线,BU-1,数据中台,60.18,2024-10-18,2024Q4,电商,SM112,closed
SO200146,C2442,华南,东线,BU-5,IT 服务,82.74,2026-01-02,2026Q1,电商,SM245,closed
SO200147,C1361,西南,南线,BU-3,IT 服务,10.74,2025-05-27,2025Q2,项目集采,SM210,closed
SO200148,C2765,华中,东线,BU-3,智能客服,42.03,2026-03-08,2026Q1,渠道,SM164,closed
SO200149,C2984,华南,中线,BU-6,运营商网关,61.53,2025-11-25,2025Q4,渠道,SM231,closed
SO200150,C2321,华南,中线,BU-3,IT 服务,55.71,2024-10-24,2024Q4,电商,SM187,closed
SO200151,C3290,华东,南线,BU-1,数据中台,91.89,2026-02-19,2026Q1,电商,SM184,closed
SO200152,C2905,华中,南线,BU-6,IT 服务,25.95,2024-08-25,2024Q3,项目集采,SM172,shipping
SO200153,C3016,华南,南线,BU-6,数据中台,30.9,2026-03-07,2026Q1,渠道,SM214,closed
SO200154,C2875,华东,南线,BU-4,智能客服,83.19,2024-01-11,2024Q1,电商,SM167,closed
SO200155,C3040,华中,中线,BU-3,BSS-OSS,30.36,2025-04-17,2025Q2,项目集采,SM194,shipping
SO200156,C3332,华东,南线,BU-1,BSS-OSS,7.6,2025-03-19,2025Q1,项目集采,SM167,closed
SO200157,C2189,华南,中线,BU-2,数据中台,31.64,2026-02-09,2026Q1,渠道,SM144,closed
SO200158,C1858,华中,南线,BU-3,BSS-OSS,2.44,2024-05-25,2024Q2,项目集采,SM146,closed
SO200159,C2418,华东,南线,BU-4,AI 助理,39.57,2025-01-11,2025Q1,渠道,SM183,closed
SO200160,C1090,华南,中线,BU-2,云平台,177.03,2026-01-17,2026Q1,电商,SM130,closed
SO200161,C1507,华南,南线,BU-3,IT 服务,1.21,2024-02-22,2024Q1,渠道,SM191,shipping
SO200162,C2500,华北,北线,BU-1,BSS-OSS,45.36,2026-01-15,2026Q1,电商,SM209,closed
SO200163,C1330,华北,北线,BU-4,数据中台,9.14,2025-11-19,2025Q4,电商,SM147,closed
SO200164,C1894,华南,南线,BU-3,IT 服务,2.646,2026-03-25,2026Q1,直销,SM147,closed
SO200165,C2125,东北,中线,BU-2,IT 服务,85.93,2026-02-04,2026Q1,电商,SM234,closed
SO200166,C3415,华北,南线,BU-3,数据中台,34.1,2026-02-21,2026Q1,渠道,SM199,closed
SO200167,C1998,华北,北线,BU-4,运营商网关,48.54,2024-11-25,2024Q4,直销,SM198,closed
SO200168,C1659,西南,东线,BU-1,AI 助理,19.71,2025-08-17,2025Q3,直销,SM195,closed
SO200169,C2155,华北,北线,BU-4,运营商网关,74.27,2026-02-27,2026Q1,电商,SM221,closed
SO200170,C1702,华北,北线,BU-6,运营商网关,90.85,2026-01-26,2026Q1,项目集采,SM192,closed
SO200171,C2069,西南,东线,BU-1,数据中台,8.17,2026-02-18,2026Q1,电商,SM143,closed
SO200172,C3768,华北,南线,BU-1,智能客服,68.77,2025-09-16,2025Q3,直销,SM109,closed
SO200173,C2881,华东,北线,BU-3,云平台,48.42,2025-12-21,2025Q4,直销,SM245,closed
SO200174,C2092,华北,东线,BU-3,智能客服,13.78,2026-01-13,2026Q1,渠道,SM192,closed
SO200175,C2410,西南,北线,BU-1,云平台,90.71,2026-01-23,2026Q1,直销,SM163,closed
SO200176,C3727,华东,北线,BU-5,智能客服,31.44,2025-02-22,2025Q1,电商,SM122,closed
SO200177,C2499,华南,东线,BU-5,云平台,33.5,2026-03-10,2026Q1,项目集采,SM129,closed
SO200178,C3541,华东,北线,BU-2,数据中台,24.91,2024-05-12,2024Q2,项目集采,SM102,closed
SO200179,C2859,华北,南线,BU-2,运营商网关,23.82,2026-02-07,2026Q1,项目集采,SM116,closed
SO200180,C2870,华东,南线,BU-4,数据中台,2.54,2025-08-08,2025Q3,电商,SM162,closed
SO200181,C3723,西南,中线,BU-5,BSS-OSS,53.33,2024-10-24,2024Q4,电商,SM177,closed
SO200182,C1611,西南,南线,BU-3,数据中台,51.31,2026-03-05,2026Q1,项目集采,SM173,closed
SO200183,C1998,华南,南线,BU-3,运营商网关,34.293,2026-03-19,2026Q1,电商,SM107,closed
SO200184,C3102,西南,北线,BU-1,云平台,84.97,2025-07-01,2025Q3,直销,SM230,closed
SO200185,C3278,华东,中线,BU-6,BSS-OSS,255.68,2026-02-27,2026Q1,电商,SM132,pending
SO200186,C2293,华东,南线,BU-5,运营商网关,11.08,2026-03-18,2026Q1,项目集采,SM180,shipping
SO200187,C1571,华北,中线,BU-6,IT 服务,53.63,2026-01-26,2026Q1,渠道,SM199,shipping
SO200188,C2268,华南,北线,BU-3,BSS-OSS,40.809999999999995,2026-03-04,2026Q1,渠道,SM113,closed
SO200189,C1736,西南,东线,BU-4,云平台,171.65,2025-02-10,2025Q1,项目集采,SM237,closed
SO200190,C1776,西南,北线,BU-5,云平台,22.76,2026-03-04,2026Q1,渠道,SM161,closed
SO200191,C2037,华南,南线,BU-4,IT 服务,35.79,2025-08-20,2025Q3,项目集采,SM170,closed
SO200192,C2088,华南,南线,BU-5,运营商网关,13.98,2025-07-05,2025Q3,直销,SM189,closed
SO200193,C3384,华中,东线,BU-3,智能客服,109.64,2026-03-18,2026Q1,项目集采,SM147,closed
SO200194,C2499,华东,中线,BU-5,云平台,134.22,2025-02-04,2025Q1,项目集采,SM118,closed
SO200195,C2937,西南,东线,BU-2,云平台,32.02,2026-02-13,2026Q1,项目集采,SM150,closed
SO200196,C3249,华南,东线,BU-2,AI 助理,23.36,2024-09-12,2024Q3,项目集采,SM121,closed
SO200197,C1363,华南,中线,BU-4,数据中台,247.75,2026-01-12,2026Q1,渠道,SM136,closed
SO200198,C3767,华北,东线,BU-2,BSS-OSS,147.1,2026-03-22,2026Q1,项目集采,SM193,closed
SO200199,C2963,华东,东线,BU-6,智能客服,29.9,2026-02-07,2026Q1,项目集采,SM150,closed
SO200200,C1029,华北,南线,BU-5,AI 助理,15.11,2026-03-13,2026Q1,渠道,SM102,closed
SO200201,C3363,华南,东线,BU-6,IT 服务,8.35,2025-12-09,2025Q4,渠道,SM106,closed
SO200202,C2579,西南,中线,BU-4,AI 助理,78.3,2024-03-06,2024Q1,渠道,SM220,closed
SO200203,C3395,西南,北线,BU-1,智能客服,135.58,2025-08-16,2025Q3,电商,SM130,closed
SO200204,C2107,西南,东线,BU-2,BSS-OSS,26.02,2026-02-14,2026Q1,直销,SM118,closed
SO200205,C3432,华东,东线,BU-5,BSS-OSS,29.8,2026-02-08,2026Q1,项目集采,SM185,closed
SO200206,C3125,华东,北线,BU-3,IT 服务,69.64,2026-02-02,2026Q1,渠道,SM121,closed
SO200207,C3455,西南,中线,BU-2,IT 服务,27.3,2024-05-14,2024Q2,渠道,SM231,closed
SO200208,C1544,华东,中线,BU-2,BSS-OSS,84.56,2026-02-16,2026Q1,直销,SM117,closed
SO200209,C3478,华东,中线,BU-1,BSS-OSS,20.4,2024-01-15,2024Q1,渠道,SM165,closed
SO200210,C1654,华东,南线,BU-1,智能客服,2.23,2024-05-04,2024Q2,电商,SM212,closed
SO200211,C2340,西南,东线,BU-5,IT 服务,46.48,2025-06-04,2025Q2,直销,SM122,closed
SO200212,C3875,华东,北线,BU-5,IT 服务,33.22,2026-01-24,2026Q1,项目集采,SM127,shipping
SO200213,C2982,华东,北线,BU-5,智能客服,119.87,2025-06-12,2025Q2,电商,SM170,pending
SO200214,C2861,华北,南线,BU-3,智能客服,24.17,2024-03-05,2024Q1,项目集采,SM130,closed
SO200215,C2546,华东,中线,BU-6,运营商网关,171.39,2026-01-09,2026Q1,电商,SM116,closed
SO200216,C2965,华中,东线,BU-4,IT 服务,78.23,2025-12-09,2025Q4,渠道,SM234,closed
SO200217,C3706,华南,北线,BU-6,云平台,63.59,2025-02-14,2025Q1,项目集采,SM119,closed
SO200218,C3617,华东,东线,BU-1,IT 服务,13.8,2025-05-10,2025Q2,电商,SM189,closed
SO200219,C1035,华南,东线,BU-6,IT 服务,2.63,2024-08-13,2024Q3,直销,SM221,closed
SO200220,C3749,华南,南线,BU-4,BSS-OSS,11.89,2025-04-15,2025Q2,电商,SM101,closed
SO200221,C3718,华南,北线,BU-6,BSS-OSS,42.27,2025-09-05,2025Q3,项目集采,SM129,closed
SO200222,C3831,华中,北线,BU-1,智能客服,52.64,2025-12-06,2025Q4,项目集采,SM250,closed
SO200223,C3170,华东,南线,BU-6,IT 服务,41.25,2025-05-26,2025Q2,电商,SM111,closed
SO200224,C3598,华北,东线,BU-1,云平台,32.62,2024-07-04,2024Q3,电商,SM175,closed
SO200225,C3035,西南,北线,BU-6,BSS-OSS,10.86,2025-04-15,2025Q2,直销,SM205,closed
SO200226,C3738,华南,中线,BU-5,运营商网关,101.57,2025-11-18,2025Q4,渠道,SM112,closed
SO200227,C2354,西南,东线,BU-6,BSS-OSS,25.39,2025-09-01,2025Q3,渠道,SM234,closed
SO200228,C3025,西南,中线,BU-6,IT 服务,127.86,2025-01-01,2025Q1,项目集采,SM127,closed
SO200229,C1335,华东,中线,BU-1,IT 服务,12.28,2026-01-26,2026Q1,直销,SM222,closed
SO200230,C1579,华东,中线,BU-2,云平台,26.89,2025-09-14,2025Q3,渠道,SM208,closed
SO200231,C1949,西南,中线,BU-2,AI 助理,91.42,2026-02-17,2026Q1,电商,SM163,closed
SO200232,C1157,华中,东线,BU-1,AI 助理,26.92,2025-01-15,2025Q1,电商,SM132,closed
SO200233,C3039,华中,东线,BU-3,IT 服务,78.09,2025-10-21,2025Q4,直销,SM134,closed
SO200234,C1416,华北,北线,BU-6,智能客服,5.05,2026-01-12,2026Q1,电商,SM212,closed
SO200235,C1084,华东,东线,BU-2,智能客服,52.16,2026-01-26,2026Q1,电商,SM239,shipping
SO200236,C1792,华北,东线,BU-4,数据中台,27.41,2026-01-02,2026Q1,项目集采,SM157,shipping
SO200237,C1395,华北,中线,BU-6,数据中台,66.95,2026-03-05,2026Q1,渠道,SM243,closed
SO200238,C2198,华东,南线,BU-6,智能客服,54.57,2024-12-08,2024Q4,渠道,SM214,closed
SO200239,C1135,华东,南线,BU-5,BSS-OSS,146.11,2025-07-16,2025Q3,直销,SM161,closed
SO200240,C1234,西南,南线,BU-4,智能客服,129.46,2024-08-09,2024Q3,直销,SM142,closed
SO200241,C1119,东北,南线,BU-2,BSS-OSS,15.12,2026-02-12,2026Q1,渠道,SM177,pending
SO200242,C2578,华东,南线,BU-2,智能客服,11.61,2024-01-03,2024Q1,直销,SM120,closed
SO200243,C2741,华南,南线,BU-3,智能客服,88.77,2024-09-08,2024Q3,电商,SM162,closed
SO200244,C1975,华南,北线,BU-3,BSS-OSS,32.48,2025-04-10,2025Q2,电商,SM228,closed
SO200245,C1167,华东,北线,BU-6,BSS-OSS,141.3,2026-02-07,2026Q1,电商,SM108,closed
SO200246,C3112,华北,北线,BU-1,云平台,25.15,2026-02-17,2026Q1,直销,SM129,closed
SO200247,C1708,华东,中线,BU-5,云平台,97.41,2024-06-24,2024Q2,直销,SM118,closed
SO200248,C3564,华中,北线,BU-2,BSS-OSS,0.04,2025-11-27,2025Q4,项目集采,SM147,closed
SO200249,C2066,华中,东线,BU-3,数据中台,14.56,2025-10-18,2025Q4,直销,SM218,closed
SO200250,C3852,华东,北线,BU-1,运营商网关,34.47,2026-02-21,2026Q1,项目集采,SM159,closed
SO200251,C3437,华中,南线,BU-6,AI 助理,145.91,2025-06-19,2025Q2,项目集采,SM231,closed
SO200252,C2081,华北,北线,BU-3,IT 服务,78.59,2026-01-04,2026Q1,渠道,SM100,closed
SO200253,C1152,东北,南线,BU-1,云平台,11.26,2024-06-07,2024Q2,电商,SM170,closed
SO200254,C3684,华东,南线,BU-5,IT 服务,82.43,2025-12-21,2025Q4,项目集采,SM169,closed
SO200255,C2810,华北,东线,BU-5,运营商网关,151.27,2024-12-23,2024Q4,电商,SM106,closed
SO200256,C3194,华南,南线,BU-4,运营商网关,1.24,2026-02-25,2026Q1,项目集采,SM125,closed
SO200257,C3884,华北,东线,BU-2,云平台,168.28,2025-10-13,2025Q4,渠道,SM180,closed
SO200258,C3820,华中,南线,BU-6,BSS-OSS,110.92,2025-08-26,2025Q3,渠道,SM126,closed
SO200259,C3200,华北,北线,BU-5,运营商网关,17.84,2024-09-07,2024Q3,电商,SM223,closed
SO200260,C2790,华北,中线,BU-1,运营商网关,15.51,2026-03-11,2026Q1,渠道,SM206,closed
SO200261,C3826,西南,中线,BU-6,运营商网关,29.63,2025-08-26,2025Q3,项目集采,SM157,closed
SO200262,C2430,华东,北线,BU-3,BSS-OSS,21.65,2024-01-14,2024Q1,直销,SM234,closed
SO200263,C1611,华东,南线,BU-5,云平台,0.01,2025-01-26,2025Q1,渠道,SM180,closed
SO200264,C2037,华东,北线,BU-3,IT 服务,23.54,2024-10-27,2024Q4,直销,SM133,closed
SO200265,C1288,华中,中线,BU-3,AI 助理,3.59,2024-12-12,2024Q4,直销,SM231,shipping
SO200266,C2288,华北,北线,BU-5,BSS-OSS,152.43,2024-06-14,2024Q2,渠道,SM223,closed
SO200267,C1653,西南,北线,BU-1,IT 服务,28.93,2024-04-18,2024Q2,项目集采,SM192,closed
SO200268,C2847,华南,中线,BU-4,智能客服,8.61,2025-06-09,2025Q2,项目集采,SM232,closed
SO200269,C2370,西南,中线,BU-3,IT 服务,17.16,2024-12-27,2024Q4,直销,SM167,closed
SO200270,C3086,华东,东线,BU-5,智能客服,70.66,2024-04-25,2024Q2,渠道,SM200,closed
SO200271,C3686,华南,南线,BU-4,智能客服,5.16,2024-12-07,2024Q4,项目集采,SM173,closed
SO200272,C3149,华北,中线,BU-2,运营商网关,94.31,2026-03-19,2026Q1,项目集采,SM184,closed
SO200273,C2348,西南,南线,BU-5,IT 服务,20.59,2024-11-25,2024Q4,项目集采,SM172,closed
SO200274,C1917,华中,南线,BU-2,BSS-OSS,113.44,2026-03-14,2026Q1,电商,SM119,closed
SO200275,C3043,华东,中线,BU-6,数据中台,26.62,2026-02-19,2026Q1,直销,SM134,closed
SO200276,C2932,西南,中线,BU-4,AI 助理,25.04,2025-03-05,2025Q1,渠道,SM208,closed
SO200277,C3988,华东,北线,BU-2,运营商网关,54.1,2026-03-10,2026Q1,渠道,SM239,closed
SO200278,C2845,华东,北线,BU-4,IT 服务,16.58,2025-06-12,2025Q2,渠道,SM174,closed
SO200279,C3731,华东,北线,BU-4,IT 服务,269.54,2025-08-14,2025Q3,直销,SM225,shipping
SO200280,C3322,华中,中线,BU-4,云平台,10.42,2026-02-16,2026Q1,项目集采,SM184,closed
SO200281,C3332,华东,北线,BU-2,云平台,94.98,2025-10-13,2025Q4,项目集采,SM204,closed
SO200282,C2337,华南,中线,BU-1,BSS-OSS,76.78,2026-02-22,2026Q1,项目集采,SM225,closed
SO200283,C3600,华东,中线,BU-3,AI 助理,4.99,2024-01-08,2024Q1,渠道,SM145,closed
SO200284,C2812,华南,东线,BU-4,BSS-OSS,14.58,2026-02-06,2026Q1,直销,SM125,closed
SO200285,C1107,华东,南线,BU-6,运营商网关,101.77,2026-03-05,2026Q1,直销,SM121,closed
SO200286,C1773,华东,东线,BU-5,IT 服务,23.23,2026-02-08,2026Q1,电商,SM180,closed
SO200287,C2922,华东,南线,BU-6,云平台,82.9,2026-02-24,2026Q1,电商,SM129,closed
SO200288,C3897,西南,中线,BU-2,AI 助理,23.99,2024-04-13,2024Q2,电商,SM101,closed
SO200289,C3713,西南,中线,BU-2,运营商网关,110.44,2026-02-13,2026Q1,直销,SM227,closed
SO200290,C1433,华南,北线,BU-5,AI 助理,101.25,2026-01-21,2026Q1,项目集采,SM218,closed
SO200291,C1075,华北,南线,BU-4,数据中台,68.19,2026-01-24,2026Q1,电商,SM216,closed
SO200292,C3168,华东,中线,BU-4,BSS-OSS,117.3,2026-01-22,2026Q1,电商,SM153,shipping
SO200293,C1694,华北,南线,BU-3,智能客服,107.52,2024-06-16,2024Q2,直销,SM231,closed
SO200294,C2498,华中,南线,BU-2,智能客服,20.08,2025-06-04,2025Q2,项目集采,SM192,closed
SO200295,C2842,西南,北线,BU-3,数据中台,32.52,2026-03-08,2026Q1,直销,SM175,pending
SO200296,C2634,华东,中线,BU-6,AI 助理,5.58,2026-01-08,2026Q1,直销,SM217,closed
SO200297,C3519,华东,南线,BU-4,运营商网关,106.44,2025-11-18,2025Q4,渠道,SM221,closed
SO200298,C3956,华北,东线,BU-5,AI 助理,38.15,2025-11-15,2025Q4,直销,SM246,closed
SO200299,C1262,华东,北线,BU-1,BSS-OSS,0.51,2026-02-27,2026Q1,项目集采,SM149,shipping
SO200300,C3848,华东,中线,BU-1,云平台,2.53,2026-01-01,2026Q1,电商,SM140,closed
SO200301,C3107,西南,北线,BU-2,AI 助理,41.83,2026-02-21,2026Q1,渠道,SM143,closed
SO200302,C1209,西南,东线,BU-4,智能客服,119.51,2025-05-07,2025Q2,项目集采,SM197,closed
SO200303,C3378,华北,南线,BU-5,云平台,70.23,2026-03-21,2026Q1,电商,SM224,pending
SO200304,C3737,华北,东线,BU-4,数据中台,17.38,2026-02-07,2026Q1,项目集采,SM155,closed
SO200305,C1324,华南,南线,BU-2,IT 服务,154.52,2025-12-01,2025Q4,渠道,SM187,closed
SO200306,C2249,华北,南线,BU-2,云平台,24.48,2025-03-13,2025Q1,电商,SM235,shipping
SO200307,C3051,华东,中线,BU-4,AI 助理,184.0,2025-06-11,2025Q2,渠道,SM208,shipping
SO200308,C2181,华北,东线,BU-5,AI 助理,0.35,2026-03-17,2026Q1,渠道,SM150,shipping
SO200309,C3867,西南,东线,BU-5,云平台,102.08,2026-03-16,2026Q1,直销,SM170,closed
SO200310,C2306,东北,东线,BU-4,智能客服,17.29,2024-02-05,2024Q1,渠道,SM202,closed
SO200311,C1414,华南,中线,BU-4,数据中台,19.96,2026-02-17,2026Q1,渠道,SM248,closed
SO200312,C1058,西南,南线,BU-1,数据中台,5.33,2026-01-07,2026Q1,直销,SM148,closed
SO200313,C1693,华中,南线,BU-3,IT 服务,0.69,2025-09-04,2025Q3,直销,SM137,closed
SO200314,C3225,华东,中线,BU-3,AI 助理,49.85,2025-04-19,2025Q2,渠道,SM221,closed
SO200315,C2627,华东,东线,BU-5,数据中台,32.7,2025-02-25,2025Q1,直销,SM207,closed
SO200316,C1691,华东,中线,BU-6,AI 助理,49.18,2024-08-10,2024Q3,直销,SM129,closed
SO200317,C1719,华东,北线,BU-6,BSS-OSS,243.87,2024-05-03,2024Q2,渠道,SM193,closed
SO200318,C1806,华北,东线,BU-4,AI 助理,174.03,2024-03-13,2024Q1,直销,SM209,closed
SO200319,C2941,华北,南线,BU-4,运营商网关,16.96,2025-11-01,2025Q4,电商,SM235,shipping
SO200320,C3656,西南,东线,BU-3,数据中台,126.31,2025-08-16,2025Q3,渠道,SM118,closed
SO200321,C2919,华中,东线,BU-2,BSS-OSS,87.91,2026-02-12,2026Q1,电商,SM146,closed
SO200322,C2348,华东,南线,BU-6,运营商网关,9.86,2025-02-04,2025Q1,直销,SM209,shipping
SO200323,C1371,西南,中线,BU-6,智能客服,141.29,2025-08-18,2025Q3,直销,SM137,closed
SO200324,C3420,华南,中线,BU-3,AI 助理,86.0,2025-08-26,2025Q3,直销,SM159,closed
SO200325,C1536,东北,南线,BU-4,云平台,34.31,2026-02-07,2026Q1,直销,SM219,pending
SO200326,C2258,华北,北线,BU-4,AI 助理,239.35,2025-02-08,2025Q1,渠道,SM217,pending
SO200327,C2771,华东,北线,BU-2,数据中台,79.54,2025-12-20,2025Q4,渠道,SM145,closed
SO200328,C1757,西南,南线,BU-5,BSS-OSS,64.97,2025-12-26,2025Q4,电商,SM103,pending
SO200329,C3457,华东,中线,BU-6,智能客服,442.03,2026-02-15,2026Q1,渠道,SM155,closed
SO200330,C1710,华中,中线,BU-1,智能客服,92.5,2024-04-05,2024Q2,项目集采,SM159,closed
SO200331,C2930,华东,中线,BU-2,AI 助理,0.15,2025-10-05,2025Q4,渠道,SM212,closed
SO200332,C1795,西南,中线,BU-3,BSS-OSS,61.55,2026-02-24,2026Q1,电商,SM175,closed
SO200333,C2996,华北,南线,BU-4,AI 助理,0.72,2026-01-17,2026Q1,直销,SM119,closed
SO200334,C3613,华南,东线,BU-5,IT 服务,60.31,2024-07-26,2024Q3,直销,SM206,closed
SO200335,C3271,华南,中线,BU-6,智能客服,59.84,2026-01-06,2026Q1,渠道,SM239,closed
SO200336,C2429,华北,中线,BU-3,云平台,45.66,2024-08-17,2024Q3,渠道,SM206,closed
SO200337,C2262,华东,南线,BU-4,智能客服,67.27,2025-10-11,2025Q4,电商,SM213,closed
SO200338,C2531,西南,东线,BU-2,数据中台,35.67,2026-01-19,2026Q1,项目集采,SM249,closed
SO200339,C2865,华东,中线,BU-6,AI 助理,33.66,2024-04-16,2024Q2,渠道,SM208,closed
SO200340,C1784,华南,南线,BU-1,BSS-OSS,112.84,2024-08-17,2024Q3,项目集采,SM110,closed
SO200341,C3072,华东,南线,BU-1,运营商网关,28.45,2026-01-22,2026Q1,项目集采,SM229,closed
SO200342,C1567,华南,中线,BU-2,数据中台,0.11,2025-09-16,2025Q3,电商,SM242,closed
SO200343,C3939,华南,东线,BU-6,AI 助理,1.85,2026-03-17,2026Q1,项目集采,SM174,closed
SO200344,C2152,华南,北线,BU-1,运营商网关,47.31,2026-03-25,2026Q1,渠道,SM123,closed
SO200345,C1153,华北,东线,BU-6,AI 助理,85.09,2026-01-25,2026Q1,直销,SM117,closed
SO200346,C2318,华东,南线,BU-2,智能客服,31.93,2026-01-14,2026Q1,电商,SM191,closed
SO200347,C2449,华中,北线,BU-6,数据中台,38.53,2026-03-06,2026Q1,直销,SM158,closed
SO200348,C2206,华东,南线,BU-2,云平台,53.25,2025-01-15,2025Q1,直销,SM210,shipping
SO200349,C2610,西南,北线,BU-1,BSS-OSS,4.88,2025-03-11,2025Q1,直销,SM207,closed
SO200350,C3196,华东,东线,BU-5,AI 助理,11.45,2025-09-20,2025Q3,项目集采,SM129,closed
SO200351,C3875,东北,南线,BU-1,运营商网关,45.27,2025-12-21,2025Q4,渠道,SM151,closed
SO200352,C3724,华南,东线,BU-5,智能客服,22.67,2026-01-05,2026Q1,电商,SM163,closed
SO200353,C2812,东北,北线,BU-6,IT 服务,32.64,2026-02-03,2026Q1,项目集采,SM188,closed
SO200354,C1782,华南,北线,BU-2,IT 服务,30.31,2025-08-23,2025Q3,电商,SM179,closed
SO200355,C3452,西南,南线,BU-1,IT 服务,108.44,2024-05-04,2024Q2,渠道,SM129,closed
SO200356,C3698,西南,东线,BU-3,数据中台,70.64,2025-02-08,2025Q1,电商,SM133,shipping
SO200357,C2228,华南,南线,BU-1,数据中台,6.22,2026-01-11,2026Q1,直销,SM204,closed
SO200358,C2718,华南,南线,BU-3,IT 服务,44.28,2024-05-21,2024Q2,项目集采,SM145,closed
SO200359,C3943,华中,东线,BU-6,AI 助理,7.72,2024-02-04,2024Q1,项目集采,SM103,closed
SO200360,C3619,华东,东线,BU-4,数据中台,31.36,2026-01-21,2026Q1,直销,SM206,closed
SO200361,C3778,华北,北线,BU-3,智能客服,155.3,2024-05-04,2024Q2,直销,SM180,closed
SO200362,C3307,华中,中线,BU-4,IT 服务,95.59,2024-06-02,2024Q2,渠道,SM160,closed
SO200363,C1411,华东,南线,BU-6,BSS-OSS,23.28,2025-10-09,2025Q4,电商,SM130,shipping
SO200364,C3933,华北,南线,BU-2,智能客服,68.97,2026-02-24,2026Q1,直销,SM141,closed
SO200365,C3230,华东,中线,BU-5,IT 服务,70.89,2024-05-23,2024Q2,电商,SM102,closed
SO200366,C1026,华北,东线,BU-6,数据中台,0.22,2025-03-11,2025Q1,直销,SM166,closed
SO200367,C3046,华南,南线,BU-6,智能客服,28.66,2025-06-07,2025Q2,直销,SM116,closed
SO200368,C3664,华中,北线,BU-2,运营商网关,16.24,2026-02-08,2026Q1,电商,SM138,closed
SO200369,C1348,华东,东线,BU-2,运营商网关,55.56,2026-01-04,2026Q1,直销,SM235,shipping
SO200370,C3151,华南,南线,BU-1,智能客服,1.76,2024-04-15,2024Q2,渠道,SM231,closed
SO200371,C3496,东北,北线,BU-3,云平台,56.39,2025-05-26,2025Q2,直销,SM240,shipping
SO200372,C1859,华北,东线,BU-1,云平台,17.76,2026-03-11,2026Q1,电商,SM106,closed
SO200373,C1285,东北,北线,BU-3,智能客服,7.97,2025-03-12,2025Q1,渠道,SM225,closed
SO200374,C3217,东北,东线,BU-4,运营商网关,53.49,2024-07-15,2024Q3,项目集采,SM140,closed
SO200375,C2873,华南,东线,BU-4,云平台,35.08,2025-04-04,2025Q2,渠道,SM164,closed
SO200376,C2710,华中,中线,BU-5,AI 助理,32.07,2026-02-19,2026Q1,渠道,SM244,closed
SO200377,C3603,东北,北线,BU-4,IT 服务,3.95,2025-03-03,2025Q1,电商,SM212,closed
SO200378,C3210,华东,北线,BU-3,BSS-OSS,187.27,2026-01-13,2026Q1,渠道,SM219,closed
SO200379,C3575,华中,南线,BU-3,智能客服,0.32,2024-09-06,2024Q3,项目集采,SM190,shipping
SO200380,C2164,华南,中线,BU-5,数据中台,219.08,2024-06-22,2024Q2,电商,SM191,shipping
SO200381,C4000,东北,北线,BU-4,BSS-OSS,73.67,2025-02-08,2025Q1,渠道,SM197,closed
SO200382,C3782,华东,中线,BU-5,IT 服务,3.68,2025-07-08,2025Q3,渠道,SM199,closed
SO200383,C3076,华北,北线,BU-6,运营商网关,33.34,2025-05-27,2025Q2,渠道,SM156,closed
SO200384,C1744,华东,东线,BU-6,云平台,236.38,2024-08-15,2024Q3,直销,SM142,closed
SO200385,C1581,西南,南线,BU-3,AI 助理,64.04,2024-07-14,2024Q3,电商,SM181,closed
SO200386,C1572,华南,北线,BU-5,运营商网关,39.6,2025-02-19,2025Q1,直销,SM200,closed
SO200387,C2726,华东,南线,BU-1,智能客服,40.44,2026-01-14,2026Q1,项目集采,SM162,closed
SO200388,C1978,华东,北线,BU-5,云平台,3.33,2025-12-27,2025Q4,直销,SM108,closed
SO200389,C2775,华南,中线,BU-1,云平台,117.23,2025-07-14,2025Q3,项目集采,SM242,closed
SO200390,C3828,东北,南线,BU-2,运营商网关,71.64,2026-02-17,2026Q1,项目集采,SM158,closed
SO200391,C2881,西南,中线,BU-6,智能客服,15.64,2026-01-13,2026Q1,项目集采,SM115,closed
SO200392,C1295,华南,东线,BU-5,智能客服,21.76,2024-09-02,2024Q3,电商,SM147,closed
SO200393,C3102,东北,北线,BU-4,BSS-OSS,136.67,2026-01-26,2026Q1,直销,SM214,closed
SO200394,C2809,华北,南线,BU-3,数据中台,121.49,2025-10-01,2025Q4,项目集采,SM207,closed
SO200395,C2212,华中,南线,BU-2,BSS-OSS,25.77,2026-02-16,2026Q1,渠道,SM106,closed
SO200396,C1086,华南,中线,BU-3,IT 服务,46.57,2025-12-03,2025Q4,直销,SM178,closed
SO200397,C3841,华北,中线,BU-4,运营商网关,4.0,2026-02-26,2026Q1,项目集采,SM140,closed
SO200398,C3007,东北,北线,BU-1,云平台,46.43,2025-02-15,2025Q1,渠道,SM182,closed
SO200399,C3499,华东,南线,BU-3,运营商网关,115.63,2026-02-07,2026Q1,项目集采,SM155,closed
SO200400,C1900,华东,南线,BU-3,智能客服,17.71,2026-01-27,2026Q1,渠道,SM192,closed
SO200401,C2417,东北,中线,BU-6,云平台,7.28,2026-03-22,2026Q1,直销,SM168,closed
SO200402,C3618,华南,南线,BU-1,数据中台,1.34,2026-01-10,2026Q1,电商,SM171,closed
SO200403,C1834,华东,中线,BU-5,智能客服,50.57,2025-09-03,2025Q3,电商,SM201,closed
SO200404,C2403,华东,南线,BU-1,数据中台,70.01,2024-10-26,2024Q4,项目集采,SM218,shipping
SO200405,C3875,华东,东线,BU-3,数据中台,21.7,2025-12-18,2025Q4,直销,SM234,closed
SO200406,C1777,华北,北线,BU-5,AI 助理,64.54,2026-03-24,2026Q1,直销,SM165,closed
SO200407,C2816,华东,北线,BU-2,云平台,7.46,2024-10-19,2024Q4,项目集采,SM174,closed
SO200408,C2823,华中,东线,BU-1,数据中台,50.97,2025-03-19,2025Q1,渠道,SM245,closed
SO200409,C3552,西南,北线,BU-4,数据中台,5.64,2026-03-20,2026Q1,电商,SM141,closed
SO200410,C3073,东北,中线,BU-5,云平台,42.63,2025-08-02,2025Q3,直销,SM250,closed
SO200411,C1077,华北,北线,BU-1,运营商网关,65.46,2024-01-26,2024Q1,直销,SM238,closed
SO200412,C3925,华北,南线,BU-4,BSS-OSS,66.35,2026-03-22,2026Q1,电商,SM205,closed
SO200413,C1219,华东,南线,BU-2,云平台,95.54,2024-02-10,2024Q1,电商,SM152,closed
SO200414,C3381,华北,北线,BU-4,智能客服,25.27,2025-01-10,2025Q1,渠道,SM154,shipping
SO200415,C1560,西南,南线,BU-3,AI 助理,19.74,2026-01-19,2026Q1,直销,SM151,closed
SO200416,C1828,华南,南线,BU-2,数据中台,111.02,2025-04-25,2025Q2,直销,SM126,closed
SO200417,C2523,华南,中线,BU-5,AI 助理,57.86,2025-03-13,2025Q1,直销,SM218,closed
SO200418,C3353,华南,中线,BU-1,云平台,131.8,2026-02-03,2026Q1,渠道,SM181,closed
SO200419,C1088,西南,南线,BU-3,智能客服,86.69,2026-03-07,2026Q1,渠道,SM147,closed
SO200420,C1322,华北,东线,BU-1,智能客服,9.41,2025-02-02,2025Q1,电商,SM188,closed
SO200421,C1127,华东,中线,BU-3,云平台,48.66,2024-12-09,2024Q4,渠道,SM114,shipping
SO200422,C3626,华南,中线,BU-2,IT 服务,28.58,2026-01-21,2026Q1,电商,SM191,closed
SO200423,C1292,华北,中线,BU-1,运营商网关,8.16,2024-12-09,2024Q4,直销,SM245,closed
SO200424,C3003,西南,南线,BU-5,智能客服,3.1,2026-01-06,2026Q1,渠道,SM245,closed
SO200425,C2443,华东,东线,BU-1,AI 助理,194.17,2026-02-15,2026Q1,直销,SM147,closed
SO200426,C1875,华南,东线,BU-4,云平台,67.27,2025-09-01,2025Q3,直销,SM117,closed
SO200427,C3070,华南,北线,BU-6,数据中台,9.31,2026-02-04,2026Q1,电商,SM146,closed
SO200428,C1101,华中,北线,BU-2,BSS-OSS,53.84,2024-03-12,2024Q1,直销,SM210,closed
SO200429,C3387,华北,北线,BU-1,AI 助理,59.03,2026-02-08,2026Q1,渠道,SM117,closed
SO200430,C2338,华东,东线,BU-4,运营商网关,36.27,2025-02-06,2025Q1,电商,SM172,closed
SO200431,C3298,华南,北线,BU-5,运营商网关,140.75,2025-07-07,2025Q3,直销,SM243,closed
SO200432,C3842,华东,北线,BU-3,智能客服,18.14,2026-03-18,2026Q1,电商,SM115,closed
SO200433,C2159,华南,东线,BU-2,云平台,3.59,2024-10-20,2024Q4,渠道,SM208,closed
SO200434,C2809,华北,北线,BU-1,云平台,13.29,2026-03-10,2026Q1,直销,SM232,closed
SO200435,C3895,华南,中线,BU-2,BSS-OSS,56.92,2025-02-27,2025Q1,项目集采,SM206,closed
SO200436,C3731,华东,东线,BU-2,IT 服务,39.42,2026-02-21,2026Q1,渠道,SM114,closed
SO200437,C3331,西南,中线,BU-2,IT 服务,17.75,2025-07-01,2025Q3,渠道,SM214,closed
SO200438,C1966,华北,北线,BU-5,云平台,22.43,2026-01-16,2026Q1,项目集采,SM239,closed
SO200439,C3734,华中,中线,BU-2,智能客服,10.04,2025-03-23,2025Q1,渠道,SM151,closed
SO200440,C3667,华南,南线,BU-6,运营商网关,4.19,2025-04-08,2025Q2,项目集采,SM212,closed
SO200441,C3401,西南,东线,BU-1,AI 助理,24.43,2026-02-20,2026Q1,直销,SM188,closed
SO200442,C1330,西南,北线,BU-6,智能客服,84.23,2026-03-12,2026Q1,渠道,SM175,shipping
SO200443,C3281,华东,北线,BU-1,数据中台,0.91,2025-06-09,2025Q2,渠道,SM141,closed
SO200444,C2051,华南,南线,BU-6,智能客服,95.7,2024-08-25,2024Q3,电商,SM124,closed
SO200445,C1675,西南,东线,BU-5,AI 助理,61.36,2026-02-09,2026Q1,电商,SM239,closed
SO200446,C3710,华北,北线,BU-4,AI 助理,25.38,2026-01-07,2026Q1,电商,SM239,closed
SO200447,C1327,华中,南线,BU-5,云平台,80.09,2026-01-19,2026Q1,项目集采,SM202,closed
SO200448,C2452,华北,东线,BU-1,IT 服务,47.76,2025-08-05,2025Q3,项目集采,SM242,closed
SO200449,C1216,华南,北线,BU-4,智能客服,36.4,2025-05-26,2025Q2,电商,SM129,shipping
SO200450,C3758,华东,东线,BU-2,运营商网关,76.53,2024-01-05,2024Q1,渠道,SM183,closed
SO200451,C2825,华北,南线,BU-2,智能客服,78.04,2026-01-16,2026Q1,渠道,SM174,closed
SO200452,C3469,华南,中线,BU-3,IT 服务,86.63,2025-06-26,2025Q2,渠道,SM203,closed
SO200453,C2884,华中,南线,BU-3,运营商网关,25.04,2025-10-17,2025Q4,渠道,SM248,shipping
SO200454,C3871,东北,东线,BU-2,BSS-OSS,3.02,2024-10-02,2024Q4,项目集采,SM242,closed
SO200455,C1081,华东,南线,BU-5,运营商网关,56.33,2024-01-10,2024Q1,项目集采,SM127,closed
SO200456,C3868,华北,北线,BU-4,AI 助理,32.45,2024-01-04,2024Q1,电商,SM163,closed
SO200457,C3138,西南,东线,BU-6,智能客服,26.56,2025-11-10,2025Q4,渠道,SM206,closed
SO200458,C2270,华东,南线,BU-4,AI 助理,154.39,2026-03-10,2026Q1,直销,SM148,closed
SO200459,C2093,华中,东线,BU-4,AI 助理,35.57,2024-10-27,2024Q4,项目集采,SM149,closed
SO200460,C2033,华南,中线,BU-1,AI 助理,21.93,2025-11-06,2025Q4,直销,SM131,closed
SO200461,C1327,华中,北线,BU-2,数据中台,10.72,2026-02-04,2026Q1,渠道,SM238,closed
SO200462,C2047,西南,南线,BU-5,智能客服,97.07,2025-01-22,2025Q1,项目集采,SM222,closed
SO200463,C3585,华东,中线,BU-5,数据中台,7.83,2026-01-25,2026Q1,项目集采,SM133,closed
SO200464,C3812,华东,南线,BU-5,运营商网关,28.17,2026-02-01,2026Q1,项目集采,SM236,closed
SO200465,C3167,西南,东线,BU-5,智能客服,58.2,2026-02-16,2026Q1,直销,SM157,closed
SO200466,C2570,华东,中线,BU-3,IT 服务,88.47,2025-04-01,2025Q2,电商,SM215,closed
SO200467,C3839,华东,东线,BU-5,智能客服,36.26,2025-01-03,2025Q1,电商,SM248,closed
SO200468,C3041,西南,中线,BU-6,数据中台,121.93,2025-02-01,2025Q1,直销,SM163,closed
SO200469,C1092,华东,中线,BU-1,IT 服务,111.45,2025-09-25,2025Q3,项目集采,SM144,closed
SO200470,C3280,西南,东线,BU-2,IT 服务,70.55,2026-03-07,2026Q1,电商,SM120,closed
SO200471,C1731,西南,北线,BU-3,IT 服务,41.98,2025-09-09,2025Q3,直销,SM145,pending
SO200472,C3363,华中,东线,BU-3,运营商网关,13.93,2024-01-24,2024Q1,项目集采,SM211,shipping
SO200473,C1994,华北,北线,BU-6,AI 助理,4.44,2025-10-18,2025Q4,渠道,SM233,closed
SO200474,C1524,东北,中线,BU-3,BSS-OSS,122.43,2024-05-09,2024Q2,电商,SM197,closed
SO200475,C1593,华东,南线,BU-6,IT 服务,25.48,2024-05-01,2024Q2,项目集采,SM133,closed
SO200476,C2826,西南,北线,BU-4,BSS-OSS,0.72,2025-10-12,2025Q4,直销,SM141,closed
SO200477,C1067,东北,北线,BU-4,智能客服,301.53,2024-10-14,2024Q4,直销,SM212,closed
SO200478,C3674,华东,东线,BU-2,BSS-OSS,48.37,2026-01-08,2026Q1,电商,SM249,closed
SO200479,C1517,华东,中线,BU-1,BSS-OSS,22.46,2025-09-03,2025Q3,项目集采,SM153,closed
SO200480,C3613,华北,北线,BU-3,数据中台,111.58,2026-01-21,2026Q1,渠道,SM116,closed
SO200481,C2926,华南,东线,BU-4,智能客服,9.18,2026-02-22,2026Q1,直销,SM103,closed
SO200482,C1156,华北,北线,BU-2,云平台,62.77,2024-06-15,2024Q2,电商,SM228,closed
SO200483,C2341,华东,中线,BU-1,AI 助理,69.34,2026-02-20,2026Q1,渠道,SM213,closed
SO200484,C2388,西南,东线,BU-6,智能客服,7.09,2025-10-04,2025Q4,渠道,SM102,closed
SO200485,C2722,华东,中线,BU-2,AI 助理,67.96,2026-01-24,2026Q1,渠道,SM209,closed
SO200486,C3025,华东,北线,BU-3,IT 服务,6.13,2025-07-15,2025Q3,电商,SM221,closed
SO200487,C1201,华东,中线,BU-5,云平台,29.9,2026-02-21,2026Q1,电商,SM187,closed
SO200488,C1465,华南,南线,BU-5,IT 服务,103.11,2025-03-05,2025Q1,直销,SM143,closed
SO200489,C1717,华中,北线,BU-6,运营商网关,167.48,2025-03-23,2025Q1,项目集采,SM111,closed
SO200490,C3248,华北,南线,BU-4,AI 助理,42.74,2024-07-22,2024Q3,项目集采,SM200,closed
SO200491,C3446,华东,南线,BU-3,智能客服,13.03,2025-01-18,2025Q1,渠道,SM163,closed
SO200492,C3142,华北,东线,BU-5,BSS-OSS,29.26,2024-04-22,2024Q2,渠道,SM250,closed
SO200493,C2220,华东,南线,BU-4,AI 助理,57.78,2026-02-18,2026Q1,直销,SM229,closed
SO200494,C3567,华南,北线,BU-1,云平台,1.41,2025-04-05,2025Q2,渠道,SM106,closed
SO200495,C1187,华北,北线,BU-3,IT 服务,100.26,2026-02-12,2026Q1,直销,SM226,closed
SO200496,C2011,西南,北线,BU-1,智能客服,23.85,2025-07-06,2025Q3,渠道,SM208,closed
SO200497,C2959,华东,北线,BU-1,云平台,124.71,2025-05-27,2025Q2,项目集采,SM186,pending
SO200498,C2628,华南,南线,BU-2,AI 助理,33.88,2025-10-15,2025Q4,项目集采,SM194,closed
SO200499,C2712,华中,南线,BU-3,运营商网关,2.01,2026-02-17,2026Q1,电商,SM238,closed
SO200500,C3552,华北,北线,BU-4,AI 助理,32.53,2025-07-12,2025Q3,直销,SM198,closed
SO200501,C3809,华南,南线,BU-6,BSS-OSS,6.83,2026-02-09,2026Q1,电商,SM102,closed
SO200502,C2304,西南,东线,BU-1,BSS-OSS,3.09,2025-12-11,2025Q4,渠道,SM134,closed
SO200503,C2675,华南,中线,BU-4,数据中台,29.05,2024-01-16,2024Q1,渠道,SM159,closed
SO200504,C3771,华中,东线,BU-6,数据中台,28.85,2024-09-13,2024Q3,直销,SM186,closed
SO200505,C3006,华东,中线,BU-3,运营商网关,32.2,2025-06-25,2025Q2,电商,SM209,closed
SO200506,C1849,华南,东线,BU-5,云平台,126.23,2025-11-17,2025Q4,项目集采,SM203,closed
SO200507,C1043,西南,北线,BU-6,运营商网关,26.09,2024-07-26,2024Q3,电商,SM231,closed
SO200508,C2233,华东,东线,BU-2,数据中台,64.4,2025-10-01,2025Q4,项目集采,SM227,shipping
SO200509,C3667,西南,东线,BU-3,BSS-OSS,37.54,2024-11-03,2024Q4,直销,SM207,closed
SO200510,C2252,华中,中线,BU-1,AI 助理,118.72,2024-02-06,2024Q1,渠道,SM141,closed
SO200511,C3978,华南,东线,BU-5,运营商网关,0.37,2025-05-08,2025Q2,直销,SM127,closed
SO200512,C3385,华南,中线,BU-6,云平台,7.69,2024-02-10,2024Q1,电商,SM166,closed
SO200513,C2155,华中,中线,BU-1,IT 服务,23.91,2024-09-19,2024Q3,直销,SM162,closed
SO200514,C2320,华南,北线,BU-1,智能客服,62.24,2024-08-21,2024Q3,渠道,SM241,closed
SO200515,C1221,华北,南线,BU-6,IT 服务,129.46,2025-04-03,2025Q2,电商,SM208,closed
SO200516,C2319,华东,中线,BU-3,云平台,306.45,2026-02-15,2026Q1,项目集采,SM102,closed
SO200517,C2702,华北,中线,BU-2,云平台,40.3,2024-08-17,2024Q3,项目集采,SM145,closed
SO200518,C2241,华北,南线,BU-4,AI 助理,43.99,2026-03-01,2026Q1,电商,SM116,closed
SO200519,C1894,华东,北线,BU-2,智能客服,117.3,2024-02-05,2024Q1,渠道,SM134,closed
SO200520,C2594,华南,南线,BU-6,数据中台,21.85,2025-05-22,2025Q2,直销,SM182,closed
SO200521,C2888,华北,中线,BU-6,智能客服,14.71,2024-09-10,2024Q3,直销,SM170,closed
SO200522,C1103,华东,中线,BU-4,云平台,19.91,2024-09-14,2024Q3,电商,SM213,closed
SO200523,C1104,华中,南线,BU-2,AI 助理,28.69,2025-05-02,2025Q2,直销,SM217,closed
SO200524,C2055,华中,南线,BU-3,AI 助理,90.86,2024-09-03,2024Q3,直销,SM250,closed
SO200525,C3069,华东,南线,BU-3,IT 服务,3.08,2025-10-02,2025Q4,电商,SM226,closed
SO200526,C2890,西南,东线,BU-3,BSS-OSS,29.43,2024-08-20,2024Q3,电商,SM100,closed
SO200527,C3688,西南,东线,BU-2,IT 服务,82.15,2026-01-02,2026Q1,项目集采,SM163,closed
SO200528,C2704,华北,东线,BU-1,智能客服,15.78,2024-08-18,2024Q3,渠道,SM119,closed
SO200529,C1734,华南,北线,BU-1,智能客服,131.44,2026-01-09,2026Q1,电商,SM199,closed
SO200530,C2519,华中,南线,BU-2,AI 助理,29.62,2024-01-21,2024Q1,直销,SM106,shipping
SO200531,C3024,华东,南线,BU-5,数据中台,104.63,2025-05-09,2025Q2,项目集采,SM187,closed
SO200532,C2202,华东,北线,BU-6,BSS-OSS,62.9,2026-01-12,2026Q1,渠道,SM123,closed
SO200533,C3582,华东,中线,BU-3,智能客服,7.43,2024-05-15,2024Q2,项目集采,SM170,closed
SO200534,C3779,西南,南线,BU-1,运营商网关,3.71,2025-01-22,2025Q1,项目集采,SM167,closed
SO200535,C3470,华北,南线,BU-2,IT 服务,76.41,2025-03-12,2025Q1,渠道,SM228,closed
SO200536,C3882,华东,北线,BU-4,IT 服务,105.73,2026-02-24,2026Q1,电商,SM158,closed
SO200537,C1810,华北,中线,BU-3,IT 服务,44.64,2025-07-15,2025Q3,项目集采,SM110,closed
SO200538,C2616,华东,东线,BU-2,BSS-OSS,156.35,2025-06-24,2025Q2,电商,SM164,closed
SO200539,C3600,华南,东线,BU-6,运营商网关,28.97,2025-10-15,2025Q4,电商,SM177,closed
SO200540,C1406,西南,南线,BU-6,数据中台,21.32,2024-02-17,2024Q1,渠道,SM123,closed
SO200541,C2901,华中,南线,BU-6,IT 服务,64.75,2026-01-17,2026Q1,直销,SM189,closed
SO200542,C3328,西南,中线,BU-2,BSS-OSS,0.14,2025-11-15,2025Q4,电商,SM228,closed
SO200543,C1935,华东,中线,BU-6,智能客服,15.23,2026-01-11,2026Q1,项目集采,SM201,closed
SO200544,C2374,华东,南线,BU-6,BSS-OSS,54.57,2024-07-10,2024Q3,渠道,SM103,closed
SO200545,C3863,华东,北线,BU-3,AI 助理,11.79,2024-06-11,2024Q2,直销,SM221,shipping
SO200546,C2038,华东,南线,BU-3,IT 服务,58.23,2026-02-27,2026Q1,直销,SM134,closed
SO200547,C1392,西南,南线,BU-1,运营商网关,60.28,2026-02-17,2026Q1,渠道,SM130,closed
SO200548,C2141,华东,东线,BU-5,BSS-OSS,174.09,2025-05-13,2025Q2,电商,SM147,closed
SO200549,C3433,东北,中线,BU-2,数据中台,14.94,2024-10-19,2024Q4,项目集采,SM224,closed
SO200550,C3524,华北,南线,BU-1,AI 助理,131.56,2026-01-03,2026Q1,项目集采,SM200,shipping
SO200551,C1783,华南,东线,BU-1,AI 助理,98.84,2025-07-22,2025Q3,电商,SM226,closed
SO200552,C1573,华南,中线,BU-2,IT 服务,161.05,2026-03-07,2026Q1,直销,SM227,closed
SO200553,C3943,东北,中线,BU-6,AI 助理,89.87,2026-01-03,2026Q1,渠道,SM213,closed
SO200554,C2124,华南,南线,BU-5,智能客服,124.55,2025-01-22,2025Q1,渠道,SM233,closed
SO200555,C2660,华南,南线,BU-6,IT 服务,12.29,2026-02-08,2026Q1,渠道,SM134,closed
SO200556,C1326,华中,南线,BU-2,云平台,49.04,2024-06-23,2024Q2,直销,SM189,closed
SO200557,C1447,华东,中线,BU-2,IT 服务,184.63,2025-05-19,2025Q2,项目集采,SM123,closed
SO200558,C2636,华东,东线,BU-5,BSS-OSS,208.93,2024-07-03,2024Q3,渠道,SM137,closed
SO200559,C3463,西南,南线,BU-3,IT 服务,21.74,2025-07-03,2025Q3,电商,SM184,closed
SO200560,C2252,东北,北线,BU-2,运营商网关,59.19,2025-04-14,2025Q2,电商,SM249,closed
SO200561,C3032,西南,北线,BU-5,IT 服务,90.26,2026-02-11,2026Q1,渠道,SM149,closed
SO200562,C2805,华东,东线,BU-4,AI 助理,84.45,2026-03-01,2026Q1,直销,SM213,closed
SO200563,C3091,华北,东线,BU-4,云平台,11.11,2025-10-16,2025Q4,直销,SM205,closed
SO200564,C3932,华北,北线,BU-4,数据中台,31.43,2025-08-11,2025Q3,直销,SM189,pending
SO200565,C2548,华北,北线,BU-3,数据中台,91.51,2024-06-22,2024Q2,项目集采,SM169,closed
SO200566,C3349,华东,北线,BU-4,数据中台,7.8,2025-09-04,2025Q3,直销,SM166,closed
SO200567,C2309,华南,东线,BU-6,BSS-OSS,67.58,2025-02-21,2025Q1,电商,SM184,closed
SO200568,C2060,西南,东线,BU-5,云平台,250.57,2024-02-27,2024Q1,渠道,SM229,closed
SO200569,C3638,西南,北线,BU-4,云平台,36.84,2026-03-23,2026Q1,电商,SM242,closed
SO200570,C3136,华中,北线,BU-3,BSS-OSS,148.43,2025-11-23,2025Q4,渠道,SM167,pending
SO200571,C3024,华东,北线,BU-3,BSS-OSS,104.55,2026-03-15,2026Q1,直销,SM246,closed
SO200572,C3244,华南,南线,BU-5,云平台,8.74,2025-11-25,2025Q4,项目集采,SM218,closed
SO200573,C3182,华中,北线,BU-2,云平台,21.6,2025-10-23,2025Q4,渠道,SM243,closed
SO200574,C2171,华北,北线,BU-6,AI 助理,56.54,2026-03-02,2026Q1,项目集采,SM129,closed
SO200575,C1968,西南,南线,BU-4,AI 助理,179.86,2025-03-06,2025Q1,电商,SM159,closed
SO200576,C1761,华中,南线,BU-4,数据中台,244.69,2025-08-08,2025Q3,电商,SM107,closed
SO200577,C3658,华东,南线,BU-6,运营商网关,16.1,2026-01-25,2026Q1,项目集采,SM203,closed
SO200578,C2089,华东,南线,BU-5,IT 服务,20.97,2025-02-07,2025Q1,项目集采,SM246,closed
SO200579,C1588,华北,东线,BU-2,BSS-OSS,0.31,2025-04-18,2025Q2,电商,SM144,closed
SO200580,C1767,华东,北线,BU-1,智能客服,20.37,2024-09-01,2024Q3,直销,SM209,closed
SO200581,C2856,华东,北线,BU-4,IT 服务,17.28,2026-03-13,2026Q1,电商,SM139,closed
SO200582,C1766,华东,中线,BU-1,BSS-OSS,51.97,2026-01-13,2026Q1,项目集采,SM141,closed
SO200583,C2535,华东,东线,BU-6,AI 助理,132.95,2025-07-11,2025Q3,项目集采,SM132,closed
SO200584,C2688,华东,中线,BU-2,运营商网关,84.49,2025-10-15,2025Q4,直销,SM183,shipping
SO200585,C1760,西南,南线,BU-2,运营商网关,14.18,2024-07-12,2024Q3,渠道,SM150,closed
SO200586,C1073,西南,南线,BU-5,IT 服务,61.25,2024-04-16,2024Q2,电商,SM136,closed
SO200587,C2876,华中,北线,BU-2,AI 助理,5.91,2025-10-19,2025Q4,项目集采,SM207,closed
SO200588,C1613,华东,北线,BU-2,IT 服务,7.76,2026-02-08,2026Q1,直销,SM168,closed
SO200589,C2349,华北,东线,BU-5,云平台,42.33,2025-08-27,2025Q3,渠道,SM196,closed
SO200590,C3402,华东,北线,BU-2,BSS-OSS,11.66,2025-11-09,2025Q4,电商,SM185,closed
SO200591,C3487,华东,中线,BU-2,AI 助理,16.8,2024-06-12,2024Q2,项目集采,SM134,pending
SO200592,C1561,华中,南线,BU-2,AI 助理,1.95,2024-06-05,2024Q2,项目集采,SM193,shipping
SO200593,C2868,华南,中线,BU-5,云平台,3.72,2025-09-18,2025Q3,渠道,SM207,closed
SO200594,C3524,华东,东线,BU-4,BSS-OSS,140.35,2026-01-24,2026Q1,渠道,SM193,closed
SO200595,C2885,华东,北线,BU-2,AI 助理,6.67,2026-03-19,2026Q1,项目集采,SM105,closed
SO200596,C1003,华北,东线,BU-4,BSS-OSS,85.28,2024-10-06,2024Q4,渠道,SM102,closed
SO200597,C3982,西南,南线,BU-3,AI 助理,7.96,2025-05-24,2025Q2,电商,SM221,closed
SO200598,C2719,华南,南线,BU-3,云平台,99.9,2024-08-11,2024Q3,渠道,SM155,closed
SO200599,C3178,华北,东线,BU-2,智能客服,106.92,2025-12-11,2025Q4,项目集采,SM175,closed
SO200600,C1357,华北,东线,BU-6,运营商网关,6.96,2026-03-05,2026Q1,项目集采,SM223,shipping
SO200601,C3765,华北,南线,BU-2,云平台,14.89,2025-03-26,2025Q1,项目集采,SM154,closed
SO200602,C2301,华东,东线,BU-5,BSS-OSS,9.62,2026-02-27,2026Q1,直销,SM192,closed
SO200603,C2055,华南,东线,BU-4,云平台,8.06,2025-03-15,2025Q1,电商,SM229,closed
SO200604,C1798,西南,北线,BU-4,智能客服,2.84,2024-01-14,2024Q1,项目集采,SM145,closed
SO200605,C1320,华中,中线,BU-5,智能客服,8.54,2026-03-01,2026Q1,渠道,SM132,closed
SO200606,C1405,华中,南线,BU-1,BSS-OSS,76.12,2025-12-01,2025Q4,电商,SM113,shipping
SO200607,C3129,华北,南线,BU-1,BSS-OSS,28.71,2026-03-11,2026Q1,项目集采,SM158,closed
SO200608,C2199,华北,南线,BU-5,云平台,1.91,2024-09-13,2024Q3,项目集采,SM210,closed
SO200609,C3454,东北,北线,BU-5,数据中台,1.63,2026-02-14,2026Q1,电商,SM231,shipping
SO200610,C1905,华南,中线,BU-6,运营商网关,7.66,2025-10-15,2025Q4,直销,SM164,closed
SO200611,C3709,华中,东线,BU-5,智能客服,47.71,2026-01-22,2026Q1,直销,SM227,closed
SO200612,C2828,华东,东线,BU-5,IT 服务,11.49,2025-09-11,2025Q3,渠道,SM209,closed
SO200613,C2614,华中,南线,BU-4,云平台,3.44,2026-03-10,2026Q1,直销,SM129,closed
SO200614,C2720,华中,东线,BU-4,智能客服,25.9,2026-02-08,2026Q1,直销,SM228,closed
SO200615,C2778,华中,东线,BU-4,BSS-OSS,60.67,2024-12-03,2024Q4,项目集采,SM186,closed
SO200616,C1413,华东,东线,BU-2,智能客服,54.34,2025-04-16,2025Q2,直销,SM121,closed
SO200617,C1727,华东,东线,BU-3,BSS-OSS,21.52,2025-10-22,2025Q4,直销,SM243,closed
SO200618,C2672,华南,北线,BU-2,BSS-OSS,149.12,2024-06-22,2024Q2,电商,SM194,closed
SO200619,C2457,华北,南线,BU-1,AI 助理,8.2,2026-02-07,2026Q1,渠道,SM197,shipping
SO200620,C1580,西南,东线,BU-3,BSS-OSS,55.47,2024-08-24,2024Q3,渠道,SM195,closed
SO200621,C3014,华东,北线,BU-2,运营商网关,55.79,2024-03-07,2024Q1,项目集采,SM157,closed
SO200622,C2098,华东,中线,BU-5,数据中台,22.21,2025-08-20,2025Q3,项目集采,SM246,closed
SO200623,C1251,华北,东线,BU-5,BSS-OSS,41.89,2024-05-11,2024Q2,电商,SM193,closed
SO200624,C3665,华北,南线,BU-5,数据中台,38.41,2024-02-17,2024Q1,直销,SM142,closed
SO200625,C3676,华中,南线,BU-4,IT 服务,51.25,2026-01-08,2026Q1,电商,SM135,shipping
SO200626,C2253,华南,中线,BU-2,智能客服,10.91,2025-12-01,2025Q4,直销,SM201,closed
SO200627,C2943,华东,中线,BU-1,云平台,55.9,2026-03-26,2026Q1,渠道,SM202,closed
SO200628,C3721,华东,北线,BU-6,BSS-OSS,19.3,2025-08-22,2025Q3,渠道,SM193,closed
SO200629,C1607,华中,北线,BU-6,IT 服务,14.41,2025-07-13,2025Q3,渠道,SM230,closed
SO200630,C1011,华东,东线,BU-4,数据中台,108.64,2026-02-12,2026Q1,电商,SM139,closed
SO200631,C2947,华北,北线,BU-1,运营商网关,18.65,2024-03-03,2024Q1,项目集采,SM212,closed
SO200632,C2369,西南,南线,BU-1,AI 助理,22.55,2026-02-04,2026Q1,直销,SM209,closed
SO200633,C3450,华东,中线,BU-1,数据中台,15.04,2025-10-26,2025Q4,项目集采,SM201,shipping
SO200634,C1182,华东,南线,BU-6,AI 助理,39.67,2026-03-26,2026Q1,直销,SM204,closed
SO200635,C3001,华东,南线,BU-5,智能客服,204.29,2026-01-25,2026Q1,渠道,SM130,closed
SO200636,C1640,华东,北线,BU-2,AI 助理,102.29,2026-03-27,2026Q1,渠道,SM215,shipping
SO200637,C2732,东北,北线,BU-1,数据中台,45.44,2025-12-07,2025Q4,直销,SM248,closed
SO200638,C2190,华南,北线,BU-4,AI 助理,5.52,2025-01-14,2025Q1,直销,SM226,closed
SO200639,C2182,华东,中线,BU-5,AI 助理,146.96,2025-04-11,2025Q2,直销,SM181,closed
SO200640,C2717,华东,南线,BU-3,智能客服,11.66,2026-01-15,2026Q1,项目集采,SM175,closed
SO200641,C1009,华东,中线,BU-5,运营商网关,5.75,2025-07-17,2025Q3,项目集采,SM238,closed
SO200642,C2931,华中,北线,BU-1,AI 助理,33.86,2025-06-15,2025Q2,直销,SM123,closed
SO200643,C3834,华东,北线,BU-1,智能客服,7.06,2026-01-27,2026Q1,项目集采,SM164,closed
SO200644,C2209,华中,中线,BU-2,IT 服务,2.69,2026-01-26,2026Q1,项目集采,SM171,closed
SO200645,C1228,华北,中线,BU-2,IT 服务,61.55,2026-02-03,2026Q1,直销,SM141,closed
SO200646,C2778,东北,东线,BU-4,智能客服,33.22,2026-03-25,2026Q1,直销,SM198,closed
SO200647,C1054,华东,南线,BU-2,运营商网关,14.4,2025-10-19,2025Q4,渠道,SM227,closed
SO200648,C1899,东北,东线,BU-3,云平台,158.35,2024-10-17,2024Q4,直销,SM101,pending
SO200649,C1580,华北,北线,BU-6,运营商网关,228.77,2025-05-15,2025Q2,渠道,SM249,closed
SO200650,C3057,华北,东线,BU-3,数据中台,109.62,2026-01-24,2026Q1,项目集采,SM186,closed
SO200651,C1612,西南,东线,BU-4,数据中台,194.79,2024-04-25,2024Q2,项目集采,SM224,closed
SO200652,C1048,华东,北线,BU-6,IT 服务,77.93,2024-02-22,2024Q1,电商,SM108,closed
SO200653,C2476,华东,北线,BU-5,IT 服务,260.15,2024-07-14,2024Q3,项目集采,SM239,closed
SO200654,C1653,华东,中线,BU-3,IT 服务,39.88,2025-02-11,2025Q1,渠道,SM227,closed
SO200655,C3785,华东,北线,BU-3,AI 助理,69.45,2025-11-13,2025Q4,电商,SM111,closed
SO200656,C2817,华北,中线,BU-2,AI 助理,3.11,2024-06-25,2024Q2,直销,SM180,closed
SO200657,C2413,西南,中线,BU-1,运营商网关,101.71,2025-09-14,2025Q3,直销,SM180,closed
SO200658,C1880,西南,南线,BU-5,智能客服,2.92,2024-02-09,2024Q1,电商,SM146,closed
SO200659,C2854,华东,北线,BU-2,云平台,14.9,2024-01-27,2024Q1,项目集采,SM218,closed
SO200660,C3544,西南,中线,BU-2,运营商网关,38.47,2026-02-15,2026Q1,渠道,SM145,closed
SO200661,C1476,华中,东线,BU-2,IT 服务,0.62,2025-10-04,2025Q4,渠道,SM164,closed
SO200662,C3496,华东,东线,BU-1,智能客服,255.25,2025-06-22,2025Q2,直销,SM114,pending
SO200663,C1946,华北,东线,BU-4,BSS-OSS,202.33,2026-03-27,2026Q1,电商,SM162,closed
SO200664,C1780,华南,北线,BU-2,AI 助理,47.66,2026-03-22,2026Q1,直销,SM228,closed
SO200665,C2227,华东,中线,BU-5,数据中台,41.94,2026-01-01,2026Q1,项目集采,SM234,closed
SO200666,C1037,华北,中线,BU-4,IT 服务,108.0,2024-10-13,2024Q4,项目集采,SM241,closed
SO200667,C3072,华南,东线,BU-1,运营商网关,27.26,2026-02-09,2026Q1,渠道,SM103,closed
SO200668,C3154,华北,北线,BU-1,IT 服务,69.2,2025-06-12,2025Q2,项目集采,SM138,closed
SO200669,C3653,华北,中线,BU-5,运营商网关,8.76,2024-05-14,2024Q2,电商,SM182,closed
SO200670,C3452,华东,中线,BU-4,BSS-OSS,50.27,2026-03-11,2026Q1,直销,SM234,closed
SO200671,C3094,华东,北线,BU-2,AI 助理,28.93,2026-03-12,2026Q1,渠道,SM186,closed
SO200672,C2659,华东,中线,BU-6,智能客服,79.44,2026-01-13,2026Q1,电商,SM221,closed
SO200673,C3202,华南,南线,BU-3,IT 服务,3.6,2024-10-17,2024Q4,项目集采,SM122,closed
SO200674,C1540,华南,南线,BU-1,数据中台,13.65,2026-03-25,2026Q1,项目集采,SM124,closed
SO200675,C1065,华南,中线,BU-1,AI 助理,0.21,2026-02-02,2026Q1,项目集采,SM111,shipping
SO200676,C2378,华东,北线,BU-5,智能客服,33.68,2025-11-02,2025Q4,项目集采,SM225,closed
SO200677,C3445,华南,南线,BU-4,云平台,20.75,2024-08-05,2024Q3,渠道,SM157,closed
SO200678,C3402,华北,北线,BU-2,BSS-OSS,35.21,2024-10-19,2024Q4,项目集采,SM170,closed
SO200679,C2944,华南,中线,BU-6,运营商网关,47.27,2024-04-01,2024Q2,直销,SM132,closed
SO200680,C2226,华北,中线,BU-2,BSS-OSS,59.15,2025-05-08,2025Q2,项目集采,SM129,closed
SO200681,C1531,华南,东线,BU-6,智能客服,127.82,2025-07-22,2025Q3,项目集采,SM137,pending
SO200682,C2391,东北,北线,BU-5,数据中台,12.28,2025-03-06,2025Q1,电商,SM118,closed
SO200683,C1390,华东,北线,BU-4,AI 助理,13.42,2025-06-12,2025Q2,电商,SM185,closed
SO200684,C3618,华北,中线,BU-3,云平台,58.08,2025-07-24,2025Q3,电商,SM235,closed
SO200685,C3566,华北,中线,BU-1,AI 助理,140.29,2025-04-16,2025Q2,项目集采,SM172,pending
SO200686,C1852,华南,北线,BU-1,IT 服务,44.4,2026-01-15,2026Q1,渠道,SM125,closed
SO200687,C3065,华东,北线,BU-1,数据中台,32.75,2025-12-26,2025Q4,项目集采,SM245,closed
SO200688,C3952,华北,北线,BU-3,IT 服务,37.57,2025-05-19,2025Q2,直销,SM175,closed
SO200689,C2400,华北,北线,BU-4,云平台,54.77,2025-12-10,2025Q4,渠道,SM129,shipping
SO200690,C1008,东北,中线,BU-2,云平台,136.42,2024-04-10,2024Q2,项目集采,SM214,closed
SO200691,C3897,西南,北线,BU-4,云平台,31.61,2024-09-26,2024Q3,项目集采,SM112,closed
SO200692,C3254,华北,中线,BU-3,智能客服,12.59,2025-04-16,2025Q2,项目集采,SM138,pending
SO200693,C3177,华北,中线,BU-1,云平台,0.54,2026-03-02,2026Q1,直销,SM114,closed
SO200694,C3444,华中,中线,BU-1,AI 助理,150.7,2026-01-10,2026Q1,项目集采,SM104,closed
SO200695,C2216,华北,南线,BU-4,数据中台,8.53,2024-03-02,2024Q1,项目集采,SM152,closed
SO200696,C2357,华南,东线,BU-5,IT 服务,81.6,2025-08-21,2025Q3,电商,SM101,closed
SO200697,C3850,华东,东线,BU-3,BSS-OSS,9.65,2026-02-15,2026Q1,项目集采,SM122,closed
SO200698,C1935,华中,东线,BU-1,运营商网关,42.05,2025-04-13,2025Q2,渠道,SM171,closed
SO200699,C1969,华北,北线,BU-6,数据中台,60.95,2025-12-23,2025Q4,渠道,SM118,closed
SO200700,C1167,华北,东线,BU-3,IT 服务,79.07,2026-03-09,2026Q1,直销,SM221,closed
SO200701,C1953,华南,南线,BU-2,运营商网关,62.17,2025-09-08,2025Q3,电商,SM167,closed
SO200702,C1109,华中,东线,BU-2,运营商网关,140.65,2026-02-12,2026Q1,电商,SM108,closed
SO200703,C1022,华东,中线,BU-6,IT 服务,107.45,2025-08-07,2025Q3,电商,SM242,closed
SO200704,C1545,华北,北线,BU-4,智能客服,25.22,2025-04-23,2025Q2,直销,SM220,closed
SO200705,C3872,东北,中线,BU-1,云平台,35.18,2026-02-09,2026Q1,渠道,SM142,closed
SO200706,C2172,华南,北线,BU-4,智能客服,10.13,2026-02-22,2026Q1,直销,SM186,closed
SO200707,C2827,华北,中线,BU-3,运营商网关,13.18,2026-02-19,2026Q1,渠道,SM178,closed
SO200708,C1155,华南,北线,BU-5,智能客服,27.81,2025-10-17,2025Q4,直销,SM241,closed
SO200709,C3098,华南,北线,BU-3,AI 助理,3.47,2025-10-22,2025Q4,渠道,SM149,shipping
SO200710,C1863,西南,南线,BU-4,数据中台,56.59,2024-08-12,2024Q3,电商,SM126,closed
SO200711,C1997,西南,中线,BU-2,BSS-OSS,7.41,2024-05-21,2024Q2,渠道,SM108,closed
SO200712,C3596,华南,中线,BU-3,数据中台,9.35,2024-11-10,2024Q4,渠道,SM167,shipping
SO200713,C3590,华东,南线,BU-3,IT 服务,80.85,2024-04-19,2024Q2,电商,SM115,closed
SO200714,C3013,华东,东线,BU-4,运营商网关,46.5,2025-10-04,2025Q4,渠道,SM183,closed
SO200715,C3287,华南,中线,BU-1,AI 助理,0.09,2025-09-18,2025Q3,项目集采,SM212,closed
SO200716,C2551,华北,北线,BU-6,数据中台,32.45,2025-04-11,2025Q2,电商,SM170,closed
SO200717,C1624,华南,东线,BU-6,BSS-OSS,86.71,2026-03-21,2026Q1,直销,SM139,closed
SO200718,C1538,华南,南线,BU-2,BSS-OSS,37.03,2024-05-02,2024Q2,项目集采,SM223,shipping
SO200719,C1627,西南,南线,BU-6,AI 助理,21.39,2025-01-14,2025Q1,项目集采,SM170,closed
SO200720,C3949,华北,北线,BU-6,运营商网关,10.68,2025-04-11,2025Q2,直销,SM177,shipping
SO200721,C3173,华东,中线,BU-6,云平台,24.12,2026-02-08,2026Q1,项目集采,SM159,closed
SO200722,C3628,华东,中线,BU-5,IT 服务,0.56,2024-06-03,2024Q2,电商,SM147,closed
SO200723,C1974,西南,东线,BU-4,AI 助理,49.15,2026-01-26,2026Q1,渠道,SM203,closed
SO200724,C1265,华中,北线,BU-5,BSS-OSS,3.68,2024-10-19,2024Q4,直销,SM169,closed
SO200725,C1038,华北,中线,BU-1,AI 助理,49.53,2024-09-17,2024Q3,项目集采,SM196,shipping
SO200726,C1141,华北,中线,BU-6,智能客服,22.88,2026-01-13,2026Q1,项目集采,SM223,closed
SO200727,C1040,华北,北线,BU-5,数据中台,134.88,2024-08-24,2024Q3,电商,SM194,shipping
SO200728,C2204,华东,东线,BU-3,BSS-OSS,90.7,2026-01-25,2026Q1,直销,SM236,closed
SO200729,C3815,华东,南线,BU-6,智能客服,16.32,2025-03-12,2025Q1,直销,SM186,closed
SO200730,C3384,华东,南线,BU-6,数据中台,67.8,2024-05-14,2024Q2,电商,SM107,closed
SO200731,C1022,华中,中线,BU-6,智能客服,34.01,2025-03-15,2025Q1,渠道,SM159,closed
SO200732,C3364,东北,南线,BU-5,数据中台,10.06,2026-03-11,2026Q1,直销,SM205,closed
SO200733,C2078,西南,南线,BU-6,智能客服,17.05,2024-10-16,2024Q4,直销,SM126,closed
SO200734,C1523,西南,中线,BU-1,数据中台,49.67,2025-02-13,2025Q1,渠道,SM120,closed
SO200735,C3938,华南,北线,BU-3,智能客服,28.72,2024-06-13,2024Q2,渠道,SM121,closed
SO200736,C1468,华东,北线,BU-3,AI 助理,46.46,2026-03-08,2026Q1,渠道,SM250,closed
SO200737,C2209,华南,北线,BU-4,BSS-OSS,24.32,2026-02-14,2026Q1,直销,SM205,closed
SO200738,C3333,华北,东线,BU-1,云平台,2.96,2026-03-13,2026Q1,渠道,SM137,shipping
SO200739,C1749,华东,南线,BU-2,AI 助理,22.08,2026-01-18,2026Q1,项目集采,SM188,closed
SO200740,C2780,华中,东线,BU-2,BSS-OSS,14.25,2026-01-04,2026Q1,项目集采,SM167,closed
SO200741,C3974,华东,北线,BU-5,智能客服,4.79,2026-03-23,2026Q1,直销,SM136,closed
SO200742,C1986,华东,中线,BU-2,云平台,32.07,2025-12-19,2025Q4,电商,SM111,closed
SO200743,C3864,华东,东线,BU-2,智能客服,54.94,2026-02-22,2026Q1,直销,SM187,closed
SO200744,C1777,华北,南线,BU-5,IT 服务,86.84,2024-07-12,2024Q3,项目集采,SM144,shipping
SO200745,C3080,华东,东线,BU-1,BSS-OSS,28.9,2026-01-16,2026Q1,渠道,SM177,closed
SO200746,C1759,华南,南线,BU-3,运营商网关,3.703,2026-01-21,2026Q1,直销,SM235,closed
SO200747,C1607,华东,东线,BU-2,AI 助理,34.71,2025-07-18,2025Q3,项目集采,SM132,pending
SO200748,C1145,华北,东线,BU-1,AI 助理,53.69,2026-01-22,2026Q1,直销,SM223,closed
SO200749,C3741,华东,南线,BU-1,云平台,130.46,2024-09-12,2024Q3,直销,SM225,closed
SO200750,C1149,东北,中线,BU-6,智能客服,13.22,2025-07-16,2025Q3,直销,SM124,closed
SO200751,C1985,华东,北线,BU-3,运营商网关,26.96,2025-10-20,2025Q4,直销,SM155,closed
SO200752,C1349,华中,东线,BU-3,IT 服务,95.5,2026-03-10,2026Q1,项目集采,SM205,closed
SO200753,C2311,西南,东线,BU-4,AI 助理,12.22,2024-10-04,2024Q4,渠道,SM199,pending
SO200754,C1312,华中,南线,BU-1,数据中台,57.84,2025-06-01,2025Q2,直销,SM116,closed
SO200755,C2195,华北,中线,BU-2,IT 服务,11.58,2026-03-21,2026Q1,渠道,SM163,closed
SO200756,C3288,华中,南线,BU-1,云平台,1.66,2024-05-14,2024Q2,直销,SM222,shipping
SO200757,C1366,华东,中线,BU-1,AI 助理,19.05,2026-01-26,2026Q1,渠道,SM101,pending
SO200758,C2902,华东,中线,BU-4,运营商网关,8.78,2026-03-16,2026Q1,项目集采,SM211,pending
SO200759,C1710,华东,中线,BU-4,IT 服务,43.01,2024-10-02,2024Q4,直销,SM250,closed
SO200760,C2769,华东,南线,BU-5,云平台,158.54,2025-07-09,2025Q3,项目集采,SM235,closed
SO200761,C3727,华东,南线,BU-1,AI 助理,62.16,2025-07-06,2025Q3,项目集采,SM214,closed
SO200762,C3658,华东,东线,BU-5,数据中台,7.19,2025-08-09,2025Q3,电商,SM141,closed
SO200763,C2097,华北,中线,BU-5,运营商网关,97.3,2026-02-09,2026Q1,电商,SM138,closed
SO200764,C2468,西南,中线,BU-5,云平台,26.04,2026-03-01,2026Q1,直销,SM196,closed
SO200765,C3896,华中,东线,BU-4,IT 服务,42.56,2026-02-02,2026Q1,电商,SM205,shipping
SO200766,C2760,华东,中线,BU-3,数据中台,16.62,2025-08-17,2025Q3,电商,SM155,closed
SO200767,C2970,华北,中线,BU-4,AI 助理,24.23,2026-03-27,2026Q1,项目集采,SM152,closed
SO200768,C1388,华中,中线,BU-2,IT 服务,28.48,2026-03-06,2026Q1,电商,SM166,closed
SO200769,C2572,华北,东线,BU-1,运营商网关,18.24,2025-08-03,2025Q3,电商,SM202,closed
SO200770,C2486,西南,南线,BU-6,云平台,5.5,2025-09-02,2025Q3,电商,SM127,closed
SO200771,C2607,西南,东线,BU-4,运营商网关,78.24,2026-03-24,2026Q1,电商,SM144,shipping
SO200772,C2268,华东,北线,BU-3,智能客服,164.72,2025-01-26,2025Q1,直销,SM119,closed
SO200773,C1353,华东,中线,BU-4,IT 服务,102.81,2024-06-06,2024Q2,电商,SM136,closed
SO200774,C1415,华中,南线,BU-5,AI 助理,142.16,2025-02-12,2025Q1,项目集采,SM125,closed
SO200775,C2496,华中,中线,BU-3,云平台,11.7,2026-01-10,2026Q1,项目集采,SM105,pending
SO200776,C1535,华北,南线,BU-3,运营商网关,1.73,2024-05-26,2024Q2,项目集采,SM169,closed
SO200777,C1911,华南,北线,BU-1,BSS-OSS,62.72,2025-03-02,2025Q1,渠道,SM188,closed
SO200778,C1250,华北,东线,BU-4,运营商网关,106.98,2024-04-16,2024Q2,直销,SM112,closed
SO200779,C2031,华东,中线,BU-5,智能客服,141.67,2025-11-18,2025Q4,渠道,SM135,closed
SO200780,C1714,华北,中线,BU-6,云平台,38.23,2024-12-01,2024Q4,项目集采,SM235,closed
SO200781,C3803,西南,南线,BU-1,IT 服务,121.24,2025-10-10,2025Q4,直销,SM170,closed
SO200782,C2728,华东,北线,BU-3,BSS-OSS,52.09,2025-03-07,2025Q1,直销,SM149,closed
SO200783,C3217,华东,中线,BU-1,云平台,0.5,2025-12-21,2025Q4,直销,SM125,closed
SO200784,C3463,华北,东线,BU-6,BSS-OSS,87.32,2026-01-18,2026Q1,电商,SM229,closed
SO200785,C3987,华北,南线,BU-5,云平台,77.52,2024-04-05,2024Q2,项目集采,SM191,closed
SO200786,C3354,西南,中线,BU-6,运营商网关,108.98,2024-10-16,2024Q4,渠道,SM144,closed
SO200787,C2207,华中,东线,BU-5,云平台,42.92,2026-03-15,2026Q1,项目集采,SM248,closed
SO200788,C2482,华北,东线,BU-5,AI 助理,91.75,2026-01-15,2026Q1,项目集采,SM235,closed
SO200789,C2463,华中,中线,BU-3,运营商网关,61.75,2024-02-19,2024Q1,电商,SM244,closed
SO200790,C2569,华南,南线,BU-4,AI 助理,13.16,2025-05-19,2025Q2,电商,SM193,closed
SO200791,C3420,华南,南线,BU-5,云平台,60.05,2026-01-06,2026Q1,项目集采,SM201,closed
SO200792,C2019,华东,中线,BU-6,云平台,134.63,2024-04-22,2024Q2,渠道,SM193,shipping
SO200793,C1019,华东,东线,BU-3,运营商网关,129.19,2024-05-06,2024Q2,渠道,SM112,closed
SO200794,C3749,华东,东线,BU-3,BSS-OSS,86.73,2026-02-14,2026Q1,电商,SM111,shipping
SO200795,C1553,东北,南线,BU-3,智能客服,58.75,2024-05-10,2024Q2,电商,SM120,shipping
SO200796,C1873,西南,中线,BU-4,运营商网关,0.52,2026-03-08,2026Q1,项目集采,SM161,closed
SO200797,C3698,华南,中线,BU-2,AI 助理,13.88,2024-02-05,2024Q1,项目集采,SM173,closed
SO200798,C2154,西南,南线,BU-5,数据中台,38.43,2024-09-18,2024Q3,直销,SM234,closed
SO200799,C3594,西南,中线,BU-5,数据中台,15.82,2025-05-14,2025Q2,直销,SM153,closed
SO200800,C3461,东北,北线,BU-4,云平台,11.96,2024-05-12,2024Q2,电商,SM109,closed
SO200801,C2177,华东,中线,BU-5,IT 服务,72.01,2025-10-08,2025Q4,项目集采,SM107,closed
SO200802,C1342,华东,东线,BU-2,运营商网关,7.42,2026-01-04,2026Q1,直销,SM248,closed
SO200803,C2220,东北,中线,BU-5,AI 助理,46.89,2026-01-15,2026Q1,项目集采,SM131,closed
SO200804,C3388,华北,北线,BU-4,IT 服务,57.35,2025-09-07,2025Q3,项目集采,SM214,closed
SO200805,C3257,华南,北线,BU-1,运营商网关,3.1,2024-05-12,2024Q2,直销,SM102,closed
SO200806,C1469,华南,东线,BU-1,运营商网关,1.89,2026-01-08,2026Q1,直销,SM213,closed
SO200807,C3293,华中,南线,BU-6,BSS-OSS,19.9,2026-03-17,2026Q1,电商,SM149,closed
SO200808,C3367,华北,中线,BU-4,运营商网关,8.28,2024-09-02,2024Q3,电商,SM153,shipping
SO200809,C2931,华东,南线,BU-5,AI 助理,13.51,2026-02-06,2026Q1,项目集采,SM240,closed
SO200810,C1797,华南,中线,BU-6,AI 助理,35.88,2025-04-20,2025Q2,渠道,SM144,closed
SO200811,C2548,华北,南线,BU-4,数据中台,139.78,2026-02-10,2026Q1,渠道,SM181,shipping
SO200812,C2099,东北,中线,BU-4,AI 助理,32.45,2025-07-02,2025Q3,项目集采,SM131,closed
SO200813,C2788,华南,东线,BU-1,云平台,15.79,2025-05-26,2025Q2,项目集采,SM188,closed
SO200814,C2762,华南,中线,BU-3,云平台,57.59,2025-11-19,2025Q4,渠道,SM223,closed
SO200815,C3427,华南,北线,BU-2,AI 助理,1.98,2026-03-26,2026Q1,渠道,SM151,closed
SO200816,C3801,华东,南线,BU-1,AI 助理,35.56,2025-05-19,2025Q2,直销,SM162,closed
SO200817,C1375,华北,中线,BU-5,智能客服,5.25,2025-03-20,2025Q1,渠道,SM131,closed
SO200818,C2210,华南,南线,BU-3,IT 服务,8.232,2026-02-25,2026Q1,渠道,SM221,closed
SO200819,C2371,华东,中线,BU-3,智能客服,44.14,2024-03-01,2024Q1,电商,SM230,closed
SO200820,C3946,华北,北线,BU-2,运营商网关,32.94,2026-02-22,2026Q1,电商,SM242,closed
SO200821,C2496,华东,东线,BU-2,数据中台,58.59,2024-04-13,2024Q2,直销,SM190,closed
SO200822,C2885,华中,南线,BU-2,运营商网关,38.79,2025-09-25,2025Q3,电商,SM163,closed
SO200823,C1997,华北,南线,BU-6,数据中台,109.78,2024-07-02,2024Q3,电商,SM145,closed
SO200824,C3913,华南,东线,BU-5,IT 服务,0.34,2026-02-12,2026Q1,直销,SM170,shipping
SO200825,C3073,东北,北线,BU-4,数据中台,27.97,2026-02-19,2026Q1,直销,SM229,closed
SO200826,C3940,西南,中线,BU-3,运营商网关,151.44,2024-10-03,2024Q4,电商,SM161,closed
SO200827,C1411,华南,南线,BU-5,运营商网关,134.15,2025-08-03,2025Q3,渠道,SM114,closed
SO200828,C3430,华北,中线,BU-1,运营商网关,174.04,2026-01-10,2026Q1,直销,SM248,closed
SO200829,C3161,华中,东线,BU-2,运营商网关,12.7,2025-03-02,2025Q1,渠道,SM117,closed
SO200830,C3097,华中,东线,BU-3,智能客服,33.96,2026-02-18,2026Q1,直销,SM142,closed
SO200831,C3432,华南,北线,BU-5,AI 助理,54.78,2026-03-01,2026Q1,渠道,SM108,closed
SO200832,C2226,华东,中线,BU-6,IT 服务,23.79,2026-03-04,2026Q1,项目集采,SM171,closed
SO200833,C2133,华中,北线,BU-5,BSS-OSS,34.94,2026-02-14,2026Q1,电商,SM157,closed
SO200834,C1986,华中,东线,BU-2,数据中台,71.73,2026-02-03,2026Q1,项目集采,SM160,shipping
SO200835,C1574,华东,北线,BU-1,智能客服,3.71,2025-02-19,2025Q1,项目集采,SM214,closed
SO200836,C2055,华北,中线,BU-5,AI 助理,1.36,2025-04-11,2025Q2,电商,SM199,shipping
SO200837,C3630,华南,南线,BU-5,云平台,4.67,2025-07-23,2025Q3,渠道,SM100,closed
SO200838,C1354,华北,东线,BU-3,数据中台,0.63,2025-03-15,2025Q1,渠道,SM222,closed
SO200839,C1925,华北,中线,BU-4,运营商网关,18.49,2024-05-10,2024Q2,电商,SM169,closed
SO200840,C2611,华东,中线,BU-5,运营商网关,2.75,2024-06-17,2024Q2,渠道,SM103,closed
SO200841,C1211,华北,中线,BU-2,BSS-OSS,273.94,2026-03-10,2026Q1,渠道,SM156,closed
SO200842,C3348,华南,南线,BU-3,运营商网关,1.029,2026-01-11,2026Q1,项目集采,SM192,closed
SO200843,C1267,华北,南线,BU-5,IT 服务,176.51,2026-02-19,2026Q1,直销,SM250,closed
SO200844,C1500,华北,南线,BU-2,IT 服务,92.84,2025-01-07,2025Q1,项目集采,SM139,closed
SO200845,C1634,华北,北线,BU-2,IT 服务,9.39,2026-03-02,2026Q1,项目集采,SM201,closed
SO200846,C2923,华北,中线,BU-5,IT 服务,32.37,2026-03-04,2026Q1,渠道,SM182,closed
SO200847,C3526,华北,东线,BU-1,智能客服,14.66,2025-01-11,2025Q1,直销,SM244,closed
SO200848,C1673,华北,北线,BU-6,智能客服,72.37,2024-07-17,2024Q3,电商,SM204,closed
SO200849,C2469,西南,北线,BU-2,运营商网关,70.48,2024-10-03,2024Q4,电商,SM250,closed
SO200850,C3805,华南,中线,BU-4,云平台,57.7,2026-02-06,2026Q1,电商,SM238,closed
SO200851,C2806,华东,东线,BU-4,AI 助理,0.74,2026-01-05,2026Q1,项目集采,SM103,closed
SO200852,C1837,华东,中线,BU-6,运营商网关,138.53,2025-01-06,2025Q1,电商,SM213,closed
SO200853,C1813,华东,东线,BU-4,IT 服务,32.06,2024-06-22,2024Q2,直销,SM119,closed
SO200854,C1578,东北,北线,BU-3,BSS-OSS,22.36,2026-03-22,2026Q1,直销,SM244,closed
SO200855,C2035,华东,中线,BU-4,云平台,3.6,2025-10-18,2025Q4,直销,SM110,closed
SO200856,C2060,西南,东线,BU-2,数据中台,32.03,2026-03-21,2026Q1,电商,SM236,closed
SO200857,C2056,华中,北线,BU-3,BSS-OSS,37.69,2024-06-03,2024Q2,项目集采,SM109,closed
SO200858,C1981,华北,中线,BU-3,智能客服,104.96,2024-04-10,2024Q2,电商,SM219,shipping
SO200859,C2537,西南,中线,BU-3,BSS-OSS,9.33,2026-01-03,2026Q1,电商,SM201,closed
SO200860,C1193,华北,中线,BU-5,IT 服务,94.53,2024-12-26,2024Q4,项目集采,SM132,closed
SO200861,C2040,华东,北线,BU-6,云平台,16.92,2025-10-25,2025Q4,电商,SM106,closed
SO200862,C3010,华南,北线,BU-2,IT 服务,51.64,2026-01-04,2026Q1,渠道,SM242,closed
SO200863,C2104,华中,南线,BU-1,BSS-OSS,23.44,2026-02-21,2026Q1,项目集采,SM229,closed
SO200864,C2731,华中,北线,BU-6,AI 助理,145.73,2024-03-25,2024Q1,渠道,SM110,closed
SO200865,C3390,华北,北线,BU-2,BSS-OSS,60.85,2025-07-06,2025Q3,直销,SM239,shipping
SO200866,C2158,华南,中线,BU-6,AI 助理,8.35,2026-02-15,2026Q1,直销,SM221,closed
SO200867,C3348,华东,东线,BU-2,IT 服务,77.9,2025-06-14,2025Q2,直销,SM187,closed
SO200868,C3480,华北,南线,BU-5,AI 助理,39.45,2026-03-26,2026Q1,直销,SM194,closed
SO200869,C2674,华北,南线,BU-5,BSS-OSS,62.61,2025-11-01,2025Q4,项目集采,SM106,closed
SO200870,C1604,华北,南线,BU-2,运营商网关,19.48,2026-01-05,2026Q1,项目集采,SM181,closed
SO200871,C1532,东北,南线,BU-3,运营商网关,14.72,2025-10-27,2025Q4,项目集采,SM101,closed
SO200872,C2588,华北,北线,BU-6,运营商网关,19.89,2025-06-18,2025Q2,电商,SM172,shipping
SO200873,C3161,西南,南线,BU-2,IT 服务,93.23,2025-06-23,2025Q2,渠道,SM190,closed
SO200874,C3904,华南,北线,BU-6,AI 助理,73.93,2025-10-03,2025Q4,电商,SM188,closed
SO200875,C1996,华北,南线,BU-4,云平台,62.73,2025-01-26,2025Q1,电商,SM247,closed
SO200876,C2617,华中,北线,BU-5,云平台,34.68,2025-04-24,2025Q2,项目集采,SM117,closed
SO200877,C2352,华东,北线,BU-1,AI 助理,6.09,2024-01-09,2024Q1,渠道,SM181,closed
SO200878,C1612,华南,东线,BU-5,BSS-OSS,39.57,2024-11-15,2024Q4,项目集采,SM221,closed
SO200879,C2857,华东,东线,BU-5,IT 服务,5.74,2025-01-07,2025Q1,渠道,SM199,closed
SO200880,C1674,华北,东线,BU-2,智能客服,235.29,2025-06-02,2025Q2,渠道,SM105,closed
SO200881,C3984,华东,东线,BU-2,BSS-OSS,34.96,2026-03-23,2026Q1,电商,SM126,shipping
SO200882,C2578,华东,中线,BU-4,AI 助理,29.29,2025-03-13,2025Q1,项目集采,SM101,shipping
SO200883,C3786,华北,中线,BU-5,数据中台,43.37,2026-03-18,2026Q1,渠道,SM171,closed
SO200884,C3728,华北,中线,BU-5,IT 服务,21.06,2026-03-24,2026Q1,直销,SM128,closed
SO200885,C1488,华南,东线,BU-5,AI 助理,12.96,2026-01-09,2026Q1,直销,SM111,pending
SO200886,C2293,华南,东线,BU-5,IT 服务,72.43,2024-07-12,2024Q3,渠道,SM184,closed
SO200887,C3798,华北,中线,BU-1,IT 服务,10.04,2025-08-27,2025Q3,项目集采,SM165,closed
SO200888,C3433,华北,北线,BU-6,云平台,178.15,2026-03-16,2026Q1,直销,SM198,closed
SO200889,C3421,华东,中线,BU-2,云平台,98.5,2024-11-17,2024Q4,项目集采,SM138,shipping
SO200890,C3945,华东,南线,BU-2,运营商网关,131.51,2026-03-23,2026Q1,项目集采,SM104,closed
SO200891,C1699,华东,东线,BU-1,云平台,3.01,2024-05-24,2024Q2,直销,SM123,closed
SO200892,C3287,华东,北线,BU-3,BSS-OSS,72.43,2025-07-08,2025Q3,渠道,SM137,closed
SO200893,C1094,华东,北线,BU-4,AI 助理,7.33,2026-02-14,2026Q1,电商,SM193,closed
SO200894,C3630,华东,东线,BU-4,数据中台,16.32,2026-03-13,2026Q1,项目集采,SM126,closed
SO200895,C3682,华北,南线,BU-2,智能客服,94.61,2026-01-04,2026Q1,直销,SM199,closed
SO200896,C1239,华中,南线,BU-4,IT 服务,418.86,2026-02-09,2026Q1,渠道,SM168,pending
SO200897,C2505,华南,中线,BU-4,AI 助理,13.08,2024-06-08,2024Q2,电商,SM210,closed
SO200898,C1262,华南,中线,BU-1,BSS-OSS,133.57,2024-05-09,2024Q2,渠道,SM171,closed
SO200899,C3597,西南,南线,BU-4,IT 服务,0.15,2026-03-02,2026Q1,电商,SM212,closed
SO200900,C3901,华南,东线,BU-2,数据中台,27.48,2024-02-16,2024Q1,电商,SM238,shipping
SO200901,C3209,东北,东线,BU-5,智能客服,78.09,2025-12-19,2025Q4,渠道,SM106,closed
SO200902,C1195,西南,东线,BU-6,IT 服务,20.3,2026-02-02,2026Q1,渠道,SM230,closed
SO200903,C2822,华中,南线,BU-3,BSS-OSS,85.25,2025-10-13,2025Q4,电商,SM187,closed
SO200904,C1755,华南,南线,BU-1,运营商网关,57.01,2026-03-15,2026Q1,渠道,SM159,closed
SO200905,C1385,华东,中线,BU-3,AI 助理,84.23,2025-03-25,2025Q1,电商,SM193,closed
SO200906,C2030,华北,中线,BU-5,数据中台,37.13,2026-02-21,2026Q1,直销,SM230,closed
SO200907,C1135,华东,东线,BU-4,运营商网关,17.97,2026-02-24,2026Q1,电商,SM230,closed
SO200908,C1344,华东,北线,BU-4,IT 服务,105.15,2024-04-27,2024Q2,直销,SM127,closed
SO200909,C2777,华南,北线,BU-5,IT 服务,6.6,2024-04-05,2024Q2,项目集采,SM107,closed
SO200910,C2922,西南,中线,BU-4,智能客服,21.44,2025-12-21,2025Q4,项目集采,SM120,shipping
SO200911,C1039,华南,南线,BU-2,IT 服务,182.9,2025-06-13,2025Q2,电商,SM160,closed
SO200912,C3748,华东,中线,BU-3,数据中台,84.42,2025-03-10,2025Q1,直销,SM151,closed
SO200913,C3050,西南,中线,BU-6,运营商网关,204.64,2025-11-25,2025Q4,渠道,SM223,closed
SO200914,C3917,华东,中线,BU-3,运营商网关,74.67,2025-12-10,2025Q4,电商,SM141,shipping
SO200915,C1106,华南,南线,BU-1,BSS-OSS,14.41,2026-02-08,2026Q1,电商,SM197,closed
SO200916,C1936,东北,东线,BU-2,BSS-OSS,45.06,2026-02-06,2026Q1,项目集采,SM208,closed
SO200917,C3159,华东,南线,BU-2,BSS-OSS,166.89,2026-02-03,2026Q1,渠道,SM199,closed
SO200918,C3851,华中,南线,BU-5,智能客服,16.48,2026-03-13,2026Q1,项目集采,SM239,closed
SO200919,C2196,华南,中线,BU-3,数据中台,26.87,2025-07-21,2025Q3,项目集采,SM203,closed
SO200920,C2411,西南,南线,BU-2,数据中台,2.87,2025-02-13,2025Q1,项目集采,SM132,shipping
SO200921,C2322,华南,东线,BU-3,BSS-OSS,4.76,2025-11-25,2025Q4,项目集采,SM228,closed
SO200922,C1578,华南,中线,BU-5,BSS-OSS,158.09,2025-06-14,2025Q2,直销,SM222,closed
SO200923,C3032,华东,南线,BU-3,数据中台,95.58,2026-01-02,2026Q1,渠道,SM197,closed
SO200924,C2356,华东,南线,BU-6,云平台,45.05,2026-01-03,2026Q1,电商,SM238,closed
SO200925,C1421,华南,东线,BU-4,数据中台,66.71,2025-08-09,2025Q3,电商,SM157,closed
SO200926,C3302,华中,南线,BU-3,IT 服务,0.75,2025-11-11,2025Q4,直销,SM238,closed
SO200927,C1467,华南,东线,BU-4,云平台,77.15,2025-06-24,2025Q2,直销,SM159,closed
SO200928,C1971,华东,中线,BU-6,运营商网关,36.01,2025-12-13,2025Q4,电商,SM144,closed
SO200929,C1806,华东,南线,BU-2,IT 服务,11.55,2025-01-25,2025Q1,项目集采,SM149,closed
SO200930,C1716,华中,中线,BU-1,智能客服,4.94,2026-01-13,2026Q1,直销,SM243,closed
SO200931,C1922,华北,中线,BU-3,云平台,34.13,2025-11-21,2025Q4,直销,SM155,closed
SO200932,C2416,华中,南线,BU-1,云平台,78.05,2026-02-07,2026Q1,渠道,SM113,closed
SO200933,C2879,东北,东线,BU-1,BSS-OSS,8.73,2026-01-10,2026Q1,电商,SM106,closed
SO200934,C2715,华北,南线,BU-5,运营商网关,16.09,2026-01-02,2026Q1,电商,SM207,closed
SO200935,C1087,华北,东线,BU-3,数据中台,107.91,2026-01-18,2026Q1,电商,SM206,closed
SO200936,C2719,华东,东线,BU-2,智能客服,51.33,2024-05-13,2024Q2,项目集采,SM207,closed
SO200937,C2438,华东,中线,BU-1,云平台,23.85,2026-03-08,2026Q1,渠道,SM212,shipping
SO200938,C2657,华东,北线,BU-6,IT 服务,58.78,2026-03-15,2026Q1,项目集采,SM185,shipping
SO200939,C3246,华东,东线,BU-2,IT 服务,15.15,2024-05-05,2024Q2,电商,SM248,closed
SO200940,C2352,东北,东线,BU-2,IT 服务,21.43,2024-09-27,2024Q3,渠道,SM108,closed
SO200941,C1251,西南,北线,BU-3,运营商网关,81.74,2026-02-14,2026Q1,电商,SM222,closed
SO200942,C3999,西南,中线,BU-4,IT 服务,63.12,2025-12-04,2025Q4,直销,SM140,closed
SO200943,C2410,华北,中线,BU-3,云平台,98.49,2024-09-08,2024Q3,渠道,SM165,closed
SO200944,C3804,华南,南线,BU-4,云平台,16.46,2025-02-01,2025Q1,项目集采,SM104,closed
SO200945,C1149,华中,东线,BU-4,运营商网关,99.26,2025-12-02,2025Q4,电商,SM189,shipping
SO200946,C2757,华南,南线,BU-6,IT 服务,40.29,2024-01-14,2024Q1,电商,SM183,closed
SO200947,C1826,华北,北线,BU-6,运营商网关,27.69,2024-05-25,2024Q2,直销,SM112,closed
SO200948,C3974,西南,南线,BU-5,AI 助理,47.19,2024-02-23,2024Q1,电商,SM196,closed
SO200949,C2304,华东,中线,BU-6,IT 服务,24.93,2025-03-06,2025Q1,项目集采,SM246,closed
SO200950,C3269,华北,南线,BU-3,IT 服务,27.51,2025-02-06,2025Q1,项目集采,SM228,pending
SO200951,C1126,西南,南线,BU-1,数据中台,37.91,2024-04-12,2024Q2,渠道,SM201,closed
SO200952,C2585,华东,东线,BU-4,AI 助理,45.7,2024-10-23,2024Q4,电商,SM134,closed
SO200953,C2613,华北,东线,BU-2,BSS-OSS,41.99,2026-01-17,2026Q1,项目集采,SM218,closed
SO200954,C2263,华南,北线,BU-2,数据中台,14.66,2025-01-26,2025Q1,电商,SM162,closed
SO200955,C2290,华南,东线,BU-4,智能客服,39.65,2024-03-25,2024Q1,项目集采,SM159,closed
SO200956,C1837,西南,南线,BU-1,运营商网关,55.0,2026-03-26,2026Q1,项目集采,SM246,pending
SO200957,C1002,华东,北线,BU-3,数据中台,52.45,2026-02-01,2026Q1,电商,SM223,shipping
SO200958,C3762,华北,东线,BU-4,BSS-OSS,12.8,2024-04-18,2024Q2,项目集采,SM194,closed
SO200959,C1967,西南,中线,BU-5,AI 助理,43.41,2026-03-06,2026Q1,电商,SM138,closed
SO200960,C2897,华中,北线,BU-1,运营商网关,123.42,2024-09-06,2024Q3,项目集采,SM219,closed
SO200961,C3317,华东,中线,BU-1,IT 服务,95.42,2025-01-19,2025Q1,电商,SM199,closed
SO200962,C2697,西南,北线,BU-6,数据中台,42.35,2026-03-23,2026Q1,项目集采,SM149,closed
SO200963,C1888,华中,南线,BU-4,数据中台,63.79,2026-02-12,2026Q1,直销,SM190,closed
SO200964,C2794,华北,北线,BU-1,BSS-OSS,20.71,2025-06-10,2025Q2,直销,SM213,closed
SO200965,C2837,华南,南线,BU-6,AI 助理,61.14,2024-01-20,2024Q1,渠道,SM173,closed
SO200966,C1475,华北,东线,BU-3,智能客服,3.77,2024-02-19,2024Q1,电商,SM129,closed
SO200967,C2250,华东,中线,BU-6,运营商网关,79.67,2025-04-03,2025Q2,直销,SM153,closed
SO200968,C2823,华东,北线,BU-1,IT 服务,6.8,2024-06-06,2024Q2,渠道,SM141,closed
SO200969,C2966,华东,南线,BU-5,BSS-OSS,61.17,2025-03-19,2025Q1,项目集采,SM140,closed
SO200970,C1667,华东,北线,BU-3,数据中台,74.59,2024-07-26,2024Q3,项目集采,SM162,shipping
SO200971,C1691,华东,南线,BU-5,数据中台,43.82,2026-03-08,2026Q1,直销,SM179,closed
SO200972,C2017,华东,中线,BU-3,运营商网关,16.21,2026-02-19,2026Q1,电商,SM158,shipping
SO200973,C1457,华北,中线,BU-2,BSS-OSS,33.46,2024-12-27,2024Q4,电商,SM176,closed
SO200974,C1002,华中,南线,BU-4,IT 服务,36.16,2026-03-13,2026Q1,直销,SM152,closed
SO200975,C2175,华北,东线,BU-2,智能客服,37.89,2025-10-11,2025Q4,项目集采,SM229,closed
SO200976,C3236,华东,中线,BU-4,BSS-OSS,16.6,2024-08-09,2024Q3,电商,SM185,closed
SO200977,C3743,东北,中线,BU-6,运营商网关,33.99,2025-11-10,2025Q4,电商,SM123,closed
SO200978,C1918,华东,北线,BU-5,智能客服,258.49,2024-01-05,2024Q1,电商,SM232,closed
SO200979,C2103,华北,南线,BU-2,运营商网关,18.84,2026-01-10,2026Q1,电商,SM248,closed
SO200980,C2801,西南,南线,BU-2,云平台,26.61,2025-06-02,2025Q2,电商,SM101,closed
SO200981,C3053,华东,北线,BU-5,BSS-OSS,169.53,2024-08-09,2024Q3,电商,SM201,closed
SO200982,C1515,华北,北线,BU-3,BSS-OSS,1.82,2025-06-25,2025Q2,渠道,SM146,shipping
SO200983,C2964,华南,南线,BU-4,运营商网关,54.04,2026-02-23,2026Q1,渠道,SM168,closed
SO200984,C2774,西南,东线,BU-1,BSS-OSS,44.19,2025-08-06,2025Q3,直销,SM126,pending
SO200985,C2775,东北,北线,BU-1,智能客服,17.75,2025-04-19,2025Q2,项目集采,SM148,pending
SO200986,C2146,华东,南线,BU-4,IT 服务,110.07,2026-01-26,2026Q1,项目集采,SM160,pending
SO200987,C1689,东北,南线,BU-5,BSS-OSS,4.3,2024-06-12,2024Q2,渠道,SM179,closed
SO200988,C1596,华东,东线,BU-4,云平台,187.83,2025-02-05,2025Q1,项目集采,SM149,shipping
SO200989,C3217,华东,南线,BU-4,云平台,77.22,2025-10-21,2025Q4,直销,SM100,closed
SO200990,C1436,华北,北线,BU-6,云平台,70.16,2024-10-02,2024Q4,直销,SM207,pending
SO200991,C3109,东北,北线,BU-3,IT 服务,43.3,2024-05-04,2024Q2,电商,SM100,closed
SO200992,C1712,东北,南线,BU-4,BSS-OSS,175.08,2026-03-19,2026Q1,电商,SM236,closed
SO200993,C1963,华东,中线,BU-1,云平台,19.27,2024-10-09,2024Q4,直销,SM162,closed
SO200994,C1342,西南,东线,BU-4,IT 服务,3.32,2026-01-10,2026Q1,电商,SM237,closed
SO200995,C1051,华东,东线,BU-4,IT 服务,15.18,2024-10-10,2024Q4,渠道,SM145,closed
SO200996,C3723,西南,中线,BU-5,IT 服务,32.78,2025-12-27,2025Q4,直销,SM190,closed
SO200997,C3455,华东,南线,BU-6,云平台,9.52,2025-01-09,2025Q1,电商,SM144,shipping
SO200998,C3627,华南,中线,BU-2,智能客服,12.62,2026-02-22,2026Q1,渠道,SM138,closed
SO200999,C3103,东北,北线,BU-5,AI 助理,48.09,2026-03-02,2026Q1,项目集采,SM161,closed
SO201000,C3282,华南,南线,BU-4,智能客服,139.59,2025-12-15,2025Q4,电商,SM132,shipping
SO201001,C3429,华南,东线,BU-6,云平台,27.55,2025-11-18,2025Q4,渠道,SM142,closed
SO201002,C3170,华东,北线,BU-5,BSS-OSS,207.11,2025-05-18,2025Q2,直销,SM117,closed
SO201003,C1176,华东,南线,BU-2,AI 助理,1.98,2025-05-08,2025Q2,渠道,SM130,closed
SO201004,C2932,西南,南线,BU-3,AI 助理,18.39,2025-05-13,2025Q2,电商,SM128,closed
SO201005,C3065,华东,南线,BU-4,运营商网关,118.39,2025-04-19,2025Q2,电商,SM227,closed
SO201006,C3635,华中,北线,BU-1,AI 助理,67.68,2025-11-13,2025Q4,电商,SM152,closed
SO201007,C2363,西南,北线,BU-5,数据中台,12.52,2025-12-10,2025Q4,渠道,SM241,closed
SO201008,C3768,华南,中线,BU-5,AI 助理,45.45,2024-06-24,2024Q2,电商,SM160,closed
SO201009,C3753,华中,北线,BU-1,智能客服,19.61,2026-02-10,2026Q1,渠道,SM166,closed
SO201010,C3513,华南,中线,BU-1,BSS-OSS,23.35,2025-04-04,2025Q2,直销,SM214,closed
SO201011,C3755,华北,中线,BU-5,数据中台,124.27,2025-10-15,2025Q4,电商,SM190,closed
SO201012,C2203,华北,北线,BU-1,BSS-OSS,6.81,2024-03-12,2024Q1,直销,SM185,closed
SO201013,C1240,华中,东线,BU-5,云平台,177.3,2024-01-19,2024Q1,直销,SM183,closed
SO201014,C3024,华南,北线,BU-3,AI 助理,1.66,2024-01-20,2024Q1,渠道,SM208,closed
SO201015,C2058,华北,北线,BU-4,IT 服务,11.44,2024-12-07,2024Q4,电商,SM232,closed
SO201016,C1259,东北,北线,BU-4,运营商网关,126.01,2026-03-02,2026Q1,渠道,SM166,closed
SO201017,C2500,华北,北线,BU-5,BSS-OSS,60.91,2025-06-08,2025Q2,电商,SM244,closed
SO201018,C1653,华中,东线,BU-6,运营商网关,7.04,2026-03-14,2026Q1,渠道,SM218,closed
SO201019,C1542,华中,中线,BU-1,BSS-OSS,50.52,2025-11-25,2025Q4,电商,SM242,closed
SO201020,C3008,华南,东线,BU-3,IT 服务,60.9,2024-07-21,2024Q3,直销,SM130,closed
SO201021,C2941,东北,中线,BU-4,运营商网关,5.71,2024-06-11,2024Q2,项目集采,SM111,closed
SO201022,C1055,华南,南线,BU-5,BSS-OSS,20.52,2026-03-27,2026Q1,渠道,SM142,shipping
SO201023,C1561,华东,南线,BU-3,BSS-OSS,79.7,2024-07-25,2024Q3,直销,SM249,shipping
SO201024,C1536,西南,北线,BU-5,AI 助理,13.91,2026-03-10,2026Q1,直销,SM205,closed
SO201025,C2757,华北,东线,BU-5,AI 助理,46.16,2024-07-25,2024Q3,渠道,SM204,shipping
SO201026,C2870,华中,南线,BU-2,IT 服务,143.1,2024-01-18,2024Q1,项目集采,SM199,closed
SO201027,C1867,华南,东线,BU-6,智能客服,28.9,2025-02-25,2025Q1,直销,SM144,closed
SO201028,C2467,华北,北线,BU-3,智能客服,15.82,2026-03-09,2026Q1,直销,SM241,closed
SO201029,C3405,华南,中线,BU-1,云平台,30.32,2025-10-01,2025Q4,渠道,SM146,closed
SO201030,C3803,东北,东线,BU-5,运营商网关,56.02,2026-02-07,2026Q1,项目集采,SM169,closed
SO201031,C1516,华南,东线,BU-6,智能客服,68.87,2025-05-20,2025Q2,电商,SM126,closed
SO201032,C1885,华东,中线,BU-2,BSS-OSS,39.67,2026-01-18,2026Q1,渠道,SM187,closed
SO201033,C3033,华东,北线,BU-6,运营商网关,83.83,2024-11-12,2024Q4,渠道,SM218,closed
SO201034,C3567,华中,东线,BU-4,智能客服,321.28,2024-08-13,2024Q3,渠道,SM157,closed
SO201035,C2014,华东,东线,BU-4,AI 助理,42.8,2026-01-18,2026Q1,直销,SM161,closed
SO201036,C3700,华北,北线,BU-2,云平台,3.6,2024-01-03,2024Q1,渠道,SM134,closed
SO201037,C3275,华中,中线,BU-2,运营商网关,34.8,2026-03-17,2026Q1,渠道,SM103,closed
SO201038,C2374,华北,东线,BU-5,BSS-OSS,1.28,2026-03-21,2026Q1,项目集采,SM246,closed
SO201039,C3192,华东,东线,BU-1,数据中台,172.66,2025-07-08,2025Q3,电商,SM240,pending
SO201040,C2831,华中,东线,BU-6,AI 助理,27.93,2025-05-22,2025Q2,项目集采,SM223,closed
SO201041,C2929,华东,南线,BU-6,IT 服务,15.68,2026-03-23,2026Q1,电商,SM107,closed
SO201042,C2069,华东,北线,BU-2,BSS-OSS,24.59,2026-02-16,2026Q1,直销,SM113,shipping
SO201043,C3188,华东,南线,BU-3,云平台,169.14,2024-12-25,2024Q4,渠道,SM127,closed
SO201044,C3060,东北,南线,BU-6,BSS-OSS,79.21,2026-03-18,2026Q1,渠道,SM183,closed
SO201045,C2249,华南,中线,BU-4,运营商网关,12.25,2025-09-25,2025Q3,直销,SM100,closed
SO201046,C1261,华南,北线,BU-1,BSS-OSS,58.41,2025-02-13,2025Q1,电商,SM122,closed
SO201047,C1949,华东,北线,BU-1,AI 助理,11.01,2026-01-19,2026Q1,直销,SM175,closed
SO201048,C1735,华南,东线,BU-2,IT 服务,171.28,2024-08-24,2024Q3,项目集采,SM173,pending
SO201049,C3960,华东,东线,BU-3,数据中台,5.3,2026-03-22,2026Q1,项目集采,SM229,shipping
SO201050,C1731,华北,南线,BU-3,IT 服务,77.06,2025-05-11,2025Q2,项目集采,SM196,closed
SO201051,C2184,华北,东线,BU-4,智能客服,106.03,2025-02-19,2025Q1,电商,SM243,closed
SO201052,C1489,西南,东线,BU-6,IT 服务,13.93,2024-05-11,2024Q2,直销,SM241,closed
SO201053,C2089,华北,南线,BU-1,智能客服,29.6,2026-03-23,2026Q1,电商,SM183,closed
SO201054,C1128,华北,北线,BU-2,BSS-OSS,58.16,2025-02-05,2025Q1,电商,SM242,closed
SO201055,C1491,华东,南线,BU-5,云平台,116.97,2026-03-02,2026Q1,直销,SM215,closed
SO201056,C1221,华北,中线,BU-5,运营商网关,30.55,2025-08-06,2025Q3,电商,SM239,shipping
SO201057,C3567,华中,南线,BU-2,IT 服务,4.57,2026-03-26,2026Q1,渠道,SM223,pending
SO201058,C3173,华中,南线,BU-3,云平台,16.04,2025-04-25,2025Q2,项目集采,SM129,closed
SO201059,C2018,华南,南线,BU-4,智能客服,17.67,2026-02-15,2026Q1,项目集采,SM181,closed
SO201060,C1989,西南,中线,BU-1,数据中台,34.21,2026-01-02,2026Q1,电商,SM236,closed
SO201061,C2424,华北,北线,BU-6,AI 助理,26.64,2024-06-05,2024Q2,电商,SM119,closed
SO201062,C3976,华南,东线,BU-3,IT 服务,38.33,2024-08-17,2024Q3,项目集采,SM213,closed
SO201063,C1103,华北,南线,BU-2,BSS-OSS,273.27,2024-12-26,2024Q4,项目集采,SM147,closed
SO201064,C2976,西南,北线,BU-1,BSS-OSS,47.15,2026-03-24,2026Q1,渠道,SM195,closed
SO201065,C2802,华东,东线,BU-4,IT 服务,31.03,2026-03-02,2026Q1,电商,SM197,closed
SO201066,C1400,华南,中线,BU-4,运营商网关,5.91,2024-08-05,2024Q3,渠道,SM226,closed
SO201067,C2422,华中,中线,BU-5,BSS-OSS,0.5,2025-04-15,2025Q2,项目集采,SM134,closed
SO201068,C3960,华北,南线,BU-4,数据中台,57.11,2026-03-02,2026Q1,直销,SM137,closed
SO201069,C3961,华南,东线,BU-1,云平台,36.37,2026-01-06,2026Q1,电商,SM209,pending
SO201070,C3364,华东,北线,BU-5,IT 服务,6.02,2025-10-16,2025Q4,电商,SM241,closed
SO201071,C1652,华东,北线,BU-5,智能客服,41.29,2024-06-14,2024Q2,直销,SM142,closed
SO201072,C1829,华南,东线,BU-4,数据中台,169.24,2024-07-07,2024Q3,电商,SM157,closed
SO201073,C2568,华北,东线,BU-1,智能客服,93.13,2025-01-17,2025Q1,项目集采,SM207,closed
SO201074,C3437,华北,中线,BU-4,AI 助理,100.61,2024-07-10,2024Q3,渠道,SM216,closed
SO201075,C1236,西南,中线,BU-5,IT 服务,40.48,2026-03-04,2026Q1,渠道,SM117,closed
SO201076,C2158,华中,南线,BU-4,数据中台,54.66,2026-01-08,2026Q1,直销,SM189,closed
SO201077,C1557,华中,南线,BU-6,云平台,43.33,2025-07-23,2025Q3,电商,SM187,closed
SO201078,C2666,东北,中线,BU-3,数据中台,9.52,2025-06-07,2025Q2,电商,SM193,closed
SO201079,C3876,华北,北线,BU-6,运营商网关,38.69,2025-04-16,2025Q2,项目集采,SM236,shipping
SO201080,C1759,华东,南线,BU-6,智能客服,39.97,2025-01-11,2025Q1,项目集采,SM223,closed
SO201081,C1324,华中,东线,BU-6,BSS-OSS,20.17,2025-03-12,2025Q1,渠道,SM244,closed
SO201082,C3287,华北,南线,BU-5,云平台,33.72,2026-01-12,2026Q1,电商,SM138,closed
SO201083,C3136,华中,中线,BU-1,智能客服,40.35,2026-01-24,2026Q1,渠道,SM247,closed
SO201084,C1598,华东,中线,BU-4,智能客服,17.72,2025-07-20,2025Q3,项目集采,SM159,closed
SO201085,C3466,华东,北线,BU-3,云平台,132.62,2024-10-23,2024Q4,项目集采,SM208,closed
SO201086,C1292,东北,中线,BU-6,智能客服,12.28,2025-03-04,2025Q1,电商,SM148,shipping
SO201087,C3017,华东,东线,BU-6,云平台,10.74,2024-12-07,2024Q4,电商,SM200,closed
SO201088,C3740,华北,南线,BU-3,AI 助理,63.69,2025-10-04,2025Q4,电商,SM142,closed
SO201089,C2023,华东,中线,BU-6,BSS-OSS,5.44,2026-02-08,2026Q1,渠道,SM150,closed
SO201090,C1925,华北,南线,BU-4,运营商网关,40.1,2024-12-18,2024Q4,项目集采,SM169,closed
SO201091,C2220,华中,南线,BU-4,IT 服务,56.46,2025-01-24,2025Q1,直销,SM108,pending
SO201092,C2926,西南,南线,BU-4,BSS-OSS,76.41,2025-11-12,2025Q4,渠道,SM239,closed
SO201093,C3537,华东,北线,BU-1,云平台,76.11,2025-06-19,2025Q2,电商,SM209,closed
SO201094,C1347,华北,南线,BU-1,云平台,79.83,2025-11-01,2025Q4,直销,SM150,closed
SO201095,C1931,华北,南线,BU-2,云平台,37.38,2025-12-19,2025Q4,渠道,SM169,shipping
SO201096,C3337,华东,中线,BU-1,智能客服,122.77,2025-12-08,2025Q4,项目集采,SM188,closed
SO201097,C2882,西南,东线,BU-1,BSS-OSS,71.57,2024-01-06,2024Q1,直销,SM213,closed
SO201098,C3189,华东,中线,BU-2,AI 助理,15.42,2026-01-08,2026Q1,项目集采,SM127,closed
SO201099,C3723,华北,中线,BU-2,BSS-OSS,74.93,2026-01-23,2026Q1,直销,SM159,closed
SO201100,C3955,华南,南线,BU-2,AI 助理,14.16,2025-11-02,2025Q4,直销,SM160,closed
SO201101,C3586,华北,北线,BU-3,AI 助理,128.25,2024-12-15,2024Q4,直销,SM216,closed
SO201102,C2333,西南,东线,BU-1,AI 助理,141.85,2026-02-06,2026Q1,直销,SM124,closed
SO201103,C2140,华东,中线,BU-5,数据中台,43.57,2025-10-03,2025Q4,渠道,SM202,closed
SO201104,C3896,华东,北线,BU-2,运营商网关,116.3,2026-03-05,2026Q1,渠道,SM188,closed
SO201105,C2073,华北,北线,BU-5,BSS-OSS,86.52,2024-04-20,2024Q2,渠道,SM107,closed
SO201106,C1805,华东,中线,BU-2,运营商网关,278.81,2026-02-24,2026Q1,直销,SM132,pending
SO201107,C2504,西南,东线,BU-1,云平台,21.05,2024-08-17,2024Q3,电商,SM229,pending
SO201108,C2566,华北,中线,BU-2,IT 服务,12.03,2025-04-16,2025Q2,渠道,SM176,closed
SO201109,C2788,西南,北线,BU-6,数据中台,167.73,2025-06-19,2025Q2,项目集采,SM205,closed
SO201110,C1613,西南,中线,BU-1,运营商网关,1.34,2025-10-01,2025Q4,直销,SM220,closed
SO201111,C1279,华东,南线,BU-3,运营商网关,62.6,2025-10-13,2025Q4,直销,SM149,shipping
SO201112,C3020,东北,北线,BU-4,运营商网关,85.32,2025-10-20,2025Q4,项目集采,SM114,closed
SO201113,C1556,华北,东线,BU-2,AI 助理,4.1,2025-01-12,2025Q1,直销,SM160,closed
SO201114,C3506,华北,中线,BU-2,BSS-OSS,102.5,2026-01-26,2026Q1,渠道,SM217,closed
SO201115,C1153,华中,北线,BU-2,智能客服,20.83,2026-01-19,2026Q1,渠道,SM133,closed
SO201116,C1948,华东,北线,BU-4,云平台,42.84,2025-10-16,2025Q4,渠道,SM182,closed
SO201117,C3340,西南,东线,BU-5,数据中台,61.73,2025-05-07,2025Q2,电商,SM222,closed
SO201118,C3657,华北,东线,BU-3,AI 助理,30.02,2025-10-14,2025Q4,电商,SM131,shipping
SO201119,C2920,华南,北线,BU-2,IT 服务,48.14,2026-02-24,2026Q1,直销,SM172,closed
SO201120,C3846,华东,南线,BU-4,智能客服,111.32,2025-12-09,2025Q4,渠道,SM217,closed
SO201121,C3283,华南,北线,BU-5,AI 助理,67.15,2024-02-14,2024Q1,电商,SM176,closed
SO201122,C2173,华南,北线,BU-1,云平台,93.29,2024-06-15,2024Q2,渠道,SM164,closed
SO201123,C3700,华中,中线,BU-1,AI 助理,6.04,2024-06-18,2024Q2,渠道,SM152,closed
SO201124,C3707,华东,南线,BU-1,数据中台,214.96,2025-03-25,2025Q1,项目集采,SM159,closed
SO201125,C3555,华东,中线,BU-4,AI 助理,22.08,2025-03-25,2025Q1,渠道,SM166,closed
SO201126,C1764,西南,南线,BU-5,运营商网关,48.36,2026-01-25,2026Q1,项目集采,SM125,closed
SO201127,C2140,华北,东线,BU-2,运营商网关,72.8,2026-03-25,2026Q1,项目集采,SM211,pending
SO201128,C3249,东北,南线,BU-6,云平台,68.48,2026-02-18,2026Q1,项目集采,SM213,closed
SO201129,C3350,华东,东线,BU-1,数据中台,36.03,2024-07-14,2024Q3,直销,SM133,closed
SO201130,C2763,华北,南线,BU-3,云平台,0.43,2026-01-02,2026Q1,直销,SM234,closed
SO201131,C3781,华东,北线,BU-1,数据中台,94.97,2025-09-23,2025Q3,电商,SM231,closed
SO201132,C2669,华东,东线,BU-6,数据中台,17.79,2026-03-25,2026Q1,电商,SM213,closed
SO201133,C1197,华东,东线,BU-1,数据中台,89.33,2024-11-14,2024Q4,电商,SM227,pending
SO201134,C2442,东北,中线,BU-4,云平台,0.81,2024-07-23,2024Q3,直销,SM123,closed
SO201135,C3227,西南,北线,BU-5,数据中台,55.01,2024-10-20,2024Q4,直销,SM191,closed
SO201136,C2278,华南,南线,BU-5,BSS-OSS,17.55,2025-05-04,2025Q2,渠道,SM110,closed
SO201137,C3773,华东,东线,BU-2,AI 助理,39.66,2026-03-18,2026Q1,渠道,SM122,closed
SO201138,C1397,华北,中线,BU-3,智能客服,55.43,2026-01-22,2026Q1,渠道,SM162,closed
SO201139,C2163,华东,东线,BU-6,IT 服务,83.16,2026-01-08,2026Q1,电商,SM240,closed
SO201140,C2256,西南,东线,BU-1,智能客服,2.8,2026-01-23,2026Q1,电商,SM162,closed
SO201141,C3337,华东,中线,BU-4,运营商网关,89.55,2026-03-03,2026Q1,电商,SM106,closed
SO201142,C2943,华南,东线,BU-5,智能客服,52.57,2026-03-06,2026Q1,直销,SM149,closed
SO201143,C1942,华北,南线,BU-2,BSS-OSS,1.85,2025-12-19,2025Q4,直销,SM221,closed
SO201144,C2347,西南,北线,BU-6,云平台,38.99,2025-06-15,2025Q2,渠道,SM204,closed
SO201145,C1763,西南,中线,BU-5,云平台,0.44,2026-02-04,2026Q1,项目集采,SM131,closed
SO201146,C2831,华东,东线,BU-3,云平台,8.73,2025-06-12,2025Q2,直销,SM162,closed
SO201147,C3918,华南,东线,BU-5,云平台,33.66,2026-02-24,2026Q1,直销,SM155,closed
SO201148,C1686,华南,南线,BU-5,智能客服,26.4,2026-01-01,2026Q1,渠道,SM109,closed
SO201149,C2639,华中,东线,BU-4,AI 助理,8.09,2026-03-07,2026Q1,渠道,SM228,closed
SO201150,C2406,华南,北线,BU-6,数据中台,82.74,2025-11-25,2025Q4,直销,SM126,closed
SO201151,C2817,华南,南线,BU-6,云平台,15.76,2026-03-02,2026Q1,项目集采,SM218,closed
SO201152,C1935,华北,北线,BU-5,BSS-OSS,19.69,2026-01-27,2026Q1,直销,SM134,closed
SO201153,C3854,华东,北线,BU-1,智能客服,35.67,2025-07-08,2025Q3,电商,SM146,closed
SO201154,C2410,东北,南线,BU-1,AI 助理,70.6,2025-05-03,2025Q2,电商,SM248,closed
SO201155,C1580,华东,北线,BU-3,数据中台,95.56,2024-05-18,2024Q2,电商,SM232,closed
SO201156,C3872,华中,中线,BU-6,数据中台,101.04,2025-10-04,2025Q4,直销,SM235,closed
SO201157,C1861,华东,南线,BU-4,数据中台,8.62,2026-03-05,2026Q1,直销,SM127,closed
SO201158,C1391,西南,北线,BU-1,IT 服务,5.51,2025-10-12,2025Q4,渠道,SM193,closed
SO201159,C1727,华北,南线,BU-3,AI 助理,10.17,2025-07-17,2025Q3,项目集采,SM189,closed
SO201160,C1092,华北,南线,BU-1,AI 助理,86.35,2025-01-08,2025Q1,电商,SM220,closed
SO201161,C3774,华南,东线,BU-1,智能客服,47.77,2025-03-02,2025Q1,直销,SM174,closed
SO201162,C3008,东北,东线,BU-3,数据中台,15.24,2026-03-14,2026Q1,直销,SM241,closed
SO201163,C1114,华东,北线,BU-1,云平台,2.13,2026-03-02,2026Q1,直销,SM140,closed
SO201164,C1181,华南,南线,BU-3,云平台,109.571,2026-02-18,2026Q1,项目集采,SM123,shipping
SO201165,C2111,华北,中线,BU-2,运营商网关,66.88,2026-02-21,2026Q1,直销,SM228,closed
SO201166,C2565,华北,东线,BU-5,BSS-OSS,97.33,2026-02-04,2026Q1,渠道,SM175,closed
SO201167,C3430,东北,北线,BU-5,BSS-OSS,71.08,2024-05-12,2024Q2,渠道,SM133,closed
SO201168,C3282,华东,东线,BU-1,数据中台,18.88,2026-02-06,2026Q1,渠道,SM239,shipping
SO201169,C2751,华东,中线,BU-4,IT 服务,86.38,2025-01-13,2025Q1,项目集采,SM246,closed
SO201170,C1773,华北,南线,BU-5,智能客服,1.97,2026-03-06,2026Q1,电商,SM109,shipping
SO201171,C3758,华南,中线,BU-6,AI 助理,2.05,2026-02-01,2026Q1,渠道,SM212,shipping
SO201172,C3739,华东,东线,BU-2,AI 助理,27.22,2025-03-12,2025Q1,项目集采,SM154,closed
SO201173,C3415,西南,中线,BU-6,AI 助理,28.64,2024-07-04,2024Q3,项目集采,SM114,closed
SO201174,C1445,华东,南线,BU-1,运营商网关,18.58,2024-01-01,2024Q1,渠道,SM134,pending
SO201175,C3220,华东,中线,BU-2,IT 服务,1.12,2025-07-19,2025Q3,项目集采,SM229,closed
SO201176,C3520,华北,北线,BU-6,BSS-OSS,8.6,2024-03-19,2024Q1,渠道,SM222,closed
SO201177,C3942,华东,南线,BU-2,BSS-OSS,41.1,2025-06-11,2025Q2,电商,SM158,pending
SO201178,C1906,华东,南线,BU-1,IT 服务,132.22,2024-12-05,2024Q4,项目集采,SM190,closed
SO201179,C1148,华东,南线,BU-2,运营商网关,73.73,2025-09-15,2025Q3,项目集采,SM200,closed
SO201180,C2664,华东,南线,BU-5,运营商网关,19.57,2024-03-24,2024Q1,渠道,SM163,closed
SO201181,C2687,华北,北线,BU-3,数据中台,8.8,2024-04-24,2024Q2,项目集采,SM147,shipping
SO201182,C3212,华北,南线,BU-6,运营商网关,27.12,2026-02-09,2026Q1,项目集采,SM166,closed
SO201183,C2785,东北,中线,BU-5,运营商网关,206.91,2025-08-20,2025Q3,渠道,SM235,closed
SO201184,C1622,西南,东线,BU-1,BSS-OSS,46.79,2024-07-21,2024Q3,渠道,SM214,closed
SO201185,C2499,华南,东线,BU-6,数据中台,97.06,2024-01-02,2024Q1,项目集采,SM167,pending
SO201186,C3084,华北,北线,BU-4,云平台,31.3,2025-06-26,2025Q2,直销,SM226,shipping
SO201187,C3804,华北,中线,BU-1,IT 服务,68.22,2025-12-01,2025Q4,渠道,SM139,shipping
SO201188,C2822,华东,北线,BU-5,数据中台,124.47,2026-02-10,2026Q1,直销,SM220,pending
SO201189,C2309,华东,北线,BU-1,智能客服,89.91,2026-03-23,2026Q1,电商,SM232,closed
SO201190,C2009,华中,中线,BU-5,智能客服,61.74,2026-02-11,2026Q1,项目集采,SM239,closed
SO201191,C1671,华北,中线,BU-3,IT 服务,20.01,2025-06-27,2025Q2,项目集采,SM242,closed
SO201192,C2385,华北,东线,BU-3,数据中台,24.76,2025-05-22,2025Q2,电商,SM127,closed
SO201193,C2563,华东,南线,BU-5,运营商网关,80.05,2025-10-10,2025Q4,项目集采,SM249,closed
SO201194,C1664,西南,中线,BU-4,AI 助理,1.92,2024-04-19,2024Q2,项目集采,SM197,closed
SO201195,C2957,西南,北线,BU-4,智能客服,72.72,2025-05-20,2025Q2,电商,SM133,closed
SO201196,C1792,华南,东线,BU-3,运营商网关,32.96,2025-04-06,2025Q2,渠道,SM197,closed
SO201197,C1888,华东,北线,BU-1,BSS-OSS,252.39,2025-11-07,2025Q4,直销,SM170,closed
SO201198,C2266,华南,北线,BU-2,AI 助理,106.26,2024-07-16,2024Q3,项目集采,SM221,closed
SO201199,C1958,华北,南线,BU-2,AI 助理,32.47,2025-01-14,2025Q1,直销,SM136,closed
SO201200,C2944,东北,东线,BU-3,IT 服务,89.18,2025-02-17,2025Q1,电商,SM211,closed
SO201201,C1470,西南,北线,BU-5,BSS-OSS,5.16,2026-02-11,2026Q1,直销,SM242,closed
SO201202,C3319,华中,北线,BU-4,云平台,76.19,2025-08-12,2025Q3,直销,SM186,pending
SO201203,C1605,华中,中线,BU-6,运营商网关,24.73,2024-02-27,2024Q1,渠道,SM230,closed
SO201204,C3755,华中,南线,BU-4,IT 服务,71.34,2026-01-14,2026Q1,项目集采,SM247,closed
SO201205,C1981,华中,中线,BU-5,智能客服,242.68,2026-03-13,2026Q1,渠道,SM217,closed
SO201206,C1244,华东,中线,BU-1,云平台,26.92,2025-02-16,2025Q1,渠道,SM108,shipping
SO201207,C3483,华北,东线,BU-3,IT 服务,19.76,2024-12-01,2024Q4,电商,SM146,closed
SO201208,C1580,华东,东线,BU-2,运营商网关,19.83,2025-10-01,2025Q4,直销,SM142,closed
SO201209,C2908,华南,北线,BU-2,运营商网关,16.54,2025-06-17,2025Q2,渠道,SM158,closed
SO201210,C1894,华中,中线,BU-3,IT 服务,9.35,2024-10-20,2024Q4,渠道,SM201,closed
SO201211,C2649,华南,东线,BU-4,智能客服,45.68,2025-02-03,2025Q1,电商,SM146,closed
SO201212,C2721,华东,北线,BU-2,云平台,140.96,2025-08-12,2025Q3,电商,SM209,closed
SO201213,C2830,华东,中线,BU-2,IT 服务,11.54,2024-11-25,2024Q4,项目集采,SM143,closed
SO201214,C2242,华东,北线,BU-5,BSS-OSS,76.65,2024-01-23,2024Q1,项目集采,SM180,shipping
SO201215,C2743,华中,东线,BU-2,AI 助理,69.78,2025-01-06,2025Q1,直销,SM128,closed
SO201216,C2508,华东,东线,BU-1,运营商网关,11.21,2024-04-20,2024Q2,渠道,SM112,closed
SO201217,C3417,华北,南线,BU-3,BSS-OSS,50.99,2024-05-27,2024Q2,渠道,SM226,closed
SO201218,C1986,华南,中线,BU-6,智能客服,10.49,2025-12-16,2025Q4,项目集采,SM244,pending
SO201219,C2439,华东,中线,BU-2,数据中台,0.21,2025-03-26,2025Q1,项目集采,SM181,closed
SO201220,C3514,华东,东线,BU-1,智能客服,26.76,2025-03-10,2025Q1,电商,SM117,closed
SO201221,C3015,华北,东线,BU-1,BSS-OSS,47.63,2025-11-22,2025Q4,直销,SM124,closed
SO201222,C1743,华东,南线,BU-1,BSS-OSS,23.39,2025-08-26,2025Q3,项目集采,SM130,closed
SO201223,C3472,东北,南线,BU-4,智能客服,4.1,2025-11-07,2025Q4,直销,SM245,closed
SO201224,C3951,东北,北线,BU-3,云平台,31.16,2024-08-08,2024Q3,直销,SM230,closed
SO201225,C2914,西南,北线,BU-1,数据中台,66.2,2025-06-17,2025Q2,电商,SM154,shipping
SO201226,C2667,华东,南线,BU-3,AI 助理,78.22,2025-03-25,2025Q1,渠道,SM198,closed
SO201227,C2226,华北,中线,BU-1,BSS-OSS,33.15,2026-02-16,2026Q1,电商,SM217,closed
SO201228,C2820,华东,东线,BU-1,运营商网关,17.86,2026-02-22,2026Q1,渠道,SM234,closed
SO201229,C3893,华东,中线,BU-1,运营商网关,40.33,2024-01-09,2024Q1,电商,SM164,closed
SO201230,C2084,华东,南线,BU-4,数据中台,17.5,2025-05-16,2025Q2,电商,SM199,closed
SO201231,C3014,西南,东线,BU-5,智能客服,76.88,2025-02-14,2025Q1,直销,SM104,closed
SO201232,C1402,华东,北线,BU-6,运营商网关,80.91,2025-11-18,2025Q4,直销,SM244,closed
SO201233,C3975,华北,中线,BU-3,AI 助理,24.37,2025-07-23,2025Q3,项目集采,SM199,closed
SO201234,C2055,华东,东线,BU-4,IT 服务,14.27,2025-10-04,2025Q4,电商,SM137,closed
SO201235,C1141,华中,北线,BU-4,数据中台,2.64,2026-03-21,2026Q1,直销,SM101,closed
SO201236,C2525,华南,南线,BU-2,云平台,21.01,2026-02-22,2026Q1,项目集采,SM211,closed
SO201237,C3430,华中,南线,BU-4,运营商网关,48.13,2025-09-10,2025Q3,项目集采,SM218,closed
SO201238,C2627,华东,中线,BU-2,运营商网关,30.64,2025-09-12,2025Q3,直销,SM175,closed
SO201239,C1290,华北,南线,BU-1,AI 助理,112.28,2025-11-27,2025Q4,直销,SM237,closed
SO201240,C2067,华东,中线,BU-1,云平台,39.95,2025-05-15,2025Q2,直销,SM244,closed
SO201241,C3099,东北,南线,BU-6,BSS-OSS,0.47,2026-03-16,2026Q1,直销,SM128,closed
SO201242,C1641,华南,北线,BU-6,云平台,76.97,2026-03-01,2026Q1,项目集采,SM209,closed
SO201243,C2313,华东,北线,BU-3,云平台,132.32,2025-10-15,2025Q4,直销,SM115,shipping
SO201244,C3035,华北,中线,BU-6,AI 助理,54.11,2025-07-24,2025Q3,直销,SM114,closed
SO201245,C2066,西南,南线,BU-3,BSS-OSS,5.51,2024-01-24,2024Q1,渠道,SM213,closed
SO201246,C3683,华中,南线,BU-5,运营商网关,91.22,2025-05-20,2025Q2,电商,SM212,closed
SO201247,C2265,华中,中线,BU-1,AI 助理,46.07,2025-01-23,2025Q1,电商,SM187,closed
SO201248,C1758,华南,南线,BU-3,AI 助理,6.342,2026-03-08,2026Q1,渠道,SM179,closed
SO201249,C1038,华中,中线,BU-4,数据中台,9.48,2026-01-20,2026Q1,电商,SM210,closed
SO201250,C2681,华东,中线,BU-3,IT 服务,0.14,2025-10-10,2025Q4,渠道,SM205,pending
SO201251,C2334,西南,东线,BU-1,IT 服务,76.64,2024-08-08,2024Q3,项目集采,SM215,closed
SO201252,C2990,华中,东线,BU-2,BSS-OSS,1.36,2026-01-26,2026Q1,直销,SM145,closed
SO201253,C3116,华中,中线,BU-2,BSS-OSS,13.48,2025-06-06,2025Q2,电商,SM150,closed
SO201254,C2947,华东,北线,BU-2,云平台,22.52,2024-11-07,2024Q4,项目集采,SM159,closed
SO201255,C1131,华北,东线,BU-2,数据中台,11.69,2026-03-09,2026Q1,渠道,SM154,closed
SO201256,C2241,华北,中线,BU-5,运营商网关,4.34,2025-01-21,2025Q1,直销,SM244,pending
SO201257,C2728,华北,北线,BU-5,AI 助理,64.29,2026-01-01,2026Q1,直销,SM114,closed
SO201258,C2998,华东,东线,BU-6,AI 助理,88.81,2024-01-09,2024Q1,项目集采,SM232,closed
SO201259,C3464,华东,北线,BU-4,BSS-OSS,40.15,2026-01-10,2026Q1,项目集采,SM118,closed
SO201260,C3979,华东,南线,BU-5,云平台,114.29,2024-08-08,2024Q3,项目集采,SM188,shipping
SO201261,C2187,华东,南线,BU-4,云平台,27.35,2025-06-11,2025Q2,直销,SM193,closed
SO201262,C1789,华南,东线,BU-6,IT 服务,32.93,2026-02-13,2026Q1,渠道,SM207,closed
SO201263,C3071,华中,南线,BU-6,数据中台,46.72,2025-06-06,2025Q2,项目集采,SM185,pending
SO201264,C2913,华东,北线,BU-2,AI 助理,2.29,2026-01-04,2026Q1,项目集采,SM201,closed
SO201265,C3938,华中,中线,BU-5,数据中台,73.97,2025-04-15,2025Q2,电商,SM242,closed
SO201266,C1162,华北,南线,BU-3,数据中台,5.48,2025-12-02,2025Q4,电商,SM165,closed
SO201267,C2730,华北,东线,BU-5,数据中台,0.41,2026-02-15,2026Q1,直销,SM125,closed
SO201268,C3258,西南,北线,BU-4,BSS-OSS,7.79,2026-01-12,2026Q1,项目集采,SM206,closed
SO201269,C2565,华东,东线,BU-4,IT 服务,18.68,2026-03-02,2026Q1,项目集采,SM197,closed
SO201270,C3096,西南,南线,BU-1,BSS-OSS,95.93,2026-03-26,2026Q1,渠道,SM103,closed
SO201271,C1754,华东,东线,BU-5,AI 助理,120.53,2024-06-06,2024Q2,电商,SM246,closed
SO201272,C3407,华东,东线,BU-1,AI 助理,149.82,2026-03-24,2026Q1,渠道,SM138,closed
SO201273,C1338,华东,东线,BU-6,AI 助理,22.02,2026-02-10,2026Q1,电商,SM217,closed
SO201274,C2384,华北,中线,BU-3,云平台,62.57,2025-06-16,2025Q2,渠道,SM159,closed
SO201275,C3833,西南,北线,BU-1,云平台,19.09,2025-12-18,2025Q4,电商,SM203,closed
SO201276,C2860,华南,北线,BU-5,AI 助理,19.34,2026-01-18,2026Q1,电商,SM232,closed
SO201277,C3465,华东,中线,BU-4,数据中台,52.13,2026-01-18,2026Q1,直销,SM151,closed
SO201278,C3854,西南,南线,BU-3,运营商网关,45.81,2025-01-26,2025Q1,直销,SM241,closed
SO201279,C1703,华东,北线,BU-3,云平台,31.27,2026-02-20,2026Q1,项目集采,SM233,closed
SO201280,C2438,华东,南线,BU-6,BSS-OSS,2.4,2026-02-02,2026Q1,项目集采,SM169,pending
SO201281,C3131,华北,北线,BU-3,AI 助理,35.16,2026-01-15,2026Q1,渠道,SM222,closed
SO201282,C3101,华北,中线,BU-6,BSS-OSS,1.73,2025-06-04,2025Q2,项目集采,SM134,closed
SO201283,C2216,华南,中线,BU-3,运营商网关,32.33,2024-02-06,2024Q1,项目集采,SM140,closed
SO201284,C2155,华南,南线,BU-5,云平台,143.64,2024-12-27,2024Q4,渠道,SM203,closed
SO201285,C2009,华东,南线,BU-2,AI 助理,56.74,2026-01-15,2026Q1,项目集采,SM176,closed
SO201286,C3808,华北,中线,BU-5,IT 服务,19.5,2026-01-08,2026Q1,渠道,SM142,closed
SO201287,C2563,华东,东线,BU-3,数据中台,35.12,2026-01-25,2026Q1,电商,SM206,closed
SO201288,C2195,华东,东线,BU-4,云平台,40.5,2026-02-08,2026Q1,渠道,SM146,closed
SO201289,C2471,华中,东线,BU-4,BSS-OSS,184.36,2026-03-15,2026Q1,直销,SM166,closed
SO201290,C3857,华南,南线,BU-6,BSS-OSS,105.99,2025-12-08,2025Q4,渠道,SM161,closed
SO201291,C2581,华东,南线,BU-2,智能客服,36.41,2025-02-24,2025Q1,渠道,SM172,pending
SO201292,C2095,华东,东线,BU-4,BSS-OSS,6.48,2025-03-09,2025Q1,项目集采,SM208,closed
SO201293,C3328,华北,北线,BU-5,IT 服务,231.23,2025-02-06,2025Q1,直销,SM242,closed
SO201294,C2553,东北,东线,BU-3,运营商网关,96.74,2025-09-10,2025Q3,电商,SM217,closed
SO201295,C2428,华北,东线,BU-2,数据中台,22.66,2025-06-17,2025Q2,电商,SM133,shipping
SO201296,C1380,华东,东线,BU-4,云平台,47.89,2025-03-10,2025Q1,直销,SM151,closed
SO201297,C2777,华南,南线,BU-5,云平台,40.47,2024-06-11,2024Q2,渠道,SM123,closed
SO201298,C3558,华北,东线,BU-5,AI 助理,34.36,2024-12-11,2024Q4,电商,SM138,pending
SO201299,C2547,华北,东线,BU-2,IT 服务,60.03,2026-01-16,2026Q1,电商,SM164,closed
SO201300,C1104,华中,南线,BU-5,数据中台,35.1,2025-11-24,2025Q4,直销,SM163,closed
SO201301,C3572,华东,中线,BU-5,IT 服务,0.92,2025-10-05,2025Q4,渠道,SM157,closed
SO201302,C1894,华北,东线,BU-6,AI 助理,173.75,2025-10-22,2025Q4,项目集采,SM189,closed
SO201303,C2195,东北,东线,BU-1,智能客服,109.85,2026-02-27,2026Q1,项目集采,SM135,closed
SO201304,C3175,华北,南线,BU-5,BSS-OSS,144.79,2025-03-24,2025Q1,项目集采,SM228,closed
SO201305,C1024,华北,中线,BU-3,云平台,63.6,2025-02-19,2025Q1,直销,SM189,pending
SO201306,C1940,东北,东线,BU-1,IT 服务,53.24,2026-03-09,2026Q1,项目集采,SM142,closed
SO201307,C3646,华北,南线,BU-1,智能客服,0.79,2026-03-06,2026Q1,直销,SM134,closed
SO201308,C1253,华东,东线,BU-6,数据中台,105.27,2026-02-03,2026Q1,电商,SM106,closed
SO201309,C2949,华东,北线,BU-3,IT 服务,27.37,2025-04-11,2025Q2,项目集采,SM161,closed
SO201310,C2490,西南,中线,BU-3,IT 服务,31.51,2025-02-02,2025Q1,直销,SM142,closed
SO201311,C3541,华东,北线,BU-3,BSS-OSS,87.2,2024-11-04,2024Q4,项目集采,SM114,closed
SO201312,C1564,华中,北线,BU-6,数据中台,7.88,2026-02-09,2026Q1,渠道,SM163,closed
SO201313,C3296,华东,南线,BU-5,云平台,154.54,2025-08-04,2025Q3,直销,SM112,closed
SO201314,C2540,东北,中线,BU-3,BSS-OSS,37.07,2026-03-22,2026Q1,电商,SM154,closed
SO201315,C1681,华北,东线,BU-2,BSS-OSS,47.0,2024-05-07,2024Q2,直销,SM250,closed
SO201316,C1825,西南,南线,BU-1,IT 服务,15.97,2024-02-02,2024Q1,直销,SM127,closed
SO201317,C3537,西南,中线,BU-4,智能客服,31.69,2026-01-02,2026Q1,电商,SM244,closed
SO201318,C3925,华中,东线,BU-5,运营商网关,19.64,2026-03-15,2026Q1,项目集采,SM189,closed
SO201319,C3362,华东,中线,BU-3,运营商网关,23.25,2026-01-23,2026Q1,电商,SM192,closed
SO201320,C2367,华北,中线,BU-1,BSS-OSS,196.97,2025-10-16,2025Q4,直销,SM130,closed
SO201321,C2983,华北,南线,BU-6,BSS-OSS,26.05,2024-06-27,2024Q2,渠道,SM159,closed
SO201322,C3379,华北,南线,BU-5,云平台,101.08,2024-12-13,2024Q4,渠道,SM143,closed
SO201323,C1781,华东,南线,BU-4,智能客服,49.33,2025-08-16,2025Q3,直销,SM207,closed
SO201324,C2846,华中,东线,BU-2,IT 服务,112.47,2026-03-24,2026Q1,电商,SM107,closed
SO201325,C3971,西南,南线,BU-6,BSS-OSS,68.31,2026-03-10,2026Q1,电商,SM140,closed
SO201326,C3654,华东,中线,BU-2,BSS-OSS,28.02,2025-02-23,2025Q1,渠道,SM106,closed
SO201327,C2235,华中,中线,BU-3,智能客服,22.86,2026-01-13,2026Q1,电商,SM180,closed
SO201328,C1232,西南,中线,BU-3,运营商网关,103.49,2025-02-23,2025Q1,电商,SM145,closed
SO201329,C1390,华中,南线,BU-2,IT 服务,70.88,2024-05-27,2024Q2,直销,SM245,shipping
SO201330,C1079,华东,东线,BU-5,智能客服,200.14,2025-06-20,2025Q2,渠道,SM196,shipping
SO201331,C2509,华东,中线,BU-5,数据中台,7.74,2025-03-22,2025Q1,渠道,SM102,closed
SO201332,C3811,华北,北线,BU-5,IT 服务,141.62,2026-01-16,2026Q1,项目集采,SM162,closed
SO201333,C2360,华东,北线,BU-5,BSS-OSS,109.88,2025-03-08,2025Q1,直销,SM240,shipping
SO201334,C1297,华南,东线,BU-4,IT 服务,90.67,2025-05-22,2025Q2,直销,SM113,closed
SO201335,C2688,华东,北线,BU-3,智能客服,42.19,2026-02-01,2026Q1,项目集采,SM238,closed
SO201336,C2947,华中,东线,BU-5,BSS-OSS,4.5,2024-03-07,2024Q1,渠道,SM179,closed
SO201337,C3144,华东,中线,BU-5,AI 助理,101.59,2024-09-01,2024Q3,直销,SM223,closed
SO201338,C3328,华南,中线,BU-2,数据中台,3.28,2024-02-24,2024Q1,直销,SM101,closed
SO201339,C2707,华北,东线,BU-5,智能客服,18.59,2026-03-05,2026Q1,渠道,SM100,closed
SO201340,C2557,西南,北线,BU-4,BSS-OSS,53.18,2025-10-08,2025Q4,项目集采,SM232,closed
SO201341,C1446,华南,中线,BU-4,AI 助理,18.37,2026-02-15,2026Q1,项目集采,SM165,closed
SO201342,C1121,西南,南线,BU-2,运营商网关,7.21,2025-01-16,2025Q1,直销,SM205,shipping
SO201343,C3302,西南,中线,BU-5,云平台,45.8,2026-03-20,2026Q1,直销,SM148,closed
SO201344,C1456,华东,中线,BU-2,智能客服,33.36,2024-03-27,2024Q1,电商,SM213,closed
SO201345,C1203,华东,东线,BU-3,IT 服务,71.71,2026-03-04,2026Q1,项目集采,SM243,closed
SO201346,C1159,华东,北线,BU-2,云平台,25.97,2025-08-18,2025Q3,渠道,SM221,closed
SO201347,C1690,西南,中线,BU-3,云平台,15.72,2025-06-14,2025Q2,渠道,SM121,closed
SO201348,C3237,华东,北线,BU-4,BSS-OSS,393.13,2026-02-21,2026Q1,电商,SM237,closed
SO201349,C3206,华东,中线,BU-4,运营商网关,32.36,2025-05-25,2025Q2,项目集采,SM106,closed
SO201350,C3254,华东,东线,BU-6,IT 服务,122.94,2026-02-17,2026Q1,渠道,SM149,shipping
SO201351,C2699,华东,南线,BU-5,AI 助理,5.21,2024-08-18,2024Q3,项目集采,SM171,shipping
SO201352,C3215,华南,南线,BU-5,AI 助理,50.48,2025-09-18,2025Q3,电商,SM125,closed
SO201353,C1551,东北,东线,BU-4,云平台,63.5,2024-07-21,2024Q3,直销,SM224,closed
SO201354,C1391,华中,南线,BU-6,BSS-OSS,135.88,2025-07-16,2025Q3,直销,SM245,closed
SO201355,C1361,华北,北线,BU-2,数据中台,22.29,2026-01-09,2026Q1,项目集采,SM152,closed
SO201356,C2282,西南,东线,BU-2,BSS-OSS,5.19,2026-02-02,2026Q1,电商,SM172,closed
SO201357,C1521,华东,北线,BU-4,数据中台,46.88,2024-07-21,2024Q3,渠道,SM194,closed
SO201358,C3882,华南,东线,BU-4,数据中台,5.14,2024-10-14,2024Q4,项目集采,SM116,closed
SO201359,C2237,华东,北线,BU-4,AI 助理,5.48,2026-03-04,2026Q1,直销,SM139,closed
SO201360,C1373,华北,南线,BU-4,运营商网关,3.41,2025-11-10,2025Q4,电商,SM214,closed
SO201361,C2620,华南,中线,BU-1,BSS-OSS,90.25,2025-03-01,2025Q1,渠道,SM164,closed
SO201362,C3575,华东,南线,BU-2,BSS-OSS,89.54,2025-11-25,2025Q4,渠道,SM200,closed
SO201363,C2782,华北,东线,BU-5,数据中台,93.14,2025-05-15,2025Q2,直销,SM181,closed
SO201364,C3374,华北,南线,BU-2,AI 助理,46.02,2025-07-13,2025Q3,直销,SM105,closed
SO201365,C3698,华南,北线,BU-2,AI 助理,22.78,2024-01-26,2024Q1,项目集采,SM148,closed
SO201366,C1540,华北,东线,BU-1,云平台,9.02,2025-05-18,2025Q2,渠道,SM102,closed
SO201367,C1663,华南,北线,BU-3,智能客服,72.205,2026-02-07,2026Q1,直销,SM160,shipping
SO201368,C2917,华南,东线,BU-1,云平台,3.11,2026-01-12,2026Q1,直销,SM213,closed
SO201369,C3751,华东,中线,BU-1,运营商网关,185.96,2026-02-12,2026Q1,渠道,SM248,shipping
SO201370,C1358,东北,东线,BU-1,运营商网关,27.03,2024-09-19,2024Q3,渠道,SM106,closed
SO201371,C2362,华南,北线,BU-6,运营商网关,14.22,2025-02-06,2025Q1,电商,SM189,pending
SO201372,C1673,华中,南线,BU-1,AI 助理,24.49,2025-09-16,2025Q3,直销,SM126,closed
SO201373,C1185,西南,中线,BU-5,智能客服,1.95,2024-10-19,2024Q4,项目集采,SM246,closed
SO201374,C3482,华东,东线,BU-2,BSS-OSS,11.69,2025-07-09,2025Q3,项目集采,SM101,closed
SO201375,C1412,华北,东线,BU-4,AI 助理,115.23,2026-01-17,2026Q1,渠道,SM190,closed
SO201376,C1022,华北,北线,BU-1,IT 服务,115.42,2024-12-07,2024Q4,电商,SM120,closed
SO201377,C2473,华南,北线,BU-2,云平台,59.64,2026-02-04,2026Q1,渠道,SM165,closed
SO201378,C2922,西南,东线,BU-6,BSS-OSS,10.32,2025-06-23,2025Q2,项目集采,SM136,closed
SO201379,C3104,西南,东线,BU-5,数据中台,63.53,2026-01-26,2026Q1,电商,SM137,closed
SO201380,C1021,华中,东线,BU-2,智能客服,98.28,2024-11-26,2024Q4,渠道,SM140,shipping
SO201381,C3107,西南,东线,BU-2,运营商网关,4.23,2026-01-17,2026Q1,渠道,SM178,closed
SO201382,C1509,华中,北线,BU-6,数据中台,7.93,2026-01-13,2026Q1,直销,SM130,closed
SO201383,C1231,华北,中线,BU-3,IT 服务,6.88,2026-03-16,2026Q1,项目集采,SM222,closed
SO201384,C1384,华南,南线,BU-1,云平台,59.69,2024-01-05,2024Q1,项目集采,SM104,closed
SO201385,C2414,华东,东线,BU-5,智能客服,63.29,2025-11-08,2025Q4,项目集采,SM187,closed
SO201386,C2026,华东,北线,BU-6,IT 服务,18.68,2024-08-12,2024Q3,直销,SM133,shipping
SO201387,C1014,华南,北线,BU-6,运营商网关,135.99,2025-12-24,2025Q4,项目集采,SM181,closed
SO201388,C3267,西南,北线,BU-1,AI 助理,49.25,2026-02-15,2026Q1,渠道,SM167,closed
SO201389,C2150,华东,中线,BU-4,数据中台,4.83,2024-05-18,2024Q2,电商,SM118,closed
SO201390,C3550,华东,南线,BU-2,AI 助理,99.87,2025-02-06,2025Q1,项目集采,SM145,closed
SO201391,C1474,华中,南线,BU-2,BSS-OSS,121.05,2026-02-06,2026Q1,项目集采,SM116,closed
SO201392,C1588,华东,中线,BU-5,智能客服,23.76,2024-02-02,2024Q1,电商,SM136,closed
SO201393,C3861,华东,北线,BU-6,智能客服,12.56,2025-03-05,2025Q1,电商,SM100,closed
SO201394,C3775,华中,北线,BU-3,云平台,4.39,2026-02-07,2026Q1,直销,SM205,closed
SO201395,C3261,华东,南线,BU-2,BSS-OSS,12.51,2024-09-20,2024Q3,项目集采,SM175,closed
SO201396,C3452,华东,南线,BU-5,云平台,34.8,2026-03-09,2026Q1,项目集采,SM158,closed
SO201397,C3517,华中,东线,BU-5,数据中台,9.7,2026-01-19,2026Q1,项目集采,SM225,closed
SO201398,C1753,华中,中线,BU-4,AI 助理,4.76,2026-01-05,2026Q1,项目集采,SM194,shipping
SO201399,C3417,华南,北线,BU-1,智能客服,138.17,2025-08-25,2025Q3,电商,SM221,closed
SO201400,C2695,华中,南线,BU-3,运营商网关,9.31,2024-08-27,2024Q3,直销,SM136,closed
SO201401,C3536,西南,东线,BU-2,智能客服,24.7,2026-02-17,2026Q1,电商,SM104,shipping
SO201402,C2317,华北,中线,BU-2,AI 助理,5.15,2025-11-20,2025Q4,项目集采,SM171,shipping
SO201403,C2154,华东,南线,BU-1,AI 助理,123.04,2024-08-14,2024Q3,电商,SM224,closed
SO201404,C2253,华东,北线,BU-2,AI 助理,29.12,2026-03-19,2026Q1,直销,SM143,closed
SO201405,C1720,华东,中线,BU-5,数据中台,0.81,2024-04-01,2024Q2,项目集采,SM155,closed
SO201406,C2866,华中,东线,BU-2,BSS-OSS,3.45,2026-02-22,2026Q1,电商,SM230,closed
SO201407,C1431,华北,南线,BU-5,BSS-OSS,38.43,2026-02-22,2026Q1,渠道,SM134,closed
SO201408,C1269,华南,北线,BU-1,云平台,133.03,2025-05-19,2025Q2,电商,SM126,closed
SO201409,C1082,东北,东线,BU-2,BSS-OSS,14.12,2024-01-05,2024Q1,直销,SM117,closed
SO201410,C1735,华北,南线,BU-5,数据中台,50.79,2026-02-22,2026Q1,渠道,SM132,closed
SO201411,C2445,华南,中线,BU-3,IT 服务,30.877,2026-02-07,2026Q1,直销,SM135,closed
SO201412,C1122,华东,中线,BU-1,智能客服,20.3,2026-02-07,2026Q1,直销,SM243,closed
SO201413,C3450,华中,北线,BU-4,云平台,24.1,2025-01-26,2025Q1,电商,SM112,closed
SO201414,C3897,华南,北线,BU-4,智能客服,124.81,2026-03-15,2026Q1,项目集采,SM246,closed
SO201415,C2999,西南,东线,BU-2,AI 助理,32.7,2024-10-05,2024Q4,电商,SM212,shipping
SO201416,C1335,华南,中线,BU-5,IT 服务,31.77,2024-08-09,2024Q3,直销,SM169,shipping
SO201417,C3447,华南,中线,BU-6,运营商网关,72.0,2025-04-06,2025Q2,项目集采,SM111,closed
SO201418,C2846,华东,中线,BU-3,智能客服,72.0,2024-09-03,2024Q3,直销,SM191,closed
SO201419,C1801,华东,中线,BU-6,运营商网关,5.91,2026-01-10,2026Q1,渠道,SM132,closed
SO201420,C2473,华东,南线,BU-5,云平台,3.1,2026-02-13,2026Q1,直销,SM185,closed
SO201421,C2457,西南,南线,BU-3,智能客服,181.07,2026-01-21,2026Q1,项目集采,SM132,closed
SO201422,C3764,西南,北线,BU-1,数据中台,67.92,2024-06-24,2024Q2,项目集采,SM171,closed
SO201423,C3151,西南,中线,BU-6,IT 服务,12.18,2025-11-05,2025Q4,直销,SM119,closed
SO201424,C4000,华东,南线,BU-4,IT 服务,68.15,2026-02-27,2026Q1,电商,SM171,closed
SO201425,C3092,华南,南线,BU-4,智能客服,110.04,2024-11-21,2024Q4,渠道,SM199,closed
SO201426,C1772,华南,北线,BU-3,运营商网关,34.73,2025-04-24,2025Q2,直销,SM155,closed
SO201427,C1118,华北,东线,BU-3,BSS-OSS,21.12,2026-01-17,2026Q1,项目集采,SM232,closed
SO201428,C2540,华南,东线,BU-6,数据中台,7.22,2024-01-01,2024Q1,渠道,SM128,closed
SO201429,C1077,东北,东线,BU-6,IT 服务,23.08,2025-04-11,2025Q2,电商,SM115,closed
SO201430,C3921,华北,东线,BU-3,BSS-OSS,11.94,2026-03-02,2026Q1,渠道,SM166,closed
SO201431,C3157,华南,中线,BU-5,AI 助理,329.46,2024-12-12,2024Q4,电商,SM215,closed
SO201432,C2864,华南,北线,BU-4,IT 服务,39.29,2025-12-05,2025Q4,渠道,SM170,closed
SO201433,C1299,西南,东线,BU-6,AI 助理,63.71,2026-01-23,2026Q1,项目集采,SM200,shipping
SO201434,C1205,华东,南线,BU-1,BSS-OSS,4.91,2026-02-17,2026Q1,直销,SM199,closed
SO201435,C3711,华东,中线,BU-3,云平台,3.71,2026-01-07,2026Q1,项目集采,SM187,closed
SO201436,C3354,华中,北线,BU-4,AI 助理,49.12,2024-01-17,2024Q1,电商,SM248,closed
SO201437,C1537,华南,北线,BU-6,IT 服务,5.52,2026-03-26,2026Q1,直销,SM110,closed
SO201438,C2690,华北,北线,BU-3,运营商网关,19.89,2025-06-05,2025Q2,电商,SM139,pending
SO201439,C2330,华南,北线,BU-2,数据中台,35.81,2026-01-14,2026Q1,项目集采,SM111,closed
SO201440,C2863,华南,中线,BU-2,运营商网关,38.88,2025-05-16,2025Q2,渠道,SM167,shipping
SO201441,C1764,东北,北线,BU-4,智能客服,29.34,2026-02-11,2026Q1,直销,SM158,closed
SO201442,C2890,西南,南线,BU-6,运营商网关,34.01,2026-01-15,2026Q1,渠道,SM158,closed
SO201443,C2446,华北,北线,BU-5,运营商网关,4.6,2026-02-12,2026Q1,电商,SM154,closed
SO201444,C3205,西南,南线,BU-6,运营商网关,37.22,2026-01-17,2026Q1,渠道,SM154,pending
SO201445,C2522,华中,东线,BU-4,数据中台,73.9,2026-01-16,2026Q1,直销,SM224,closed
SO201446,C2281,华中,南线,BU-5,BSS-OSS,7.64,2025-04-14,2025Q2,渠道,SM128,shipping
SO201447,C2177,华北,中线,BU-3,IT 服务,20.88,2025-02-19,2025Q1,电商,SM116,closed
SO201448,C1835,华北,中线,BU-4,BSS-OSS,14.02,2026-03-13,2026Q1,直销,SM228,closed
SO201449,C3191,华北,南线,BU-1,BSS-OSS,1.27,2024-09-06,2024Q3,直销,SM116,closed
SO201450,C1488,华东,东线,BU-6,IT 服务,80.8,2026-03-25,2026Q1,渠道,SM175,closed
SO201451,C2792,华东,中线,BU-4,云平台,74.29,2025-09-18,2025Q3,直销,SM161,closed
SO201452,C3340,华东,南线,BU-5,云平台,35.39,2026-03-06,2026Q1,项目集采,SM155,closed
SO201453,C3553,华东,东线,BU-2,云平台,152.19,2024-07-06,2024Q3,直销,SM157,closed
SO201454,C1793,华东,东线,BU-3,BSS-OSS,23.09,2024-07-27,2024Q3,渠道,SM246,closed
SO201455,C1325,华北,南线,BU-1,运营商网关,23.21,2025-10-06,2025Q4,渠道,SM127,closed
SO201456,C2213,华北,北线,BU-2,BSS-OSS,90.76,2024-03-24,2024Q1,项目集采,SM170,closed
SO201457,C3364,西南,中线,BU-6,运营商网关,184.71,2024-04-18,2024Q2,渠道,SM139,closed
SO201458,C3159,东北,东线,BU-1,运营商网关,7.85,2024-08-14,2024Q3,直销,SM119,pending
SO201459,C1835,华南,中线,BU-3,数据中台,32.494,2026-03-14,2026Q1,直销,SM187,closed
SO201460,C3872,华北,中线,BU-4,IT 服务,63.1,2026-01-04,2026Q1,电商,SM154,closed
SO201461,C3007,华东,中线,BU-1,智能客服,106.22,2026-01-02,2026Q1,渠道,SM115,closed
SO201462,C2308,华东,中线,BU-4,数据中台,40.5,2025-11-04,2025Q4,电商,SM215,shipping
SO201463,C2736,东北,北线,BU-5,数据中台,49.73,2025-08-07,2025Q3,直销,SM212,closed
SO201464,C2648,华北,北线,BU-2,数据中台,219.04,2024-05-11,2024Q2,电商,SM193,closed
SO201465,C3909,华中,北线,BU-2,BSS-OSS,68.45,2025-08-24,2025Q3,渠道,SM164,shipping
SO201466,C3181,华东,中线,BU-2,数据中台,26.42,2026-02-14,2026Q1,直销,SM209,closed
SO201467,C3869,华东,南线,BU-2,BSS-OSS,40.43,2024-03-09,2024Q1,电商,SM206,closed
SO201468,C1831,华东,中线,BU-6,运营商网关,1.7,2026-02-09,2026Q1,项目集采,SM170,closed
SO201469,C1755,华北,南线,BU-1,运营商网关,27.85,2026-02-22,2026Q1,电商,SM151,closed
SO201470,C2555,西南,南线,BU-2,智能客服,3.75,2026-02-11,2026Q1,直销,SM121,closed
SO201471,C2799,华北,南线,BU-5,运营商网关,36.87,2025-10-25,2025Q4,电商,SM169,closed
SO201472,C2594,东北,南线,BU-1,IT 服务,13.26,2026-01-11,2026Q1,直销,SM164,closed
SO201473,C3336,华东,东线,BU-1,AI 助理,60.38,2024-10-19,2024Q4,渠道,SM141,pending
SO201474,C2102,华东,东线,BU-2,BSS-OSS,52.06,2025-01-15,2025Q1,电商,SM120,closed
SO201475,C2242,东北,南线,BU-6,数据中台,92.33,2025-09-26,2025Q3,项目集采,SM204,closed
SO201476,C2111,华东,中线,BU-5,数据中台,75.86,2026-01-22,2026Q1,渠道,SM195,closed
SO201477,C3147,华东,南线,BU-2,云平台,63.46,2025-06-15,2025Q2,直销,SM150,closed
SO201478,C2132,华北,北线,BU-6,BSS-OSS,100.13,2026-02-12,2026Q1,直销,SM146,closed
SO201479,C3811,西南,东线,BU-3,智能客服,24.54,2024-12-14,2024Q4,项目集采,SM162,closed
SO201480,C3906,华北,中线,BU-3,BSS-OSS,21.51,2025-04-23,2025Q2,电商,SM109,closed
SO201481,C2767,华南,南线,BU-5,运营商网关,12.52,2025-03-25,2025Q1,直销,SM169,closed
SO201482,C1627,华东,北线,BU-6,运营商网关,17.61,2026-03-07,2026Q1,电商,SM236,closed
SO201483,C1084,华东,南线,BU-6,数据中台,143.15,2025-01-09,2025Q1,电商,SM195,closed
SO201484,C2104,华东,东线,BU-3,BSS-OSS,41.92,2025-07-22,2025Q3,渠道,SM215,closed
SO201485,C1261,华北,东线,BU-2,IT 服务,16.55,2025-07-25,2025Q3,直销,SM249,closed
SO201486,C3269,西南,中线,BU-4,BSS-OSS,99.77,2025-03-06,2025Q1,直销,SM190,closed
SO201487,C2523,华北,东线,BU-5,智能客服,122.5,2026-03-09,2026Q1,项目集采,SM160,closed
SO201488,C2781,华北,中线,BU-1,BSS-OSS,46.86,2024-11-24,2024Q4,渠道,SM235,shipping
SO201489,C1924,华东,东线,BU-6,数据中台,23.06,2026-02-08,2026Q1,渠道,SM141,closed
SO201490,C3510,华东,东线,BU-4,IT 服务,14.57,2024-04-10,2024Q2,渠道,SM196,closed
SO201491,C1959,华北,南线,BU-1,云平台,79.15,2025-01-27,2025Q1,渠道,SM227,closed
SO201492,C1443,华南,南线,BU-2,智能客服,54.17,2025-12-24,2025Q4,直销,SM126,closed
SO201493,C3052,华北,中线,BU-5,IT 服务,293.48,2026-02-18,2026Q1,项目集采,SM213,closed
SO201494,C1258,华南,北线,BU-2,智能客服,11.08,2025-05-23,2025Q2,渠道,SM202,shipping
SO201495,C2283,华北,南线,BU-4,运营商网关,18.87,2025-08-23,2025Q3,渠道,SM116,closed
SO201496,C1294,华南,中线,BU-6,AI 助理,13.29,2026-01-04,2026Q1,直销,SM154,closed
SO201497,C3279,华东,南线,BU-6,数据中台,44.74,2025-02-15,2025Q1,渠道,SM177,closed
SO201498,C3374,华中,南线,BU-2,AI 助理,148.1,2026-03-22,2026Q1,直销,SM216,closed
SO201499,C3675,华中,南线,BU-3,IT 服务,263.61,2024-12-09,2024Q4,渠道,SM223,closed
SO201500,C2361,华东,北线,BU-2,运营商网关,1.96,2025-05-04,2025Q2,直销,SM214,shipping
SO201501,C1007,华中,中线,BU-5,AI 助理,287.86,2024-07-24,2024Q3,直销,SM115,closed
SO201502,C1024,西南,中线,BU-5,IT 服务,32.94,2024-12-21,2024Q4,渠道,SM142,closed
SO201503,C3475,华北,北线,BU-3,数据中台,82.43,2025-06-13,2025Q2,渠道,SM249,closed
SO201504,C2663,西南,中线,BU-1,数据中台,69.66,2025-11-06,2025Q4,渠道,SM249,closed
SO201505,C2943,华东,北线,BU-1,AI 助理,2.33,2025-03-04,2025Q1,直销,SM106,pending
SO201506,C1032,华南,南线,BU-1,IT 服务,57.81,2025-03-07,2025Q1,直销,SM186,closed
SO201507,C2583,华南,东线,BU-4,云平台,18.48,2026-02-08,2026Q1,直销,SM184,closed
SO201508,C3059,华东,东线,BU-5,数据中台,16.24,2026-02-14,2026Q1,渠道,SM113,closed
SO201509,C2059,华北,南线,BU-6,IT 服务,35.18,2025-03-04,2025Q1,直销,SM179,closed
SO201510,C2691,华南,南线,BU-3,智能客服,19.06,2024-08-25,2024Q3,渠道,SM236,closed
SO201511,C2797,华东,南线,BU-5,云平台,10.22,2024-04-03,2024Q2,直销,SM186,closed
SO201512,C1366,华东,东线,BU-6,数据中台,71.7,2026-02-23,2026Q1,渠道,SM205,closed
SO201513,C3271,华东,中线,BU-3,智能客服,19.99,2026-03-17,2026Q1,直销,SM101,closed
SO201514,C3302,华东,东线,BU-5,BSS-OSS,98.12,2024-06-26,2024Q2,项目集采,SM138,closed
SO201515,C3641,华东,东线,BU-4,运营商网关,96.86,2025-07-10,2025Q3,渠道,SM206,closed
SO201516,C3746,华南,东线,BU-1,智能客服,37.18,2025-06-25,2025Q2,直销,SM229,closed
SO201517,C2252,华东,北线,BU-6,AI 助理,90.21,2026-03-11,2026Q1,项目集采,SM108,pending
SO201518,C2125,华东,南线,BU-6,AI 助理,13.93,2025-04-24,2025Q2,项目集采,SM176,closed
SO201519,C2563,西南,中线,BU-2,运营商网关,17.84,2024-08-23,2024Q3,项目集采,SM133,closed
SO201520,C1250,华南,南线,BU-1,AI 助理,6.19,2025-12-25,2025Q4,项目集采,SM156,closed
SO201521,C1611,华东,中线,BU-3,AI 助理,12.93,2026-02-26,2026Q1,项目集采,SM177,shipping
SO201522,C2947,华东,南线,BU-2,数据中台,49.69,2026-01-07,2026Q1,直销,SM206,closed
SO201523,C3163,华东,南线,BU-6,数据中台,76.17,2026-02-01,2026Q1,渠道,SM130,closed
SO201524,C3780,华中,东线,BU-6,数据中台,9.72,2026-03-17,2026Q1,渠道,SM143,pending
SO201525,C2170,华南,北线,BU-2,BSS-OSS,22.79,2026-03-23,2026Q1,直销,SM220,closed
SO201526,C2293,华南,中线,BU-3,运营商网关,3.2129999999999996,2026-02-14,2026Q1,项目集采,SM128,closed
SO201527,C3562,华东,南线,BU-3,AI 助理,19.97,2025-12-22,2025Q4,项目集采,SM218,closed
SO201528,C3556,华北,南线,BU-1,智能客服,45.48,2026-01-06,2026Q1,项目集采,SM174,closed
SO201529,C1888,东北,南线,BU-6,IT 服务,67.65,2026-01-16,2026Q1,直销,SM230,shipping
SO201530,C1608,华南,东线,BU-6,AI 助理,24.31,2026-03-11,2026Q1,渠道,SM220,closed
SO201531,C1405,华东,中线,BU-2,数据中台,14.0,2026-02-04,2026Q1,直销,SM208,closed
SO201532,C1934,西南,北线,BU-3,AI 助理,6.14,2026-03-06,2026Q1,渠道,SM123,closed
SO201533,C1792,东北,中线,BU-6,IT 服务,66.81,2026-01-10,2026Q1,电商,SM114,closed
SO201534,C1280,华北,东线,BU-2,IT 服务,20.73,2025-05-08,2025Q2,直销,SM222,closed
SO201535,C1814,华南,北线,BU-3,运营商网关,47.669999999999995,2026-01-07,2026Q1,渠道,SM162,closed
SO201536,C1527,华中,北线,BU-6,数据中台,47.48,2024-02-03,2024Q1,渠道,SM210,closed
SO201537,C1846,东北,南线,BU-6,智能客服,45.34,2025-11-11,2025Q4,项目集采,SM214,closed
SO201538,C3656,华东,北线,BU-1,数据中台,105.42,2026-01-02,2026Q1,电商,SM227,closed
SO201539,C1040,华北,南线,BU-3,AI 助理,142.63,2025-04-05,2025Q2,项目集采,SM243,closed
SO201540,C1372,华东,北线,BU-4,智能客服,219.39,2024-01-01,2024Q1,直销,SM235,closed
SO201541,C1179,华东,北线,BU-6,运营商网关,60.84,2025-08-26,2025Q3,电商,SM231,closed
SO201542,C3802,华北,北线,BU-6,BSS-OSS,91.74,2024-07-16,2024Q3,直销,SM169,closed
SO201543,C3641,华北,中线,BU-3,BSS-OSS,71.77,2026-02-04,2026Q1,电商,SM221,closed
SO201544,C1791,华东,东线,BU-4,BSS-OSS,62.84,2024-07-04,2024Q3,渠道,SM178,closed
SO201545,C3042,华东,中线,BU-2,运营商网关,69.11,2026-02-07,2026Q1,电商,SM173,shipping
SO201546,C3036,东北,东线,BU-5,运营商网关,44.09,2025-02-12,2025Q1,直销,SM152,closed
SO201547,C3636,华南,北线,BU-4,数据中台,178.48,2025-05-05,2025Q2,电商,SM219,closed
SO201548,C2575,华东,南线,BU-3,数据中台,8.05,2025-02-05,2025Q1,项目集采,SM184,closed
SO201549,C2527,华南,东线,BU-1,IT 服务,271.15,2025-06-03,2025Q2,电商,SM166,closed
SO201550,C1090,华中,南线,BU-1,数据中台,46.61,2026-01-14,2026Q1,项目集采,SM244,closed
SO201551,C2505,华东,南线,BU-2,智能客服,50.89,2024-03-01,2024Q1,渠道,SM139,closed
SO201552,C3715,华东,北线,BU-6,BSS-OSS,1.03,2026-03-02,2026Q1,电商,SM102,closed
SO201553,C2481,华北,北线,BU-4,AI 助理,26.31,2026-03-08,2026Q1,电商,SM243,shipping
SO201554,C2513,华东,中线,BU-3,BSS-OSS,41.99,2024-08-02,2024Q3,项目集采,SM153,closed
SO201555,C3661,华东,北线,BU-1,AI 助理,69.61,2025-05-17,2025Q2,渠道,SM116,closed
SO201556,C3390,华北,中线,BU-6,云平台,27.16,2024-06-13,2024Q2,项目集采,SM174,closed
SO201557,C2114,华东,中线,BU-5,云平台,43.25,2026-02-05,2026Q1,电商,SM114,closed
SO201558,C2860,华东,东线,BU-6,智能客服,37.38,2026-01-18,2026Q1,渠道,SM152,closed
SO201559,C3512,华中,东线,BU-1,数据中台,0.89,2025-01-27,2025Q1,直销,SM147,closed
SO201560,C3714,西南,东线,BU-4,AI 助理,27.15,2025-10-25,2025Q4,直销,SM157,closed
SO201561,C1009,华东,北线,BU-4,数据中台,42.87,2026-03-20,2026Q1,直销,SM185,closed
SO201562,C1055,华东,北线,BU-1,BSS-OSS,142.98,2025-07-05,2025Q3,电商,SM112,shipping
SO201563,C1675,华东,东线,BU-5,云平台,19.52,2025-08-07,2025Q3,渠道,SM160,closed
SO201564,C3039,华东,东线,BU-6,AI 助理,29.35,2024-05-02,2024Q2,直销,SM150,shipping
SO201565,C2671,华东,中线,BU-4,IT 服务,71.33,2024-05-18,2024Q2,电商,SM126,pending
SO201566,C3460,华北,南线,BU-4,智能客服,35.44,2024-08-11,2024Q3,项目集采,SM149,closed
SO201567,C3647,东北,中线,BU-1,AI 助理,115.89,2025-05-07,2025Q2,直销,SM242,closed
SO201568,C2883,华东,北线,BU-2,数据中台,144.99,2026-01-18,2026Q1,电商,SM120,closed
SO201569,C3925,华东,南线,BU-4,BSS-OSS,10.15,2024-09-04,2024Q3,电商,SM208,shipping
SO201570,C1481,华南,南线,BU-4,数据中台,81.56,2024-09-15,2024Q3,直销,SM240,shipping
SO201571,C2299,华东,中线,BU-1,云平台,29.71,2024-06-12,2024Q2,项目集采,SM113,closed
SO201572,C1677,华南,北线,BU-6,IT 服务,27.66,2025-01-09,2025Q1,渠道,SM133,closed
SO201573,C3498,华东,东线,BU-4,运营商网关,231.11,2026-03-25,2026Q1,渠道,SM197,closed
SO201574,C2704,华东,中线,BU-2,运营商网关,51.25,2024-10-12,2024Q4,直销,SM116,closed
SO201575,C3378,华南,南线,BU-1,智能客服,68.51,2025-07-25,2025Q3,渠道,SM191,closed
SO201576,C3474,华北,南线,BU-1,IT 服务,53.31,2026-01-07,2026Q1,渠道,SM110,closed
SO201577,C2065,华中,东线,BU-2,AI 助理,21.39,2026-01-11,2026Q1,渠道,SM181,closed
SO201578,C2560,华北,东线,BU-3,IT 服务,75.78,2025-11-25,2025Q4,直销,SM214,closed
SO201579,C3096,华北,南线,BU-1,智能客服,21.19,2026-01-06,2026Q1,电商,SM205,closed
SO201580,C3508,华中,东线,BU-2,云平台,103.43,2024-07-16,2024Q3,项目集采,SM238,closed
SO201581,C3503,西南,东线,BU-6,AI 助理,11.48,2025-07-08,2025Q3,渠道,SM233,closed
SO201582,C1355,华东,东线,BU-1,智能客服,50.4,2026-03-19,2026Q1,渠道,SM203,closed
SO201583,C3956,华北,南线,BU-2,IT 服务,99.64,2025-06-22,2025Q2,渠道,SM233,closed
SO201584,C4000,东北,北线,BU-4,智能客服,29.02,2025-01-08,2025Q1,渠道,SM225,closed
SO201585,C2415,华北,南线,BU-4,运营商网关,29.49,2024-12-11,2024Q4,电商,SM237,pending
SO201586,C1330,华东,东线,BU-3,BSS-OSS,4.07,2024-07-10,2024Q3,电商,SM128,closed
SO201587,C1047,华南,东线,BU-1,云平台,0.9,2025-12-24,2025Q4,项目集采,SM114,closed
SO201588,C3371,华南,东线,BU-3,智能客服,53.55,2024-10-18,2024Q4,电商,SM154,closed
SO201589,C3478,华南,南线,BU-3,数据中台,35.608999999999995,2026-01-11,2026Q1,渠道,SM171,closed
SO201590,C1667,华南,中线,BU-2,数据中台,6.93,2026-02-09,2026Q1,项目集采,SM165,closed
SO201591,C3118,华北,东线,BU-5,IT 服务,97.12,2024-06-15,2024Q2,项目集采,SM189,closed
SO201592,C3978,华南,东线,BU-2,智能客服,180.32,2025-04-14,2025Q2,电商,SM172,closed
SO201593,C3068,华南,南线,BU-4,运营商网关,19.09,2024-05-14,2024Q2,项目集采,SM179,closed
SO201594,C2622,华北,东线,BU-5,AI 助理,28.08,2026-02-04,2026Q1,渠道,SM201,closed
SO201595,C1287,华东,南线,BU-4,AI 助理,92.2,2024-01-16,2024Q1,渠道,SM127,closed
SO201596,C3834,华南,南线,BU-1,AI 助理,2.67,2024-06-24,2024Q2,电商,SM113,closed
SO201597,C1272,华东,北线,BU-6,IT 服务,42.51,2025-01-21,2025Q1,项目集采,SM223,shipping
SO201598,C2074,华东,中线,BU-5,BSS-OSS,48.84,2024-11-01,2024Q4,渠道,SM245,closed
SO201599,C3413,华北,北线,BU-6,BSS-OSS,49.94,2024-03-22,2024Q1,电商,SM126,closed
SO201600,C2374,华东,南线,BU-4,智能客服,148.18,2026-01-22,2026Q1,项目集采,SM233,pending
SO201601,C1145,华东,北线,BU-1,运营商网关,68.32,2025-08-15,2025Q3,直销,SM246,shipping
SO201602,C2062,东北,东线,BU-2,运营商网关,48.94,2025-02-14,2025Q1,项目集采,SM224,closed
SO201603,C3118,东北,北线,BU-5,IT 服务,6.0,2025-02-19,2025Q1,直销,SM128,closed
SO201604,C3070,华东,南线,BU-2,运营商网关,13.95,2024-04-01,2024Q2,项目集采,SM119,closed
SO201605,C2042,华中,南线,BU-6,运营商网关,32.42,2025-07-27,2025Q3,电商,SM224,shipping
SO201606,C1777,华东,东线,BU-6,数据中台,145.87,2026-01-14,2026Q1,电商,SM208,shipping
SO201607,C3831,华南,中线,BU-3,智能客服,91.56,2025-02-19,2025Q1,渠道,SM116,pending
SO201608,C3750,华北,北线,BU-3,智能客服,80.89,2026-02-13,2026Q1,渠道,SM159,closed
SO201609,C2964,西南,北线,BU-2,智能客服,23.66,2026-03-14,2026Q1,项目集采,SM200,closed
SO201610,C1637,华北,北线,BU-3,智能客服,46.08,2026-03-23,2026Q1,渠道,SM123,pending
SO201611,C1302,华东,南线,BU-6,云平台,37.19,2026-03-08,2026Q1,电商,SM192,closed
SO201612,C1907,华北,中线,BU-6,IT 服务,73.56,2025-01-15,2025Q1,直销,SM193,closed
SO201613,C2439,华中,南线,BU-2,运营商网关,58.91,2025-01-22,2025Q1,直销,SM215,closed
SO201614,C2602,西南,南线,BU-1,数据中台,170.87,2024-12-22,2024Q4,渠道,SM190,closed
SO201615,C3858,华北,北线,BU-1,运营商网关,9.01,2025-08-12,2025Q3,渠道,SM146,closed
SO201616,C2140,华东,南线,BU-1,IT 服务,40.02,2024-04-14,2024Q2,直销,SM198,closed
SO201617,C2424,华北,北线,BU-4,运营商网关,88.74,2025-04-09,2025Q2,项目集采,SM137,closed
SO201618,C1415,西南,北线,BU-2,BSS-OSS,14.46,2024-07-06,2024Q3,电商,SM165,closed
SO201619,C3453,东北,中线,BU-5,智能客服,36.29,2026-02-27,2026Q1,电商,SM146,closed
SO201620,C2885,华南,中线,BU-4,IT 服务,36.79,2026-03-27,2026Q1,项目集采,SM156,closed
SO201621,C1457,西南,中线,BU-4,IT 服务,53.57,2025-07-26,2025Q3,渠道,SM248,closed
SO201622,C2044,华中,中线,BU-3,运营商网关,18.12,2024-12-18,2024Q4,项目集采,SM160,closed
SO201623,C1623,华东,中线,BU-6,BSS-OSS,14.6,2024-10-13,2024Q4,直销,SM134,closed
SO201624,C2009,华中,中线,BU-1,AI 助理,25.08,2025-04-24,2025Q2,项目集采,SM107,closed
SO201625,C3571,华东,中线,BU-6,AI 助理,15.2,2026-01-23,2026Q1,直销,SM200,closed
SO201626,C3043,华北,南线,BU-6,运营商网关,8.74,2026-02-19,2026Q1,电商,SM250,closed
SO201627,C2620,华东,北线,BU-5,运营商网关,45.32,2026-01-22,2026Q1,直销,SM152,closed
SO201628,C3018,华北,东线,BU-5,IT 服务,0.9,2025-02-17,2025Q1,渠道,SM208,closed
SO201629,C3861,东北,南线,BU-3,IT 服务,37.21,2026-02-05,2026Q1,渠道,SM249,closed
SO201630,C1669,华东,北线,BU-5,运营商网关,58.44,2026-01-08,2026Q1,电商,SM196,shipping
SO201631,C3580,华北,北线,BU-2,运营商网关,37.32,2025-01-05,2025Q1,项目集采,SM164,closed
SO201632,C1223,东北,东线,BU-5,运营商网关,48.94,2025-04-12,2025Q2,直销,SM135,closed
SO201633,C1514,华北,中线,BU-3,云平台,6.39,2024-09-21,2024Q3,渠道,SM175,closed
SO201634,C1709,西南,东线,BU-3,智能客服,133.82,2025-05-09,2025Q2,直销,SM174,closed
SO201635,C3253,华东,北线,BU-5,云平台,84.23,2026-02-02,2026Q1,项目集采,SM190,closed
SO201636,C3334,华东,中线,BU-5,BSS-OSS,75.63,2024-02-11,2024Q1,项目集采,SM195,closed
SO201637,C3450,东北,东线,BU-4,运营商网关,141.36,2024-02-07,2024Q1,渠道,SM194,closed
SO201638,C3396,华东,东线,BU-4,云平台,79.43,2026-03-04,2026Q1,直销,SM173,closed
SO201639,C3656,华南,中线,BU-5,云平台,63.15,2026-01-01,2026Q1,项目集采,SM110,closed
SO201640,C3896,华北,南线,BU-2,BSS-OSS,40.31,2026-02-16,2026Q1,电商,SM200,closed
SO201641,C2886,华北,北线,BU-2,AI 助理,64.78,2026-02-10,2026Q1,项目集采,SM136,closed
SO201642,C2541,西南,南线,BU-1,AI 助理,8.53,2026-01-03,2026Q1,电商,SM123,closed
SO201643,C1151,华北,中线,BU-5,IT 服务,7.29,2025-06-13,2025Q2,渠道,SM133,closed
SO201644,C3096,东北,中线,BU-3,智能客服,150.9,2025-09-02,2025Q3,电商,SM220,closed
SO201645,C1793,西南,中线,BU-3,数据中台,20.09,2025-08-18,2025Q3,渠道,SM152,closed
SO201646,C2902,华北,东线,BU-5,运营商网关,112.65,2026-01-07,2026Q1,电商,SM157,closed
SO201647,C1180,西南,北线,BU-6,智能客服,26.65,2024-01-26,2024Q1,渠道,SM218,shipping
SO201648,C1411,华东,北线,BU-2,数据中台,144.08,2026-03-20,2026Q1,渠道,SM234,closed
SO201649,C2155,华东,北线,BU-2,云平台,68.75,2025-03-15,2025Q1,电商,SM220,closed
SO201650,C1532,华东,南线,BU-3,智能客服,10.79,2026-02-22,2026Q1,直销,SM202,closed
SO201651,C2271,华北,北线,BU-6,数据中台,24.85,2025-07-23,2025Q3,电商,SM192,closed
SO201652,C1141,华北,东线,BU-1,运营商网关,17.08,2025-08-02,2025Q3,直销,SM233,closed
SO201653,C2239,华中,东线,BU-5,智能客服,42.56,2025-04-07,2025Q2,项目集采,SM161,closed
SO201654,C2406,华北,北线,BU-3,运营商网关,41.15,2025-11-22,2025Q4,渠道,SM110,closed
SO201655,C1044,华东,北线,BU-6,运营商网关,69.18,2026-02-13,2026Q1,电商,SM198,closed
SO201656,C2589,华中,南线,BU-2,BSS-OSS,89.71,2026-01-09,2026Q1,渠道,SM103,closed
SO201657,C1921,华北,南线,BU-6,数据中台,75.36,2025-12-11,2025Q4,电商,SM139,closed
SO201658,C1805,华北,南线,BU-3,数据中台,146.68,2025-01-02,2025Q1,电商,SM215,closed
SO201659,C2468,华中,东线,BU-2,云平台,85.23,2025-02-10,2025Q1,渠道,SM127,closed
SO201660,C2933,华北,南线,BU-3,云平台,113.42,2026-02-26,2026Q1,电商,SM139,closed
SO201661,C3607,华北,北线,BU-6,数据中台,3.32,2025-12-04,2025Q4,项目集采,SM198,closed
SO201662,C2048,华东,北线,BU-4,BSS-OSS,109.0,2024-11-10,2024Q4,渠道,SM137,closed
SO201663,C1612,华北,东线,BU-3,运营商网关,8.93,2025-12-12,2025Q4,电商,SM242,closed
SO201664,C1370,华南,东线,BU-3,IT 服务,14.84,2024-09-21,2024Q3,项目集采,SM137,closed
SO201665,C1752,华北,南线,BU-5,IT 服务,2.32,2026-03-26,2026Q1,直销,SM242,pending
SO201666,C1208,西南,中线,BU-1,运营商网关,9.72,2026-02-22,2026Q1,电商,SM194,closed
SO201667,C1176,华东,东线,BU-4,IT 服务,95.96,2026-03-20,2026Q1,直销,SM124,closed
SO201668,C3621,华东,中线,BU-5,数据中台,43.75,2026-03-19,2026Q1,渠道,SM186,closed
SO201669,C2496,华东,东线,BU-1,云平台,42.73,2026-01-22,2026Q1,渠道,SM222,closed
SO201670,C2484,华东,南线,BU-1,智能客服,19.82,2026-01-01,2026Q1,项目集采,SM247,closed
SO201671,C3105,华南,中线,BU-2,BSS-OSS,55.7,2024-06-11,2024Q2,渠道,SM138,closed
SO201672,C1551,华北,北线,BU-5,BSS-OSS,91.23,2026-03-12,2026Q1,项目集采,SM124,closed
SO201673,C2703,华南,南线,BU-3,智能客服,166.48,2024-11-04,2024Q4,电商,SM181,closed
SO201674,C2180,华东,北线,BU-2,数据中台,12.03,2026-01-27,2026Q1,渠道,SM249,closed
SO201675,C2637,华东,北线,BU-4,AI 助理,27.38,2026-02-06,2026Q1,项目集采,SM193,closed
SO201676,C3608,华南,北线,BU-4,云平台,45.38,2025-09-11,2025Q3,项目集采,SM100,closed
SO201677,C3314,华中,南线,BU-4,IT 服务,198.46,2024-06-08,2024Q2,项目集采,SM115,closed
SO201678,C2762,华中,南线,BU-2,BSS-OSS,71.26,2024-02-17,2024Q1,渠道,SM195,closed
SO201679,C2474,华东,中线,BU-3,运营商网关,118.01,2025-12-16,2025Q4,项目集采,SM189,closed
SO201680,C3504,华中,北线,BU-2,IT 服务,46.71,2025-09-07,2025Q3,项目集采,SM208,pending
SO201681,C1594,西南,南线,BU-3,数据中台,1.76,2024-03-04,2024Q1,项目集采,SM124,closed
SO201682,C3535,华北,南线,BU-5,运营商网关,8.69,2025-10-27,2025Q4,项目集采,SM233,closed
SO201683,C1600,华东,北线,BU-3,云平台,7.49,2025-08-15,2025Q3,项目集采,SM169,closed
SO201684,C3658,华北,东线,BU-6,云平台,0.78,2026-03-07,2026Q1,电商,SM157,closed
SO201685,C1120,华东,北线,BU-1,运营商网关,76.15,2026-03-15,2026Q1,电商,SM249,closed
SO201686,C1459,华南,南线,BU-2,智能客服,32.0,2024-02-06,2024Q1,电商,SM240,closed
SO201687,C3155,华北,东线,BU-2,智能客服,0.3,2025-06-04,2025Q2,电商,SM224,closed
SO201688,C1895,西南,北线,BU-5,数据中台,36.73,2025-07-07,2025Q3,项目集采,SM100,closed
SO201689,C3720,华东,南线,BU-1,BSS-OSS,104.15,2025-03-23,2025Q1,电商,SM173,shipping
SO201690,C1831,东北,中线,BU-2,云平台,184.73,2026-02-16,2026Q1,直销,SM203,closed
SO201691,C1942,华北,东线,BU-3,IT 服务,68.55,2024-08-24,2024Q3,直销,SM201,closed
SO201692,C3654,华中,中线,BU-3,IT 服务,34.19,2026-03-01,2026Q1,电商,SM147,shipping
SO201693,C2989,华北,中线,BU-5,智能客服,0.71,2024-04-20,2024Q2,渠道,SM142,closed
SO201694,C2766,华南,北线,BU-6,运营商网关,55.25,2025-04-08,2025Q2,项目集采,SM180,shipping
SO201695,C2492,华北,中线,BU-1,运营商网关,82.07,2026-03-20,2026Q1,渠道,SM155,closed
SO201696,C1377,华南,南线,BU-1,运营商网关,80.81,2025-12-06,2025Q4,直销,SM135,closed
SO201697,C1787,华东,中线,BU-2,数据中台,25.57,2026-02-03,2026Q1,直销,SM108,closed
SO201698,C2740,华中,北线,BU-3,BSS-OSS,12.21,2026-01-02,2026Q1,渠道,SM104,closed
SO201699,C1521,华东,南线,BU-1,智能客服,8.11,2026-01-24,2026Q1,直销,SM104,shipping
SO201700,C2064,东北,东线,BU-6,AI 助理,64.47,2025-08-22,2025Q3,直销,SM234,closed
SO201701,C1804,西南,东线,BU-5,智能客服,50.18,2026-01-08,2026Q1,项目集采,SM164,closed
SO201702,C2276,华中,南线,BU-6,云平台,143.71,2024-02-27,2024Q1,项目集采,SM169,closed
SO201703,C2911,华东,南线,BU-5,智能客服,10.39,2025-06-13,2025Q2,项目集采,SM200,closed
SO201704,C3326,华东,北线,BU-3,BSS-OSS,6.71,2025-01-04,2025Q1,项目集采,SM191,shipping
SO201705,C2397,华东,东线,BU-1,IT 服务,104.24,2026-03-15,2026Q1,项目集采,SM230,closed
SO201706,C2049,华东,中线,BU-4,IT 服务,86.16,2025-07-04,2025Q3,直销,SM206,closed
SO201707,C2565,东北,中线,BU-2,智能客服,24.06,2026-01-10,2026Q1,渠道,SM136,closed
SO201708,C3104,华北,北线,BU-6,云平台,57.02,2025-06-02,2025Q2,电商,SM194,closed
SO201709,C2798,西南,中线,BU-1,BSS-OSS,55.26,2026-01-09,2026Q1,电商,SM114,closed
SO201710,C2370,华中,中线,BU-4,数据中台,4.73,2026-02-18,2026Q1,电商,SM100,closed
SO201711,C3361,西南,北线,BU-5,IT 服务,65.3,2026-02-02,2026Q1,渠道,SM168,closed
SO201712,C3801,华中,北线,BU-2,云平台,24.14,2025-04-20,2025Q2,电商,SM201,shipping
SO201713,C1499,西南,东线,BU-6,AI 助理,7.46,2025-09-19,2025Q3,电商,SM205,closed
SO201714,C1118,华东,中线,BU-3,运营商网关,22.6,2024-11-25,2024Q4,项目集采,SM245,closed
SO201715,C3598,西南,中线,BU-2,云平台,42.94,2026-02-09,2026Q1,电商,SM176,closed
SO201716,C3990,西南,中线,BU-5,智能客服,19.6,2024-02-20,2024Q1,电商,SM212,closed
SO201717,C2698,华北,南线,BU-4,数据中台,54.2,2026-02-16,2026Q1,项目集采,SM139,closed
SO201718,C1139,华东,中线,BU-4,数据中台,111.72,2026-03-12,2026Q1,直销,SM225,closed
SO201719,C1605,华南,中线,BU-1,BSS-OSS,51.75,2026-02-24,2026Q1,项目集采,SM174,closed
SO201720,C1105,华东,东线,BU-2,IT 服务,2.89,2026-01-11,2026Q1,项目集采,SM133,closed
SO201721,C1983,华东,南线,BU-4,AI 助理,42.9,2026-01-16,2026Q1,渠道,SM176,shipping
SO201722,C2901,华中,南线,BU-4,IT 服务,18.45,2026-03-10,2026Q1,直销,SM108,closed
SO201723,C2204,华北,东线,BU-6,数据中台,45.1,2026-02-10,2026Q1,电商,SM116,closed
SO201724,C2034,华中,南线,BU-4,运营商网关,80.0,2024-12-12,2024Q4,项目集采,SM121,shipping
SO201725,C2980,华北,东线,BU-5,AI 助理,48.1,2026-01-13,2026Q1,渠道,SM214,closed
SO201726,C1126,华东,南线,BU-1,智能客服,23.14,2024-03-03,2024Q1,电商,SM136,closed
SO201727,C3918,华南,南线,BU-5,数据中台,28.31,2025-04-18,2025Q2,项目集采,SM232,closed
SO201728,C2572,华中,东线,BU-5,IT 服务,0.11,2026-03-14,2026Q1,渠道,SM194,closed
SO201729,C2304,华南,中线,BU-1,BSS-OSS,127.48,2026-02-01,2026Q1,渠道,SM137,closed
SO201730,C1833,东北,南线,BU-5,智能客服,47.89,2024-11-04,2024Q4,电商,SM119,closed
SO201731,C1528,华东,南线,BU-3,智能客服,31.12,2025-06-17,2025Q2,项目集采,SM138,closed
SO201732,C2249,华北,南线,BU-3,运营商网关,85.4,2025-08-01,2025Q3,项目集采,SM226,closed
SO201733,C1783,华北,北线,BU-5,智能客服,24.33,2025-02-25,2025Q1,项目集采,SM169,shipping
SO201734,C1687,华北,东线,BU-1,BSS-OSS,167.99,2025-05-21,2025Q2,电商,SM178,closed
SO201735,C1816,华北,南线,BU-2,云平台,47.97,2026-01-15,2026Q1,渠道,SM240,pending
SO201736,C1674,华东,中线,BU-2,运营商网关,68.08,2025-04-25,2025Q2,项目集采,SM196,closed
SO201737,C2774,华北,南线,BU-5,云平台,56.24,2024-03-10,2024Q1,直销,SM143,closed
SO201738,C1014,华北,东线,BU-6,AI 助理,62.38,2026-02-08,2026Q1,渠道,SM188,closed
SO201739,C2984,华东,南线,BU-6,云平台,33.67,2024-06-24,2024Q2,电商,SM246,closed
SO201740,C2677,华东,南线,BU-5,智能客服,24.86,2025-12-06,2025Q4,电商,SM207,closed
SO201741,C3809,华东,南线,BU-4,数据中台,35.33,2025-05-12,2025Q2,电商,SM212,closed
SO201742,C3798,华中,南线,BU-5,运营商网关,9.18,2025-12-12,2025Q4,渠道,SM220,closed
SO201743,C3161,华东,北线,BU-4,IT 服务,75.87,2025-09-02,2025Q3,直销,SM150,closed
SO201744,C1452,华南,东线,BU-3,智能客服,169.55,2024-04-08,2024Q2,电商,SM147,shipping
SO201745,C2213,华北,中线,BU-3,运营商网关,42.02,2026-02-04,2026Q1,直销,SM223,closed
SO201746,C3407,西南,中线,BU-6,AI 助理,57.34,2026-01-10,2026Q1,直销,SM231,closed
SO201747,C3621,华北,中线,BU-6,BSS-OSS,21.11,2026-01-26,2026Q1,直销,SM100,closed
SO201748,C3475,华北,南线,BU-4,AI 助理,76.12,2025-08-06,2025Q3,直销,SM230,closed
SO201749,C3998,华东,南线,BU-2,云平台,58.94,2025-08-15,2025Q3,渠道,SM197,closed
SO201750,C3148,华北,中线,BU-4,AI 助理,45.68,2026-01-08,2026Q1,项目集采,SM140,closed
SO201751,C3668,华中,南线,BU-4,BSS-OSS,22.43,2025-10-04,2025Q4,直销,SM207,closed
SO201752,C3458,华东,北线,BU-5,数据中台,62.18,2024-05-01,2024Q2,直销,SM111,closed
SO201753,C1377,华东,中线,BU-4,数据中台,31.36,2025-06-15,2025Q2,直销,SM105,shipping
SO201754,C2278,西南,北线,BU-3,云平台,68.88,2024-04-05,2024Q2,电商,SM220,closed
SO201755,C2113,华南,中线,BU-5,数据中台,25.78,2025-11-18,2025Q4,电商,SM214,closed
SO201756,C1721,华南,南线,BU-3,AI 助理,18.465999999999998,2026-01-13,2026Q1,渠道,SM125,shipping
SO201757,C1032,华东,中线,BU-5,数据中台,21.3,2026-03-11,2026Q1,渠道,SM152,closed
SO201758,C1252,华东,东线,BU-3,云平台,31.76,2025-01-06,2025Q1,渠道,SM199,shipping
SO201759,C2386,华东,东线,BU-3,BSS-OSS,79.38,2025-07-03,2025Q3,电商,SM209,closed
SO201760,C1437,西南,中线,BU-2,运营商网关,12.65,2026-03-08,2026Q1,电商,SM248,closed
SO201761,C2251,华东,东线,BU-1,数据中台,38.85,2024-06-19,2024Q2,项目集采,SM197,closed
SO201762,C3069,华东,中线,BU-5,运营商网关,68.68,2025-12-01,2025Q4,项目集采,SM185,closed
SO201763,C1738,华南,东线,BU-4,IT 服务,124.4,2025-04-22,2025Q2,项目集采,SM108,closed
SO201764,C1781,华东,东线,BU-5,BSS-OSS,7.2,2026-03-22,2026Q1,项目集采,SM220,closed
SO201765,C3914,华北,北线,BU-2,云平台,40.37,2026-02-23,2026Q1,项目集采,SM215,closed
SO201766,C2142,华中,南线,BU-5,BSS-OSS,15.2,2025-11-13,2025Q4,项目集采,SM238,closed
SO201767,C2185,华东,南线,BU-2,数据中台,98.27,2026-03-18,2026Q1,项目集采,SM126,closed
SO201768,C2213,华中,东线,BU-6,AI 助理,21.28,2026-02-15,2026Q1,项目集采,SM215,closed
SO201769,C1188,西南,中线,BU-1,AI 助理,25.67,2026-02-03,2026Q1,电商,SM230,closed
SO201770,C2141,华北,南线,BU-1,IT 服务,42.6,2026-03-25,2026Q1,电商,SM150,closed
SO201771,C2855,华南,南线,BU-3,运营商网关,4.53,2025-11-24,2025Q4,电商,SM142,closed
SO201772,C1675,华中,北线,BU-1,云平台,18.98,2024-02-20,2024Q1,项目集采,SM187,shipping
SO201773,C2192,华东,北线,BU-3,云平台,18.47,2025-03-07,2025Q1,直销,SM108,closed
SO201774,C1830,西南,南线,BU-1,云平台,13.23,2026-02-12,2026Q1,项目集采,SM150,shipping
SO201775,C2565,西南,中线,BU-1,BSS-OSS,7.44,2025-08-12,2025Q3,渠道,SM190,closed
SO201776,C3592,东北,南线,BU-2,数据中台,33.93,2025-02-08,2025Q1,直销,SM216,closed
SO201777,C2425,西南,南线,BU-2,智能客服,0.59,2025-08-14,2025Q3,渠道,SM157,closed
SO201778,C2807,华北,东线,BU-1,数据中台,22.9,2024-06-07,2024Q2,电商,SM133,closed
SO201779,C1142,华南,南线,BU-3,运营商网关,69.29299999999999,2026-02-06,2026Q1,项目集采,SM146,closed
SO201780,C2322,华北,北线,BU-4,AI 助理,87.9,2026-01-17,2026Q1,电商,SM129,closed
SO201781,C2274,华东,中线,BU-4,智能客服,10.45,2026-02-22,2026Q1,渠道,SM212,closed
SO201782,C2808,华北,北线,BU-1,数据中台,174.19,2026-02-17,2026Q1,电商,SM195,closed
SO201783,C3542,华东,中线,BU-2,运营商网关,10.47,2025-05-09,2025Q2,电商,SM218,shipping
SO201784,C1325,华东,东线,BU-6,云平台,12.68,2024-01-05,2024Q1,直销,SM174,shipping
SO201785,C3499,华北,南线,BU-1,运营商网关,11.13,2025-03-02,2025Q1,电商,SM172,closed
SO201786,C3811,西南,北线,BU-1,AI 助理,90.97,2025-10-11,2025Q4,电商,SM167,pending
SO201787,C3603,华北,北线,BU-5,运营商网关,2.37,2026-02-04,2026Q1,项目集采,SM171,closed
SO201788,C2869,西南,北线,BU-6,云平台,108.71,2026-02-20,2026Q1,直销,SM153,closed
SO201789,C3309,华东,东线,BU-6,云平台,89.18,2024-05-25,2024Q2,渠道,SM234,closed
SO201790,C3435,华北,中线,BU-5,AI 助理,38.68,2026-03-18,2026Q1,项目集采,SM176,closed
SO201791,C3397,华东,中线,BU-4,智能客服,36.7,2026-02-07,2026Q1,项目集采,SM164,closed
SO201792,C2263,华中,中线,BU-4,云平台,10.4,2025-07-19,2025Q3,电商,SM214,closed
SO201793,C1799,华南,东线,BU-4,IT 服务,25.02,2025-05-04,2025Q2,直销,SM233,closed
SO201794,C3362,华南,南线,BU-4,云平台,1.2,2026-02-20,2026Q1,项目集采,SM212,closed
SO201795,C3703,华东,南线,BU-5,AI 助理,111.13,2024-05-22,2024Q2,电商,SM130,closed
SO201796,C3151,西南,南线,BU-5,BSS-OSS,36.94,2025-06-07,2025Q2,渠道,SM203,closed
SO201797,C1709,华南,南线,BU-1,数据中台,85.84,2026-01-23,2026Q1,直销,SM146,closed
SO201798,C1467,华北,中线,BU-2,BSS-OSS,41.6,2026-02-05,2026Q1,项目集采,SM243,closed
SO201799,C1968,华东,南线,BU-3,数据中台,86.87,2026-02-19,2026Q1,项目集采,SM165,closed
SO201800,C2912,华南,东线,BU-6,AI 助理,100.46,2025-02-02,2025Q1,项目集采,SM128,pending
SO201801,C3818,华东,东线,BU-1,云平台,29.94,2024-05-10,2024Q2,渠道,SM232,closed
SO201802,C1012,华北,南线,BU-2,数据中台,151.28,2024-08-24,2024Q3,直销,SM169,closed
SO201803,C1162,华东,北线,BU-5,智能客服,257.63,2025-12-25,2025Q4,渠道,SM186,pending
SO201804,C1525,西南,东线,BU-1,智能客服,28.19,2026-02-12,2026Q1,直销,SM198,closed
SO201805,C1029,华南,东线,BU-1,IT 服务,87.37,2026-03-12,2026Q1,电商,SM136,shipping
SO201806,C2773,华北,北线,BU-6,智能客服,7.68,2026-03-12,2026Q1,直销,SM201,closed
SO201807,C1073,华北,中线,BU-5,BSS-OSS,36.66,2026-01-19,2026Q1,渠道,SM214,closed
SO201808,C3409,华北,东线,BU-5,IT 服务,16.94,2025-08-25,2025Q3,直销,SM207,closed
SO201809,C2896,华中,中线,BU-6,云平台,46.85,2025-10-22,2025Q4,直销,SM235,closed
SO201810,C3580,华东,中线,BU-3,数据中台,45.67,2025-11-25,2025Q4,渠道,SM191,pending
SO201811,C2287,华南,北线,BU-6,智能客服,11.38,2025-01-15,2025Q1,项目集采,SM147,closed
SO201812,C1604,华东,东线,BU-5,BSS-OSS,21.42,2025-06-09,2025Q2,项目集采,SM238,closed
SO201813,C2429,华南,北线,BU-1,IT 服务,57.48,2025-02-22,2025Q1,直销,SM219,closed
SO201814,C3422,华中,中线,BU-3,IT 服务,54.61,2024-12-11,2024Q4,项目集采,SM225,shipping
SO201815,C1736,华中,北线,BU-5,AI 助理,7.55,2024-02-15,2024Q1,电商,SM138,closed
SO201816,C3114,华南,中线,BU-3,AI 助理,80.65,2024-10-13,2024Q4,渠道,SM242,closed
SO201817,C1730,华东,中线,BU-5,云平台,52.78,2026-02-14,2026Q1,直销,SM123,closed
SO201818,C2613,华南,中线,BU-2,AI 助理,3.98,2026-02-16,2026Q1,电商,SM117,closed
SO201819,C1967,华南,东线,BU-2,IT 服务,17.64,2025-02-09,2025Q1,渠道,SM220,closed
SO201820,C1073,华东,北线,BU-3,BSS-OSS,26.79,2024-06-19,2024Q2,项目集采,SM237,closed
SO201821,C3483,华南,北线,BU-4,AI 助理,5.84,2026-03-02,2026Q1,电商,SM193,closed
SO201822,C1050,华中,南线,BU-6,运营商网关,43.85,2025-05-01,2025Q2,渠道,SM137,closed
SO201823,C2201,华北,东线,BU-2,云平台,51.72,2026-01-11,2026Q1,渠道,SM170,closed
SO201824,C2366,华中,南线,BU-2,云平台,123.15,2024-08-11,2024Q3,渠道,SM213,closed
SO201825,C2521,华东,南线,BU-4,数据中台,30.89,2026-02-12,2026Q1,直销,SM179,closed
SO201826,C1888,华南,中线,BU-5,智能客服,19.33,2024-03-24,2024Q1,渠道,SM179,closed
SO201827,C3622,华北,北线,BU-2,云平台,126.46,2024-10-06,2024Q4,电商,SM243,closed
SO201828,C3953,华南,东线,BU-5,IT 服务,28.11,2026-03-24,2026Q1,直销,SM147,closed
SO201829,C1811,东北,东线,BU-6,IT 服务,6.82,2026-01-05,2026Q1,项目集采,SM119,closed
SO201830,C1649,华东,南线,BU-5,数据中台,135.85,2024-12-04,2024Q4,电商,SM237,closed
SO201831,C3519,华南,中线,BU-5,数据中台,126.63,2025-03-24,2025Q1,渠道,SM162,closed
SO201832,C3319,华东,北线,BU-6,数据中台,88.43,2024-04-18,2024Q2,直销,SM234,closed
SO201833,C3969,华北,中线,BU-2,IT 服务,72.04,2026-01-09,2026Q1,电商,SM238,closed
SO201834,C3787,华北,东线,BU-4,AI 助理,29.26,2024-01-04,2024Q1,渠道,SM110,closed
SO201835,C3805,华南,中线,BU-5,云平台,65.97,2025-08-05,2025Q3,渠道,SM124,closed
SO201836,C3291,华中,南线,BU-6,AI 助理,46.89,2025-04-09,2025Q2,直销,SM147,closed
SO201837,C1449,华中,中线,BU-2,运营商网关,19.4,2026-03-25,2026Q1,直销,SM248,closed
SO201838,C3646,华东,中线,BU-6,BSS-OSS,49.1,2024-11-23,2024Q4,直销,SM116,closed
SO201839,C1808,西南,东线,BU-3,数据中台,39.83,2024-01-07,2024Q1,项目集采,SM185,closed
SO201840,C1597,华中,南线,BU-1,AI 助理,175.35,2026-02-07,2026Q1,电商,SM233,shipping
SO201841,C1749,华北,中线,BU-4,BSS-OSS,53.24,2025-09-16,2025Q3,渠道,SM179,shipping
SO201842,C3434,华中,中线,BU-5,智能客服,132.2,2025-04-26,2025Q2,直销,SM231,closed
SO201843,C3498,华东,中线,BU-6,云平台,2.34,2025-04-09,2025Q2,直销,SM243,closed
SO201844,C4000,华中,中线,BU-6,AI 助理,119.79,2024-01-25,2024Q1,直销,SM230,shipping
SO201845,C2644,华东,北线,BU-5,IT 服务,7.95,2024-09-18,2024Q3,直销,SM116,closed
SO201846,C1257,华中,南线,BU-1,数据中台,56.25,2026-02-22,2026Q1,渠道,SM219,closed
SO201847,C3567,华中,北线,BU-4,数据中台,88.52,2025-02-20,2025Q1,项目集采,SM205,closed
SO201848,C2669,西南,东线,BU-6,云平台,2.69,2025-05-03,2025Q2,电商,SM144,closed
SO201849,C2152,华北,南线,BU-1,数据中台,5.27,2026-01-27,2026Q1,渠道,SM122,closed
SO201850,C1840,华中,中线,BU-3,运营商网关,30.56,2026-03-27,2026Q1,项目集采,SM204,closed
SO201851,C3243,西南,东线,BU-6,BSS-OSS,12.29,2025-06-07,2025Q2,项目集采,SM129,closed
SO201852,C3191,西南,东线,BU-5,BSS-OSS,21.81,2025-12-02,2025Q4,渠道,SM194,shipping
SO201853,C2523,华中,北线,BU-1,智能客服,8.61,2025-08-25,2025Q3,项目集采,SM110,closed
SO201854,C3161,华东,东线,BU-4,云平台,96.83,2024-08-26,2024Q3,项目集采,SM192,closed
SO201855,C2627,华中,东线,BU-3,智能客服,25.34,2026-03-20,2026Q1,电商,SM175,closed
SO201856,C2411,华南,中线,BU-3,数据中台,1.1409999999999998,2026-03-08,2026Q1,渠道,SM100,closed
SO201857,C1210,华南,中线,BU-2,IT 服务,16.68,2025-09-20,2025Q3,电商,SM174,closed
SO201858,C2433,西南,北线,BU-1,运营商网关,2.28,2024-04-23,2024Q2,项目集采,SM174,closed
SO201859,C3018,东北,中线,BU-1,IT 服务,54.48,2025-01-06,2025Q1,项目集采,SM142,closed
SO201860,C3542,华南,中线,BU-2,AI 助理,26.77,2026-02-07,2026Q1,电商,SM209,closed
SO201861,C2933,华中,中线,BU-6,智能客服,167.13,2026-02-05,2026Q1,渠道,SM228,closed
SO201862,C2911,华南,北线,BU-2,数据中台,14.48,2026-02-05,2026Q1,渠道,SM248,shipping
SO201863,C2455,华中,中线,BU-3,IT 服务,78.69,2025-12-03,2025Q4,电商,SM119,closed
SO201864,C2727,华北,中线,BU-2,IT 服务,77.06,2026-03-19,2026Q1,渠道,SM213,closed
SO201865,C2527,华南,东线,BU-1,BSS-OSS,15.58,2024-09-03,2024Q3,渠道,SM221,closed
SO201866,C2397,西南,中线,BU-6,AI 助理,33.08,2026-01-26,2026Q1,项目集采,SM167,closed
SO201867,C2606,华北,南线,BU-1,运营商网关,49.53,2026-03-07,2026Q1,渠道,SM126,closed
SO201868,C2755,华东,东线,BU-6,IT 服务,34.56,2024-01-25,2024Q1,直销,SM227,closed
SO201869,C1396,华中,北线,BU-6,IT 服务,48.65,2024-11-16,2024Q4,直销,SM222,closed
SO201870,C2861,华南,北线,BU-3,智能客服,26.95,2025-08-16,2025Q3,渠道,SM206,closed
SO201871,C3720,西南,中线,BU-1,数据中台,2.58,2026-03-18,2026Q1,渠道,SM215,closed
SO201872,C2888,华北,东线,BU-2,云平台,68.18,2024-01-13,2024Q1,渠道,SM180,closed
SO201873,C3063,华北,东线,BU-6,运营商网关,80.01,2026-03-08,2026Q1,电商,SM228,closed
SO201874,C2180,华北,中线,BU-2,IT 服务,77.29,2025-08-11,2025Q3,电商,SM129,closed
SO201875,C3740,华东,东线,BU-2,运营商网关,3.38,2024-09-27,2024Q3,项目集采,SM134,shipping
SO201876,C1167,华北,中线,BU-6,BSS-OSS,57.89,2026-02-17,2026Q1,项目集采,SM246,pending
SO201877,C3820,华东,东线,BU-2,BSS-OSS,36.75,2024-04-06,2024Q2,项目集采,SM145,closed
SO201878,C3708,华北,南线,BU-5,智能客服,97.92,2024-09-25,2024Q3,项目集采,SM168,closed
SO201879,C2225,西南,南线,BU-3,运营商网关,6.61,2026-02-15,2026Q1,直销,SM115,closed
SO201880,C1486,华北,南线,BU-5,BSS-OSS,82.17,2026-02-06,2026Q1,项目集采,SM138,closed
SO201881,C3008,西南,东线,BU-5,BSS-OSS,15.52,2025-10-04,2025Q4,直销,SM112,closed
SO201882,C1820,西南,北线,BU-3,AI 助理,48.53,2026-01-27,2026Q1,项目集采,SM209,closed
SO201883,C2260,西南,东线,BU-1,智能客服,58.13,2024-12-02,2024Q4,电商,SM140,closed
SO201884,C3368,华东,北线,BU-4,云平台,59.84,2025-09-14,2025Q3,直销,SM210,closed
SO201885,C1997,华北,中线,BU-3,数据中台,22.33,2025-12-02,2025Q4,渠道,SM246,closed
SO201886,C2388,华东,东线,BU-2,智能客服,38.83,2024-03-18,2024Q1,电商,SM211,closed
SO201887,C3522,华东,南线,BU-3,数据中台,6.13,2025-12-22,2025Q4,直销,SM114,closed
SO201888,C2008,华北,北线,BU-1,AI 助理,38.34,2024-06-25,2024Q2,渠道,SM108,closed
SO201889,C2932,西南,东线,BU-6,运营商网关,162.08,2025-08-05,2025Q3,直销,SM151,closed
SO201890,C2807,华南,南线,BU-5,IT 服务,33.31,2025-08-21,2025Q3,项目集采,SM241,closed
SO201891,C3306,华北,南线,BU-6,BSS-OSS,10.32,2025-10-01,2025Q4,项目集采,SM162,closed
SO201892,C2880,华东,北线,BU-5,运营商网关,12.43,2025-03-13,2025Q1,项目集采,SM247,closed
SO201893,C1788,华东,南线,BU-3,IT 服务,16.58,2024-12-13,2024Q4,项目集采,SM100,closed
SO201894,C2014,华东,南线,BU-6,运营商网关,162.77,2026-01-18,2026Q1,项目集采,SM227,closed
SO201895,C3566,华东,北线,BU-3,BSS-OSS,186.22,2025-08-04,2025Q3,项目集采,SM166,closed
SO201896,C1717,西南,北线,BU-4,智能客服,0.14,2025-07-17,2025Q3,渠道,SM111,closed
SO201897,C3474,东北,北线,BU-6,运营商网关,42.8,2025-11-13,2025Q4,电商,SM172,closed
SO201898,C1118,华东,东线,BU-2,云平台,30.14,2026-01-16,2026Q1,直销,SM202,closed
SO201899,C2369,华东,东线,BU-1,BSS-OSS,101.71,2026-01-25,2026Q1,电商,SM180,closed
SO201900,C2423,华北,中线,BU-2,IT 服务,16.46,2025-06-04,2025Q2,直销,SM113,closed
SO201901,C2961,华北,东线,BU-1,IT 服务,41.39,2026-03-09,2026Q1,直销,SM241,closed
SO201902,C3225,华中,南线,BU-3,运营商网关,77.83,2024-09-02,2024Q3,直销,SM121,closed
SO201903,C3011,华东,北线,BU-4,IT 服务,46.83,2024-03-27,2024Q1,渠道,SM136,closed
SO201904,C1136,华南,南线,BU-1,运营商网关,181.97,2024-01-02,2024Q1,直销,SM131,closed
SO201905,C1176,华中,北线,BU-6,AI 助理,47.09,2024-10-22,2024Q4,渠道,SM123,closed
SO201906,C1389,华南,南线,BU-6,BSS-OSS,2.33,2025-02-23,2025Q1,项目集采,SM154,closed
SO201907,C2798,华东,中线,BU-3,BSS-OSS,59.26,2025-11-23,2025Q4,渠道,SM109,closed
SO201908,C1596,华东,北线,BU-4,运营商网关,138.87,2026-01-27,2026Q1,电商,SM192,closed
SO201909,C1607,华东,中线,BU-3,智能客服,22.58,2024-01-18,2024Q1,电商,SM172,closed
SO201910,C1620,华东,南线,BU-6,智能客服,30.59,2024-11-07,2024Q4,渠道,SM103,shipping
SO201911,C2874,西南,北线,BU-1,智能客服,22.38,2024-03-07,2024Q1,项目集采,SM215,closed
SO201912,C1541,华东,南线,BU-4,数据中台,69.69,2026-02-05,2026Q1,项目集采,SM101,shipping
SO201913,C1929,西南,北线,BU-6,云平台,66.54,2025-07-08,2025Q3,直销,SM110,closed
SO201914,C2840,华中,东线,BU-1,IT 服务,239.01,2026-01-20,2026Q1,电商,SM145,shipping
SO201915,C1137,西南,中线,BU-6,运营商网关,21.23,2024-03-05,2024Q1,电商,SM107,closed
SO201916,C3311,华北,北线,BU-2,数据中台,41.43,2024-12-17,2024Q4,项目集采,SM235,closed
SO201917,C2660,华北,北线,BU-6,智能客服,97.7,2026-01-09,2026Q1,直销,SM115,closed
SO201918,C3356,华中,东线,BU-5,AI 助理,24.05,2026-01-10,2026Q1,电商,SM225,closed
SO201919,C1855,华北,南线,BU-1,AI 助理,3.55,2024-07-26,2024Q3,直销,SM155,shipping
SO201920,C2078,华南,北线,BU-3,运营商网关,57.06399999999999,2026-02-26,2026Q1,直销,SM147,pending
SO201921,C2757,华中,南线,BU-4,数据中台,62.39,2025-02-27,2025Q1,电商,SM231,closed
SO201922,C2897,华中,北线,BU-5,IT 服务,124.85,2025-04-27,2025Q2,电商,SM220,closed
SO201923,C2783,西南,中线,BU-4,IT 服务,14.63,2024-01-22,2024Q1,渠道,SM170,pending
SO201924,C1075,西南,南线,BU-5,智能客服,41.71,2025-12-11,2025Q4,电商,SM113,shipping
SO201925,C2276,华北,东线,BU-6,数据中台,5.8,2026-03-16,2026Q1,渠道,SM209,shipping
SO201926,C2492,西南,北线,BU-6,运营商网关,75.97,2025-01-19,2025Q1,渠道,SM186,closed
SO201927,C2327,华北,南线,BU-3,云平台,136.42,2026-02-06,2026Q1,直销,SM109,pending
SO201928,C2188,华北,北线,BU-5,AI 助理,18.95,2026-03-26,2026Q1,渠道,SM249,closed
SO201929,C2053,华东,南线,BU-3,智能客服,0.61,2025-08-26,2025Q3,渠道,SM215,closed
SO201930,C2428,华东,北线,BU-2,IT 服务,110.76,2025-04-11,2025Q2,直销,SM161,shipping
SO201931,C1863,东北,东线,BU-1,BSS-OSS,4.48,2025-01-12,2025Q1,直销,SM109,closed
SO201932,C3786,华南,中线,BU-1,云平台,291.12,2025-02-19,2025Q1,电商,SM239,closed
SO201933,C2067,华北,北线,BU-3,运营商网关,3.56,2026-03-17,2026Q1,项目集采,SM205,closed
SO201934,C3995,华南,北线,BU-4,智能客服,25.74,2025-11-04,2025Q4,项目集采,SM202,shipping
SO201935,C1583,华中,南线,BU-5,BSS-OSS,62.16,2025-03-18,2025Q1,项目集采,SM148,closed
SO201936,C1110,华东,南线,BU-6,智能客服,241.61,2026-03-16,2026Q1,项目集采,SM230,closed
SO201937,C2081,华东,北线,BU-1,BSS-OSS,2.12,2025-01-14,2025Q1,项目集采,SM247,shipping
SO201938,C1424,华中,北线,BU-4,BSS-OSS,26.03,2026-03-14,2026Q1,电商,SM173,closed
SO201939,C2012,华北,东线,BU-3,运营商网关,107.52,2025-12-10,2025Q4,直销,SM247,closed
SO201940,C2044,华东,南线,BU-1,数据中台,59.52,2025-04-07,2025Q2,直销,SM133,closed
SO201941,C1502,华东,南线,BU-4,AI 助理,89.07,2025-02-03,2025Q1,项目集采,SM105,closed
SO201942,C3917,华北,中线,BU-6,AI 助理,132.81,2026-01-13,2026Q1,项目集采,SM206,closed
SO201943,C2994,华南,东线,BU-2,IT 服务,30.85,2025-05-27,2025Q2,项目集采,SM176,closed
SO201944,C2195,华中,北线,BU-5,云平台,18.19,2025-11-21,2025Q4,电商,SM164,shipping
SO201945,C2418,华东,东线,BU-2,云平台,18.87,2026-03-18,2026Q1,直销,SM122,closed
SO201946,C3929,华东,南线,BU-5,IT 服务,36.4,2026-03-25,2026Q1,直销,SM239,closed
SO201947,C3352,华东,北线,BU-1,智能客服,96.09,2026-01-20,2026Q1,渠道,SM182,closed
SO201948,C2950,华东,东线,BU-1,智能客服,28.53,2024-11-08,2024Q4,项目集采,SM105,closed
SO201949,C3137,东北,南线,BU-6,BSS-OSS,79.3,2026-01-19,2026Q1,电商,SM147,closed
SO201950,C2710,西南,东线,BU-6,数据中台,17.87,2026-03-01,2026Q1,项目集采,SM190,closed
SO201951,C3258,华北,东线,BU-5,BSS-OSS,20.13,2025-07-26,2025Q3,电商,SM196,closed
SO201952,C2912,华北,南线,BU-4,运营商网关,138.63,2026-03-17,2026Q1,电商,SM250,closed
SO201953,C3688,西南,中线,BU-4,AI 助理,26.34,2025-02-17,2025Q1,项目集采,SM232,closed
SO201954,C2923,华中,中线,BU-3,AI 助理,116.47,2025-02-15,2025Q1,项目集采,SM185,shipping
SO201955,C2791,华北,中线,BU-2,IT 服务,2.1,2026-01-26,2026Q1,渠道,SM103,shipping
SO201956,C2381,华北,东线,BU-5,智能客服,32.82,2025-08-10,2025Q3,直销,SM233,closed
SO201957,C3010,东北,东线,BU-4,BSS-OSS,175.28,2026-01-03,2026Q1,渠道,SM177,closed
SO201958,C3589,华南,南线,BU-4,IT 服务,11.46,2024-02-09,2024Q1,直销,SM105,closed
SO201959,C1198,华南,东线,BU-3,BSS-OSS,41.81,2025-08-19,2025Q3,电商,SM206,closed
SO201960,C2100,华北,中线,BU-4,运营商网关,10.21,2026-01-17,2026Q1,直销,SM132,closed
SO201961,C2731,华中,南线,BU-5,AI 助理,8.15,2025-07-27,2025Q3,电商,SM152,closed
SO201962,C3645,华东,北线,BU-2,IT 服务,179.99,2024-11-08,2024Q4,直销,SM191,closed
SO201963,C2508,华中,北线,BU-5,智能客服,10.49,2025-11-04,2025Q4,渠道,SM199,closed
SO201964,C1124,华东,东线,BU-4,云平台,78.73,2026-01-01,2026Q1,渠道,SM199,closed
SO201965,C3508,西南,南线,BU-1,云平台,22.38,2025-02-26,2025Q1,直销,SM135,shipping
SO201966,C3193,西南,北线,BU-5,运营商网关,23.46,2024-09-23,2024Q3,直销,SM177,shipping
SO201967,C2838,华南,南线,BU-4,BSS-OSS,38.2,2025-04-12,2025Q2,渠道,SM131,closed
SO201968,C1815,华北,北线,BU-4,BSS-OSS,123.76,2025-01-07,2025Q1,渠道,SM161,shipping
SO201969,C1715,华南,南线,BU-1,云平台,2.07,2026-01-12,2026Q1,直销,SM236,closed
SO201970,C3803,华北,东线,BU-2,BSS-OSS,72.78,2024-06-18,2024Q2,电商,SM208,pending
SO201971,C1204,华东,中线,BU-6,IT 服务,138.37,2026-01-02,2026Q1,渠道,SM114,closed
SO201972,C2619,华南,北线,BU-4,数据中台,154.4,2026-03-19,2026Q1,电商,SM125,shipping
SO201973,C1651,华北,东线,BU-1,BSS-OSS,112.97,2026-02-04,2026Q1,直销,SM197,closed
SO201974,C3314,华北,南线,BU-2,BSS-OSS,41.71,2024-09-10,2024Q3,电商,SM104,closed
SO201975,C1969,华北,东线,BU-2,云平台,112.67,2024-11-09,2024Q4,直销,SM120,closed
SO201976,C2275,华中,东线,BU-1,AI 助理,13.67,2025-09-25,2025Q3,电商,SM222,closed
SO201977,C3707,华中,北线,BU-6,智能客服,86.91,2025-02-07,2025Q1,项目集采,SM209,closed
SO201978,C3102,华南,北线,BU-3,智能客服,57.1,2025-04-09,2025Q2,渠道,SM103,closed
SO201979,C2487,华东,中线,BU-1,IT 服务,52.89,2025-03-27,2025Q1,渠道,SM156,closed
SO201980,C3349,华南,中线,BU-4,数据中台,36.61,2026-03-06,2026Q1,直销,SM165,closed
SO201981,C1750,华东,中线,BU-1,IT 服务,28.87,2026-02-14,2026Q1,渠道,SM209,closed
SO201982,C1646,华北,中线,BU-6,AI 助理,30.11,2026-02-09,2026Q1,电商,SM155,shipping
SO201983,C3482,华东,东线,BU-2,BSS-OSS,9.93,2025-08-26,2025Q3,项目集采,SM249,closed
SO201984,C1051,东北,北线,BU-2,IT 服务,12.09,2026-02-23,2026Q1,项目集采,SM126,closed
SO201985,C3848,华东,中线,BU-3,云平台,27.47,2025-02-21,2025Q1,项目集采,SM105,shipping
SO201986,C3537,华北,北线,BU-3,BSS-OSS,4.83,2025-07-23,2025Q3,电商,SM183,shipping
SO201987,C3097,华中,中线,BU-1,IT 服务,14.6,2026-02-17,2026Q1,项目集采,SM196,closed
SO201988,C1297,华北,东线,BU-5,云平台,63.75,2026-03-27,2026Q1,项目集采,SM215,closed
SO201989,C1648,华东,北线,BU-5,AI 助理,27.63,2026-02-01,2026Q1,电商,SM100,shipping
SO201990,C2223,西南,中线,BU-3,BSS-OSS,13.49,2024-10-04,2024Q4,直销,SM106,closed
SO201991,C1530,华中,北线,BU-5,IT 服务,19.25,2026-03-09,2026Q1,渠道,SM197,closed
SO201992,C2388,西南,南线,BU-3,智能客服,1.64,2026-03-13,2026Q1,直销,SM246,shipping
SO201993,C2182,华北,南线,BU-1,数据中台,30.67,2026-03-11,2026Q1,电商,SM207,shipping
SO201994,C2141,华东,东线,BU-4,IT 服务,46.77,2025-11-24,2025Q4,渠道,SM108,closed
SO201995,C3101,西南,东线,BU-3,IT 服务,14.64,2025-02-15,2025Q1,渠道,SM173,closed
SO201996,C1130,华东,中线,BU-4,BSS-OSS,58.58,2025-08-22,2025Q3,项目集采,SM117,closed
SO201997,C2470,华中,南线,BU-3,BSS-OSS,26.62,2025-01-17,2025Q1,直销,SM156,pending
SO201998,C3669,华东,南线,BU-5,智能客服,92.56,2026-03-20,2026Q1,项目集采,SM200,closed
SO201999,C1214,华东,南线,BU-4,运营商网关,53.69,2025-10-12,2025Q4,电商,SM208,closed
SO202000,C3971,华东,南线,BU-2,IT 服务,115.33,2025-06-09,2025Q2,直销,SM107,closed
SO202001,C3833,华东,东线,BU-2,IT 服务,61.1,2026-01-21,2026Q1,项目集采,SM240,shipping
SO202002,C1988,华东,东线,BU-2,运营商网关,83.72,2026-03-27,2026Q1,渠道,SM235,closed
SO202003,C1162,华南,中线,BU-5,云平台,14.15,2025-04-02,2025Q2,电商,SM145,shipping
SO202004,C2334,东北,东线,BU-3,云平台,26.31,2024-04-16,2024Q2,直销,SM210,closed
SO202005,C1159,华东,北线,BU-4,云平台,33.33,2024-09-03,2024Q3,项目集采,SM128,shipping
SO202006,C3666,西南,东线,BU-6,数据中台,77.0,2026-03-11,2026Q1,直销,SM100,closed
SO202007,C3133,华北,北线,BU-2,云平台,57.22,2026-02-07,2026Q1,直销,SM200,closed
SO202008,C2715,华东,中线,BU-6,IT 服务,4.03,2026-02-23,2026Q1,直销,SM216,shipping
SO202009,C3168,华南,南线,BU-3,智能客服,8.168999999999999,2026-01-05,2026Q1,直销,SM246,shipping
SO202010,C1112,华南,中线,BU-5,IT 服务,45.38,2025-02-11,2025Q1,电商,SM223,closed
SO202011,C2005,华北,北线,BU-2,运营商网关,33.7,2024-04-27,2024Q2,直销,SM205,closed
SO202012,C3848,西南,中线,BU-1,运营商网关,9.14,2025-11-02,2025Q4,电商,SM159,closed
SO202013,C2666,华东,中线,BU-3,智能客服,41.3,2025-06-07,2025Q2,直销,SM165,closed
SO202014,C3457,华东,中线,BU-4,数据中台,25.79,2026-01-22,2026Q1,电商,SM185,closed
SO202015,C3275,华北,中线,BU-1,BSS-OSS,32.16,2025-11-27,2025Q4,项目集采,SM222,closed
SO202016,C3634,华东,中线,BU-3,智能客服,61.31,2026-01-24,2026Q1,项目集采,SM149,shipping
SO202017,C1044,华北,北线,BU-5,数据中台,98.82,2026-02-08,2026Q1,电商,SM137,closed
SO202018,C1390,华中,东线,BU-6,智能客服,37.48,2026-02-16,2026Q1,渠道,SM182,pending
SO202019,C2284,华中,北线,BU-4,云平台,0.89,2025-11-22,2025Q4,项目集采,SM127,closed
SO202020,C2189,华东,北线,BU-6,BSS-OSS,147.87,2024-11-24,2024Q4,直销,SM223,closed
SO202021,C1453,西南,东线,BU-1,IT 服务,4.86,2025-01-20,2025Q1,直销,SM196,closed
SO202022,C3384,华北,东线,BU-4,BSS-OSS,17.99,2026-02-17,2026Q1,电商,SM158,closed
SO202023,C3762,华东,东线,BU-1,BSS-OSS,14.12,2026-01-06,2026Q1,渠道,SM243,closed
SO202024,C1485,华北,中线,BU-4,IT 服务,2.16,2025-10-18,2025Q4,电商,SM245,closed
SO202025,C1466,华南,南线,BU-1,运营商网关,54.89,2026-02-04,2026Q1,直销,SM245,closed
SO202026,C2208,东北,南线,BU-5,云平台,26.05,2024-04-05,2024Q2,项目集采,SM170,closed
SO202027,C1703,华南,南线,BU-2,云平台,20.95,2025-01-24,2025Q1,电商,SM106,closed
SO202028,C3419,华中,南线,BU-3,智能客服,9.02,2024-10-14,2024Q4,渠道,SM199,closed
SO202029,C1370,华中,中线,BU-4,智能客服,79.19,2026-03-12,2026Q1,直销,SM137,closed
SO202030,C1771,华中,中线,BU-4,数据中台,31.56,2025-08-19,2025Q3,渠道,SM198,closed
SO202031,C1408,西南,南线,BU-6,云平台,1.91,2025-11-07,2025Q4,直销,SM208,closed
SO202032,C3009,华北,东线,BU-4,智能客服,126.84,2026-03-03,2026Q1,直销,SM232,closed
SO202033,C1105,西南,南线,BU-4,智能客服,42.25,2026-01-06,2026Q1,渠道,SM184,closed
SO202034,C2943,东北,南线,BU-5,数据中台,2.4,2024-02-18,2024Q1,直销,SM240,pending
SO202035,C2822,华南,南线,BU-2,IT 服务,30.11,2024-09-21,2024Q3,渠道,SM250,closed
SO202036,C3838,华北,北线,BU-6,IT 服务,2.71,2024-06-11,2024Q2,电商,SM215,closed
SO202037,C2155,西南,中线,BU-5,BSS-OSS,58.9,2026-01-27,2026Q1,项目集采,SM224,closed
SO202038,C3220,华南,南线,BU-5,BSS-OSS,6.91,2025-10-22,2025Q4,直销,SM148,closed
SO202039,C1763,华东,中线,BU-6,智能客服,74.54,2025-12-02,2025Q4,直销,SM224,closed
SO202040,C3340,华南,北线,BU-6,智能客服,34.49,2025-06-15,2025Q2,直销,SM144,closed
SO202041,C3465,华南,南线,BU-2,AI 助理,11.23,2024-07-10,2024Q3,直销,SM241,closed
SO202042,C1917,华南,北线,BU-5,IT 服务,14.04,2026-02-08,2026Q1,渠道,SM109,shipping
SO202043,C1489,华中,东线,BU-1,AI 助理,40.31,2026-01-27,2026Q1,渠道,SM244,closed
SO202044,C2710,华北,北线,BU-4,智能客服,39.74,2026-03-11,2026Q1,项目集采,SM133,closed
SO202045,C1170,华北,东线,BU-2,IT 服务,33.18,2025-04-18,2025Q2,项目集采,SM163,closed
SO202046,C3736,华南,东线,BU-3,BSS-OSS,14.76,2025-03-05,2025Q1,项目集采,SM167,pending
SO202047,C3810,华南,中线,BU-2,云平台,4.49,2025-12-24,2025Q4,项目集采,SM137,closed
SO202048,C3551,华北,南线,BU-2,智能客服,30.23,2025-10-22,2025Q4,直销,SM228,closed
SO202049,C2755,华北,北线,BU-6,IT 服务,90.32,2025-09-09,2025Q3,直销,SM246,closed
SO202050,C2279,华南,南线,BU-5,运营商网关,3.02,2025-11-21,2025Q4,直销,SM221,closed
SO202051,C3596,华北,南线,BU-6,云平台,171.9,2024-06-23,2024Q2,电商,SM129,closed
SO202052,C3484,华中,中线,BU-5,云平台,130.1,2026-03-24,2026Q1,项目集采,SM157,closed
SO202053,C1736,华南,东线,BU-1,智能客服,44.76,2024-10-13,2024Q4,渠道,SM179,closed
SO202054,C3409,华东,东线,BU-4,数据中台,12.92,2026-02-27,2026Q1,渠道,SM140,shipping
SO202055,C3143,西南,南线,BU-1,AI 助理,21.42,2026-03-03,2026Q1,项目集采,SM111,closed
SO202056,C3887,华北,中线,BU-4,智能客服,32.96,2026-02-17,2026Q1,渠道,SM234,closed
SO202057,C2128,华东,中线,BU-4,IT 服务,85.64,2025-01-21,2025Q1,直销,SM178,closed
SO202058,C2751,华东,东线,BU-4,BSS-OSS,5.28,2026-03-07,2026Q1,项目集采,SM208,closed
SO202059,C1811,华南,中线,BU-2,运营商网关,32.56,2026-01-13,2026Q1,渠道,SM175,closed
SO202060,C3431,华中,中线,BU-3,运营商网关,57.06,2025-01-24,2025Q1,渠道,SM146,closed
SO202061,C3564,华东,东线,BU-5,云平台,155.31,2026-01-01,2026Q1,电商,SM152,closed
SO202062,C2449,华东,东线,BU-4,数据中台,185.66,2024-10-16,2024Q4,直销,SM215,closed
SO202063,C2993,东北,东线,BU-1,运营商网关,136.0,2024-08-01,2024Q3,电商,SM178,closed
SO202064,C3440,华东,北线,BU-2,数据中台,216.7,2026-01-06,2026Q1,电商,SM120,closed
SO202065,C1698,华东,北线,BU-6,IT 服务,32.74,2025-05-11,2025Q2,直销,SM133,closed
SO202066,C1055,华北,东线,BU-5,智能客服,2.49,2025-04-09,2025Q2,渠道,SM161,closed
SO202067,C1569,华东,南线,BU-1,BSS-OSS,3.58,2024-04-17,2024Q2,电商,SM162,closed
SO202068,C2468,华南,北线,BU-1,智能客服,38.45,2024-06-22,2024Q2,电商,SM214,closed
SO202069,C2300,华北,北线,BU-5,运营商网关,36.79,2024-09-03,2024Q3,渠道,SM123,closed
SO202070,C2016,华中,南线,BU-3,BSS-OSS,77.52,2024-05-22,2024Q2,直销,SM126,closed
SO202071,C1391,华中,北线,BU-4,运营商网关,4.74,2024-02-22,2024Q1,电商,SM148,shipping
SO202072,C1916,华东,东线,BU-1,AI 助理,0.69,2024-04-05,2024Q2,直销,SM161,closed
SO202073,C3152,华中,东线,BU-6,数据中台,10.08,2025-01-12,2025Q1,直销,SM180,pending
SO202074,C3835,华东,北线,BU-4,数据中台,31.84,2025-09-09,2025Q3,项目集采,SM173,pending
SO202075,C3449,华南,中线,BU-2,运营商网关,193.75,2026-01-16,2026Q1,电商,SM106,closed
SO202076,C3955,华南,东线,BU-1,云平台,53.76,2025-03-27,2025Q1,项目集采,SM192,closed
SO202077,C1338,华南,中线,BU-2,数据中台,42.38,2024-01-09,2024Q1,渠道,SM226,closed
SO202078,C2412,华东,东线,BU-4,数据中台,96.83,2026-01-01,2026Q1,直销,SM240,closed
SO202079,C2071,华南,中线,BU-5,运营商网关,57.07,2026-01-03,2026Q1,项目集采,SM246,pending
SO202080,C1209,华东,东线,BU-3,AI 助理,313.3,2025-10-15,2025Q4,电商,SM233,closed
SO202081,C2197,华中,南线,BU-3,BSS-OSS,49.54,2026-01-25,2026Q1,电商,SM214,closed
SO202082,C1457,华东,东线,BU-6,AI 助理,26.3,2024-03-24,2024Q1,电商,SM139,closed
SO202083,C1107,东北,中线,BU-1,数据中台,4.35,2025-12-20,2025Q4,渠道,SM161,closed
SO202084,C1347,华东,南线,BU-5,IT 服务,15.95,2026-01-09,2026Q1,项目集采,SM220,closed
SO202085,C2686,华中,北线,BU-1,云平台,43.75,2025-05-20,2025Q2,渠道,SM150,closed
SO202086,C3120,西南,中线,BU-5,BSS-OSS,3.03,2026-03-13,2026Q1,项目集采,SM123,closed
SO202087,C1929,华东,南线,BU-4,IT 服务,45.24,2026-03-17,2026Q1,电商,SM218,closed
SO202088,C3064,华南,南线,BU-5,AI 助理,78.19,2024-02-14,2024Q1,直销,SM212,closed
SO202089,C3778,华南,南线,BU-6,智能客服,0.2,2025-09-26,2025Q3,项目集采,SM169,closed
SO202090,C3149,华南,中线,BU-2,数据中台,29.97,2025-03-05,2025Q1,电商,SM175,closed
SO202091,C2064,华中,北线,BU-3,智能客服,18.27,2026-03-25,2026Q1,直销,SM109,closed
SO202092,C3848,华东,北线,BU-5,数据中台,200.94,2025-07-11,2025Q3,渠道,SM156,closed
SO202093,C1944,华南,中线,BU-6,智能客服,6.24,2024-10-20,2024Q4,项目集采,SM113,closed
SO202094,C3585,华东,北线,BU-5,运营商网关,3.42,2025-05-09,2025Q2,电商,SM147,closed
SO202095,C3894,华东,南线,BU-1,云平台,8.6,2026-02-03,2026Q1,直销,SM182,closed
SO202096,C2816,华南,南线,BU-6,AI 助理,2.38,2024-12-11,2024Q4,直销,SM227,shipping
SO202097,C1538,华东,东线,BU-6,IT 服务,24.95,2025-09-22,2025Q3,直销,SM181,shipping
SO202098,C2146,华北,东线,BU-3,IT 服务,26.09,2026-02-22,2026Q1,项目集采,SM188,closed
SO202099,C1872,华南,南线,BU-5,云平台,62.27,2024-08-04,2024Q3,直销,SM149,closed
SO202100,C3443,西南,中线,BU-5,云平台,46.54,2025-05-13,2025Q2,直销,SM132,closed
SO202101,C3090,华北,北线,BU-1,数据中台,75.15,2024-07-18,2024Q3,电商,SM193,closed
SO202102,C1195,东北,北线,BU-6,数据中台,7.06,2025-10-03,2025Q4,直销,SM208,closed
SO202103,C3515,华北,北线,BU-6,运营商网关,2.34,2025-03-13,2025Q1,渠道,SM223,closed
SO202104,C3987,东北,中线,BU-5,云平台,62.32,2025-03-21,2025Q1,项目集采,SM119,closed
SO202105,C3977,华东,南线,BU-3,IT 服务,65.85,2025-12-27,2025Q4,电商,SM227,closed
SO202106,C3361,华北,中线,BU-6,数据中台,44.83,2026-02-03,2026Q1,项目集采,SM184,closed
SO202107,C2040,华南,北线,BU-2,BSS-OSS,120.49,2025-01-19,2025Q1,电商,SM114,closed
SO202108,C1395,华南,中线,BU-6,IT 服务,70.74,2026-03-24,2026Q1,电商,SM135,closed
SO202109,C2327,西南,中线,BU-3,数据中台,12.32,2026-01-21,2026Q1,渠道,SM228,closed
SO202110,C3137,东北,东线,BU-3,智能客服,55.16,2026-01-11,2026Q1,直销,SM135,closed
SO202111,C3985,华北,中线,BU-4,AI 助理,48.79,2025-06-18,2025Q2,项目集采,SM184,closed
SO202112,C1967,东北,中线,BU-1,数据中台,3.93,2024-06-18,2024Q2,电商,SM241,closed
SO202113,C3967,华北,南线,BU-4,AI 助理,29.49,2025-06-06,2025Q2,项目集采,SM124,closed
SO202114,C1247,华北,北线,BU-4,AI 助理,139.73,2024-03-25,2024Q1,直销,SM202,closed
SO202115,C3553,华北,北线,BU-6,云平台,43.91,2026-03-13,2026Q1,电商,SM228,closed
SO202116,C1342,华东,东线,BU-1,运营商网关,51.06,2026-02-25,2026Q1,直销,SM241,closed
SO202117,C1808,华东,中线,BU-6,运营商网关,33.06,2025-11-16,2025Q4,渠道,SM143,closed
SO202118,C1657,华北,东线,BU-1,云平台,7.33,2024-07-23,2024Q3,直销,SM194,closed
SO202119,C3689,华南,中线,BU-4,AI 助理,38.3,2026-03-17,2026Q1,电商,SM237,closed
SO202120,C3137,华南,北线,BU-5,数据中台,18.81,2025-11-15,2025Q4,渠道,SM197,closed
SO202121,C1321,华南,中线,BU-3,运营商网关,244.2,2024-07-23,2024Q3,直销,SM183,closed
SO202122,C3483,西南,中线,BU-3,IT 服务,50.05,2026-03-05,2026Q1,直销,SM155,closed
SO202123,C3377,华东,东线,BU-5,BSS-OSS,80.93,2026-01-26,2026Q1,项目集采,SM196,closed
SO202124,C3630,华南,南线,BU-4,数据中台,11.78,2024-03-13,2024Q1,直销,SM134,closed
SO202125,C3723,华东,东线,BU-6,云平台,86.05,2024-03-06,2024Q1,项目集采,SM102,closed
SO202126,C1794,华南,南线,BU-2,数据中台,84.99,2026-01-02,2026Q1,渠道,SM111,closed
SO202127,C2580,华北,北线,BU-1,BSS-OSS,3.92,2026-03-14,2026Q1,电商,SM217,closed
SO202128,C1682,华东,东线,BU-3,运营商网关,4.42,2025-09-26,2025Q3,渠道,SM249,closed
SO202129,C3301,西南,南线,BU-1,运营商网关,2.89,2026-01-03,2026Q1,电商,SM172,closed
SO202130,C3221,华东,东线,BU-5,运营商网关,10.45,2026-03-25,2026Q1,项目集采,SM103,shipping
SO202131,C1972,华南,南线,BU-2,运营商网关,12.52,2026-02-09,2026Q1,直销,SM131,closed
SO202132,C1657,华中,中线,BU-1,运营商网关,80.38,2025-12-03,2025Q4,直销,SM217,closed
SO202133,C1435,华东,中线,BU-6,AI 助理,113.98,2024-11-15,2024Q4,项目集采,SM209,closed
SO202134,C1389,西南,北线,BU-5,BSS-OSS,138.23,2026-03-22,2026Q1,项目集采,SM229,shipping
SO202135,C2642,华东,中线,BU-4,AI 助理,6.41,2024-07-03,2024Q3,项目集采,SM202,shipping
SO202136,C2488,华东,南线,BU-3,运营商网关,39.25,2024-05-18,2024Q2,项目集采,SM212,closed
SO202137,C1039,华东,东线,BU-4,IT 服务,0.82,2025-07-07,2025Q3,渠道,SM138,closed
SO202138,C2058,华中,北线,BU-1,BSS-OSS,0.29,2026-02-06,2026Q1,项目集采,SM241,closed
SO202139,C2198,华东,北线,BU-2,AI 助理,7.4,2026-02-17,2026Q1,渠道,SM193,closed
SO202140,C3433,华东,东线,BU-1,BSS-OSS,81.87,2026-03-05,2026Q1,直销,SM165,closed
SO202141,C2802,华北,北线,BU-3,云平台,26.75,2026-02-09,2026Q1,直销,SM162,closed
SO202142,C2828,华中,中线,BU-5,运营商网关,98.22,2026-03-02,2026Q1,电商,SM175,closed
SO202143,C2872,华东,南线,BU-1,BSS-OSS,159.88,2025-07-13,2025Q3,项目集采,SM220,closed
SO202144,C3301,西南,中线,BU-4,云平台,3.29,2026-02-19,2026Q1,电商,SM218,closed
SO202145,C3717,华中,中线,BU-1,云平台,33.73,2026-03-07,2026Q1,项目集采,SM154,closed
SO202146,C2424,华南,中线,BU-6,AI 助理,58.1,2025-02-16,2025Q1,项目集采,SM216,closed
SO202147,C3791,华东,南线,BU-2,AI 助理,29.25,2025-06-08,2025Q2,电商,SM191,closed
SO202148,C1887,华东,南线,BU-3,云平台,1.04,2024-12-14,2024Q4,电商,SM108,closed
SO202149,C1578,华东,北线,BU-5,智能客服,2.12,2024-01-05,2024Q1,项目集采,SM250,pending
SO202150,C1864,华东,中线,BU-1,IT 服务,7.01,2026-01-24,2026Q1,直销,SM108,closed
SO202151,C3637,华东,中线,BU-5,云平台,23.4,2026-02-04,2026Q1,电商,SM202,closed
SO202152,C1039,华中,南线,BU-6,运营商网关,84.23,2026-01-11,2026Q1,直销,SM177,closed
SO202153,C1387,华中,北线,BU-6,运营商网关,1.98,2026-03-25,2026Q1,直销,SM174,shipping
SO202154,C1874,华北,东线,BU-4,云平台,42.66,2025-07-17,2025Q3,项目集采,SM123,closed
SO202155,C1805,华东,南线,BU-4,智能客服,49.39,2024-01-03,2024Q1,电商,SM236,closed
SO202156,C1320,华南,中线,BU-1,数据中台,16.92,2026-03-08,2026Q1,直销,SM245,closed
SO202157,C3883,华东,北线,BU-3,数据中台,38.34,2024-04-21,2024Q2,渠道,SM184,closed
SO202158,C1179,华东,北线,BU-2,运营商网关,3.34,2024-04-14,2024Q2,渠道,SM204,closed
SO202159,C1257,华南,北线,BU-1,IT 服务,34.07,2026-02-27,2026Q1,电商,SM218,closed
SO202160,C1481,华南,南线,BU-5,AI 助理,59.98,2025-02-24,2025Q1,电商,SM114,closed
SO202161,C2736,华南,南线,BU-6,云平台,46.7,2025-02-05,2025Q1,电商,SM154,closed
SO202162,C3958,华东,北线,BU-2,运营商网关,55.08,2025-11-19,2025Q4,项目集采,SM240,closed
SO202163,C2922,华东,北线,BU-3,云平台,313.01,2026-01-24,2026Q1,电商,SM212,closed
SO202164,C3410,西南,北线,BU-4,AI 助理,0.82,2026-02-18,2026Q1,项目集采,SM166,closed
SO202165,C2693,西南,北线,BU-1,云平台,30.27,2026-03-21,2026Q1,项目集采,SM164,closed
SO202166,C2921,华南,南线,BU-3,IT 服务,0.98,2025-06-23,2025Q2,直销,SM174,closed
SO202167,C3578,华北,中线,BU-5,IT 服务,35.09,2025-10-22,2025Q4,电商,SM212,closed
SO202168,C2061,华东,东线,BU-2,IT 服务,144.06,2025-10-01,2025Q4,渠道,SM199,closed
SO202169,C1691,华东,中线,BU-3,IT 服务,7.47,2024-01-20,2024Q1,电商,SM128,closed
SO202170,C3920,华东,东线,BU-6,BSS-OSS,25.66,2025-02-20,2025Q1,电商,SM184,closed
SO202171,C2757,华东,北线,BU-2,IT 服务,46.46,2026-03-22,2026Q1,电商,SM235,closed
SO202172,C1734,华中,东线,BU-5,数据中台,10.15,2025-03-24,2025Q1,电商,SM125,closed
SO202173,C1847,华北,中线,BU-6,云平台,43.67,2025-02-05,2025Q1,直销,SM142,closed
SO202174,C3301,华东,北线,BU-6,云平台,113.4,2026-03-27,2026Q1,电商,SM153,closed
SO202175,C1385,华东,东线,BU-6,数据中台,201.96,2025-10-11,2025Q4,渠道,SM220,closed
SO202176,C1845,华北,南线,BU-2,AI 助理,21.37,2024-08-23,2024Q3,电商,SM224,closed
SO202177,C2821,华北,北线,BU-6,BSS-OSS,8.98,2026-02-14,2026Q1,项目集采,SM169,closed
SO202178,C2178,华东,南线,BU-3,IT 服务,83.61,2024-08-27,2024Q3,项目集采,SM227,shipping
SO202179,C2234,华北,东线,BU-2,云平台,61.89,2026-03-08,2026Q1,电商,SM248,closed
SO202180,C3776,华中,中线,BU-1,IT 服务,121.4,2026-01-22,2026Q1,直销,SM114,closed
SO202181,C3434,华北,北线,BU-1,IT 服务,17.65,2026-03-17,2026Q1,项目集采,SM101,closed
SO202182,C2563,华南,南线,BU-4,BSS-OSS,28.74,2024-05-17,2024Q2,项目集采,SM220,closed
SO202183,C2107,华东,中线,BU-2,云平台,69.65,2026-01-12,2026Q1,项目集采,SM144,closed
SO202184,C1226,华北,中线,BU-5,智能客服,1.16,2026-01-26,2026Q1,渠道,SM113,closed
SO202185,C2294,华中,东线,BU-2,BSS-OSS,38.46,2026-01-26,2026Q1,直销,SM185,closed
SO202186,C2490,华东,南线,BU-4,IT 服务,46.82,2026-01-14,2026Q1,直销,SM237,closed
SO202187,C1432,华南,南线,BU-3,BSS-OSS,35.706999999999994,2026-03-18,2026Q1,项目集采,SM231,closed
SO202188,C1816,华南,南线,BU-5,智能客服,7.43,2024-03-06,2024Q1,电商,SM139,closed
SO202189,C1254,华东,北线,BU-4,云平台,89.88,2025-01-22,2025Q1,电商,SM123,shipping
SO202190,C1514,华南,南线,BU-6,数据中台,19.79,2025-10-14,2025Q4,渠道,SM174,closed
SO202191,C1279,华北,中线,BU-5,BSS-OSS,86.59,2025-08-16,2025Q3,电商,SM182,closed
SO202192,C1082,华南,东线,BU-3,云平台,149.68,2024-10-24,2024Q4,渠道,SM158,closed
SO202193,C1090,华中,南线,BU-3,IT 服务,11.9,2026-02-16,2026Q1,直销,SM124,closed
SO202194,C3598,华北,中线,BU-5,BSS-OSS,32.58,2025-04-14,2025Q2,直销,SM140,pending
SO202195,C2563,华南,中线,BU-6,云平台,31.72,2025-01-03,2025Q1,直销,SM101,closed
SO202196,C1624,华东,中线,BU-1,运营商网关,46.13,2024-05-17,2024Q2,项目集采,SM237,closed
SO202197,C3624,华东,南线,BU-6,AI 助理,216.85,2025-05-07,2025Q2,电商,SM168,closed
SO202198,C2056,华南,南线,BU-6,AI 助理,52.23,2026-02-05,2026Q1,项目集采,SM128,closed
SO202199,C3125,西南,南线,BU-4,云平台,392.92,2024-04-22,2024Q2,渠道,SM122,closed
SO202200,C2855,西南,南线,BU-1,运营商网关,121.64,2025-05-23,2025Q2,渠道,SM159,closed
SO202201,C2916,华东,北线,BU-1,运营商网关,173.63,2025-11-18,2025Q4,渠道,SM239,closed
SO202202,C2824,华北,中线,BU-5,AI 助理,151.25,2025-01-27,2025Q1,电商,SM201,shipping
SO202203,C3942,华北,中线,BU-4,数据中台,4.25,2024-05-20,2024Q2,直销,SM179,closed
SO202204,C2380,华东,北线,BU-1,IT 服务,6.78,2026-03-08,2026Q1,项目集采,SM204,closed
SO202205,C1355,华北,南线,BU-6,数据中台,45.23,2026-03-04,2026Q1,渠道,SM190,closed
SO202206,C1132,华东,中线,BU-6,云平台,77.29,2025-10-19,2025Q4,项目集采,SM109,closed
SO202207,C2419,华中,北线,BU-2,BSS-OSS,54.26,2026-03-26,2026Q1,电商,SM172,closed
SO202208,C1620,华中,东线,BU-2,IT 服务,6.51,2026-01-16,2026Q1,直销,SM123,closed
SO202209,C2020,华东,东线,BU-1,运营商网关,28.73,2026-01-15,2026Q1,直销,SM242,closed
SO202210,C1652,西南,南线,BU-6,运营商网关,56.2,2024-03-18,2024Q1,渠道,SM236,closed
SO202211,C2933,东北,北线,BU-1,数据中台,25.14,2024-07-20,2024Q3,渠道,SM158,closed
SO202212,C1899,华东,中线,BU-4,BSS-OSS,11.63,2026-01-07,2026Q1,直销,SM113,closed
SO202213,C3485,华南,北线,BU-5,AI 助理,40.26,2025-09-07,2025Q3,电商,SM189,closed
SO202214,C2040,华东,南线,BU-2,云平台,31.8,2026-01-05,2026Q1,项目集采,SM132,closed
SO202215,C2880,华中,南线,BU-4,IT 服务,7.83,2026-01-24,2026Q1,直销,SM110,closed
SO202216,C1569,华北,南线,BU-1,AI 助理,168.29,2026-01-11,2026Q1,直销,SM156,closed
SO202217,C1204,东北,南线,BU-6,数据中台,90.09,2025-06-07,2025Q2,直销,SM141,closed
SO202218,C1628,华中,南线,BU-6,智能客服,50.0,2026-03-09,2026Q1,电商,SM108,closed
SO202219,C2050,东北,东线,BU-2,运营商网关,53.2,2025-11-20,2025Q4,直销,SM231,closed
SO202220,C2197,华东,南线,BU-3,IT 服务,29.53,2026-01-10,2026Q1,渠道,SM157,closed
SO202221,C2292,西南,北线,BU-5,数据中台,44.75,2025-01-02,2025Q1,渠道,SM202,closed
SO202222,C1049,华北,中线,BU-2,智能客服,5.07,2026-02-11,2026Q1,项目集采,SM116,shipping
SO202223,C1119,华东,南线,BU-1,BSS-OSS,9.36,2024-08-26,2024Q3,直销,SM159,closed
SO202224,C3961,华东,东线,BU-2,智能客服,29.43,2024-04-27,2024Q2,电商,SM173,closed
SO202225,C2379,华东,中线,BU-1,运营商网关,39.33,2026-03-10,2026Q1,直销,SM130,closed
SO202226,C1221,华中,北线,BU-1,云平台,110.71,2025-01-11,2025Q1,电商,SM222,closed
SO202227,C2298,华北,南线,BU-1,数据中台,46.37,2025-06-19,2025Q2,直销,SM106,closed
SO202228,C2749,华东,北线,BU-3,数据中台,79.87,2026-03-16,2026Q1,直销,SM219,closed
SO202229,C3912,西南,北线,BU-6,运营商网关,30.04,2025-06-22,2025Q2,电商,SM201,closed
SO202230,C1650,华东,北线,BU-3,IT 服务,71.61,2026-02-07,2026Q1,项目集采,SM110,closed
SO202231,C1664,西南,东线,BU-4,数据中台,49.62,2025-07-09,2025Q3,项目集采,SM198,closed
SO202232,C2668,西南,中线,BU-3,IT 服务,151.04,2026-02-18,2026Q1,电商,SM140,pending
SO202233,C2834,华中,南线,BU-4,运营商网关,136.84,2025-07-20,2025Q3,直销,SM137,closed
SO202234,C1231,华南,东线,BU-5,运营商网关,37.13,2026-02-26,2026Q1,渠道,SM196,closed
SO202235,C2341,西南,南线,BU-3,IT 服务,141.7,2025-10-19,2025Q4,渠道,SM200,closed
SO202236,C1652,华东,北线,BU-3,AI 助理,9.21,2025-08-21,2025Q3,电商,SM185,closed
SO202237,C3570,西南,东线,BU-6,云平台,43.31,2025-03-05,2025Q1,项目集采,SM247,shipping
SO202238,C1557,华中,南线,BU-2,BSS-OSS,35.12,2026-03-13,2026Q1,渠道,SM238,closed
SO202239,C3644,西南,北线,BU-6,IT 服务,124.48,2025-07-07,2025Q3,电商,SM118,closed
SO202240,C3437,华北,东线,BU-4,智能客服,8.8,2024-01-17,2024Q1,直销,SM114,closed
SO202241,C2182,华东,北线,BU-5,数据中台,37.59,2025-03-15,2025Q1,渠道,SM199,closed
SO202242,C3198,华南,北线,BU-3,数据中台,337.38,2025-03-23,2025Q1,项目集采,SM215,closed
SO202243,C2246,华北,中线,BU-5,AI 助理,32.45,2025-01-22,2025Q1,渠道,SM147,closed
SO202244,C3487,华北,北线,BU-3,BSS-OSS,28.54,2026-01-22,2026Q1,项目集采,SM240,closed
SO202245,C2074,华北,北线,BU-2,BSS-OSS,14.73,2025-12-25,2025Q4,项目集采,SM111,closed
SO202246,C2443,华南,南线,BU-4,智能客服,2.69,2024-09-18,2024Q3,电商,SM124,closed
SO202247,C1304,华东,中线,BU-2,数据中台,11.54,2025-09-17,2025Q3,渠道,SM131,closed
SO202248,C3531,华北,南线,BU-3,BSS-OSS,1.25,2026-02-03,2026Q1,渠道,SM156,closed
SO202249,C3429,华南,北线,BU-3,运营商网关,19.52,2024-04-10,2024Q2,项目集采,SM192,closed
SO202250,C3630,华北,中线,BU-6,IT 服务,6.43,2026-02-01,2026Q1,直销,SM102,closed
SO202251,C3894,东北,南线,BU-6,BSS-OSS,23.24,2026-03-02,2026Q1,渠道,SM102,closed
SO202252,C2293,东北,北线,BU-1,数据中台,138.34,2026-02-16,2026Q1,项目集采,SM188,closed
SO202253,C2103,华东,南线,BU-4,IT 服务,58.85,2026-02-04,2026Q1,直销,SM207,closed
SO202254,C2945,华南,南线,BU-3,运营商网关,56.74899999999999,2026-03-11,2026Q1,项目集采,SM221,closed
SO202255,C1675,华北,北线,BU-2,数据中台,2.96,2024-06-16,2024Q2,项目集采,SM165,closed
SO202256,C3891,西南,东线,BU-6,IT 服务,57.4,2026-02-25,2026Q1,项目集采,SM150,closed
SO202257,C3919,华南,北线,BU-6,智能客服,98.62,2024-02-04,2024Q1,渠道,SM109,closed
SO202258,C3279,华北,东线,BU-6,智能客服,32.04,2025-10-14,2025Q4,项目集采,SM249,closed
SO202259,C2522,华东,中线,BU-5,IT 服务,15.52,2026-02-23,2026Q1,电商,SM117,closed
SO202260,C2377,华南,东线,BU-4,智能客服,12.49,2026-01-06,2026Q1,直销,SM220,closed
SO202261,C1879,华东,东线,BU-3,IT 服务,82.46,2025-09-08,2025Q3,电商,SM250,closed
SO202262,C3909,西南,北线,BU-1,数据中台,21.99,2024-06-13,2024Q2,项目集采,SM205,shipping
SO202263,C3898,华南,北线,BU-5,智能客服,69.07,2024-09-06,2024Q3,渠道,SM197,closed
SO202264,C3095,华东,中线,BU-6,IT 服务,111.12,2025-12-13,2025Q4,渠道,SM169,closed
SO202265,C1494,华南,东线,BU-5,数据中台,2.28,2025-10-07,2025Q4,电商,SM135,closed
SO202266,C1070,华中,北线,BU-5,云平台,42.59,2025-07-03,2025Q3,电商,SM118,closed
SO202267,C1525,华北,中线,BU-2,云平台,89.7,2026-03-18,2026Q1,电商,SM181,closed
SO202268,C1777,华北,北线,BU-4,BSS-OSS,24.52,2025-07-07,2025Q3,渠道,SM178,closed
SO202269,C2687,华南,南线,BU-6,云平台,34.68,2025-01-13,2025Q1,渠道,SM184,shipping
SO202270,C2994,华北,南线,BU-6,BSS-OSS,29.66,2025-06-22,2025Q2,项目集采,SM133,closed
SO202271,C2513,华北,北线,BU-5,云平台,151.05,2025-08-10,2025Q3,渠道,SM111,closed
SO202272,C1832,东北,中线,BU-5,云平台,149.96,2025-11-10,2025Q4,项目集采,SM169,closed
SO202273,C2099,华中,东线,BU-3,运营商网关,21.43,2026-03-23,2026Q1,电商,SM131,closed
SO202274,C1320,华东,东线,BU-3,智能客服,15.05,2025-03-15,2025Q1,直销,SM110,closed
SO202275,C2190,华东,南线,BU-5,智能客服,14.16,2025-06-08,2025Q2,电商,SM191,closed
SO202276,C1375,西南,南线,BU-3,云平台,152.92,2026-03-08,2026Q1,项目集采,SM235,closed
SO202277,C3498,华北,东线,BU-5,IT 服务,220.5,2024-02-17,2024Q1,电商,SM244,closed
SO202278,C2542,华南,北线,BU-1,运营商网关,70.87,2026-03-12,2026Q1,项目集采,SM174,closed
SO202279,C2549,华中,南线,BU-3,BSS-OSS,44.24,2026-03-27,2026Q1,项目集采,SM231,closed
SO202280,C3839,华东,东线,BU-5,数据中台,339.85,2025-07-12,2025Q3,直销,SM198,closed
SO202281,C3533,华北,东线,BU-1,BSS-OSS,17.22,2025-09-09,2025Q3,直销,SM242,closed
SO202282,C2558,华东,南线,BU-5,运营商网关,11.08,2024-07-13,2024Q3,电商,SM209,closed
SO202283,C2837,华南,中线,BU-2,数据中台,95.18,2026-02-18,2026Q1,项目集采,SM138,closed
SO202284,C2647,华中,中线,BU-1,BSS-OSS,2.64,2026-03-27,2026Q1,电商,SM199,closed
SO202285,C1994,华中,中线,BU-6,智能客服,41.78,2026-01-20,2026Q1,电商,SM225,closed
SO202286,C2830,华东,中线,BU-1,AI 助理,50.77,2024-06-01,2024Q2,项目集采,SM163,closed
SO202287,C2122,华北,南线,BU-1,IT 服务,43.77,2026-02-15,2026Q1,直销,SM156,closed
SO202288,C1501,华东,南线,BU-1,IT 服务,16.42,2025-03-05,2025Q1,项目集采,SM137,closed
SO202289,C1835,华东,东线,BU-6,AI 助理,3.59,2026-01-13,2026Q1,电商,SM183,closed
SO202290,C1574,华南,中线,BU-2,AI 助理,58.29,2025-09-10,2025Q3,项目集采,SM110,closed
SO202291,C2337,西南,东线,BU-2,数据中台,137.35,2024-12-18,2024Q4,项目集采,SM147,closed
SO202292,C2093,华东,中线,BU-4,数据中台,25.27,2024-07-26,2024Q3,项目集采,SM203,closed
SO202293,C3328,华中,南线,BU-6,BSS-OSS,71.67,2025-07-10,2025Q3,项目集采,SM151,closed
SO202294,C3495,华北,南线,BU-5,数据中台,75.97,2026-01-21,2026Q1,项目集采,SM238,closed
SO202295,C1004,华东,南线,BU-4,数据中台,13.04,2025-10-17,2025Q4,项目集采,SM240,closed
SO202296,C3097,西南,北线,BU-5,BSS-OSS,135.82,2025-11-04,2025Q4,渠道,SM214,closed
SO202297,C1414,华东,北线,BU-6,智能客服,306.45,2025-12-21,2025Q4,项目集采,SM184,shipping
SO202298,C2358,华南,南线,BU-5,BSS-OSS,15.86,2026-01-01,2026Q1,渠道,SM192,closed
SO202299,C3818,西南,南线,BU-2,智能客服,133.85,2025-02-18,2025Q1,渠道,SM197,closed
SO202300,C2619,华北,中线,BU-2,BSS-OSS,11.57,2025-05-13,2025Q2,项目集采,SM213,closed
SO202301,C2847,华北,北线,BU-1,AI 助理,19.71,2026-03-27,2026Q1,项目集采,SM109,closed
SO202302,C3629,华东,北线,BU-1,云平台,21.86,2026-01-26,2026Q1,项目集采,SM170,closed
SO202303,C2619,西南,南线,BU-3,数据中台,71.86,2026-02-05,2026Q1,电商,SM130,closed
SO202304,C3893,西南,南线,BU-4,BSS-OSS,10.66,2025-07-23,2025Q3,项目集采,SM154,closed
SO202305,C1285,西南,东线,BU-4,数据中台,6.42,2026-01-26,2026Q1,电商,SM131,closed
SO202306,C3212,华南,北线,BU-6,智能客服,79.39,2025-01-05,2025Q1,直销,SM193,closed
SO202307,C3231,华南,北线,BU-5,运营商网关,61.47,2026-02-23,2026Q1,电商,SM186,closed
SO202308,C2856,华中,南线,BU-2,数据中台,53.94,2025-11-02,2025Q4,直销,SM209,closed
SO202309,C3262,华中,北线,BU-6,IT 服务,37.49,2026-03-11,2026Q1,电商,SM173,closed
SO202310,C1706,华南,南线,BU-6,数据中台,4.03,2025-03-03,2025Q1,直销,SM149,closed
SO202311,C1237,华北,东线,BU-1,云平台,18.18,2024-11-26,2024Q4,电商,SM131,closed
SO202312,C2934,东北,南线,BU-6,AI 助理,19.44,2026-03-08,2026Q1,电商,SM150,closed
SO202313,C3786,华东,北线,BU-4,智能客服,87.84,2025-12-16,2025Q4,项目集采,SM111,closed
SO202314,C3888,华中,东线,BU-5,AI 助理,39.77,2025-04-07,2025Q2,渠道,SM197,closed
SO202315,C1155,华北,东线,BU-6,AI 助理,89.93,2026-03-03,2026Q1,电商,SM166,closed
SO202316,C1542,华中,南线,BU-6,智能客服,52.36,2024-02-02,2024Q1,直销,SM158,closed
SO202317,C1474,华东,南线,BU-5,云平台,51.94,2025-06-05,2025Q2,直销,SM163,closed
SO202318,C2553,华东,东线,BU-3,AI 助理,13.12,2026-02-23,2026Q1,项目集采,SM202,pending
SO202319,C1784,华东,南线,BU-4,智能客服,29.09,2025-04-21,2025Q2,渠道,SM134,closed
SO202320,C1473,华东,北线,BU-5,数据中台,77.55,2025-06-14,2025Q2,渠道,SM230,closed
SO202321,C3571,华北,南线,BU-1,运营商网关,33.88,2024-04-14,2024Q2,直销,SM232,closed
SO202322,C3146,西南,中线,BU-3,BSS-OSS,147.39,2025-09-14,2025Q3,电商,SM195,closed
SO202323,C1094,西南,东线,BU-6,运营商网关,43.57,2026-01-23,2026Q1,项目集采,SM126,shipping
SO202324,C1461,东北,南线,BU-5,IT 服务,39.58,2025-07-22,2025Q3,渠道,SM148,closed
SO202325,C2397,华南,南线,BU-1,BSS-OSS,55.3,2026-02-20,2026Q1,电商,SM174,closed
SO202326,C3076,华北,中线,BU-6,AI 助理,184.02,2025-06-03,2025Q2,直销,SM170,closed
SO202327,C1424,华南,中线,BU-6,运营商网关,17.42,2026-02-15,2026Q1,项目集采,SM164,closed
SO202328,C1907,华北,南线,BU-1,IT 服务,39.07,2024-11-06,2024Q4,直销,SM115,closed
SO202329,C1596,华南,东线,BU-4,数据中台,67.99,2025-06-06,2025Q2,直销,SM130,closed
SO202330,C1990,华中,中线,BU-5,智能客服,29.37,2025-10-20,2025Q4,项目集采,SM237,closed
SO202331,C1190,华北,东线,BU-3,云平台,58.71,2025-02-27,2025Q1,电商,SM219,shipping
SO202332,C2254,华东,中线,BU-1,BSS-OSS,22.0,2025-06-17,2025Q2,渠道,SM151,closed
SO202333,C2989,西南,中线,BU-2,智能客服,34.17,2024-01-14,2024Q1,电商,SM221,shipping
SO202334,C1981,西南,中线,BU-1,AI 助理,2.23,2026-02-22,2026Q1,直销,SM138,pending
SO202335,C2780,华中,南线,BU-3,数据中台,71.01,2026-02-05,2026Q1,直销,SM131,closed
SO202336,C1778,华北,北线,BU-4,云平台,3.13,2025-08-18,2025Q3,直销,SM109,closed
SO202337,C1095,西南,南线,BU-5,BSS-OSS,42.75,2025-03-14,2025Q1,直销,SM250,closed
SO202338,C1297,华东,东线,BU-3,BSS-OSS,15.97,2025-05-07,2025Q2,项目集采,SM135,closed
SO202339,C1296,东北,北线,BU-6,数据中台,51.77,2024-07-10,2024Q3,电商,SM212,closed
SO202340,C2496,华南,东线,BU-5,AI 助理,43.18,2024-04-12,2024Q2,直销,SM225,closed
SO202341,C3156,华东,中线,BU-2,智能客服,26.51,2025-07-20,2025Q3,项目集采,SM122,closed
SO202342,C2954,华东,南线,BU-2,IT 服务,2.0,2026-01-24,2026Q1,渠道,SM167,shipping
SO202343,C3476,华南,中线,BU-1,数据中台,20.37,2026-01-21,2026Q1,项目集采,SM178,closed
SO202344,C3362,华东,北线,BU-2,BSS-OSS,63.53,2025-07-22,2025Q3,项目集采,SM250,closed
SO202345,C3895,西南,东线,BU-4,运营商网关,21.0,2026-02-14,2026Q1,直销,SM230,shipping
SO202346,C2673,华北,中线,BU-3,云平台,79.75,2025-09-13,2025Q3,项目集采,SM148,closed
SO202347,C1119,华北,南线,BU-4,智能客服,35.52,2026-03-08,2026Q1,电商,SM187,closed
SO202348,C1919,华中,南线,BU-5,IT 服务,11.64,2026-02-05,2026Q1,渠道,SM248,closed
SO202349,C3688,华中,北线,BU-2,AI 助理,7.38,2025-03-18,2025Q1,电商,SM239,closed
SO202350,C3065,华北,北线,BU-3,数据中台,71.89,2025-02-02,2025Q1,直销,SM243,shipping
SO202351,C3061,西南,东线,BU-1,智能客服,24.88,2026-02-09,2026Q1,电商,SM242,closed
SO202352,C2417,华北,中线,BU-1,运营商网关,42.58,2024-01-12,2024Q1,渠道,SM112,pending
SO202353,C2061,华北,中线,BU-5,云平台,16.89,2026-03-08,2026Q1,直销,SM146,closed
SO202354,C3206,华南,东线,BU-1,BSS-OSS,6.92,2026-01-14,2026Q1,直销,SM217,closed
SO202355,C3748,华北,中线,BU-2,IT 服务,162.55,2026-01-25,2026Q1,渠道,SM229,closed
SO202356,C3182,华东,南线,BU-4,BSS-OSS,174.64,2025-08-05,2025Q3,渠道,SM204,pending
SO202357,C1726,华东,南线,BU-6,BSS-OSS,146.21,2024-03-20,2024Q1,电商,SM199,closed
SO202358,C1898,华东,东线,BU-2,云平台,5.24,2025-02-18,2025Q1,直销,SM216,closed
SO202359,C1029,华东,东线,BU-6,AI 助理,105.29,2026-02-21,2026Q1,电商,SM225,closed
SO202360,C3940,华北,中线,BU-2,IT 服务,2.28,2024-06-07,2024Q2,渠道,SM166,closed
SO202361,C2817,华东,北线,BU-5,AI 助理,28.57,2026-03-26,2026Q1,电商,SM125,closed
SO202362,C1654,西南,北线,BU-1,IT 服务,21.0,2026-02-26,2026Q1,直销,SM237,closed
SO202363,C1308,华东,北线,BU-1,运营商网关,94.8,2024-03-23,2024Q1,渠道,SM120,closed
SO202364,C2361,华中,东线,BU-3,数据中台,43.77,2024-03-26,2024Q1,电商,SM234,closed
SO202365,C2370,华南,南线,BU-2,云平台,65.59,2025-09-15,2025Q3,直销,SM105,closed
SO202366,C3784,华南,北线,BU-2,IT 服务,29.86,2025-08-12,2025Q3,电商,SM204,closed
SO202367,C3685,华北,南线,BU-3,智能客服,40.02,2026-02-13,2026Q1,电商,SM152,closed
SO202368,C1790,华南,东线,BU-4,云平台,78.84,2024-11-05,2024Q4,直销,SM248,closed
SO202369,C1523,西南,南线,BU-6,运营商网关,101.09,2025-06-20,2025Q2,电商,SM228,closed
SO202370,C2056,华东,南线,BU-3,运营商网关,23.02,2025-12-06,2025Q4,项目集采,SM125,closed
SO202371,C3363,华北,中线,BU-2,运营商网关,37.33,2026-01-20,2026Q1,渠道,SM244,closed
SO202372,C2762,东北,南线,BU-3,运营商网关,8.27,2026-02-07,2026Q1,电商,SM217,closed
SO202373,C1444,西南,中线,BU-4,数据中台,166.29,2024-06-15,2024Q2,电商,SM113,closed
SO202374,C1888,华东,中线,BU-3,数据中台,55.65,2025-09-08,2025Q3,渠道,SM169,closed
SO202375,C3884,华东,南线,BU-4,智能客服,1.5,2024-08-16,2024Q3,电商,SM201,closed
SO202376,C3062,华北,南线,BU-3,运营商网关,0.12,2025-04-04,2025Q2,直销,SM175,closed
SO202377,C3706,华北,北线,BU-1,运营商网关,10.45,2026-03-14,2026Q1,渠道,SM190,closed
SO202378,C1118,华东,北线,BU-6,智能客服,63.58,2025-08-01,2025Q3,渠道,SM198,closed
SO202379,C3302,华东,中线,BU-1,智能客服,41.44,2026-01-19,2026Q1,渠道,SM222,closed
SO202380,C1266,华南,北线,BU-2,云平台,48.39,2026-03-17,2026Q1,渠道,SM206,closed
SO202381,C1571,华东,南线,BU-5,BSS-OSS,83.9,2025-08-07,2025Q3,电商,SM235,closed
SO202382,C2672,华东,北线,BU-3,IT 服务,0.31,2024-11-25,2024Q4,项目集采,SM193,closed
SO202383,C1887,华北,南线,BU-3,智能客服,60.19,2026-02-17,2026Q1,直销,SM184,closed
SO202384,C1200,西南,东线,BU-1,AI 助理,10.94,2026-01-01,2026Q1,渠道,SM169,closed
SO202385,C1257,华南,南线,BU-2,IT 服务,32.02,2026-03-01,2026Q1,项目集采,SM217,closed
SO202386,C3249,华北,南线,BU-4,AI 助理,63.99,2026-01-18,2026Q1,电商,SM146,closed
SO202387,C1174,华东,中线,BU-5,智能客服,72.61,2026-03-04,2026Q1,项目集采,SM199,pending
SO202388,C1585,华南,东线,BU-3,IT 服务,3.388,2026-02-20,2026Q1,渠道,SM173,closed
SO202389,C2624,华中,南线,BU-1,智能客服,58.85,2025-07-07,2025Q3,项目集采,SM238,closed
SO202390,C1098,华东,东线,BU-3,智能客服,15.33,2025-04-01,2025Q2,电商,SM116,closed
SO202391,C1687,西南,南线,BU-2,数据中台,21.78,2025-04-23,2025Q2,电商,SM224,closed
SO202392,C2287,西南,东线,BU-6,运营商网关,13.09,2026-03-09,2026Q1,电商,SM203,closed
SO202393,C1568,华东,北线,BU-6,IT 服务,60.6,2026-01-15,2026Q1,电商,SM174,closed
SO202394,C3041,华北,中线,BU-1,BSS-OSS,26.81,2024-02-23,2024Q1,电商,SM151,closed
SO202395,C3941,华北,南线,BU-5,云平台,93.45,2025-06-20,2025Q2,直销,SM235,closed
SO202396,C1831,华东,东线,BU-3,IT 服务,8.73,2026-02-08,2026Q1,渠道,SM108,shipping
SO202397,C1338,华中,中线,BU-1,运营商网关,6.79,2024-07-05,2024Q3,直销,SM224,shipping
SO202398,C3812,华南,北线,BU-3,AI 助理,48.95,2025-01-23,2025Q1,直销,SM138,closed
SO202399,C1539,西南,中线,BU-2,运营商网关,28.51,2025-12-19,2025Q4,项目集采,SM211,closed
SO202400,C1232,华南,东线,BU-6,数据中台,17.77,2026-01-17,2026Q1,项目集采,SM212,closed
SO202401,C2337,华中,南线,BU-2,BSS-OSS,71.71,2025-12-25,2025Q4,渠道,SM166,closed
SO202402,C2413,西南,东线,BU-5,AI 助理,21.64,2025-06-12,2025Q2,渠道,SM181,closed
SO202403,C2204,东北,南线,BU-2,云平台,53.82,2025-05-26,2025Q2,渠道,SM114,closed
SO202404,C3917,西南,东线,BU-3,云平台,88.42,2026-01-21,2026Q1,项目集采,SM125,closed
SO202405,C2225,华东,中线,BU-1,运营商网关,8.12,2026-01-15,2026Q1,电商,SM111,pending
SO202406,C1725,东北,南线,BU-2,AI 助理,22.48,2026-02-09,2026Q1,直销,SM209,closed
SO202407,C2286,华南,中线,BU-5,云平台,9.29,2026-01-14,2026Q1,电商,SM156,closed
SO202408,C2574,西南,中线,BU-3,运营商网关,5.69,2025-01-24,2025Q1,渠道,SM239,closed
SO202409,C3429,华北,南线,BU-2,AI 助理,114.23,2026-02-21,2026Q1,电商,SM216,closed
SO202410,C2692,华北,南线,BU-5,数据中台,51.74,2026-02-23,2026Q1,电商,SM176,closed
SO202411,C1627,华南,北线,BU-1,IT 服务,2.92,2025-06-11,2025Q2,电商,SM181,closed
SO202412,C2775,华东,东线,BU-1,IT 服务,125.93,2024-06-19,2024Q2,项目集采,SM136,shipping
SO202413,C1809,华北,东线,BU-4,智能客服,84.81,2026-02-16,2026Q1,项目集采,SM117,closed
SO202414,C3264,华中,南线,BU-6,智能客服,5.14,2025-08-13,2025Q3,渠道,SM212,closed
SO202415,C3194,东北,北线,BU-5,IT 服务,5.67,2025-03-18,2025Q1,项目集采,SM106,closed
SO202416,C1121,华南,东线,BU-3,云平台,63.2,2024-08-22,2024Q3,电商,SM142,closed
SO202417,C1267,西南,南线,BU-3,运营商网关,33.15,2024-03-09,2024Q1,电商,SM104,closed
SO202418,C3463,华中,南线,BU-5,运营商网关,35.27,2026-02-01,2026Q1,直销,SM240,closed
SO202419,C2898,华中,中线,BU-2,BSS-OSS,94.49,2024-08-11,2024Q3,项目集采,SM171,closed
SO202420,C1050,华北,南线,BU-6,BSS-OSS,33.85,2026-01-09,2026Q1,渠道,SM134,closed
SO202421,C2833,华东,东线,BU-3,数据中台,13.02,2025-10-22,2025Q4,项目集采,SM146,closed
SO202422,C3385,华北,中线,BU-6,运营商网关,31.34,2026-01-23,2026Q1,项目集采,SM204,closed
SO202423,C3681,东北,东线,BU-5,云平台,26.73,2026-03-18,2026Q1,电商,SM167,closed
SO202424,C2492,华东,北线,BU-5,BSS-OSS,50.19,2026-02-24,2026Q1,电商,SM139,closed
SO202425,C3522,华中,北线,BU-6,AI 助理,43.04,2025-06-21,2025Q2,直销,SM214,pending
SO202426,C2879,华南,中线,BU-3,BSS-OSS,3.36,2025-12-17,2025Q4,电商,SM130,pending
SO202427,C1783,华东,北线,BU-5,云平台,12.79,2024-01-26,2024Q1,项目集采,SM191,closed
SO202428,C3754,西南,中线,BU-1,BSS-OSS,31.56,2026-02-20,2026Q1,渠道,SM129,shipping
SO202429,C3102,华东,北线,BU-1,云平台,45.59,2025-07-10,2025Q3,直销,SM192,closed
SO202430,C2415,西南,东线,BU-2,运营商网关,85.39,2025-06-16,2025Q2,直销,SM212,closed
SO202431,C1883,西南,南线,BU-6,运营商网关,16.13,2025-06-08,2025Q2,直销,SM183,closed
SO202432,C1382,华东,南线,BU-2,AI 助理,84.24,2026-03-02,2026Q1,渠道,SM226,closed
SO202433,C3037,东北,北线,BU-6,运营商网关,5.49,2026-03-16,2026Q1,直销,SM159,closed
SO202434,C3287,西南,东线,BU-4,AI 助理,13.83,2026-01-20,2026Q1,直销,SM243,closed
SO202435,C1548,华中,中线,BU-1,IT 服务,61.64,2025-11-04,2025Q4,渠道,SM189,closed
SO202436,C1581,华北,东线,BU-1,BSS-OSS,39.07,2026-03-08,2026Q1,电商,SM123,closed
SO202437,C1111,华中,东线,BU-4,数据中台,135.97,2026-03-02,2026Q1,项目集采,SM179,closed
SO202438,C3039,华北,东线,BU-3,IT 服务,108.19,2025-12-08,2025Q4,渠道,SM151,closed
SO202439,C1046,华东,中线,BU-4,智能客服,92.52,2026-02-19,2026Q1,直销,SM131,closed
SO202440,C2310,华北,北线,BU-4,数据中台,19.34,2025-08-23,2025Q3,电商,SM192,closed
SO202441,C3637,华北,中线,BU-1,云平台,35.55,2025-01-16,2025Q1,电商,SM109,closed
SO202442,C2589,华中,中线,BU-5,BSS-OSS,39.11,2025-03-02,2025Q1,渠道,SM240,closed
SO202443,C3117,华北,南线,BU-3,AI 助理,15.23,2025-01-27,2025Q1,项目集采,SM176,closed
SO202444,C2293,华北,南线,BU-5,IT 服务,17.49,2026-02-23,2026Q1,直销,SM157,closed
SO202445,C1506,华北,北线,BU-4,智能客服,58.39,2024-08-20,2024Q3,直销,SM164,closed
SO202446,C1941,华东,北线,BU-2,IT 服务,15.34,2025-10-25,2025Q4,渠道,SM182,closed
SO202447,C3372,华北,东线,BU-6,AI 助理,130.75,2025-07-07,2025Q3,渠道,SM239,closed
SO202448,C2313,华东,南线,BU-5,云平台,16.87,2026-02-01,2026Q1,直销,SM117,closed
SO202449,C2735,西南,北线,BU-5,运营商网关,52.08,2026-03-27,2026Q1,项目集采,SM135,closed
SO202450,C1635,华北,北线,BU-2,IT 服务,10.11,2026-03-12,2026Q1,直销,SM196,closed
SO202451,C2446,华南,中线,BU-3,AI 助理,32.3,2025-11-03,2025Q4,渠道,SM221,pending
SO202452,C3980,华中,南线,BU-3,智能客服,27.12,2026-03-21,2026Q1,渠道,SM107,closed
SO202453,C2426,华东,南线,BU-2,数据中台,8.67,2025-11-18,2025Q4,项目集采,SM138,closed
SO202454,C2382,华南,东线,BU-3,BSS-OSS,3.22,2025-06-17,2025Q2,直销,SM224,closed
SO202455,C2291,华北,南线,BU-2,智能客服,0.73,2025-03-19,2025Q1,项目集采,SM107,closed
SO202456,C3748,华北,东线,BU-3,AI 助理,27.32,2024-12-09,2024Q4,项目集采,SM168,closed
SO202457,C3106,华南,北线,BU-3,AI 助理,14.77,2026-01-21,2026Q1,电商,SM123,closed
SO202458,C3836,东北,东线,BU-3,数据中台,5.97,2025-10-15,2025Q4,渠道,SM105,pending
SO202459,C2394,华北,东线,BU-3,智能客服,115.4,2025-11-11,2025Q4,直销,SM151,pending
SO202460,C1072,华东,中线,BU-1,BSS-OSS,23.74,2026-02-18,2026Q1,直销,SM192,closed
SO202461,C1967,华南,东线,BU-1,AI 助理,68.21,2024-02-10,2024Q1,电商,SM140,closed
SO202462,C3613,华中,北线,BU-4,运营商网关,80.22,2025-02-12,2025Q1,项目集采,SM179,closed
SO202463,C1735,华北,东线,BU-4,BSS-OSS,165.71,2026-02-10,2026Q1,项目集采,SM197,closed
SO202464,C3352,华中,中线,BU-4,BSS-OSS,29.65,2025-09-13,2025Q3,项目集采,SM231,pending
SO202465,C2772,西南,东线,BU-1,AI 助理,6.1,2026-02-16,2026Q1,电商,SM171,closed
SO202466,C2806,华南,北线,BU-4,BSS-OSS,15.4,2025-10-23,2025Q4,直销,SM189,closed
SO202467,C1326,华南,中线,BU-3,数据中台,50.16,2024-06-09,2024Q2,项目集采,SM218,closed
SO202468,C3170,华北,东线,BU-3,运营商网关,126.88,2025-12-09,2025Q4,项目集采,SM228,closed
SO202469,C2669,华中,中线,BU-6,AI 助理,7.16,2026-01-11,2026Q1,直销,SM139,closed
SO202470,C1966,华南,南线,BU-3,BSS-OSS,63.74,2024-06-23,2024Q2,电商,SM207,closed
SO202471,C2106,华北,中线,BU-1,运营商网关,69.56,2024-04-04,2024Q2,直销,SM161,closed
SO202472,C2969,华中,中线,BU-6,智能客服,65.06,2025-06-11,2025Q2,渠道,SM243,closed
SO202473,C2494,华东,东线,BU-3,智能客服,12.69,2026-03-03,2026Q1,直销,SM217,closed
SO202474,C2970,华东,东线,BU-6,BSS-OSS,37.25,2025-05-08,2025Q2,渠道,SM187,closed
SO202475,C3963,华东,东线,BU-3,AI 助理,68.1,2025-02-24,2025Q1,渠道,SM218,closed
SO202476,C1706,华东,北线,BU-3,AI 助理,24.39,2026-03-12,2026Q1,渠道,SM113,shipping
SO202477,C1506,华北,北线,BU-5,AI 助理,6.51,2026-02-20,2026Q1,电商,SM168,closed
SO202478,C3651,西南,南线,BU-1,AI 助理,123.86,2025-11-08,2025Q4,直销,SM142,closed
SO202479,C2729,华南,北线,BU-2,运营商网关,19.05,2025-05-04,2025Q2,直销,SM152,closed
SO202480,C2213,华北,北线,BU-2,运营商网关,78.43,2025-01-04,2025Q1,直销,SM217,pending
SO202481,C1605,华东,北线,BU-6,智能客服,17.31,2026-02-15,2026Q1,项目集采,SM218,closed
SO202482,C1964,华南,东线,BU-3,智能客服,11.27,2025-04-21,2025Q2,直销,SM204,closed
SO202483,C3580,华南,北线,BU-6,IT 服务,302.71,2026-02-06,2026Q1,渠道,SM139,closed
SO202484,C1836,西南,北线,BU-5,运营商网关,24.17,2025-04-17,2025Q2,项目集采,SM126,closed
SO202485,C1099,华南,北线,BU-4,AI 助理,49.74,2025-12-03,2025Q4,渠道,SM140,closed
SO202486,C1628,华东,南线,BU-1,云平台,75.71,2026-01-21,2026Q1,直销,SM119,closed
SO202487,C3355,华北,中线,BU-6,IT 服务,36.25,2025-05-05,2025Q2,直销,SM191,closed
SO202488,C1942,华北,东线,BU-2,IT 服务,246.28,2026-01-11,2026Q1,直销,SM118,closed
SO202489,C3593,华东,南线,BU-3,运营商网关,16.82,2025-07-21,2025Q3,电商,SM166,closed
SO202490,C3479,东北,东线,BU-3,智能客服,29.56,2026-03-13,2026Q1,直销,SM112,closed
SO202491,C2463,华北,东线,BU-5,运营商网关,157.03,2024-05-24,2024Q2,项目集采,SM159,shipping
SO202492,C1408,华南,东线,BU-5,数据中台,0.07,2026-01-02,2026Q1,电商,SM177,closed
SO202493,C1694,华北,北线,BU-3,IT 服务,60.2,2024-01-11,2024Q1,直销,SM190,closed
SO202494,C3196,西南,南线,BU-6,数据中台,14.13,2026-03-24,2026Q1,电商,SM158,closed
SO202495,C1544,华北,北线,BU-1,AI 助理,24.33,2024-10-13,2024Q4,项目集采,SM103,closed
SO202496,C2706,西南,东线,BU-1,AI 助理,42.23,2026-03-22,2026Q1,直销,SM120,shipping
SO202497,C3699,华东,东线,BU-1,智能客服,215.83,2025-02-19,2025Q1,渠道,SM216,closed
SO202498,C1890,华南,东线,BU-5,AI 助理,59.58,2026-01-08,2026Q1,项目集采,SM213,closed
SO202499,C2955,华东,南线,BU-1,云平台,61.71,2025-02-24,2025Q1,直销,SM236,closed
SO202500,C3696,华南,东线,BU-6,智能客服,5.46,2026-01-10,2026Q1,渠道,SM145,closed
SO202501,C3591,华北,中线,BU-2,BSS-OSS,54.46,2025-11-09,2025Q4,直销,SM125,closed
SO202502,C1874,华北,北线,BU-4,云平台,5.61,2026-02-20,2026Q1,渠道,SM109,closed
SO202503,C2588,西南,南线,BU-1,运营商网关,13.66,2025-02-06,2025Q1,直销,SM217,closed
SO202504,C3787,华南,中线,BU-4,数据中台,25.08,2025-09-02,2025Q3,项目集采,SM125,closed
SO202505,C1582,华北,北线,BU-2,AI 助理,36.71,2026-02-14,2026Q1,直销,SM173,closed
SO202506,C2947,华北,中线,BU-6,云平台,2.74,2024-08-10,2024Q3,电商,SM132,closed
SO202507,C1516,华北,南线,BU-1,数据中台,39.88,2025-08-20,2025Q3,项目集采,SM243,closed
SO202508,C1192,西南,中线,BU-3,AI 助理,97.29,2026-03-03,2026Q1,直销,SM216,closed
SO202509,C2477,华东,中线,BU-6,云平台,16.93,2026-03-13,2026Q1,电商,SM225,closed
SO202510,C1423,华东,中线,BU-3,运营商网关,15.63,2026-03-08,2026Q1,项目集采,SM233,closed
SO202511,C3279,华南,北线,BU-5,IT 服务,63.38,2026-01-01,2026Q1,电商,SM139,closed
SO202512,C1713,东北,南线,BU-5,运营商网关,12.69,2024-04-21,2024Q2,项目集采,SM221,closed
SO202513,C3811,西南,南线,BU-5,AI 助理,10.51,2026-02-12,2026Q1,直销,SM100,closed
SO202514,C3882,华中,中线,BU-4,智能客服,8.87,2025-07-21,2025Q3,直销,SM165,closed
SO202515,C2705,华北,东线,BU-2,BSS-OSS,1.31,2026-03-17,2026Q1,电商,SM119,closed
SO202516,C3469,西南,东线,BU-1,BSS-OSS,13.47,2026-02-14,2026Q1,直销,SM201,shipping
SO202517,C3271,华北,南线,BU-4,云平台,32.52,2025-07-15,2025Q3,电商,SM191,shipping
SO202518,C1541,华南,南线,BU-1,云平台,85.55,2025-04-11,2025Q2,项目集采,SM220,shipping
SO202519,C1757,西南,北线,BU-2,AI 助理,13.77,2025-04-05,2025Q2,项目集采,SM116,closed
SO202520,C2694,东北,中线,BU-4,IT 服务,24.51,2026-02-08,2026Q1,渠道,SM179,shipping
SO202521,C2527,华北,东线,BU-1,数据中台,73.26,2026-03-12,2026Q1,项目集采,SM158,closed
SO202522,C2979,东北,北线,BU-5,IT 服务,5.59,2025-10-19,2025Q4,渠道,SM136,closed
SO202523,C3090,东北,南线,BU-1,AI 助理,79.22,2024-05-11,2024Q2,项目集采,SM179,closed
SO202524,C2838,华南,中线,BU-3,IT 服务,84.79,2025-08-17,2025Q3,电商,SM139,closed
SO202525,C3890,华东,南线,BU-2,运营商网关,51.49,2026-02-06,2026Q1,项目集采,SM104,closed
SO202526,C1185,东北,北线,BU-5,IT 服务,37.57,2026-01-08,2026Q1,渠道,SM208,closed
SO202527,C2791,华南,东线,BU-4,运营商网关,18.03,2025-03-12,2025Q1,直销,SM234,closed
SO202528,C2538,华东,东线,BU-3,BSS-OSS,53.4,2025-07-23,2025Q3,直销,SM246,closed
SO202529,C3664,华中,东线,BU-2,数据中台,56.41,2026-03-10,2026Q1,渠道,SM109,closed
SO202530,C3809,华中,北线,BU-4,数据中台,32.48,2024-05-06,2024Q2,渠道,SM195,closed
SO202531,C1807,华南,中线,BU-5,AI 助理,21.92,2024-01-13,2024Q1,电商,SM239,closed
SO202532,C1039,华东,北线,BU-4,BSS-OSS,63.78,2026-03-25,2026Q1,直销,SM173,closed
SO202533,C3917,华北,北线,BU-6,AI 助理,32.18,2024-07-15,2024Q3,直销,SM180,closed
SO202534,C3714,东北,南线,BU-1,云平台,106.87,2024-10-04,2024Q4,项目集采,SM140,pending
SO202535,C3991,华南,南线,BU-6,AI 助理,74.24,2025-06-09,2025Q2,项目集采,SM114,closed
SO202536,C2689,华东,东线,BU-6,云平台,71.42,2026-03-03,2026Q1,直销,SM145,closed
SO202537,C3265,华南,南线,BU-5,AI 助理,3.76,2024-02-25,2024Q1,直销,SM156,closed
SO202538,C2493,华东,东线,BU-5,IT 服务,94.06,2025-02-14,2025Q1,电商,SM116,closed
SO202539,C2069,华北,南线,BU-5,运营商网关,56.62,2025-12-08,2025Q4,电商,SM143,closed
SO202540,C1792,东北,南线,BU-3,AI 助理,2.09,2025-02-19,2025Q1,渠道,SM104,closed
SO202541,C1096,华中,北线,BU-6,IT 服务,5.63,2025-03-07,2025Q1,渠道,SM239,closed
SO202542,C1102,华南,中线,BU-2,运营商网关,2.96,2026-02-23,2026Q1,电商,SM226,closed
SO202543,C1925,华东,中线,BU-4,运营商网关,1.5,2026-01-13,2026Q1,渠道,SM158,closed
SO202544,C3229,西南,北线,BU-5,智能客服,62.14,2025-02-18,2025Q1,渠道,SM219,closed
SO202545,C2371,华南,中线,BU-5,数据中台,17.39,2025-05-04,2025Q2,直销,SM222,closed
SO202546,C2248,华中,北线,BU-3,AI 助理,23.16,2025-06-13,2025Q2,渠道,SM227,shipping
SO202547,C1907,西南,南线,BU-1,数据中台,1.59,2025-03-17,2025Q1,渠道,SM197,shipping
SO202548,C3974,华北,中线,BU-6,运营商网关,70.93,2026-03-12,2026Q1,电商,SM192,closed
SO202549,C1648,华中,北线,BU-2,运营商网关,13.4,2025-08-16,2025Q3,渠道,SM228,closed
SO202550,C2934,华南,东线,BU-3,AI 助理,103.362,2026-01-25,2026Q1,电商,SM108,closed
SO202551,C1183,华南,南线,BU-5,智能客服,31.57,2025-03-16,2025Q1,项目集采,SM106,closed
SO202552,C2076,华东,东线,BU-6,智能客服,15.82,2025-05-11,2025Q2,渠道,SM136,closed
SO202553,C3052,华北,中线,BU-4,运营商网关,37.53,2024-11-12,2024Q4,渠道,SM136,closed
SO202554,C2811,华北,北线,BU-6,运营商网关,48.84,2026-03-04,2026Q1,电商,SM244,closed
SO202555,C2515,华北,东线,BU-1,BSS-OSS,59.87,2025-12-26,2025Q4,渠道,SM216,pending
SO202556,C2712,华东,北线,BU-2,AI 助理,33.34,2024-02-18,2024Q1,直销,SM147,closed
SO202557,C1838,东北,南线,BU-3,数据中台,73.82,2025-03-08,2025Q1,直销,SM200,closed
SO202558,C2346,华中,东线,BU-2,云平台,97.06,2026-02-08,2026Q1,电商,SM243,pending
SO202559,C2510,华中,南线,BU-1,智能客服,24.54,2024-04-07,2024Q2,项目集采,SM101,closed
SO202560,C2412,华北,南线,BU-4,运营商网关,19.32,2024-12-15,2024Q4,项目集采,SM210,closed
SO202561,C3080,华中,南线,BU-3,AI 助理,38.24,2025-05-05,2025Q2,直销,SM229,closed
SO202562,C3854,华东,北线,BU-6,运营商网关,31.93,2025-03-04,2025Q1,项目集采,SM113,closed
SO202563,C1075,华南,东线,BU-6,AI 助理,11.32,2026-03-24,2026Q1,直销,SM210,closed
SO202564,C2227,华中,北线,BU-1,运营商网关,28.93,2024-04-03,2024Q2,项目集采,SM221,closed
SO202565,C2798,西南,东线,BU-4,IT 服务,3.0,2024-03-06,2024Q1,直销,SM152,closed
SO202566,C1264,西南,东线,BU-5,AI 助理,23.09,2026-03-23,2026Q1,直销,SM235,shipping
SO202567,C1413,华北,中线,BU-1,云平台,31.97,2026-01-20,2026Q1,渠道,SM208,closed
SO202568,C3675,华北,南线,BU-3,BSS-OSS,86.44,2024-06-12,2024Q2,渠道,SM119,pending
SO202569,C1677,华南,中线,BU-1,智能客服,74.02,2025-09-24,2025Q3,渠道,SM124,closed
SO202570,C1522,华东,南线,BU-3,运营商网关,167.91,2026-01-27,2026Q1,渠道,SM242,closed
SO202571,C3861,华中,东线,BU-6,数据中台,1.81,2026-01-05,2026Q1,电商,SM160,closed
SO202572,C1803,华东,南线,BU-2,BSS-OSS,20.7,2024-08-13,2024Q3,渠道,SM151,closed
SO202573,C3848,华东,南线,BU-6,IT 服务,8.82,2025-02-20,2025Q1,电商,SM103,closed
SO202574,C3447,华南,东线,BU-3,云平台,92.25,2025-10-26,2025Q4,直销,SM116,closed
SO202575,C3176,华北,北线,BU-4,运营商网关,25.68,2024-06-09,2024Q2,电商,SM190,closed
SO202576,C2022,华中,北线,BU-3,智能客服,9.21,2025-10-24,2025Q4,项目集采,SM232,shipping
SO202577,C2877,华北,中线,BU-6,BSS-OSS,58.44,2026-03-18,2026Q1,渠道,SM166,closed
SO202578,C2321,华东,东线,BU-3,AI 助理,171.51,2025-08-12,2025Q3,直销,SM203,closed
SO202579,C3725,华中,南线,BU-6,智能客服,58.89,2025-05-16,2025Q2,项目集采,SM137,closed
SO202580,C1288,华东,北线,BU-4,AI 助理,78.69,2025-11-10,2025Q4,项目集采,SM113,closed
SO202581,C1927,华南,中线,BU-1,BSS-OSS,41.3,2026-02-01,2026Q1,渠道,SM140,closed
SO202582,C3679,华东,北线,BU-1,IT 服务,46.95,2026-01-09,2026Q1,直销,SM223,closed
SO202583,C1561,东北,东线,BU-2,数据中台,79.01,2026-02-12,2026Q1,直销,SM111,closed
SO202584,C2806,东北,东线,BU-1,BSS-OSS,35.46,2024-02-10,2024Q1,渠道,SM194,closed
SO202585,C2267,华东,北线,BU-4,BSS-OSS,89.14,2025-04-02,2025Q2,渠道,SM241,shipping
SO202586,C3510,华东,南线,BU-5,运营商网关,17.9,2026-03-20,2026Q1,电商,SM101,closed
SO202587,C2887,西南,中线,BU-1,BSS-OSS,232.57,2025-01-24,2025Q1,项目集采,SM172,shipping
SO202588,C3005,华南,中线,BU-5,智能客服,113.66,2026-01-02,2026Q1,电商,SM158,shipping
SO202589,C1768,西南,中线,BU-2,智能客服,42.88,2026-02-04,2026Q1,电商,SM106,closed
SO202590,C3565,华南,北线,BU-1,云平台,10.98,2024-10-22,2024Q4,电商,SM127,closed
SO202591,C3486,华北,中线,BU-6,IT 服务,27.4,2025-01-11,2025Q1,电商,SM125,closed
SO202592,C1977,西南,中线,BU-2,AI 助理,149.27,2025-03-07,2025Q1,项目集采,SM238,closed
SO202593,C3168,华中,北线,BU-3,AI 助理,84.49,2025-12-13,2025Q4,项目集采,SM136,shipping
SO202594,C3143,西南,北线,BU-1,云平台,12.79,2024-04-11,2024Q2,电商,SM195,closed
SO202595,C1362,华东,东线,BU-1,数据中台,105.86,2026-01-04,2026Q1,电商,SM200,closed
SO202596,C2452,华中,北线,BU-5,BSS-OSS,41.5,2025-03-22,2025Q1,渠道,SM190,closed
SO202597,C1158,华北,南线,BU-1,运营商网关,9.01,2024-05-25,2024Q2,项目集采,SM113,closed
SO202598,C3610,华南,中线,BU-4,AI 助理,28.7,2024-02-02,2024Q1,项目集采,SM177,closed
SO202599,C2651,西南,北线,BU-1,IT 服务,11.56,2025-02-21,2025Q1,直销,SM169,closed
SO202600,C3543,西南,东线,BU-2,AI 助理,39.82,2024-05-07,2024Q2,电商,SM146,pending
SO202601,C3202,华中,北线,BU-3,数据中台,11.71,2026-01-04,2026Q1,直销,SM182,closed
SO202602,C1387,东北,南线,BU-5,BSS-OSS,59.24,2024-12-03,2024Q4,电商,SM100,closed
SO202603,C3201,华东,南线,BU-3,数据中台,208.18,2026-02-19,2026Q1,电商,SM200,shipping
SO202604,C3167,华南,南线,BU-4,智能客服,16.31,2025-11-25,2025Q4,电商,SM126,shipping
SO202605,C1644,华东,南线,BU-5,云平台,88.51,2025-10-08,2025Q4,电商,SM250,shipping
SO202606,C1955,华南,北线,BU-3,智能客服,31.57,2025-01-27,2025Q1,项目集采,SM241,closed
SO202607,C1078,华东,南线,BU-3,BSS-OSS,37.22,2025-05-24,2025Q2,直销,SM173,closed
SO202608,C1226,西南,中线,BU-2,运营商网关,1.42,2025-12-13,2025Q4,直销,SM183,closed
SO202609,C3355,东北,中线,BU-1,数据中台,24.68,2025-07-13,2025Q3,电商,SM210,closed
SO202610,C2639,华中,中线,BU-5,IT 服务,56.98,2025-09-12,2025Q3,电商,SM112,pending
SO202611,C1916,华北,中线,BU-6,BSS-OSS,20.18,2025-11-18,2025Q4,渠道,SM125,closed
SO202612,C2177,华北,南线,BU-2,BSS-OSS,1.61,2026-01-05,2026Q1,直销,SM181,closed
SO202613,C2281,华东,东线,BU-2,智能客服,7.12,2024-03-09,2024Q1,直销,SM184,closed
SO202614,C3786,西南,中线,BU-2,AI 助理,2.34,2024-12-19,2024Q4,电商,SM193,closed
SO202615,C3651,西南,北线,BU-5,运营商网关,25.08,2026-01-14,2026Q1,直销,SM167,closed
SO202616,C3063,华北,南线,BU-1,数据中台,200.2,2025-02-01,2025Q1,项目集采,SM239,shipping
SO202617,C2018,华中,中线,BU-3,智能客服,9.88,2026-01-26,2026Q1,电商,SM246,closed
SO202618,C2158,华南,北线,BU-5,运营商网关,23.34,2025-01-09,2025Q1,渠道,SM172,closed
SO202619,C3630,华东,东线,BU-1,IT 服务,177.71,2026-01-27,2026Q1,项目集采,SM153,closed
SO202620,C3464,华东,东线,BU-2,数据中台,90.28,2025-04-14,2025Q2,电商,SM121,closed
SO202621,C3387,华南,南线,BU-6,AI 助理,54.5,2026-02-12,2026Q1,项目集采,SM154,closed
SO202622,C1928,华北,北线,BU-6,IT 服务,37.5,2024-02-17,2024Q1,项目集采,SM101,closed
SO202623,C1194,华东,中线,BU-2,数据中台,3.42,2026-03-18,2026Q1,项目集采,SM221,closed
SO202624,C3952,华中,东线,BU-3,云平台,36.42,2025-01-27,2025Q1,项目集采,SM241,closed
SO202625,C2197,华东,南线,BU-2,云平台,11.89,2026-01-23,2026Q1,电商,SM100,closed
SO202626,C1475,华北,中线,BU-4,BSS-OSS,49.19,2025-04-26,2025Q2,直销,SM233,shipping
SO202627,C2567,西南,南线,BU-5,智能客服,21.28,2025-07-25,2025Q3,项目集采,SM149,shipping
SO202628,C2644,西南,南线,BU-3,BSS-OSS,26.28,2024-04-06,2024Q2,直销,SM131,closed
SO202629,C1467,华南,中线,BU-1,IT 服务,9.21,2026-01-04,2026Q1,电商,SM128,closed
SO202630,C3216,华东,北线,BU-4,数据中台,19.2,2026-01-23,2026Q1,电商,SM238,closed
SO202631,C1379,华中,南线,BU-5,BSS-OSS,164.97,2026-02-18,2026Q1,项目集采,SM185,closed
SO202632,C1424,西南,中线,BU-2,智能客服,17.3,2025-01-04,2025Q1,项目集采,SM122,closed
SO202633,C1083,华中,东线,BU-5,IT 服务,8.9,2025-04-06,2025Q2,电商,SM152,closed
SO202634,C2411,华东,东线,BU-3,AI 助理,4.22,2026-01-25,2026Q1,直销,SM240,closed
SO202635,C1678,西南,东线,BU-5,云平台,142.15,2025-11-18,2025Q4,电商,SM147,shipping
SO202636,C1196,华东,北线,BU-2,数据中台,163.17,2025-05-03,2025Q2,电商,SM238,closed
SO202637,C3269,华北,北线,BU-3,运营商网关,44.23,2026-01-20,2026Q1,直销,SM136,closed
SO202638,C2129,华中,东线,BU-3,IT 服务,133.48,2025-09-18,2025Q3,电商,SM168,closed
SO202639,C3491,华北,北线,BU-6,数据中台,51.54,2025-10-08,2025Q4,渠道,SM173,closed
SO202640,C1857,华东,东线,BU-5,数据中台,43.84,2026-03-24,2026Q1,电商,SM142,closed
SO202641,C2546,华北,东线,BU-6,云平台,80.73,2024-05-25,2024Q2,电商,SM195,closed
SO202642,C1242,华东,北线,BU-3,数据中台,29.56,2025-10-18,2025Q4,电商,SM244,closed
SO202643,C2667,华北,中线,BU-6,运营商网关,2.2,2025-02-12,2025Q1,项目集采,SM210,closed
SO202644,C2054,华东,东线,BU-3,数据中台,71.19,2026-03-23,2026Q1,项目集采,SM114,pending
SO202645,C1939,西南,南线,BU-3,云平台,165.04,2025-11-04,2025Q4,渠道,SM147,closed
SO202646,C3048,华中,南线,BU-3,BSS-OSS,99.68,2025-07-15,2025Q3,项目集采,SM180,closed
SO202647,C2595,西南,东线,BU-5,数据中台,26.89,2024-11-04,2024Q4,渠道,SM149,closed
SO202648,C2492,华东,东线,BU-6,AI 助理,17.24,2025-03-18,2025Q1,项目集采,SM225,pending
SO202649,C1736,华东,南线,BU-2,AI 助理,63.28,2025-08-11,2025Q3,直销,SM114,closed
SO202650,C2030,华中,南线,BU-6,云平台,49.24,2025-02-04,2025Q1,直销,SM215,closed
SO202651,C2484,华南,中线,BU-1,AI 助理,55.33,2025-10-20,2025Q4,渠道,SM168,pending
SO202652,C2055,西南,东线,BU-2,IT 服务,71.31,2025-09-04,2025Q3,直销,SM185,closed
SO202653,C1006,华北,北线,BU-4,智能客服,25.27,2026-02-19,2026Q1,电商,SM153,shipping
SO202654,C1913,华南,北线,BU-3,运营商网关,4.074,2026-03-03,2026Q1,直销,SM160,closed
SO202655,C3961,西南,中线,BU-5,IT 服务,60.81,2025-03-15,2025Q1,直销,SM113,pending
SO202656,C2090,华北,南线,BU-4,IT 服务,33.81,2025-08-15,2025Q3,电商,SM192,closed
SO202657,C1343,东北,北线,BU-5,智能客服,1.89,2024-10-08,2024Q4,电商,SM247,closed
SO202658,C3198,华北,南线,BU-2,运营商网关,19.74,2026-01-05,2026Q1,直销,SM155,closed
SO202659,C3540,华中,中线,BU-5,云平台,85.44,2025-08-19,2025Q3,项目集采,SM235,closed
SO202660,C2252,华北,东线,BU-5,智能客服,5.92,2025-11-17,2025Q4,电商,SM150,closed
SO202661,C1820,华东,北线,BU-6,数据中台,55.08,2026-01-04,2026Q1,渠道,SM233,pending
SO202662,C3671,华东,南线,BU-5,云平台,30.71,2026-02-25,2026Q1,项目集采,SM182,closed
SO202663,C3074,华东,东线,BU-1,IT 服务,105.51,2025-07-15,2025Q3,电商,SM210,closed
SO202664,C1134,华东,东线,BU-1,云平台,114.82,2025-09-24,2025Q3,项目集采,SM229,closed
SO202665,C2091,华北,北线,BU-2,运营商网关,78.21,2025-03-19,2025Q1,直销,SM182,shipping
SO202666,C3202,华北,北线,BU-3,运营商网关,47.9,2024-10-26,2024Q4,渠道,SM123,closed
SO202667,C3748,华中,东线,BU-3,智能客服,43.56,2025-04-17,2025Q2,项目集采,SM203,closed
SO202668,C3871,西南,中线,BU-4,BSS-OSS,6.55,2024-07-26,2024Q3,直销,SM146,closed
SO202669,C3805,华东,北线,BU-2,AI 助理,34.05,2026-02-20,2026Q1,直销,SM183,closed
SO202670,C3708,华北,南线,BU-2,AI 助理,68.32,2026-02-07,2026Q1,电商,SM211,closed
SO202671,C2956,华东,东线,BU-3,运营商网关,38.99,2026-02-27,2026Q1,项目集采,SM245,closed
SO202672,C3642,华东,东线,BU-5,云平台,32.13,2026-02-02,2026Q1,直销,SM108,closed
SO202673,C1999,东北,中线,BU-4,智能客服,110.47,2026-01-26,2026Q1,电商,SM176,closed
SO202674,C3934,华北,东线,BU-5,数据中台,29.26,2026-01-27,2026Q1,电商,SM171,closed
SO202675,C2930,华中,南线,BU-4,IT 服务,1.47,2025-08-22,2025Q3,渠道,SM166,closed
SO202676,C1825,华东,南线,BU-3,数据中台,127.11,2026-01-20,2026Q1,直销,SM250,closed
SO202677,C1885,华南,南线,BU-5,BSS-OSS,5.48,2025-01-04,2025Q1,直销,SM136,pending
SO202678,C1014,华东,北线,BU-6,云平台,42.42,2025-06-16,2025Q2,项目集采,SM237,shipping
SO202679,C3326,华南,北线,BU-2,运营商网关,27.64,2024-03-16,2024Q1,电商,SM126,closed
SO202680,C2418,华东,东线,BU-6,AI 助理,0.52,2025-08-23,2025Q3,渠道,SM228,closed
SO202681,C3758,华北,北线,BU-6,BSS-OSS,273.66,2025-12-24,2025Q4,直销,SM164,closed
SO202682,C1862,华东,东线,BU-6,智能客服,154.16,2025-03-06,2025Q1,直销,SM190,shipping
SO202683,C1670,华中,南线,BU-4,运营商网关,28.79,2024-04-10,2024Q2,电商,SM137,closed
SO202684,C2029,华北,东线,BU-1,智能客服,23.56,2026-02-09,2026Q1,项目集采,SM178,closed
SO202685,C3244,华北,北线,BU-6,数据中台,9.83,2026-03-09,2026Q1,项目集采,SM167,closed
SO202686,C2301,华中,东线,BU-3,IT 服务,5.07,2025-10-11,2025Q4,直销,SM242,closed
SO202687,C1201,西南,南线,BU-2,IT 服务,1.76,2026-02-18,2026Q1,项目集采,SM206,pending
SO202688,C3549,华南,北线,BU-2,数据中台,21.65,2026-01-06,2026Q1,直销,SM224,closed
SO202689,C2745,西南,南线,BU-1,BSS-OSS,52.92,2026-03-26,2026Q1,项目集采,SM198,closed
SO202690,C3066,华南,中线,BU-6,IT 服务,36.59,2025-08-17,2025Q3,直销,SM183,closed
SO202691,C3701,东北,北线,BU-1,AI 助理,69.4,2024-11-04,2024Q4,电商,SM235,closed
SO202692,C3818,华北,北线,BU-6,云平台,20.78,2024-07-02,2024Q3,电商,SM211,closed
SO202693,C3376,华中,东线,BU-5,数据中台,15.6,2026-03-16,2026Q1,直销,SM147,closed
SO202694,C3537,华北,北线,BU-1,运营商网关,60.71,2025-09-20,2025Q3,电商,SM122,closed
SO202695,C1210,华东,北线,BU-2,运营商网关,110.7,2025-04-25,2025Q2,电商,SM173,closed
SO202696,C2066,华东,北线,BU-4,AI 助理,54.3,2025-11-19,2025Q4,电商,SM245,closed
SO202697,C1654,华东,东线,BU-4,运营商网关,72.12,2025-03-13,2025Q1,项目集采,SM246,pending
SO202698,C1474,华中,东线,BU-1,BSS-OSS,56.85,2026-01-06,2026Q1,渠道,SM225,closed
SO202699,C1784,华南,北线,BU-5,智能客服,40.54,2026-01-06,2026Q1,直销,SM147,closed
SO202700,C3195,华东,北线,BU-4,BSS-OSS,0.22,2026-03-21,2026Q1,渠道,SM173,closed
SO202701,C1883,华北,中线,BU-5,IT 服务,43.86,2025-12-24,2025Q4,项目集采,SM227,closed
SO202702,C3089,华东,东线,BU-3,BSS-OSS,1.13,2026-02-14,2026Q1,渠道,SM182,closed
SO202703,C3531,华南,中线,BU-4,数据中台,94.2,2025-05-17,2025Q2,渠道,SM240,closed
SO202704,C1440,华南,南线,BU-1,运营商网关,75.81,2025-11-08,2025Q4,渠道,SM189,closed
SO202705,C3968,华东,东线,BU-3,智能客服,31.81,2025-02-27,2025Q1,项目集采,SM235,closed
SO202706,C1447,华北,北线,BU-5,智能客服,33.15,2025-01-13,2025Q1,电商,SM197,closed
SO202707,C1601,华东,北线,BU-6,数据中台,36.6,2026-01-10,2026Q1,渠道,SM237,closed
SO202708,C1777,华北,东线,BU-5,IT 服务,18.71,2025-03-24,2025Q1,直销,SM184,closed
SO202709,C2231,华北,中线,BU-1,云平台,94.63,2025-06-07,2025Q2,渠道,SM208,closed
SO202710,C2499,华北,北线,BU-4,运营商网关,14.03,2026-03-10,2026Q1,电商,SM190,closed
SO202711,C3193,华东,东线,BU-6,数据中台,1.39,2025-02-02,2025Q1,项目集采,SM243,closed
SO202712,C2558,西南,中线,BU-5,AI 助理,87.89,2026-03-21,2026Q1,直销,SM155,closed
SO202713,C3171,东北,南线,BU-4,智能客服,22.66,2026-01-03,2026Q1,电商,SM213,closed
SO202714,C1120,华南,南线,BU-2,AI 助理,22.41,2026-03-11,2026Q1,项目集采,SM237,closed
SO202715,C2153,西南,东线,BU-2,数据中台,43.55,2024-04-12,2024Q2,项目集采,SM122,shipping
SO202716,C2383,华北,中线,BU-6,BSS-OSS,63.78,2026-02-20,2026Q1,直销,SM142,closed
SO202717,C3397,华东,中线,BU-2,智能客服,31.5,2026-02-13,2026Q1,项目集采,SM110,shipping
SO202718,C1441,华中,中线,BU-6,IT 服务,8.23,2025-05-14,2025Q2,项目集采,SM177,closed
SO202719,C2426,西南,中线,BU-2,运营商网关,47.03,2026-02-11,2026Q1,电商,SM144,shipping
SO202720,C3454,华南,南线,BU-2,BSS-OSS,53.31,2024-02-14,2024Q1,电商,SM202,closed
SO202721,C2166,华东,中线,BU-1,数据中台,2.0,2025-06-20,2025Q2,项目集采,SM168,closed
SO202722,C2486,华北,东线,BU-5,IT 服务,155.08,2025-04-23,2025Q2,直销,SM112,closed
SO202723,C3796,华南,东线,BU-6,IT 服务,4.72,2025-04-16,2025Q2,项目集采,SM147,closed
SO202724,C1103,西南,东线,BU-6,AI 助理,48.61,2024-01-20,2024Q1,电商,SM194,shipping
SO202725,C2114,华北,北线,BU-2,云平台,59.5,2025-01-09,2025Q1,直销,SM173,closed
SO202726,C1575,华北,南线,BU-4,数据中台,6.68,2025-04-10,2025Q2,渠道,SM231,closed
SO202727,C3445,华北,中线,BU-4,智能客服,35.25,2025-10-17,2025Q4,渠道,SM200,closed
SO202728,C3778,华中,南线,BU-2,IT 服务,7.4,2026-02-07,2026Q1,项目集采,SM205,closed
SO202729,C1840,华北,东线,BU-6,IT 服务,116.04,2024-08-19,2024Q3,直销,SM219,closed
SO202730,C2339,华东,中线,BU-1,IT 服务,39.06,2026-03-14,2026Q1,项目集采,SM213,shipping
SO202731,C2641,华北,北线,BU-3,AI 助理,19.17,2025-01-23,2025Q1,项目集采,SM137,shipping
SO202732,C3816,华南,东线,BU-1,BSS-OSS,109.39,2026-02-12,2026Q1,直销,SM133,closed
SO202733,C2291,华中,北线,BU-6,BSS-OSS,81.81,2025-09-12,2025Q3,直销,SM186,closed
SO202734,C3894,华中,东线,BU-4,运营商网关,90.38,2025-01-24,2025Q1,直销,SM104,closed
SO202735,C2292,华东,北线,BU-3,BSS-OSS,123.67,2024-02-19,2024Q1,电商,SM245,shipping
SO202736,C1619,华北,中线,BU-4,BSS-OSS,10.3,2026-02-22,2026Q1,电商,SM175,closed
SO202737,C3898,西南,北线,BU-5,数据中台,62.16,2025-07-19,2025Q3,电商,SM117,closed
SO202738,C3273,华北,北线,BU-2,云平台,140.11,2026-01-17,2026Q1,直销,SM135,closed
SO202739,C2224,华北,东线,BU-2,数据中台,105.26,2026-03-21,2026Q1,渠道,SM102,closed
SO202740,C3282,华东,南线,BU-4,数据中台,142.88,2026-03-17,2026Q1,项目集采,SM104,shipping
SO202741,C1186,华东,中线,BU-1,BSS-OSS,47.97,2025-09-03,2025Q3,渠道,SM201,pending
SO202742,C1439,华东,东线,BU-1,AI 助理,31.55,2025-01-23,2025Q1,渠道,SM137,closed
SO202743,C2122,华中,中线,BU-4,数据中台,69.18,2024-09-24,2024Q3,直销,SM199,closed
SO202744,C3138,华北,中线,BU-4,云平台,127.74,2025-05-10,2025Q2,项目集采,SM157,closed
SO202745,C3188,华北,东线,BU-6,IT 服务,13.5,2026-01-05,2026Q1,项目集采,SM210,shipping
SO202746,C1905,西南,南线,BU-6,AI 助理,3.36,2025-01-01,2025Q1,直销,SM185,closed
SO202747,C3430,西南,北线,BU-6,IT 服务,21.34,2025-01-24,2025Q1,渠道,SM243,pending
SO202748,C2092,华东,中线,BU-3,数据中台,54.27,2026-02-22,2026Q1,电商,SM189,closed
SO202749,C1269,华北,北线,BU-3,云平台,76.42,2026-01-10,2026Q1,项目集采,SM244,shipping
SO202750,C3226,华东,中线,BU-1,IT 服务,80.97,2024-07-11,2024Q3,电商,SM133,closed
SO202751,C1597,华中,东线,BU-6,运营商网关,12.54,2025-08-25,2025Q3,电商,SM207,closed
SO202752,C2204,华北,北线,BU-3,运营商网关,90.33,2024-10-13,2024Q4,直销,SM113,closed
SO202753,C2827,西南,中线,BU-2,智能客服,27.92,2025-09-13,2025Q3,项目集采,SM208,shipping
SO202754,C1114,华北,南线,BU-4,云平台,105.95,2026-03-01,2026Q1,项目集采,SM250,closed
SO202755,C3970,华北,中线,BU-6,BSS-OSS,17.34,2025-12-25,2025Q4,项目集采,SM217,closed
SO202756,C3871,华东,中线,BU-3,IT 服务,20.98,2026-01-18,2026Q1,项目集采,SM147,closed
SO202757,C2687,华中,北线,BU-1,数据中台,91.17,2026-01-08,2026Q1,项目集采,SM158,closed
SO202758,C1630,华北,中线,BU-3,AI 助理,23.01,2026-01-01,2026Q1,项目集采,SM169,closed
SO202759,C3409,西南,南线,BU-2,AI 助理,9.81,2026-03-16,2026Q1,直销,SM146,closed
SO202760,C3546,华北,东线,BU-3,运营商网关,37.34,2024-11-03,2024Q4,渠道,SM166,closed
SO202761,C1026,华东,中线,BU-2,云平台,45.51,2026-01-26,2026Q1,项目集采,SM162,closed
SO202762,C3425,华北,东线,BU-5,智能客服,4.93,2026-03-05,2026Q1,电商,SM176,closed
SO202763,C2975,华北,中线,BU-3,数据中台,28.68,2025-08-12,2025Q3,渠道,SM136,closed
SO202764,C1734,东北,北线,BU-4,运营商网关,60.34,2025-01-19,2025Q1,渠道,SM170,closed
SO202765,C2460,华南,中线,BU-2,智能客服,46.21,2026-03-03,2026Q1,直销,SM105,closed
SO202766,C3607,华北,南线,BU-5,BSS-OSS,20.9,2026-03-22,2026Q1,项目集采,SM108,closed
SO202767,C1542,华南,东线,BU-3,数据中台,6.2509999999999994,2026-02-10,2026Q1,电商,SM141,closed
SO202768,C1240,华中,南线,BU-2,IT 服务,57.94,2026-03-17,2026Q1,项目集采,SM200,closed
SO202769,C3398,华南,北线,BU-2,运营商网关,14.4,2026-03-13,2026Q1,渠道,SM150,closed
SO202770,C2979,华南,北线,BU-4,AI 助理,0.36,2025-12-05,2025Q4,渠道,SM123,closed
SO202771,C3731,华南,中线,BU-4,智能客服,5.32,2025-08-20,2025Q3,直销,SM124,closed
SO202772,C2810,华东,北线,BU-6,云平台,47.38,2025-05-17,2025Q2,项目集采,SM206,closed
SO202773,C1489,东北,南线,BU-1,云平台,61.69,2026-02-06,2026Q1,项目集采,SM151,closed
SO202774,C2190,华南,东线,BU-5,运营商网关,95.51,2024-03-14,2024Q1,直销,SM205,closed
SO202775,C1772,华北,东线,BU-5,AI 助理,218.89,2024-01-01,2024Q1,渠道,SM151,pending
SO202776,C2513,华北,南线,BU-6,运营商网关,60.24,2026-01-21,2026Q1,直销,SM160,closed
SO202777,C2694,华南,东线,BU-4,IT 服务,100.99,2025-12-14,2025Q4,电商,SM127,closed
SO202778,C1851,东北,中线,BU-6,运营商网关,62.37,2024-10-22,2024Q4,渠道,SM188,closed
SO202779,C3299,华东,南线,BU-5,智能客服,53.93,2025-05-09,2025Q2,直销,SM167,closed
SO202780,C1665,华东,中线,BU-5,数据中台,32.89,2024-12-13,2024Q4,直销,SM191,closed
SO202781,C2693,华东,南线,BU-1,智能客服,0.69,2025-11-23,2025Q4,项目集采,SM148,closed
SO202782,C3044,西南,东线,BU-3,智能客服,88.04,2024-02-07,2024Q1,直销,SM217,closed
SO202783,C1646,华东,南线,BU-6,智能客服,0.11,2025-11-19,2025Q4,项目集采,SM183,closed
SO202784,C1749,华东,东线,BU-1,智能客服,12.04,2025-10-27,2025Q4,直销,SM144,closed
SO202785,C3191,西南,南线,BU-2,AI 助理,10.77,2026-03-13,2026Q1,渠道,SM194,closed
SO202786,C2084,华东,北线,BU-2,运营商网关,45.55,2024-02-27,2024Q1,直销,SM103,closed
SO202787,C2162,华东,东线,BU-6,AI 助理,22.85,2026-01-26,2026Q1,项目集采,SM111,closed
SO202788,C1133,华中,东线,BU-1,数据中台,90.65,2026-03-11,2026Q1,电商,SM224,shipping
SO202789,C1729,华中,北线,BU-5,数据中台,13.24,2024-06-20,2024Q2,直销,SM214,closed
SO202790,C1505,西南,东线,BU-1,BSS-OSS,30.67,2025-05-14,2025Q2,项目集采,SM215,closed
SO202791,C3866,华东,北线,BU-5,智能客服,114.41,2026-01-11,2026Q1,项目集采,SM112,closed
SO202792,C3477,华南,东线,BU-3,智能客服,42.3,2025-05-27,2025Q2,直销,SM221,shipping
SO202793,C3560,西南,中线,BU-5,云平台,45.51,2024-12-13,2024Q4,电商,SM155,closed
SO202794,C1778,西南,中线,BU-6,数据中台,1.21,2026-02-21,2026Q1,直销,SM199,closed
SO202795,C1716,西南,北线,BU-3,IT 服务,13.76,2025-12-24,2025Q4,渠道,SM250,closed
SO202796,C2121,华南,东线,BU-3,BSS-OSS,6.3069999999999995,2026-02-26,2026Q1,电商,SM226,closed
SO202797,C2229,华东,北线,BU-2,运营商网关,59.57,2024-12-04,2024Q4,电商,SM191,closed
SO202798,C1896,西南,中线,BU-6,AI 助理,39.02,2025-02-20,2025Q1,直销,SM190,closed
SO202799,C3860,东北,中线,BU-1,智能客服,82.78,2025-09-21,2025Q3,渠道,SM134,closed
SO202800,C2886,华北,东线,BU-5,智能客服,1.57,2025-12-21,2025Q4,直销,SM237,closed
SO202801,C2782,华北,北线,BU-4,智能客服,2.64,2025-07-08,2025Q3,电商,SM187,closed
SO202802,C2068,华中,中线,BU-2,云平台,82.36,2025-09-16,2025Q3,渠道,SM198,closed
SO202803,C1129,华北,南线,BU-4,IT 服务,143.33,2026-03-14,2026Q1,电商,SM148,closed
SO202804,C1927,华北,北线,BU-4,BSS-OSS,124.16,2025-09-05,2025Q3,直销,SM211,shipping
SO202805,C1979,华南,北线,BU-3,数据中台,105.13,2025-06-09,2025Q2,项目集采,SM151,closed
SO202806,C2834,华东,北线,BU-5,IT 服务,46.26,2026-01-09,2026Q1,直销,SM229,closed
SO202807,C3880,西南,中线,BU-2,智能客服,109.86,2026-01-02,2026Q1,直销,SM238,closed
SO202808,C3548,华东,中线,BU-6,云平台,81.39,2026-03-10,2026Q1,电商,SM234,closed
SO202809,C1972,华南,北线,BU-4,数据中台,63.75,2025-08-05,2025Q3,项目集采,SM185,closed
SO202810,C2709,华南,中线,BU-2,AI 助理,113.88,2024-10-07,2024Q4,电商,SM234,pending
SO202811,C3725,华中,东线,BU-3,云平台,14.42,2024-02-18,2024Q1,直销,SM184,closed
SO202812,C3824,华北,东线,BU-1,IT 服务,12.83,2024-02-02,2024Q1,项目集采,SM153,closed
SO202813,C2469,东北,东线,BU-5,AI 助理,18.88,2025-09-15,2025Q3,直销,SM127,closed
SO202814,C1995,西南,南线,BU-5,运营商网关,15.96,2025-11-17,2025Q4,直销,SM227,closed
SO202815,C3752,东北,东线,BU-1,智能客服,39.38,2024-07-20,2024Q3,渠道,SM221,pending
SO202816,C2730,华中,中线,BU-3,AI 助理,34.6,2025-05-06,2025Q2,渠道,SM136,closed
SO202817,C2341,西南,东线,BU-5,运营商网关,83.0,2025-09-10,2025Q3,渠道,SM174,closed
SO202818,C3641,华东,东线,BU-1,数据中台,117.54,2024-08-03,2024Q3,渠道,SM200,closed
SO202819,C2187,华南,东线,BU-5,数据中台,35.81,2026-03-12,2026Q1,电商,SM180,closed
SO202820,C1038,华东,南线,BU-5,BSS-OSS,79.23,2025-10-19,2025Q4,项目集采,SM191,closed
SO202821,C2870,华北,中线,BU-2,BSS-OSS,12.91,2025-04-07,2025Q2,项目集采,SM215,closed
SO202822,C3377,华中,中线,BU-4,云平台,9.19,2025-04-20,2025Q2,渠道,SM229,closed
SO202823,C1079,华东,中线,BU-3,智能客服,13.0,2025-12-13,2025Q4,电商,SM247,closed
SO202824,C2841,华东,东线,BU-6,IT 服务,19.1,2024-03-27,2024Q1,项目集采,SM207,closed
SO202825,C1961,华东,南线,BU-2,BSS-OSS,56.67,2025-02-07,2025Q1,渠道,SM158,pending
SO202826,C3292,西南,中线,BU-1,数据中台,25.4,2025-09-03,2025Q3,项目集采,SM235,closed
SO202827,C2891,华东,中线,BU-3,BSS-OSS,0.44,2025-04-04,2025Q2,电商,SM228,closed
SO202828,C3039,华北,中线,BU-4,运营商网关,14.47,2026-02-18,2026Q1,渠道,SM119,closed
SO202829,C1903,华北,北线,BU-4,数据中台,125.88,2026-02-11,2026Q1,项目集采,SM105,shipping
SO202830,C3693,西南,东线,BU-3,运营商网关,165.44,2024-05-25,2024Q2,项目集采,SM239,closed
SO202831,C3991,华东,北线,BU-3,数据中台,54.91,2026-02-14,2026Q1,电商,SM210,closed
SO202832,C2308,华东,东线,BU-5,IT 服务,3.78,2026-03-22,2026Q1,渠道,SM116,pending
SO202833,C2010,华南,中线,BU-2,云平台,22.54,2024-11-11,2024Q4,项目集采,SM175,closed
SO202834,C1711,华北,北线,BU-1,AI 助理,104.33,2024-03-19,2024Q1,项目集采,SM130,closed
SO202835,C1067,西南,南线,BU-5,BSS-OSS,156.51,2026-02-21,2026Q1,渠道,SM160,closed
SO202836,C2225,华北,东线,BU-2,AI 助理,7.1,2025-06-25,2025Q2,项目集采,SM230,closed
SO202837,C3062,华东,北线,BU-5,IT 服务,252.77,2025-09-01,2025Q3,电商,SM126,closed
SO202838,C2184,华南,南线,BU-2,运营商网关,45.67,2026-02-04,2026Q1,项目集采,SM223,pending
SO202839,C1668,华东,南线,BU-3,运营商网关,2.31,2024-10-13,2024Q4,电商,SM240,closed
SO202840,C1726,华中,北线,BU-2,数据中台,42.22,2025-05-20,2025Q2,项目集采,SM215,closed
SO202841,C3540,西南,北线,BU-6,BSS-OSS,11.9,2025-03-04,2025Q1,渠道,SM136,closed
SO202842,C1953,华中,中线,BU-1,AI 助理,0.45,2025-03-13,2025Q1,直销,SM176,closed
SO202843,C2369,华北,中线,BU-4,智能客服,8.24,2025-02-14,2025Q1,直销,SM188,closed
SO202844,C1313,西南,东线,BU-5,BSS-OSS,129.34,2026-03-02,2026Q1,电商,SM197,closed
SO202845,C3006,华北,北线,BU-4,云平台,50.2,2024-08-08,2024Q3,项目集采,SM128,closed
SO202846,C3012,华南,南线,BU-1,BSS-OSS,44.55,2025-12-11,2025Q4,电商,SM193,closed
SO202847,C3734,华东,北线,BU-5,AI 助理,46.32,2024-07-07,2024Q3,电商,SM154,closed
SO202848,C3136,华东,南线,BU-3,云平台,283.13,2026-02-07,2026Q1,渠道,SM179,closed
SO202849,C1719,华北,东线,BU-6,IT 服务,47.59,2025-06-20,2025Q2,渠道,SM115,shipping
SO202850,C2431,华东,东线,BU-3,BSS-OSS,30.22,2026-01-27,2026Q1,项目集采,SM115,shipping
SO202851,C3919,西南,南线,BU-1,云平台,17.11,2026-01-16,2026Q1,项目集采,SM225,closed
SO202852,C3142,华东,南线,BU-2,运营商网关,19.69,2025-03-19,2025Q1,渠道,SM143,closed
SO202853,C2042,华东,南线,BU-1,AI 助理,63.29,2026-01-10,2026Q1,渠道,SM199,closed
SO202854,C1067,华东,中线,BU-1,数据中台,106.59,2025-02-18,2025Q1,电商,SM164,closed
SO202855,C3482,华北,中线,BU-6,IT 服务,22.49,2024-12-20,2024Q4,渠道,SM150,closed
SO202856,C2910,华北,东线,BU-6,数据中台,25.82,2026-02-16,2026Q1,渠道,SM230,closed
SO202857,C1063,西南,北线,BU-2,数据中台,38.68,2024-06-06,2024Q2,项目集采,SM160,closed
SO202858,C3913,华东,北线,BU-6,AI 助理,43.3,2026-01-19,2026Q1,电商,SM241,shipping
SO202859,C3921,华中,东线,BU-1,AI 助理,28.38,2026-03-17,2026Q1,项目集采,SM241,closed
SO202860,C3462,华中,南线,BU-1,云平台,35.42,2026-03-08,2026Q1,渠道,SM195,closed
SO202861,C2587,华南,中线,BU-1,AI 助理,5.92,2024-02-01,2024Q1,直销,SM180,shipping
SO202862,C3843,华中,南线,BU-1,IT 服务,76.93,2026-02-12,2026Q1,电商,SM109,closed
SO202863,C3276,华中,南线,BU-6,IT 服务,4.81,2025-06-02,2025Q2,渠道,SM202,closed
SO202864,C1983,华中,东线,BU-1,运营商网关,13.24,2026-01-05,2026Q1,直销,SM154,closed
SO202865,C3797,华东,北线,BU-1,AI 助理,13.83,2025-08-24,2025Q3,电商,SM123,closed
SO202866,C3024,华中,东线,BU-5,IT 服务,56.51,2024-03-07,2024Q1,电商,SM238,closed
SO202867,C2063,华北,东线,BU-5,BSS-OSS,18.94,2024-09-07,2024Q3,渠道,SM157,shipping
SO202868,C3823,华北,北线,BU-1,云平台,15.48,2026-01-02,2026Q1,直销,SM113,closed
SO202869,C3756,华东,北线,BU-5,运营商网关,1.02,2024-01-27,2024Q1,项目集采,SM177,closed
SO202870,C1635,华中,北线,BU-2,智能客服,24.76,2026-01-22,2026Q1,项目集采,SM101,closed
SO202871,C1249,西南,南线,BU-2,IT 服务,13.6,2025-07-02,2025Q3,电商,SM209,closed
SO202872,C2544,华东,东线,BU-4,IT 服务,80.27,2026-03-08,2026Q1,电商,SM119,closed
SO202873,C2767,华东,南线,BU-2,云平台,16.68,2026-03-19,2026Q1,项目集采,SM175,closed
SO202874,C1767,华中,北线,BU-6,云平台,38.83,2026-03-16,2026Q1,直销,SM198,closed
SO202875,C2811,西南,北线,BU-6,智能客服,8.51,2026-01-24,2026Q1,项目集采,SM232,closed
SO202876,C2331,华南,中线,BU-4,运营商网关,66.26,2026-03-06,2026Q1,电商,SM107,pending
SO202877,C2577,华东,南线,BU-1,运营商网关,14.61,2026-02-01,2026Q1,项目集采,SM125,closed
SO202878,C2915,华东,东线,BU-6,运营商网关,135.89,2025-06-26,2025Q2,渠道,SM231,shipping
SO202879,C3236,东北,南线,BU-3,云平台,29.1,2026-03-16,2026Q1,项目集采,SM108,closed
SO202880,C1314,华北,中线,BU-2,运营商网关,21.46,2025-09-21,2025Q3,项目集采,SM215,closed
SO202881,C3882,华中,中线,BU-6,AI 助理,50.12,2025-08-10,2025Q3,电商,SM230,closed
SO202882,C3186,华东,南线,BU-2,运营商网关,66.34,2024-05-13,2024Q2,直销,SM205,closed
SO202883,C1293,华东,南线,BU-3,数据中台,91.24,2026-03-27,2026Q1,电商,SM191,closed
SO202884,C2564,华东,东线,BU-1,运营商网关,93.35,2025-01-26,2025Q1,项目集采,SM240,pending
SO202885,C1525,东北,中线,BU-4,数据中台,7.03,2025-09-06,2025Q3,电商,SM101,closed
SO202886,C1848,华东,南线,BU-2,云平台,18.57,2025-10-17,2025Q4,项目集采,SM246,closed
SO202887,C2954,华东,中线,BU-6,IT 服务,58.81,2026-01-25,2026Q1,项目集采,SM158,closed
SO202888,C2368,华中,东线,BU-5,数据中台,87.87,2026-03-17,2026Q1,直销,SM123,closed
SO202889,C2362,华东,南线,BU-1,云平台,47.57,2024-10-12,2024Q4,渠道,SM217,closed
SO202890,C3497,华南,东线,BU-4,AI 助理,8.51,2026-03-21,2026Q1,直销,SM235,closed
SO202891,C3321,华东,东线,BU-5,运营商网关,75.6,2026-02-26,2026Q1,直销,SM249,closed
SO202892,C3922,西南,东线,BU-5,BSS-OSS,17.86,2025-04-16,2025Q2,项目集采,SM249,shipping
SO202893,C3713,华北,北线,BU-6,运营商网关,26.5,2026-02-09,2026Q1,渠道,SM116,closed
SO202894,C3901,华南,南线,BU-2,IT 服务,1.07,2025-02-08,2025Q1,直销,SM247,closed
SO202895,C3420,西南,东线,BU-2,运营商网关,16.57,2026-01-02,2026Q1,项目集采,SM115,closed
SO202896,C3223,华南,中线,BU-1,运营商网关,1.55,2025-03-27,2025Q1,项目集采,SM167,closed
SO202897,C3301,西南,中线,BU-4,数据中台,24.77,2026-01-27,2026Q1,电商,SM186,closed
SO202898,C2274,华东,东线,BU-3,AI 助理,4.21,2025-11-10,2025Q4,项目集采,SM150,shipping
SO202899,C3296,华中,东线,BU-3,智能客服,29.29,2025-12-14,2025Q4,渠道,SM222,closed
SO202900,C1083,华东,东线,BU-2,数据中台,1.0,2025-08-15,2025Q3,直销,SM109,closed
SO202901,C3234,华南,中线,BU-5,运营商网关,4.09,2026-01-11,2026Q1,项目集采,SM241,closed
SO202902,C1113,华北,北线,BU-2,AI 助理,88.54,2024-10-10,2024Q4,项目集采,SM201,closed
SO202903,C1544,华南,中线,BU-3,IT 服务,31.941,2026-01-19,2026Q1,渠道,SM196,closed
SO202904,C2241,华东,东线,BU-2,IT 服务,268.68,2024-06-06,2024Q2,电商,SM122,closed
SO202905,C3434,华北,南线,BU-1,AI 助理,29.34,2025-12-07,2025Q4,渠道,SM223,closed
SO202906,C1268,华北,中线,BU-1,智能客服,11.1,2026-02-10,2026Q1,直销,SM193,closed
SO202907,C3349,华南,北线,BU-2,智能客服,47.56,2025-11-23,2025Q4,项目集采,SM142,closed
SO202908,C2158,华北,北线,BU-6,BSS-OSS,184.61,2024-04-13,2024Q2,电商,SM247,closed
SO202909,C3505,华东,北线,BU-5,运营商网关,41.37,2025-07-27,2025Q3,电商,SM130,closed
SO202910,C1971,华北,北线,BU-3,IT 服务,10.9,2025-12-27,2025Q4,渠道,SM184,shipping
SO202911,C3213,华东,北线,BU-4,智能客服,46.13,2026-01-01,2026Q1,电商,SM204,closed
SO202912,C3885,华北,东线,BU-2,IT 服务,193.78,2024-08-01,2024Q3,项目集采,SM139,closed
SO202913,C2000,华北,东线,BU-2,智能客服,109.48,2025-09-22,2025Q3,直销,SM117,closed
SO202914,C2989,东北,南线,BU-2,数据中台,64.68,2025-09-12,2025Q3,直销,SM238,closed
SO202915,C3922,华东,东线,BU-1,云平台,18.07,2025-09-11,2025Q3,渠道,SM234,closed
SO202916,C3545,华中,南线,BU-5,智能客服,29.33,2025-08-16,2025Q3,直销,SM193,closed
SO202917,C3670,华南,东线,BU-4,数据中台,10.6,2026-02-25,2026Q1,电商,SM183,closed
SO202918,C3351,华东,南线,BU-3,AI 助理,11.93,2025-07-04,2025Q3,渠道,SM149,shipping
SO202919,C2358,华中,中线,BU-5,智能客服,64.3,2024-09-05,2024Q3,直销,SM248,closed
SO202920,C1473,华中,中线,BU-4,IT 服务,109.86,2025-05-03,2025Q2,项目集采,SM180,closed
SO202921,C3532,华南,中线,BU-6,IT 服务,9.38,2025-04-26,2025Q2,电商,SM119,closed
SO202922,C2939,华东,北线,BU-4,数据中台,23.7,2025-10-14,2025Q4,渠道,SM138,closed
SO202923,C3021,西南,中线,BU-1,BSS-OSS,0.25,2026-03-01,2026Q1,渠道,SM198,closed
SO202924,C3148,华南,北线,BU-1,AI 助理,99.19,2026-02-08,2026Q1,电商,SM109,closed
SO202925,C1219,华北,中线,BU-2,AI 助理,22.41,2026-01-26,2026Q1,电商,SM143,closed
SO202926,C3951,华南,东线,BU-1,BSS-OSS,0.34,2025-02-03,2025Q1,电商,SM182,closed
SO202927,C1162,华东,南线,BU-4,数据中台,74.74,2025-05-14,2025Q2,项目集采,SM101,closed
SO202928,C1023,华北,北线,BU-5,云平台,245.1,2026-01-27,2026Q1,渠道,SM161,shipping
SO202929,C2450,华北,南线,BU-3,BSS-OSS,53.33,2026-01-25,2026Q1,渠道,SM215,closed
SO202930,C2831,华北,北线,BU-5,运营商网关,99.85,2024-03-11,2024Q1,直销,SM245,closed
SO202931,C3558,西南,北线,BU-3,AI 助理,10.14,2025-07-20,2025Q3,渠道,SM177,closed
SO202932,C2309,华南,中线,BU-6,云平台,66.17,2025-10-03,2025Q4,项目集采,SM112,closed
SO202933,C3065,西南,北线,BU-6,IT 服务,80.41,2025-09-10,2025Q3,直销,SM132,closed
SO202934,C3568,东北,南线,BU-2,BSS-OSS,10.83,2024-03-24,2024Q1,渠道,SM248,closed
SO202935,C3897,华南,中线,BU-4,IT 服务,12.42,2024-11-03,2024Q4,电商,SM222,pending
SO202936,C3821,华东,中线,BU-6,数据中台,4.94,2026-01-24,2026Q1,电商,SM232,closed
SO202937,C2510,华南,南线,BU-3,运营商网关,14.860999999999999,2026-03-11,2026Q1,电商,SM120,closed
SO202938,C1179,华南,东线,BU-3,BSS-OSS,6.88,2024-02-25,2024Q1,渠道,SM102,closed
SO202939,C2808,华中,东线,BU-1,运营商网关,74.39,2026-02-11,2026Q1,直销,SM231,shipping
SO202940,C3199,华东,北线,BU-6,IT 服务,11.26,2026-02-08,2026Q1,项目集采,SM123,shipping
SO202941,C1625,华南,东线,BU-6,IT 服务,37.2,2024-12-15,2024Q4,渠道,SM211,pending
SO202942,C1584,华北,东线,BU-3,运营商网关,128.73,2026-03-04,2026Q1,电商,SM110,closed
SO202943,C2410,西南,东线,BU-6,BSS-OSS,2.11,2024-09-10,2024Q3,项目集采,SM135,closed
SO202944,C3172,华南,东线,BU-1,IT 服务,40.8,2025-04-20,2025Q2,渠道,SM195,closed
SO202945,C3648,西南,东线,BU-3,AI 助理,49.49,2025-01-27,2025Q1,电商,SM115,closed
SO202946,C1574,华北,北线,BU-2,AI 助理,61.13,2026-01-04,2026Q1,直销,SM230,closed
SO202947,C1310,华南,北线,BU-2,智能客服,27.43,2024-08-08,2024Q3,直销,SM228,closed
SO202948,C2271,华北,北线,BU-4,智能客服,34.6,2025-10-07,2025Q4,电商,SM151,closed
SO202949,C2002,华东,中线,BU-3,云平台,31.58,2025-11-26,2025Q4,直销,SM182,closed
SO202950,C2771,华中,中线,BU-6,数据中台,7.62,2025-09-03,2025Q3,直销,SM145,closed
SO202951,C2579,华中,南线,BU-4,运营商网关,26.12,2025-06-14,2025Q2,渠道,SM101,closed
SO202952,C2319,华南,北线,BU-5,运营商网关,65.62,2025-10-11,2025Q4,渠道,SM167,closed
SO202953,C2971,华东,东线,BU-5,BSS-OSS,46.26,2026-01-16,2026Q1,电商,SM143,closed
SO202954,C3450,华东,南线,BU-5,AI 助理,41.43,2024-06-22,2024Q2,渠道,SM218,closed
SO202955,C1578,华南,南线,BU-2,智能客服,29.16,2025-06-17,2025Q2,渠道,SM154,closed
SO202956,C1592,西南,中线,BU-5,运营商网关,45.15,2026-01-04,2026Q1,项目集采,SM117,closed
SO202957,C1038,东北,北线,BU-6,智能客服,11.24,2025-03-21,2025Q1,项目集采,SM107,closed
SO202958,C3473,华中,中线,BU-2,云平台,10.29,2026-01-15,2026Q1,电商,SM229,closed
SO202959,C3084,华中,北线,BU-1,智能客服,97.88,2026-01-03,2026Q1,渠道,SM144,closed
SO202960,C1303,东北,北线,BU-3,BSS-OSS,121.48,2026-03-11,2026Q1,项目集采,SM219,shipping
SO202961,C3853,华北,东线,BU-3,数据中台,3.4,2026-02-27,2026Q1,直销,SM126,closed
SO202962,C1861,华东,中线,BU-4,智能客服,54.77,2025-03-15,2025Q1,电商,SM109,closed
SO202963,C2140,东北,南线,BU-2,BSS-OSS,8.52,2026-01-22,2026Q1,电商,SM217,closed
SO202964,C1559,华东,北线,BU-3,IT 服务,129.11,2026-02-22,2026Q1,渠道,SM140,closed
SO202965,C3683,西南,北线,BU-3,云平台,24.24,2025-11-09,2025Q4,直销,SM171,closed
SO202966,C3154,西南,中线,BU-1,AI 助理,9.79,2026-02-26,2026Q1,电商,SM158,closed
SO202967,C3059,华中,中线,BU-4,BSS-OSS,141.36,2024-09-05,2024Q3,项目集采,SM212,closed
SO202968,C2901,华南,中线,BU-6,数据中台,58.54,2025-08-02,2025Q3,渠道,SM146,shipping
SO202969,C1642,华东,南线,BU-1,BSS-OSS,1.26,2026-03-27,2026Q1,电商,SM148,closed
SO202970,C3369,华南,南线,BU-6,BSS-OSS,128.5,2025-09-23,2025Q3,电商,SM111,closed
SO202971,C3539,华北,东线,BU-1,数据中台,48.93,2026-01-18,2026Q1,电商,SM212,closed
SO202972,C2177,华南,中线,BU-3,BSS-OSS,131.2,2025-05-07,2025Q2,电商,SM200,shipping
SO202973,C3214,华中,南线,BU-4,数据中台,3.15,2026-03-22,2026Q1,渠道,SM155,closed
SO202974,C2109,华北,东线,BU-2,数据中台,221.59,2025-08-23,2025Q3,电商,SM195,pending
SO202975,C3279,华中,东线,BU-4,智能客服,51.54,2025-05-15,2025Q2,直销,SM137,closed
SO202976,C2830,西南,东线,BU-5,运营商网关,49.58,2025-02-17,2025Q1,渠道,SM101,closed
SO202977,C3611,西南,中线,BU-6,数据中台,84.01,2026-02-11,2026Q1,渠道,SM140,closed
SO202978,C3167,西南,南线,BU-3,BSS-OSS,21.81,2026-01-05,2026Q1,渠道,SM162,closed
SO202979,C3233,华北,南线,BU-3,AI 助理,11.47,2025-10-06,2025Q4,电商,SM178,closed
SO202980,C3212,华中,北线,BU-3,智能客服,213.6,2025-12-13,2025Q4,直销,SM229,closed
SO202981,C3672,华北,北线,BU-4,IT 服务,15.99,2024-05-10,2024Q2,项目集采,SM223,closed
SO202982,C2330,华南,南线,BU-4,智能客服,13.23,2025-09-20,2025Q3,电商,SM115,closed
SO202983,C1776,华北,北线,BU-2,BSS-OSS,63.52,2026-03-12,2026Q1,直销,SM208,shipping
SO202984,C3757,华东,东线,BU-4,智能客服,76.31,2026-01-09,2026Q1,渠道,SM120,closed
SO202985,C3885,华北,南线,BU-4,智能客服,19.64,2024-12-04,2024Q4,渠道,SM244,closed
SO202986,C2683,华中,东线,BU-1,运营商网关,110.95,2025-05-13,2025Q2,渠道,SM240,closed
SO202987,C1897,华北,北线,BU-2,数据中台,27.06,2026-01-23,2026Q1,项目集采,SM209,closed
SO202988,C3780,华南,北线,BU-4,数据中台,51.14,2025-09-20,2025Q3,渠道,SM132,closed
SO202989,C3335,华南,北线,BU-1,运营商网关,2.58,2025-09-24,2025Q3,电商,SM140,closed
SO202990,C2398,华南,南线,BU-1,IT 服务,23.0,2025-03-22,2025Q1,电商,SM147,closed
SO202991,C3903,华北,北线,BU-5,IT 服务,12.14,2025-09-12,2025Q3,直销,SM157,closed
SO202992,C3212,华南,中线,BU-1,IT 服务,35.16,2026-02-14,2026Q1,直销,SM141,closed
SO202993,C1471,华北,中线,BU-2,AI 助理,16.46,2024-03-16,2024Q1,电商,SM107,closed
SO202994,C2606,华北,南线,BU-3,数据中台,17.08,2025-11-25,2025Q4,渠道,SM106,closed
SO202995,C3451,华北,东线,BU-3,运营商网关,6.8,2026-03-21,2026Q1,电商,SM117,closed
SO202996,C2422,东北,北线,BU-4,云平台,20.04,2024-04-02,2024Q2,渠道,SM239,closed
SO202997,C3407,华南,东线,BU-5,BSS-OSS,237.28,2025-06-15,2025Q2,直销,SM236,closed
SO202998,C1064,华东,东线,BU-3,AI 助理,96.07,2025-03-22,2025Q1,渠道,SM126,closed
SO202999,C1045,华东,南线,BU-4,运营商网关,29.18,2024-03-24,2024Q1,项目集采,SM141,closed
SO203000,C1484,华北,东线,BU-2,BSS-OSS,22.7,2026-02-14,2026Q1,渠道,SM211,closed
SO203001,C2266,东北,中线,BU-1,云平台,55.08,2025-02-22,2025Q1,直销,SM183,closed
SO203002,C1074,东北,东线,BU-4,云平台,8.57,2024-10-08,2024Q4,项目集采,SM199,pending
SO203003,C2602,华中,中线,BU-2,云平台,69.01,2026-02-23,2026Q1,渠道,SM202,closed
SO203004,C1333,华南,南线,BU-5,云平台,7.49,2025-02-14,2025Q1,直销,SM184,pending
SO203005,C1110,西南,南线,BU-4,智能客服,137.36,2026-02-06,2026Q1,项目集采,SM199,closed
SO203006,C1392,华东,北线,BU-6,运营商网关,8.01,2026-01-10,2026Q1,项目集采,SM136,closed
SO203007,C3329,华北,南线,BU-1,数据中台,72.81,2025-02-23,2025Q1,渠道,SM236,closed
SO203008,C2172,东北,南线,BU-4,数据中台,150.25,2026-02-12,2026Q1,直销,SM128,closed
SO203009,C2611,华北,东线,BU-3,数据中台,27.78,2025-08-08,2025Q3,渠道,SM196,closed
SO203010,C1277,西南,东线,BU-4,IT 服务,4.16,2024-05-04,2024Q2,直销,SM138,closed
SO203011,C2169,华北,东线,BU-6,IT 服务,3.23,2024-08-02,2024Q3,渠道,SM151,closed
SO203012,C3468,华中,南线,BU-5,数据中台,67.87,2024-02-25,2024Q1,电商,SM239,closed
SO203013,C1423,华中,北线,BU-1,BSS-OSS,123.34,2025-09-09,2025Q3,项目集采,SM243,closed
SO203014,C2471,华北,中线,BU-5,BSS-OSS,28.57,2026-02-10,2026Q1,项目集采,SM243,closed
SO203015,C2446,西南,中线,BU-2,BSS-OSS,147.33,2024-11-18,2024Q4,渠道,SM120,closed
SO203016,C1046,华东,南线,BU-6,云平台,52.0,2025-07-01,2025Q3,直销,SM220,closed
SO203017,C3323,华南,南线,BU-3,运营商网关,75.628,2026-02-01,2026Q1,项目集采,SM139,shipping
SO203018,C2475,西南,东线,BU-5,智能客服,12.6,2025-04-02,2025Q2,电商,SM203,shipping
SO203019,C2548,华东,东线,BU-4,IT 服务,17.8,2026-02-09,2026Q1,项目集采,SM111,closed
SO203020,C2130,华南,南线,BU-1,数据中台,56.83,2025-10-07,2025Q4,电商,SM206,closed
SO203021,C2854,华北,南线,BU-3,运营商网关,83.88,2026-02-12,2026Q1,项目集采,SM208,closed
SO203022,C1711,华北,东线,BU-6,BSS-OSS,40.71,2024-10-18,2024Q4,渠道,SM112,closed
SO203023,C3675,华北,东线,BU-5,AI 助理,29.93,2025-06-09,2025Q2,项目集采,SM200,closed
SO203024,C2893,西南,中线,BU-5,智能客服,17.62,2025-11-03,2025Q4,项目集采,SM230,closed
SO203025,C3998,华中,南线,BU-5,IT 服务,29.34,2024-11-11,2024Q4,项目集采,SM228,closed
SO203026,C3295,华南,南线,BU-1,数据中台,39.06,2025-12-12,2025Q4,直销,SM239,closed
SO203027,C1318,西南,北线,BU-1,运营商网关,30.81,2026-02-19,2026Q1,直销,SM108,closed
SO203028,C3509,华东,东线,BU-3,IT 服务,50.04,2024-12-26,2024Q4,直销,SM173,closed
SO203029,C3894,华北,南线,BU-1,BSS-OSS,3.25,2025-05-12,2025Q2,项目集采,SM131,pending
SO203030,C1021,华南,中线,BU-2,智能客服,102.57,2025-02-07,2025Q1,电商,SM118,closed
SO203031,C3287,华北,东线,BU-4,云平台,0.95,2026-03-18,2026Q1,电商,SM194,closed
SO203032,C2477,华中,南线,BU-4,AI 助理,28.18,2024-11-15,2024Q4,项目集采,SM119,closed
SO203033,C1302,华东,南线,BU-1,AI 助理,76.0,2026-02-02,2026Q1,项目集采,SM233,shipping
SO203034,C3722,华南,中线,BU-6,运营商网关,85.05,2026-02-24,2026Q1,直销,SM241,closed
SO203035,C2155,华北,东线,BU-5,BSS-OSS,28.25,2026-03-20,2026Q1,直销,SM231,shipping
SO203036,C2541,华东,南线,BU-4,数据中台,62.56,2026-03-24,2026Q1,渠道,SM179,closed
SO203037,C2981,华中,北线,BU-3,运营商网关,1.83,2025-07-01,2025Q3,直销,SM217,pending
SO203038,C2785,西南,南线,BU-1,BSS-OSS,109.05,2026-03-25,2026Q1,渠道,SM214,closed
SO203039,C1449,华北,东线,BU-6,BSS-OSS,27.06,2025-06-20,2025Q2,项目集采,SM186,closed
SO203040,C2282,华南,中线,BU-1,数据中台,44.27,2025-10-03,2025Q4,电商,SM215,shipping
SO203041,C2422,华南,北线,BU-1,AI 助理,0.49,2026-01-17,2026Q1,项目集采,SM127,closed
SO203042,C3829,东北,南线,BU-5,BSS-OSS,0.23,2025-04-06,2025Q2,直销,SM202,closed
SO203043,C2642,华中,南线,BU-1,数据中台,199.82,2024-03-20,2024Q1,渠道,SM241,closed
SO203044,C3189,华南,南线,BU-4,BSS-OSS,4.47,2026-01-05,2026Q1,渠道,SM242,shipping
SO203045,C1208,华东,中线,BU-1,IT 服务,137.45,2026-01-01,2026Q1,电商,SM114,closed
SO203046,C2945,华北,东线,BU-3,数据中台,4.77,2026-01-23,2026Q1,直销,SM180,closed
SO203047,C2466,华南,北线,BU-1,智能客服,13.33,2026-01-26,2026Q1,项目集采,SM209,closed
SO203048,C3797,华北,东线,BU-3,IT 服务,29.75,2024-10-15,2024Q4,渠道,SM201,closed
SO203049,C2378,华东,北线,BU-4,IT 服务,144.53,2025-07-27,2025Q3,直销,SM244,shipping
SO203050,C1572,华南,中线,BU-1,数据中台,17.89,2026-01-06,2026Q1,项目集采,SM141,closed
SO203051,C3639,西南,南线,BU-4,运营商网关,0.48,2026-02-19,2026Q1,渠道,SM162,closed
SO203052,C3570,华南,中线,BU-2,云平台,7.37,2026-03-09,2026Q1,电商,SM109,closed
SO203053,C2983,华东,中线,BU-1,数据中台,25.08,2026-03-20,2026Q1,直销,SM111,closed
SO203054,C3468,西南,南线,BU-5,BSS-OSS,21.91,2024-02-03,2024Q1,项目集采,SM108,closed
SO203055,C2752,华北,东线,BU-3,云平台,11.61,2025-10-02,2025Q4,项目集采,SM106,closed
SO203056,C1215,华北,中线,BU-5,数据中台,128.52,2026-03-07,2026Q1,项目集采,SM209,closed
SO203057,C2118,华南,东线,BU-3,IT 服务,107.13,2025-04-26,2025Q2,项目集采,SM120,closed
SO203058,C2778,华东,北线,BU-1,BSS-OSS,7.02,2025-05-05,2025Q2,直销,SM186,closed
SO203059,C2342,华东,南线,BU-1,数据中台,23.33,2026-03-26,2026Q1,电商,SM210,closed
SO203060,C1154,华东,中线,BU-1,运营商网关,4.26,2026-01-25,2026Q1,电商,SM205,closed
SO203061,C1756,华南,中线,BU-5,云平台,182.82,2025-12-21,2025Q4,项目集采,SM122,closed
SO203062,C2040,华中,南线,BU-4,云平台,16.64,2026-02-03,2026Q1,直销,SM205,closed
SO203063,C1092,东北,南线,BU-5,IT 服务,74.45,2024-09-20,2024Q3,项目集采,SM223,closed
SO203064,C2215,华东,中线,BU-1,运营商网关,22.76,2024-06-23,2024Q2,项目集采,SM142,closed
SO203065,C2979,华东,南线,BU-3,运营商网关,14.93,2025-11-18,2025Q4,直销,SM214,closed
SO203066,C3545,华南,南线,BU-1,AI 助理,192.08,2025-11-09,2025Q4,项目集采,SM230,closed
SO203067,C3532,华北,南线,BU-2,数据中台,7.75,2025-11-18,2025Q4,电商,SM156,closed
SO203068,C2421,华北,南线,BU-4,数据中台,4.47,2025-01-18,2025Q1,项目集采,SM173,closed
SO203069,C3108,华东,南线,BU-1,云平台,56.79,2026-01-21,2026Q1,电商,SM204,closed
SO203070,C2089,华东,南线,BU-2,云平台,5.3,2025-11-10,2025Q4,项目集采,SM149,closed
SO203071,C2588,华南,东线,BU-4,云平台,27.87,2026-03-24,2026Q1,项目集采,SM164,closed
SO203072,C2201,华北,东线,BU-4,运营商网关,50.92,2026-01-23,2026Q1,渠道,SM138,shipping
SO203073,C3103,华南,南线,BU-3,数据中台,10.4,2025-07-04,2025Q3,渠道,SM103,closed
SO203074,C2839,西南,南线,BU-2,智能客服,12.31,2026-03-27,2026Q1,直销,SM169,pending
SO203075,C3443,华北,东线,BU-3,数据中台,2.85,2025-09-12,2025Q3,渠道,SM147,shipping
SO203076,C1471,华南,东线,BU-2,运营商网关,43.57,2025-10-05,2025Q4,电商,SM140,closed
SO203077,C2615,华南,中线,BU-3,AI 助理,30.82,2025-12-09,2025Q4,直销,SM115,closed
SO203078,C2607,华东,中线,BU-1,BSS-OSS,13.22,2026-03-26,2026Q1,直销,SM119,closed
SO203079,C2342,华南,北线,BU-6,数据中台,31.51,2026-01-06,2026Q1,项目集采,SM148,closed
SO203080,C1717,华南,南线,BU-5,运营商网关,43.4,2025-10-22,2025Q4,直销,SM202,closed
SO203081,C3160,华南,南线,BU-5,运营商网关,17.96,2026-03-16,2026Q1,直销,SM198,closed
SO203082,C3667,华南,南线,BU-2,BSS-OSS,24.26,2025-05-09,2025Q2,渠道,SM212,closed
SO203083,C2910,华东,中线,BU-3,云平台,29.06,2026-03-15,2026Q1,渠道,SM176,closed
SO203084,C3592,华东,南线,BU-3,智能客服,120.64,2026-03-15,2026Q1,电商,SM102,closed
SO203085,C2413,华东,东线,BU-4,云平台,76.56,2026-02-18,2026Q1,直销,SM244,closed
SO203086,C2433,西南,东线,BU-3,云平台,55.58,2024-02-01,2024Q1,电商,SM201,closed
SO203087,C3848,华北,北线,BU-5,智能客服,272.38,2025-05-06,2025Q2,电商,SM148,closed
SO203088,C1492,华东,东线,BU-3,云平台,125.92,2026-01-15,2026Q1,项目集采,SM201,closed
SO203089,C2740,华北,北线,BU-1,IT 服务,8.05,2026-03-24,2026Q1,项目集采,SM212,shipping
SO203090,C3271,华东,中线,BU-3,BSS-OSS,1.75,2026-02-21,2026Q1,渠道,SM220,shipping
SO203091,C2975,华东,中线,BU-6,IT 服务,10.74,2025-01-24,2025Q1,直销,SM204,closed
SO203092,C1180,华中,北线,BU-3,BSS-OSS,38.83,2025-08-23,2025Q3,渠道,SM228,closed
SO203093,C1070,华北,中线,BU-5,BSS-OSS,105.28,2025-10-18,2025Q4,直销,SM221,pending
SO203094,C3880,华东,东线,BU-5,BSS-OSS,31.81,2025-08-07,2025Q3,项目集采,SM180,closed
SO203095,C1992,华东,北线,BU-6,运营商网关,14.84,2026-01-01,2026Q1,渠道,SM204,closed
SO203096,C1506,华东,中线,BU-1,BSS-OSS,53.45,2024-06-20,2024Q2,电商,SM248,closed
SO203097,C1114,华北,中线,BU-1,智能客服,26.03,2024-06-01,2024Q2,项目集采,SM109,closed
SO203098,C2155,华东,北线,BU-4,BSS-OSS,94.08,2026-03-09,2026Q1,渠道,SM150,closed
SO203099,C3699,华东,北线,BU-4,智能客服,63.17,2025-01-24,2025Q1,直销,SM174,closed
SO203100,C2622,华东,北线,BU-3,BSS-OSS,117.82,2025-05-15,2025Q2,直销,SM201,closed
SO203101,C2889,华北,东线,BU-5,云平台,45.56,2024-02-11,2024Q1,项目集采,SM212,closed
SO203102,C3516,西南,南线,BU-2,IT 服务,4.61,2026-02-21,2026Q1,项目集采,SM159,closed
SO203103,C3880,西南,中线,BU-5,智能客服,80.81,2026-03-15,2026Q1,电商,SM203,closed
SO203104,C2124,华东,东线,BU-4,IT 服务,14.62,2025-12-27,2025Q4,项目集采,SM112,closed
SO203105,C3970,东北,东线,BU-3,IT 服务,6.92,2026-01-03,2026Q1,渠道,SM170,closed
SO203106,C1408,华北,南线,BU-2,数据中台,33.25,2025-07-22,2025Q3,渠道,SM217,closed
SO203107,C1544,华中,南线,BU-6,数据中台,86.13,2025-04-26,2025Q2,直销,SM246,closed
SO203108,C2940,华北,北线,BU-4,数据中台,6.51,2025-02-11,2025Q1,电商,SM131,closed
SO203109,C2436,华南,东线,BU-6,云平台,16.11,2025-09-27,2025Q3,项目集采,SM210,closed
SO203110,C3121,华中,北线,BU-3,智能客服,46.07,2025-11-08,2025Q4,直销,SM104,closed
SO203111,C2424,华东,中线,BU-1,智能客服,102.84,2026-02-10,2026Q1,电商,SM227,closed
SO203112,C2981,西南,北线,BU-1,BSS-OSS,38.96,2026-02-01,2026Q1,直销,SM194,closed
SO203113,C1590,华东,东线,BU-3,BSS-OSS,38.74,2024-01-10,2024Q1,直销,SM179,closed
SO203114,C2420,东北,北线,BU-6,云平台,145.25,2026-02-24,2026Q1,渠道,SM160,closed
SO203115,C2559,西南,中线,BU-2,运营商网关,83.87,2024-07-20,2024Q3,电商,SM221,closed
SO203116,C2266,华北,中线,BU-3,IT 服务,31.17,2026-01-05,2026Q1,直销,SM160,closed
SO203117,C1537,华东,南线,BU-6,云平台,105.49,2025-03-27,2025Q1,渠道,SM191,shipping
SO203118,C3871,西南,东线,BU-3,BSS-OSS,0.49,2025-04-12,2025Q2,项目集采,SM112,shipping
SO203119,C3521,西南,中线,BU-4,智能客服,86.88,2026-03-02,2026Q1,渠道,SM184,closed
SO203120,C1843,华东,东线,BU-6,AI 助理,136.3,2026-02-20,2026Q1,渠道,SM208,closed
SO203121,C3212,华东,北线,BU-3,AI 助理,58.76,2026-03-26,2026Q1,渠道,SM238,closed
SO203122,C3929,华东,东线,BU-5,BSS-OSS,142.92,2024-05-04,2024Q2,项目集采,SM177,closed
SO203123,C1754,华东,中线,BU-4,智能客服,48.14,2025-05-12,2025Q2,直销,SM172,closed
SO203124,C2848,华东,东线,BU-6,数据中台,79.99,2024-06-23,2024Q2,电商,SM219,closed
SO203125,C2091,华北,中线,BU-3,智能客服,2.19,2026-03-09,2026Q1,渠道,SM151,closed
SO203126,C1411,华北,南线,BU-4,云平台,90.55,2024-06-23,2024Q2,渠道,SM244,shipping
SO203127,C1442,华南,北线,BU-6,智能客服,99.54,2026-02-04,2026Q1,渠道,SM215,closed
SO203128,C1931,华南,东线,BU-5,BSS-OSS,65.41,2024-11-08,2024Q4,项目集采,SM172,closed
SO203129,C3338,华南,东线,BU-3,运营商网关,2.8770000000000002,2026-03-12,2026Q1,项目集采,SM176,closed
SO203130,C1644,华东,东线,BU-3,IT 服务,51.33,2025-01-23,2025Q1,电商,SM120,shipping
SO203131,C2600,华北,北线,BU-1,数据中台,16.68,2026-01-18,2026Q1,项目集采,SM190,closed
SO203132,C2691,华东,中线,BU-6,云平台,52.91,2025-12-24,2025Q4,项目集采,SM124,closed
SO203133,C2811,华中,东线,BU-1,数据中台,297.57,2024-04-12,2024Q2,渠道,SM229,pending
SO203134,C3022,华北,东线,BU-3,IT 服务,77.89,2026-03-15,2026Q1,渠道,SM241,closed
SO203135,C2948,华东,南线,BU-1,智能客服,107.49,2025-02-01,2025Q1,渠道,SM235,closed
SO203136,C2072,华东,中线,BU-1,数据中台,175.93,2026-02-18,2026Q1,直销,SM178,closed
SO203137,C3979,华北,北线,BU-5,运营商网关,33.36,2026-03-12,2026Q1,电商,SM185,closed
SO203138,C1856,华东,中线,BU-2,云平台,70.05,2026-01-15,2026Q1,直销,SM186,closed
SO203139,C1429,华北,东线,BU-3,数据中台,119.03,2026-01-01,2026Q1,直销,SM191,closed
SO203140,C3080,华南,北线,BU-6,云平台,54.42,2025-11-09,2025Q4,项目集采,SM133,closed
SO203141,C1057,华南,北线,BU-2,智能客服,34.46,2025-07-17,2025Q3,渠道,SM247,closed
SO203142,C2915,华北,南线,BU-2,云平台,54.57,2025-05-20,2025Q2,项目集采,SM242,closed
SO203143,C2490,东北,北线,BU-4,运营商网关,11.59,2026-03-26,2026Q1,电商,SM130,closed
SO203144,C3758,华东,北线,BU-4,云平台,4.1,2025-09-17,2025Q3,项目集采,SM232,closed
SO203145,C2166,华东,北线,BU-2,AI 助理,4.61,2025-08-24,2025Q3,渠道,SM153,closed
SO203146,C2596,华东,南线,BU-5,AI 助理,118.8,2024-02-01,2024Q1,电商,SM214,closed
SO203147,C3759,东北,东线,BU-6,运营商网关,1.51,2025-08-17,2025Q3,渠道,SM225,closed
SO203148,C2934,华东,东线,BU-3,AI 助理,168.26,2025-04-23,2025Q2,项目集采,SM207,closed
SO203149,C1190,华北,北线,BU-2,智能客服,101.08,2026-02-24,2026Q1,直销,SM183,closed
SO203150,C2740,华东,北线,BU-1,云平台,25.62,2025-05-22,2025Q2,直销,SM168,closed
SO203151,C1986,西南,南线,BU-6,AI 助理,5.54,2024-06-01,2024Q2,项目集采,SM192,closed
SO203152,C1683,华中,南线,BU-2,数据中台,199.33,2025-01-26,2025Q1,项目集采,SM196,shipping
SO203153,C2955,华东,东线,BU-5,智能客服,155.78,2025-12-07,2025Q4,渠道,SM148,closed
SO203154,C1279,华北,中线,BU-6,IT 服务,56.78,2025-11-05,2025Q4,直销,SM211,closed
SO203155,C3679,西南,中线,BU-3,IT 服务,3.71,2025-12-12,2025Q4,项目集采,SM138,closed
SO203156,C2190,华南,南线,BU-2,智能客服,9.25,2026-03-27,2026Q1,项目集采,SM229,shipping
SO203157,C1411,华南,东线,BU-3,数据中台,22.323,2026-02-22,2026Q1,项目集采,SM167,closed
SO203158,C2601,华东,东线,BU-2,数据中台,46.23,2025-04-26,2025Q2,电商,SM140,closed
SO203159,C3535,西南,南线,BU-3,IT 服务,6.64,2026-01-15,2026Q1,直销,SM194,closed
SO203160,C1396,华东,中线,BU-4,BSS-OSS,19.43,2025-05-10,2025Q2,项目集采,SM109,shipping
SO203161,C2199,华中,南线,BU-5,BSS-OSS,49.11,2025-04-10,2025Q2,渠道,SM213,closed
SO203162,C1184,华北,中线,BU-1,IT 服务,11.84,2026-02-02,2026Q1,渠道,SM125,closed
SO203163,C2147,华东,中线,BU-2,数据中台,7.6,2025-12-21,2025Q4,直销,SM158,closed
SO203164,C1492,华东,北线,BU-1,智能客服,171.38,2026-01-25,2026Q1,电商,SM137,closed
SO203165,C1506,华东,东线,BU-3,IT 服务,5.71,2025-01-15,2025Q1,渠道,SM205,closed
SO203166,C2223,华南,北线,BU-2,BSS-OSS,21.14,2026-03-15,2026Q1,电商,SM113,closed
SO203167,C1233,华东,东线,BU-4,IT 服务,248.09,2026-02-14,2026Q1,项目集采,SM200,closed
SO203168,C2141,华南,北线,BU-1,数据中台,11.02,2026-01-12,2026Q1,电商,SM148,closed
SO203169,C1176,华东,北线,BU-4,云平台,5.95,2024-05-06,2024Q2,渠道,SM238,closed
SO203170,C2771,华南,东线,BU-3,云平台,128.94,2024-03-11,2024Q1,直销,SM160,closed
SO203171,C1031,华东,东线,BU-1,IT 服务,50.66,2026-02-22,2026Q1,直销,SM182,closed
SO203172,C1310,东北,中线,BU-3,BSS-OSS,39.0,2026-01-08,2026Q1,直销,SM234,closed
SO203173,C1614,华北,中线,BU-2,AI 助理,12.2,2025-03-19,2025Q1,渠道,SM224,closed
SO203174,C2408,华东,北线,BU-3,IT 服务,92.26,2026-03-15,2026Q1,电商,SM166,pending
SO203175,C1300,华东,中线,BU-5,数据中台,86.84,2024-09-02,2024Q3,电商,SM190,closed
SO203176,C2030,华北,北线,BU-3,BSS-OSS,34.63,2026-01-12,2026Q1,电商,SM184,closed
SO203177,C3630,华东,中线,BU-5,IT 服务,42.18,2025-02-17,2025Q1,渠道,SM209,closed
SO203178,C1667,东北,北线,BU-5,云平台,66.21,2025-09-20,2025Q3,直销,SM114,closed
SO203179,C2139,华东,南线,BU-3,BSS-OSS,92.07,2025-06-27,2025Q2,直销,SM249,closed
SO203180,C2784,华中,东线,BU-5,IT 服务,82.92,2026-01-21,2026Q1,渠道,SM228,shipping
SO203181,C1677,华南,南线,BU-3,IT 服务,41.57,2024-08-16,2024Q3,电商,SM146,closed
SO203182,C3354,华北,中线,BU-5,智能客服,4.87,2026-03-05,2026Q1,电商,SM223,pending
SO203183,C3807,华南,中线,BU-2,IT 服务,47.67,2026-03-12,2026Q1,项目集采,SM245,closed
SO203184,C1853,华东,东线,BU-3,AI 助理,74.44,2026-03-08,2026Q1,项目集采,SM185,shipping
SO203185,C1126,西南,东线,BU-2,IT 服务,21.88,2025-08-15,2025Q3,渠道,SM241,closed
SO203186,C1371,华南,中线,BU-5,数据中台,13.59,2024-09-16,2024Q3,项目集采,SM171,closed
SO203187,C1297,华东,南线,BU-6,数据中台,24.38,2024-07-11,2024Q3,渠道,SM214,closed
SO203188,C2252,东北,中线,BU-6,AI 助理,82.0,2024-02-25,2024Q1,直销,SM182,closed
SO203189,C3601,华中,北线,BU-3,数据中台,84.75,2026-02-27,2026Q1,渠道,SM130,closed
SO203190,C2811,华中,南线,BU-4,AI 助理,63.95,2025-08-15,2025Q3,项目集采,SM139,closed
SO203191,C3091,华东,东线,BU-3,云平台,115.66,2024-03-16,2024Q1,电商,SM233,closed
SO203192,C3539,西南,北线,BU-2,BSS-OSS,50.28,2024-08-10,2024Q3,电商,SM121,closed
SO203193,C2526,华东,南线,BU-4,AI 助理,24.78,2026-02-05,2026Q1,项目集采,SM157,closed
SO203194,C1061,华北,北线,BU-2,云平台,225.14,2025-07-27,2025Q3,项目集采,SM186,shipping
SO203195,C2755,华东,东线,BU-2,云平台,18.87,2025-06-13,2025Q2,项目集采,SM187,closed
SO203196,C2200,华中,北线,BU-5,AI 助理,79.31,2025-09-09,2025Q3,电商,SM175,pending
SO203197,C3971,华东,南线,BU-3,数据中台,41.57,2024-09-26,2024Q3,渠道,SM150,closed
SO203198,C1058,华中,中线,BU-3,数据中台,46.08,2026-01-06,2026Q1,渠道,SM153,shipping
SO203199,C1080,华东,中线,BU-2,运营商网关,4.15,2026-01-15,2026Q1,项目集采,SM118,shipping
SO203200,C3231,华北,北线,BU-1,IT 服务,22.74,2026-01-04,2026Q1,电商,SM105,closed
SO203201,C1289,华中,中线,BU-2,IT 服务,122.63,2026-03-03,2026Q1,项目集采,SM132,closed
SO203202,C3352,华北,东线,BU-5,BSS-OSS,83.56,2024-03-18,2024Q1,直销,SM179,closed
SO203203,C2258,华北,北线,BU-5,运营商网关,40.21,2026-02-14,2026Q1,渠道,SM149,closed
SO203204,C3637,西南,北线,BU-3,AI 助理,15.5,2025-06-05,2025Q2,电商,SM150,closed
SO203205,C2950,华中,中线,BU-4,数据中台,39.35,2025-04-06,2025Q2,渠道,SM160,closed
SO203206,C3114,华东,中线,BU-2,云平台,3.33,2024-01-19,2024Q1,直销,SM150,closed
SO203207,C2883,华中,北线,BU-3,IT 服务,54.4,2025-04-03,2025Q2,直销,SM123,closed
SO203208,C1734,华北,南线,BU-6,BSS-OSS,63.16,2024-09-26,2024Q3,渠道,SM136,pending
SO203209,C3956,华中,东线,BU-4,智能客服,190.27,2024-05-24,2024Q2,渠道,SM169,closed
SO203210,C3640,华东,中线,BU-3,智能客服,19.81,2025-02-15,2025Q1,电商,SM200,closed
SO203211,C2311,华北,东线,BU-2,IT 服务,226.91,2025-08-13,2025Q3,渠道,SM191,closed
SO203212,C1266,华南,中线,BU-3,BSS-OSS,54.37,2025-07-19,2025Q3,渠道,SM198,closed
SO203213,C3220,华东,东线,BU-5,BSS-OSS,84.67,2026-03-09,2026Q1,项目集采,SM144,closed
SO203214,C2701,华东,南线,BU-4,运营商网关,84.9,2025-12-23,2025Q4,直销,SM118,shipping
SO203215,C3096,华南,南线,BU-2,云平台,10.47,2026-01-07,2026Q1,项目集采,SM160,closed
SO203216,C3884,华北,中线,BU-5,AI 助理,5.72,2025-12-19,2025Q4,渠道,SM200,closed
SO203217,C3671,西南,南线,BU-4,运营商网关,21.02,2025-07-12,2025Q3,直销,SM210,closed
SO203218,C3761,华北,北线,BU-2,数据中台,13.67,2026-03-03,2026Q1,渠道,SM182,closed
SO203219,C2219,华东,东线,BU-4,运营商网关,14.78,2025-06-27,2025Q2,渠道,SM111,shipping
SO203220,C1429,华北,中线,BU-5,云平台,105.5,2025-01-19,2025Q1,直销,SM180,closed
SO203221,C2737,华东,东线,BU-6,智能客服,37.65,2025-04-03,2025Q2,直销,SM104,closed
SO203222,C2646,东北,中线,BU-1,运营商网关,2.86,2025-05-24,2025Q2,项目集采,SM201,closed
SO203223,C1514,华东,北线,BU-1,AI 助理,13.9,2025-06-25,2025Q2,项目集采,SM179,closed
SO203224,C3598,华北,中线,BU-4,运营商网关,56.48,2026-01-08,2026Q1,项目集采,SM114,closed
SO203225,C2024,华东,中线,BU-1,云平台,175.01,2026-01-12,2026Q1,渠道,SM165,closed
SO203226,C2532,华北,中线,BU-5,数据中台,91.05,2025-09-17,2025Q3,渠道,SM203,shipping
SO203227,C3195,华南,东线,BU-6,云平台,25.83,2025-05-25,2025Q2,项目集采,SM121,closed
SO203228,C3310,华中,东线,BU-2,智能客服,32.76,2026-03-18,2026Q1,项目集采,SM158,closed
SO203229,C1234,华北,中线,BU-2,AI 助理,34.4,2024-07-08,2024Q3,渠道,SM211,closed
SO203230,C2415,华南,南线,BU-5,IT 服务,51.79,2026-01-01,2026Q1,项目集采,SM109,closed
SO203231,C1921,华东,中线,BU-6,运营商网关,43.83,2025-12-03,2025Q4,直销,SM239,closed
SO203232,C1953,华东,东线,BU-6,智能客服,228.66,2026-01-27,2026Q1,电商,SM198,closed
SO203233,C1388,华东,南线,BU-2,IT 服务,17.18,2024-02-17,2024Q1,项目集采,SM182,closed
SO203234,C1060,华东,南线,BU-5,AI 助理,81.78,2026-01-19,2026Q1,渠道,SM184,closed
SO203235,C2847,华南,东线,BU-4,运营商网关,17.59,2026-01-27,2026Q1,项目集采,SM209,closed
SO203236,C1871,华北,南线,BU-6,数据中台,14.45,2026-02-06,2026Q1,直销,SM248,pending
SO203237,C1196,华北,东线,BU-5,数据中台,26.23,2026-03-18,2026Q1,电商,SM206,closed
SO203238,C2190,华东,北线,BU-3,云平台,21.65,2026-03-24,2026Q1,渠道,SM217,closed
SO203239,C2843,华东,北线,BU-3,智能客服,62.32,2025-12-05,2025Q4,电商,SM134,closed
SO203240,C2360,华东,南线,BU-5,运营商网关,30.13,2025-03-05,2025Q1,电商,SM173,closed
SO203241,C3776,华北,中线,BU-3,智能客服,177.22,2025-10-01,2025Q4,电商,SM248,closed
SO203242,C2307,华北,南线,BU-1,IT 服务,52.11,2026-02-19,2026Q1,项目集采,SM179,closed
SO203243,C1414,华北,南线,BU-2,BSS-OSS,47.23,2025-04-14,2025Q2,直销,SM200,closed
SO203244,C1782,东北,南线,BU-3,数据中台,248.21,2026-02-20,2026Q1,项目集采,SM239,closed
SO203245,C2921,东北,东线,BU-2,BSS-OSS,57.02,2024-06-26,2024Q2,直销,SM110,closed
SO203246,C1922,华东,南线,BU-6,智能客服,440.74,2024-05-10,2024Q2,电商,SM211,closed
SO203247,C1225,华东,南线,BU-1,BSS-OSS,340.65,2026-02-27,2026Q1,项目集采,SM135,pending
SO203248,C2930,华东,南线,BU-4,AI 助理,20.81,2026-02-14,2026Q1,渠道,SM186,closed
SO203249,C3688,华北,北线,BU-6,AI 助理,51.58,2026-02-19,2026Q1,项目集采,SM128,closed
SO203250,C2395,华东,中线,BU-6,AI 助理,89.54,2026-03-16,2026Q1,直销,SM111,closed
SO203251,C1495,华南,中线,BU-5,云平台,111.46,2025-11-27,2025Q4,电商,SM167,closed
SO203252,C3672,华北,东线,BU-4,数据中台,90.78,2024-10-13,2024Q4,项目集采,SM177,shipping
SO203253,C3119,华南,南线,BU-3,BSS-OSS,4.738999999999999,2026-01-22,2026Q1,渠道,SM196,closed
SO203254,C2561,华中,南线,BU-2,云平台,18.6,2026-02-09,2026Q1,电商,SM102,closed
SO203255,C3186,华东,南线,BU-1,IT 服务,38.58,2025-10-13,2025Q4,电商,SM205,closed
SO203256,C1534,华南,北线,BU-2,智能客服,35.19,2026-02-12,2026Q1,直销,SM244,closed
SO203257,C1490,华北,东线,BU-3,IT 服务,21.02,2025-04-06,2025Q2,渠道,SM119,closed
SO203258,C1987,华北,北线,BU-1,智能客服,4.17,2026-01-21,2026Q1,项目集采,SM129,closed
SO203259,C3119,华中,南线,BU-2,IT 服务,91.97,2024-05-08,2024Q2,项目集采,SM225,closed
SO203260,C3874,华中,北线,BU-2,AI 助理,63.6,2026-02-05,2026Q1,项目集采,SM209,closed
SO203261,C1974,西南,东线,BU-3,云平台,219.3,2025-09-05,2025Q3,直销,SM219,closed
SO203262,C2362,东北,南线,BU-2,智能客服,20.58,2026-01-09,2026Q1,电商,SM248,closed
SO203263,C1914,华东,中线,BU-4,运营商网关,17.06,2025-09-02,2025Q3,电商,SM214,closed
SO203264,C3857,华东,中线,BU-3,运营商网关,9.63,2024-04-16,2024Q2,电商,SM189,closed
SO203265,C2455,华东,北线,BU-6,AI 助理,52.47,2025-10-05,2025Q4,电商,SM111,pending
SO203266,C1568,华中,南线,BU-5,BSS-OSS,122.21,2024-08-11,2024Q3,直销,SM248,closed
SO203267,C2834,华北,中线,BU-2,AI 助理,234.22,2026-02-15,2026Q1,项目集采,SM155,closed
SO203268,C2253,西南,北线,BU-4,BSS-OSS,11.58,2025-10-05,2025Q4,直销,SM133,pending
SO203269,C3236,华北,中线,BU-6,云平台,8.66,2026-01-09,2026Q1,项目集采,SM232,closed
SO203270,C3208,华中,北线,BU-2,IT 服务,19.7,2026-01-16,2026Q1,项目集采,SM235,closed
SO203271,C2430,华南,北线,BU-6,运营商网关,119.2,2025-09-11,2025Q3,电商,SM142,closed
SO203272,C1493,华东,东线,BU-6,数据中台,6.3,2024-11-17,2024Q4,渠道,SM100,closed
SO203273,C2595,东北,北线,BU-5,IT 服务,17.1,2025-04-10,2025Q2,渠道,SM172,pending
SO203274,C1913,华东,东线,BU-5,数据中台,52.53,2025-03-10,2025Q1,直销,SM196,closed
SO203275,C1415,西南,中线,BU-4,数据中台,17.0,2024-05-05,2024Q2,渠道,SM104,closed
SO203276,C3624,华南,北线,BU-6,数据中台,46.27,2026-01-15,2026Q1,项目集采,SM162,pending
SO203277,C1226,华南,中线,BU-3,云平台,144.48,2024-03-18,2024Q1,渠道,SM106,closed
SO203278,C1701,华东,中线,BU-5,AI 助理,33.8,2026-03-08,2026Q1,项目集采,SM222,closed
SO203279,C3337,华东,东线,BU-1,数据中台,51.79,2026-01-02,2026Q1,项目集采,SM150,shipping
SO203280,C3242,华中,南线,BU-4,智能客服,6.9,2026-01-11,2026Q1,项目集采,SM158,closed
SO203281,C2731,东北,东线,BU-1,IT 服务,96.93,2025-08-06,2025Q3,渠道,SM146,closed
SO203282,C2933,华东,中线,BU-2,IT 服务,11.15,2025-11-14,2025Q4,项目集采,SM186,closed
SO203283,C3020,华中,南线,BU-3,数据中台,27.25,2025-10-20,2025Q4,电商,SM102,shipping
SO203284,C2741,华南,东线,BU-6,数据中台,14.08,2025-01-04,2025Q1,渠道,SM218,closed
SO203285,C3738,华中,中线,BU-2,AI 助理,28.91,2026-01-08,2026Q1,直销,SM142,closed
SO203286,C3386,华中,南线,BU-2,云平台,18.59,2025-11-10,2025Q4,项目集采,SM141,closed
SO203287,C3998,华东,东线,BU-2,云平台,14.9,2025-07-15,2025Q3,直销,SM103,closed
SO203288,C3474,华东,东线,BU-4,运营商网关,34.5,2025-07-09,2025Q3,电商,SM233,closed
SO203289,C3061,华北,中线,BU-2,云平台,26.3,2026-02-14,2026Q1,电商,SM206,closed
SO203290,C1849,华中,北线,BU-4,云平台,69.62,2025-07-14,2025Q3,项目集采,SM178,closed
SO203291,C3428,华南,中线,BU-5,云平台,43.73,2026-01-15,2026Q1,项目集采,SM173,closed
SO203292,C3309,华东,南线,BU-6,IT 服务,22.56,2026-03-10,2026Q1,项目集采,SM204,closed
SO203293,C1813,西南,东线,BU-5,IT 服务,2.85,2025-10-16,2025Q4,渠道,SM237,closed
SO203294,C2937,华北,中线,BU-6,云平台,29.23,2026-02-03,2026Q1,电商,SM205,closed
SO203295,C1291,华北,北线,BU-3,运营商网关,44.14,2025-11-25,2025Q4,渠道,SM162,closed
SO203296,C3795,华南,南线,BU-2,BSS-OSS,23.5,2024-02-07,2024Q1,项目集采,SM157,pending
SO203297,C3213,华南,南线,BU-1,IT 服务,42.92,2025-07-15,2025Q3,电商,SM175,closed
SO203298,C3880,华东,东线,BU-3,智能客服,20.48,2024-01-04,2024Q1,渠道,SM217,closed
SO203299,C3378,华北,中线,BU-4,运营商网关,40.13,2024-06-26,2024Q2,直销,SM157,shipping
SO203300,C2146,华东,南线,BU-4,BSS-OSS,32.76,2026-03-07,2026Q1,项目集采,SM120,pending
SO203301,C1799,华东,南线,BU-3,BSS-OSS,41.12,2025-07-02,2025Q3,电商,SM162,closed
SO203302,C3706,华南,东线,BU-1,智能客服,112.12,2026-03-10,2026Q1,直销,SM162,closed
SO203303,C1011,华东,中线,BU-5,AI 助理,71.54,2025-05-22,2025Q2,渠道,SM101,closed
SO203304,C3431,华东,东线,BU-1,AI 助理,1.07,2026-03-20,2026Q1,项目集采,SM107,closed
SO203305,C2343,西南,中线,BU-2,AI 助理,73.99,2026-03-18,2026Q1,项目集采,SM142,closed
SO203306,C2484,华南,中线,BU-1,AI 助理,75.32,2025-04-12,2025Q2,项目集采,SM181,closed
SO203307,C1837,华东,中线,BU-3,BSS-OSS,56.29,2024-08-08,2024Q3,电商,SM130,closed
SO203308,C2473,华东,东线,BU-3,数据中台,195.76,2025-02-25,2025Q1,电商,SM229,closed
SO203309,C3062,华北,北线,BU-4,IT 服务,27.34,2025-05-27,2025Q2,电商,SM126,closed
SO203310,C1826,华东,北线,BU-6,AI 助理,59.8,2024-08-18,2024Q3,直销,SM225,pending
SO203311,C1848,华北,东线,BU-3,AI 助理,5.86,2024-01-25,2024Q1,项目集采,SM200,closed
SO203312,C2568,华北,北线,BU-2,IT 服务,80.01,2026-03-23,2026Q1,直销,SM244,closed
SO203313,C3800,东北,中线,BU-2,AI 助理,32.65,2026-02-22,2026Q1,电商,SM219,closed
SO203314,C3277,华东,北线,BU-5,BSS-OSS,83.79,2026-01-16,2026Q1,渠道,SM135,pending
SO203315,C3135,华北,中线,BU-6,智能客服,80.44,2024-07-08,2024Q3,直销,SM222,closed
SO203316,C3223,华东,东线,BU-4,运营商网关,3.52,2026-01-26,2026Q1,直销,SM126,closed
SO203317,C1588,华北,东线,BU-4,云平台,131.34,2026-02-01,2026Q1,项目集采,SM220,closed
SO203318,C1266,华中,中线,BU-6,云平台,88.74,2025-03-14,2025Q1,直销,SM132,closed
SO203319,C3902,华南,中线,BU-5,AI 助理,2.99,2026-02-01,2026Q1,电商,SM184,closed
SO203320,C1548,华东,中线,BU-1,AI 助理,114.68,2025-12-10,2025Q4,项目集采,SM226,closed
SO203321,C2818,东北,中线,BU-4,智能客服,9.14,2026-01-09,2026Q1,渠道,SM182,closed
SO203322,C2963,华北,中线,BU-6,IT 服务,17.19,2025-04-07,2025Q2,项目集采,SM167,closed
SO203323,C1135,华南,北线,BU-3,IT 服务,108.28,2025-07-18,2025Q3,项目集采,SM130,closed
SO203324,C3309,华北,中线,BU-3,BSS-OSS,4.23,2025-10-01,2025Q4,项目集采,SM202,closed
SO203325,C2802,华北,东线,BU-3,运营商网关,55.54,2026-02-09,2026Q1,渠道,SM200,closed
SO203326,C1336,华东,中线,BU-1,BSS-OSS,11.66,2025-07-19,2025Q3,项目集采,SM190,closed
SO203327,C1938,华南,中线,BU-4,运营商网关,85.41,2026-03-15,2026Q1,直销,SM128,closed
SO203328,C3646,华南,中线,BU-3,运营商网关,68.37,2024-10-20,2024Q4,项目集采,SM141,closed
SO203329,C3332,华中,东线,BU-2,IT 服务,7.81,2025-04-09,2025Q2,电商,SM142,closed
SO203330,C3676,西南,中线,BU-3,智能客服,21.88,2026-01-14,2026Q1,直销,SM172,closed
SO203331,C1218,华北,中线,BU-1,AI 助理,8.81,2026-02-08,2026Q1,电商,SM149,closed
SO203332,C3400,华中,南线,BU-5,AI 助理,10.62,2025-10-08,2025Q4,直销,SM210,pending
SO203333,C3858,华中,南线,BU-3,智能客服,16.79,2024-05-17,2024Q2,直销,SM227,closed
SO203334,C3198,华南,东线,BU-3,云平台,94.81,2024-03-09,2024Q1,直销,SM118,closed
SO203335,C3586,华东,中线,BU-4,云平台,52.49,2026-03-15,2026Q1,直销,SM168,closed
SO203336,C1506,华北,南线,BU-5,云平台,80.7,2025-12-16,2025Q4,直销,SM146,shipping
SO203337,C1689,华北,中线,BU-3,云平台,72.6,2024-07-15,2024Q3,电商,SM180,closed
SO203338,C3363,华南,中线,BU-5,运营商网关,0.01,2026-02-17,2026Q1,直销,SM107,closed
SO203339,C1032,华南,东线,BU-6,云平台,41.09,2025-09-04,2025Q3,直销,SM101,pending
SO203340,C1992,华东,中线,BU-6,数据中台,74.42,2026-03-10,2026Q1,渠道,SM184,closed
SO203341,C2995,华北,南线,BU-1,数据中台,98.2,2026-03-22,2026Q1,项目集采,SM146,shipping
SO203342,C1108,华北,东线,BU-6,IT 服务,152.03,2026-02-27,2026Q1,直销,SM207,closed
SO203343,C1538,华中,中线,BU-5,BSS-OSS,58.36,2025-01-24,2025Q1,电商,SM111,closed
SO203344,C2240,华东,南线,BU-4,智能客服,3.78,2024-01-15,2024Q1,直销,SM177,closed
SO203345,C3562,东北,北线,BU-2,AI 助理,5.52,2024-10-17,2024Q4,电商,SM138,closed
SO203346,C1338,华北,中线,BU-3,数据中台,49.64,2025-10-12,2025Q4,直销,SM170,closed
SO203347,C1488,华东,南线,BU-6,智能客服,23.53,2026-03-14,2026Q1,渠道,SM165,closed
SO203348,C3996,华中,北线,BU-6,数据中台,44.39,2025-08-08,2025Q3,渠道,SM189,closed
SO203349,C1021,华中,北线,BU-6,IT 服务,6.59,2025-08-24,2025Q3,渠道,SM222,closed
SO203350,C2431,华东,中线,BU-5,IT 服务,135.32,2025-08-26,2025Q3,直销,SM100,closed
SO203351,C1124,东北,南线,BU-6,AI 助理,14.45,2025-06-08,2025Q2,渠道,SM250,closed
SO203352,C2944,华中,北线,BU-5,智能客服,32.65,2024-02-24,2024Q1,渠道,SM163,closed
SO203353,C3335,华北,中线,BU-2,云平台,62.78,2025-09-23,2025Q3,电商,SM204,closed
SO203354,C1327,华北,东线,BU-3,BSS-OSS,173.21,2025-12-22,2025Q4,直销,SM235,closed
SO203355,C1881,华东,中线,BU-4,智能客服,19.77,2025-05-10,2025Q2,项目集采,SM215,closed
SO203356,C2173,华东,北线,BU-5,云平台,39.06,2026-01-08,2026Q1,渠道,SM213,closed
SO203357,C1024,华北,中线,BU-5,运营商网关,0.12,2025-10-23,2025Q4,电商,SM219,closed
SO203358,C1669,华中,南线,BU-1,数据中台,74.94,2024-11-03,2024Q4,项目集采,SM236,shipping
SO203359,C1630,华南,北线,BU-4,BSS-OSS,6.43,2026-01-12,2026Q1,电商,SM230,closed
SO203360,C3095,华东,中线,BU-2,运营商网关,28.14,2024-05-01,2024Q2,直销,SM133,closed
SO203361,C2374,华北,东线,BU-4,智能客服,44.85,2025-10-08,2025Q4,直销,SM179,closed
SO203362,C3429,华东,南线,BU-5,智能客服,62.37,2025-03-05,2025Q1,项目集采,SM215,closed
SO203363,C3648,华东,南线,BU-6,智能客服,108.0,2024-03-12,2024Q1,直销,SM136,closed
SO203364,C2543,华南,中线,BU-5,IT 服务,37.97,2024-05-21,2024Q2,渠道,SM215,closed
SO203365,C3628,华东,南线,BU-1,云平台,83.88,2025-06-20,2025Q2,项目集采,SM224,closed
SO203366,C2696,华北,东线,BU-5,智能客服,23.24,2024-02-21,2024Q1,项目集采,SM238,closed
SO203367,C1833,华中,北线,BU-1,AI 助理,7.51,2024-05-23,2024Q2,电商,SM173,closed
SO203368,C3858,华北,南线,BU-2,智能客服,22.39,2025-11-12,2025Q4,电商,SM168,closed
SO203369,C1547,华东,北线,BU-1,BSS-OSS,61.33,2026-03-10,2026Q1,项目集采,SM135,closed
SO203370,C1711,华北,南线,BU-4,IT 服务,24.9,2024-07-07,2024Q3,项目集采,SM234,closed
SO203371,C1842,西南,南线,BU-5,智能客服,35.34,2025-06-05,2025Q2,电商,SM239,closed
SO203372,C2278,西南,中线,BU-3,运营商网关,21.06,2026-02-18,2026Q1,渠道,SM103,closed
SO203373,C3062,华中,东线,BU-4,数据中台,8.08,2025-12-14,2025Q4,渠道,SM108,closed
SO203374,C2438,华东,南线,BU-3,数据中台,26.01,2025-02-22,2025Q1,电商,SM227,closed
SO203375,C1003,西南,中线,BU-5,IT 服务,128.64,2026-02-25,2026Q1,直销,SM153,closed
SO203376,C1017,华北,中线,BU-3,IT 服务,26.79,2026-01-14,2026Q1,项目集采,SM179,closed
SO203377,C3988,华南,东线,BU-1,智能客服,4.08,2025-10-05,2025Q4,渠道,SM180,closed
SO203378,C3479,西南,北线,BU-1,数据中台,13.32,2025-10-20,2025Q4,直销,SM152,pending
SO203379,C2957,华东,北线,BU-2,数据中台,2.36,2026-01-15,2026Q1,项目集采,SM206,closed
SO203380,C3973,华北,南线,BU-5,运营商网关,24.02,2025-03-26,2025Q1,直销,SM230,closed
SO203381,C1046,东北,中线,BU-4,AI 助理,11.78,2026-02-05,2026Q1,项目集采,SM215,closed
SO203382,C1614,西南,南线,BU-3,IT 服务,0.72,2026-02-23,2026Q1,电商,SM107,closed
SO203383,C1572,西南,北线,BU-4,AI 助理,29.22,2026-02-04,2026Q1,电商,SM113,closed
SO203384,C3021,华北,北线,BU-3,云平台,110.92,2024-06-02,2024Q2,渠道,SM184,closed
SO203385,C3213,华东,北线,BU-4,IT 服务,69.52,2026-03-07,2026Q1,直销,SM160,closed
SO203386,C1535,华东,南线,BU-1,云平台,157.25,2024-11-23,2024Q4,直销,SM122,closed
SO203387,C3456,华东,中线,BU-2,运营商网关,21.13,2026-03-12,2026Q1,项目集采,SM158,closed
SO203388,C2643,西南,南线,BU-6,云平台,28.67,2026-01-16,2026Q1,渠道,SM143,closed
SO203389,C2203,华北,南线,BU-5,智能客服,10.94,2025-07-25,2025Q3,直销,SM217,closed
SO203390,C1926,华北,北线,BU-1,云平台,9.72,2024-01-22,2024Q1,项目集采,SM130,closed
SO203391,C3346,华东,南线,BU-6,运营商网关,60.02,2025-05-04,2025Q2,直销,SM183,closed
SO203392,C1456,东北,南线,BU-6,运营商网关,113.64,2025-11-06,2025Q4,直销,SM218,shipping
SO203393,C2876,华东,中线,BU-3,AI 助理,7.95,2024-09-25,2024Q3,渠道,SM218,closed
SO203394,C2906,华南,中线,BU-3,BSS-OSS,4.9559999999999995,2026-02-02,2026Q1,直销,SM179,closed
SO203395,C1387,西南,中线,BU-5,运营商网关,121.73,2025-02-15,2025Q1,项目集采,SM100,closed
SO203396,C3364,华北,东线,BU-1,云平台,10.3,2026-03-14,2026Q1,项目集采,SM148,pending
SO203397,C2570,华东,南线,BU-6,运营商网关,23.39,2026-03-03,2026Q1,项目集采,SM237,closed
SO203398,C3361,华东,北线,BU-1,数据中台,37.04,2026-03-01,2026Q1,电商,SM225,closed
SO203399,C1902,华东,东线,BU-4,IT 服务,60.19,2025-02-06,2025Q1,项目集采,SM143,pending
SO203400,C2821,华东,东线,BU-6,AI 助理,50.74,2025-12-22,2025Q4,项目集采,SM179,closed
SO203401,C3945,华东,中线,BU-6,IT 服务,110.92,2025-01-16,2025Q1,项目集采,SM226,closed
SO203402,C3671,华东,南线,BU-1,云平台,232.44,2026-03-26,2026Q1,项目集采,SM124,shipping
SO203403,C3398,华东,东线,BU-6,AI 助理,153.94,2026-03-08,2026Q1,项目集采,SM164,pending
SO203404,C3620,华中,南线,BU-6,数据中台,25.81,2026-01-23,2026Q1,项目集采,SM160,closed
SO203405,C3513,西南,南线,BU-5,IT 服务,155.84,2025-07-04,2025Q3,直销,SM236,closed
SO203406,C1733,华北,中线,BU-3,IT 服务,7.33,2025-12-05,2025Q4,项目集采,SM191,closed
SO203407,C3414,华北,南线,BU-4,云平台,78.83,2026-02-10,2026Q1,项目集采,SM153,closed
SO203408,C3210,西南,中线,BU-4,云平台,14.37,2025-09-11,2025Q3,项目集采,SM165,closed
SO203409,C3015,华南,中线,BU-5,IT 服务,102.11,2026-02-04,2026Q1,项目集采,SM106,closed
SO203410,C1181,西南,北线,BU-4,云平台,67.28,2026-02-14,2026Q1,电商,SM217,closed
SO203411,C2851,华东,南线,BU-3,IT 服务,37.33,2025-08-06,2025Q3,电商,SM135,closed
SO203412,C3313,华中,北线,BU-3,AI 助理,114.36,2026-02-23,2026Q1,直销,SM136,closed
SO203413,C2621,华中,南线,BU-2,AI 助理,18.3,2025-04-06,2025Q2,直销,SM176,closed
SO203414,C2967,华东,北线,BU-1,AI 助理,46.24,2026-02-15,2026Q1,项目集采,SM222,closed
SO203415,C1857,华东,南线,BU-4,云平台,17.98,2025-02-23,2025Q1,直销,SM101,closed
SO203416,C3278,华中,北线,BU-5,运营商网关,140.21,2026-02-03,2026Q1,电商,SM112,closed
SO203417,C3086,华东,北线,BU-4,智能客服,1.63,2024-10-03,2024Q4,项目集采,SM109,closed
SO203418,C3346,西南,东线,BU-6,云平台,108.99,2026-02-10,2026Q1,电商,SM237,closed
SO203419,C1751,华东,东线,BU-6,BSS-OSS,23.75,2026-01-26,2026Q1,项目集采,SM107,closed
SO203420,C2152,华南,南线,BU-3,云平台,67.44,2025-10-22,2025Q4,项目集采,SM210,closed
SO203421,C3484,华北,中线,BU-4,BSS-OSS,30.95,2026-01-23,2026Q1,电商,SM181,closed
SO203422,C2094,华东,南线,BU-3,智能客服,144.18,2024-04-26,2024Q2,项目集采,SM227,closed
SO203423,C1237,华东,中线,BU-3,BSS-OSS,2.95,2026-02-16,2026Q1,电商,SM217,closed
SO203424,C1387,华北,南线,BU-2,智能客服,5.98,2025-09-21,2025Q3,项目集采,SM250,closed
SO203425,C2654,华北,北线,BU-2,云平台,86.68,2025-12-10,2025Q4,电商,SM192,closed
SO203426,C2856,华中,北线,BU-4,云平台,73.68,2026-03-02,2026Q1,直销,SM121,shipping
SO203427,C1220,华中,东线,BU-2,运营商网关,78.99,2025-06-21,2025Q2,电商,SM250,closed
SO203428,C2721,华南,北线,BU-3,数据中台,2.8069999999999995,2026-01-14,2026Q1,渠道,SM146,pending
SO203429,C1637,华中,东线,BU-6,BSS-OSS,4.49,2025-11-06,2025Q4,渠道,SM249,closed
SO203430,C3398,华北,中线,BU-4,智能客服,77.92,2026-03-13,2026Q1,渠道,SM190,shipping
SO203431,C2702,华北,中线,BU-4,IT 服务,36.28,2024-05-08,2024Q2,电商,SM155,closed
SO203432,C2648,华中,南线,BU-2,AI 助理,2.4,2026-02-01,2026Q1,直销,SM171,pending
SO203433,C2279,西南,东线,BU-5,AI 助理,203.76,2026-02-24,2026Q1,电商,SM213,shipping
SO203434,C2154,华南,东线,BU-6,AI 助理,45.07,2026-02-03,2026Q1,直销,SM123,closed
SO203435,C1314,西南,东线,BU-6,AI 助理,1.03,2026-01-24,2026Q1,项目集采,SM160,closed
SO203436,C3659,华北,东线,BU-3,运营商网关,27.6,2026-02-17,2026Q1,直销,SM222,closed
SO203437,C2899,华东,东线,BU-3,BSS-OSS,19.93,2024-03-22,2024Q1,电商,SM138,pending
SO203438,C1389,华东,东线,BU-3,BSS-OSS,31.43,2026-01-08,2026Q1,项目集采,SM217,closed
SO203439,C1508,华北,南线,BU-3,运营商网关,81.77,2026-02-24,2026Q1,项目集采,SM209,closed
SO203440,C2239,华中,北线,BU-6,云平台,38.23,2024-09-23,2024Q3,电商,SM242,closed
SO203441,C3899,华东,南线,BU-3,IT 服务,113.78,2025-04-26,2025Q2,项目集采,SM138,closed
SO203442,C3091,华中,中线,BU-5,数据中台,27.2,2024-03-26,2024Q1,渠道,SM174,closed
SO203443,C1420,华中,中线,BU-5,运营商网关,58.27,2025-02-14,2025Q1,直销,SM183,closed
SO203444,C1985,华南,东线,BU-4,智能客服,23.43,2024-12-01,2024Q4,项目集采,SM182,closed
SO203445,C1643,华南,东线,BU-1,IT 服务,74.29,2024-06-21,2024Q2,渠道,SM169,closed
SO203446,C1754,华北,北线,BU-6,智能客服,21.27,2026-02-17,2026Q1,渠道,SM182,closed
SO203447,C3643,西南,东线,BU-4,IT 服务,63.35,2026-03-07,2026Q1,直销,SM100,closed
SO203448,C3627,华南,中线,BU-5,运营商网关,20.54,2026-03-19,2026Q1,电商,SM186,shipping
SO203449,C2378,东北,南线,BU-5,智能客服,8.79,2025-06-25,2025Q2,直销,SM114,closed
SO203450,C1353,华东,北线,BU-1,智能客服,23.82,2026-02-05,2026Q1,项目集采,SM148,closed
SO203451,C3354,华北,中线,BU-6,BSS-OSS,219.89,2026-02-20,2026Q1,项目集采,SM171,closed
SO203452,C3820,华东,中线,BU-1,IT 服务,22.58,2026-02-02,2026Q1,直销,SM118,closed
SO203453,C2056,华中,中线,BU-1,IT 服务,65.54,2026-03-01,2026Q1,渠道,SM221,closed
SO203454,C1275,华东,中线,BU-4,IT 服务,49.46,2026-02-15,2026Q1,项目集采,SM197,closed
SO203455,C3044,华中,南线,BU-5,BSS-OSS,3.47,2024-07-05,2024Q3,电商,SM201,closed
SO203456,C3545,华北,北线,BU-3,智能客服,32.55,2026-01-13,2026Q1,直销,SM146,closed
SO203457,C2293,西南,南线,BU-4,智能客服,42.5,2025-01-15,2025Q1,电商,SM243,closed
SO203458,C2171,华中,东线,BU-2,云平台,105.91,2025-06-10,2025Q2,直销,SM131,shipping
SO203459,C2617,东北,北线,BU-2,运营商网关,32.2,2026-02-25,2026Q1,直销,SM149,closed
SO203460,C1833,西南,南线,BU-4,智能客服,111.35,2024-11-17,2024Q4,直销,SM122,closed
SO203461,C1594,华南,中线,BU-4,AI 助理,101.28,2024-12-22,2024Q4,直销,SM220,pending
SO203462,C1267,华南,中线,BU-2,运营商网关,24.44,2024-03-16,2024Q1,电商,SM148,shipping
SO203463,C2943,西南,南线,BU-1,运营商网关,45.34,2025-12-08,2025Q4,渠道,SM170,closed
SO203464,C2680,华东,北线,BU-5,AI 助理,21.15,2026-03-23,2026Q1,项目集采,SM115,closed
SO203465,C2319,华东,北线,BU-2,云平台,37.84,2024-04-26,2024Q2,渠道,SM223,closed
SO203466,C2087,华南,中线,BU-2,云平台,51.01,2024-12-20,2024Q4,渠道,SM175,closed
SO203467,C2527,华中,中线,BU-2,AI 助理,48.85,2026-03-22,2026Q1,渠道,SM230,pending
SO203468,C1825,华中,北线,BU-6,BSS-OSS,78.21,2025-10-03,2025Q4,项目集采,SM169,closed
SO203469,C2433,华北,北线,BU-5,BSS-OSS,11.9,2025-12-07,2025Q4,项目集采,SM163,closed
SO203470,C1707,西南,南线,BU-6,BSS-OSS,29.43,2026-02-19,2026Q1,项目集采,SM204,closed
SO203471,C2978,华中,中线,BU-2,智能客服,12.18,2026-02-20,2026Q1,直销,SM156,shipping
SO203472,C1288,华中,东线,BU-5,运营商网关,18.44,2025-09-23,2025Q3,直销,SM133,closed
SO203473,C3868,东北,中线,BU-4,数据中台,18.04,2025-11-17,2025Q4,项目集采,SM175,closed
SO203474,C3695,华中,南线,BU-1,运营商网关,81.3,2025-04-12,2025Q2,项目集采,SM138,closed
SO203475,C3194,华中,东线,BU-2,IT 服务,15.92,2026-01-14,2026Q1,电商,SM154,closed
SO203476,C1770,华东,中线,BU-4,BSS-OSS,130.75,2025-03-22,2025Q1,渠道,SM141,closed
SO203477,C1147,华南,南线,BU-5,运营商网关,173.81,2024-10-13,2024Q4,直销,SM103,closed
SO203478,C2009,华东,南线,BU-1,IT 服务,26.62,2026-02-18,2026Q1,直销,SM238,closed
SO203479,C2118,华东,南线,BU-2,云平台,3.31,2026-01-22,2026Q1,渠道,SM180,closed
SO203480,C3796,华东,中线,BU-2,云平台,61.09,2025-01-26,2025Q1,渠道,SM200,closed
SO203481,C3610,华南,北线,BU-2,智能客服,48.7,2025-06-25,2025Q2,电商,SM186,closed
SO203482,C3262,西南,东线,BU-5,BSS-OSS,47.38,2026-02-09,2026Q1,直销,SM199,closed
SO203483,C3125,华东,南线,BU-3,AI 助理,78.13,2026-03-22,2026Q1,项目集采,SM198,closed
SO203484,C1612,华北,东线,BU-5,云平台,3.9,2026-01-26,2026Q1,电商,SM184,closed
SO203485,C1961,华中,东线,BU-5,BSS-OSS,124.73,2025-06-06,2025Q2,渠道,SM206,closed
SO203486,C3304,西南,中线,BU-2,数据中台,20.22,2025-02-10,2025Q1,电商,SM217,closed
SO203487,C2746,华中,东线,BU-2,IT 服务,64.61,2026-01-19,2026Q1,渠道,SM136,closed
SO203488,C1118,华南,中线,BU-6,BSS-OSS,36.31,2024-01-13,2024Q1,项目集采,SM172,closed
SO203489,C3249,华东,东线,BU-3,BSS-OSS,67.48,2025-12-04,2025Q4,直销,SM159,closed
SO203490,C3841,华东,东线,BU-4,IT 服务,57.37,2025-08-09,2025Q3,电商,SM163,closed
SO203491,C3664,华北,南线,BU-5,数据中台,20.89,2025-04-20,2025Q2,渠道,SM193,closed
SO203492,C1788,华中,南线,BU-3,数据中台,5.55,2026-03-16,2026Q1,电商,SM150,closed
SO203493,C2870,华南,南线,BU-6,智能客服,71.89,2025-04-20,2025Q2,直销,SM187,closed
SO203494,C2396,华东,南线,BU-5,IT 服务,1.03,2025-06-18,2025Q2,直销,SM139,shipping
SO203495,C1923,东北,中线,BU-6,云平台,6.77,2026-03-25,2026Q1,电商,SM222,closed
SO203496,C2557,华北,北线,BU-4,运营商网关,11.01,2026-01-22,2026Q1,直销,SM138,closed
SO203497,C1054,华北,南线,BU-1,AI 助理,37.73,2025-02-13,2025Q1,电商,SM150,closed
SO203498,C3596,华南,中线,BU-2,云平台,6.66,2026-01-24,2026Q1,直销,SM210,closed
SO203499,C2165,华东,南线,BU-5,云平台,60.45,2025-01-11,2025Q1,电商,SM224,pending
SO203500,C1091,西南,东线,BU-6,IT 服务,9.58,2025-01-11,2025Q1,项目集采,SM232,closed
SO203501,C2990,华中,东线,BU-5,BSS-OSS,10.5,2025-03-16,2025Q1,项目集采,SM156,closed
SO203502,C1828,华东,北线,BU-5,智能客服,66.83,2024-06-07,2024Q2,项目集采,SM113,closed
SO203503,C1393,华北,南线,BU-6,运营商网关,62.01,2025-09-19,2025Q3,项目集采,SM172,closed
SO203504,C1780,华南,北线,BU-6,AI 助理,46.55,2026-01-12,2026Q1,电商,SM208,closed
SO203505,C1478,华东,东线,BU-2,AI 助理,112.44,2025-12-06,2025Q4,电商,SM158,closed
SO203506,C1764,华南,东线,BU-3,智能客服,26.823999999999998,2026-02-01,2026Q1,直销,SM214,closed
SO203507,C1666,华东,东线,BU-6,运营商网关,71.14,2024-09-13,2024Q3,直销,SM122,closed
SO203508,C3655,华东,北线,BU-6,BSS-OSS,13.13,2024-08-02,2024Q3,电商,SM228,closed
SO203509,C1554,西南,中线,BU-6,智能客服,0.9,2026-02-23,2026Q1,项目集采,SM247,closed
SO203510,C1930,华东,南线,BU-4,数据中台,55.16,2025-10-14,2025Q4,渠道,SM199,closed
SO203511,C3493,华南,东线,BU-4,数据中台,6.16,2026-01-15,2026Q1,电商,SM250,pending
SO203512,C1452,华中,北线,BU-4,智能客服,34.42,2026-01-16,2026Q1,直销,SM128,closed
SO203513,C1516,华东,南线,BU-3,智能客服,2.31,2026-03-10,2026Q1,直销,SM105,closed
SO203514,C1244,华东,东线,BU-1,AI 助理,20.81,2025-09-07,2025Q3,电商,SM192,closed
SO203515,C2965,西南,北线,BU-6,云平台,156.42,2026-01-25,2026Q1,项目集采,SM144,closed
SO203516,C1082,华东,中线,BU-2,运营商网关,14.61,2024-09-19,2024Q3,电商,SM184,closed
SO203517,C3326,华北,东线,BU-2,IT 服务,11.31,2026-03-03,2026Q1,项目集采,SM182,closed
SO203518,C3341,西南,南线,BU-4,数据中台,101.63,2026-01-05,2026Q1,直销,SM231,closed
SO203519,C2949,华中,北线,BU-5,云平台,1.76,2024-08-14,2024Q3,电商,SM111,closed
SO203520,C1060,华东,南线,BU-6,AI 助理,23.52,2025-03-12,2025Q1,项目集采,SM224,shipping
SO203521,C2447,华东,北线,BU-1,AI 助理,21.36,2025-02-15,2025Q1,电商,SM216,closed
SO203522,C1584,西南,中线,BU-3,智能客服,0.86,2025-06-25,2025Q2,项目集采,SM219,shipping
SO203523,C1390,华南,中线,BU-4,云平台,52.52,2024-06-21,2024Q2,渠道,SM148,shipping
SO203524,C1753,华中,东线,BU-2,智能客服,74.91,2026-03-15,2026Q1,电商,SM237,closed
SO203525,C2589,华东,东线,BU-6,IT 服务,47.17,2025-06-02,2025Q2,项目集采,SM120,closed
SO203526,C2587,华北,中线,BU-2,运营商网关,29.1,2025-10-25,2025Q4,渠道,SM245,closed
SO203527,C2428,华北,北线,BU-1,AI 助理,27.74,2025-10-02,2025Q4,电商,SM201,closed
SO203528,C3225,华北,中线,BU-2,云平台,81.7,2025-10-05,2025Q4,电商,SM154,closed
SO203529,C2129,西南,东线,BU-2,云平台,23.42,2026-01-02,2026Q1,渠道,SM244,closed
SO203530,C1042,华北,北线,BU-2,AI 助理,35.53,2025-01-06,2025Q1,项目集采,SM188,closed
SO203531,C1205,华中,北线,BU-5,运营商网关,0.21,2026-03-20,2026Q1,项目集采,SM147,closed
SO203532,C2573,华中,北线,BU-6,IT 服务,38.72,2024-06-01,2024Q2,项目集采,SM180,closed
SO203533,C2158,华东,东线,BU-3,BSS-OSS,48.3,2026-02-04,2026Q1,直销,SM196,pending
SO203534,C2738,东北,东线,BU-1,云平台,139.32,2026-01-19,2026Q1,项目集采,SM111,closed
SO203535,C1641,东北,南线,BU-6,BSS-OSS,24.6,2025-12-17,2025Q4,渠道,SM191,closed
SO203536,C2958,华北,中线,BU-3,IT 服务,2.74,2026-01-18,2026Q1,渠道,SM250,closed
SO203537,C3130,华北,东线,BU-6,智能客服,14.18,2025-11-05,2025Q4,电商,SM121,closed
SO203538,C3800,西南,中线,BU-1,IT 服务,0.51,2026-03-04,2026Q1,渠道,SM207,shipping
SO203539,C3251,华东,南线,BU-1,运营商网关,154.96,2026-01-19,2026Q1,直销,SM207,closed
SO203540,C1570,东北,南线,BU-4,AI 助理,122.4,2026-02-14,2026Q1,项目集采,SM110,closed
SO203541,C2186,西南,南线,BU-5,AI 助理,32.14,2025-10-15,2025Q4,渠道,SM138,closed
SO203542,C2199,东北,南线,BU-1,数据中台,21.28,2026-03-04,2026Q1,渠道,SM125,closed
SO203543,C1427,华南,中线,BU-3,云平台,13.38,2024-11-15,2024Q4,渠道,SM149,closed
SO203544,C1053,华北,北线,BU-1,IT 服务,66.76,2026-03-18,2026Q1,渠道,SM216,closed
SO203545,C3270,华南,中线,BU-1,IT 服务,11.66,2025-11-11,2025Q4,电商,SM113,closed
SO203546,C1909,东北,北线,BU-5,BSS-OSS,80.16,2026-02-20,2026Q1,渠道,SM223,shipping
SO203547,C3034,华中,东线,BU-3,运营商网关,36.36,2024-12-27,2024Q4,直销,SM212,closed
SO203548,C3080,西南,东线,BU-1,运营商网关,58.3,2025-01-11,2025Q1,电商,SM195,shipping
SO203549,C1638,华南,南线,BU-5,AI 助理,12.04,2025-05-10,2025Q2,渠道,SM200,closed
SO203550,C2595,华北,中线,BU-1,BSS-OSS,37.9,2026-02-17,2026Q1,直销,SM133,shipping
SO203551,C3023,华东,南线,BU-3,BSS-OSS,31.62,2025-10-20,2025Q4,项目集采,SM157,closed
SO203552,C1125,华北,东线,BU-3,智能客服,21.39,2024-01-21,2024Q1,渠道,SM138,closed
SO203553,C3707,华南,中线,BU-5,IT 服务,35.79,2024-02-08,2024Q1,电商,SM170,pending
SO203554,C2716,华东,南线,BU-2,智能客服,61.92,2024-06-10,2024Q2,渠道,SM183,closed
SO203555,C3910,华北,东线,BU-2,数据中台,5.35,2025-11-03,2025Q4,电商,SM206,closed
SO203556,C2223,华东,南线,BU-5,IT 服务,19.79,2025-10-25,2025Q4,电商,SM235,shipping
SO203557,C1718,华东,东线,BU-6,IT 服务,37.71,2026-01-27,2026Q1,渠道,SM175,closed
SO203558,C2494,华中,北线,BU-5,IT 服务,128.36,2024-09-09,2024Q3,电商,SM229,closed
SO203559,C3002,华南,东线,BU-4,运营商网关,22.58,2026-02-15,2026Q1,直销,SM192,closed
SO203560,C2789,华北,东线,BU-1,AI 助理,57.45,2026-03-26,2026Q1,渠道,SM139,closed
SO203561,C1158,西南,北线,BU-1,运营商网关,7.27,2025-04-25,2025Q2,直销,SM225,closed
SO203562,C1723,华北,北线,BU-3,数据中台,11.87,2026-03-16,2026Q1,电商,SM216,closed
SO203563,C2078,华北,东线,BU-6,数据中台,20.01,2026-03-12,2026Q1,项目集采,SM173,closed
SO203564,C2528,华北,南线,BU-5,BSS-OSS,73.01,2025-07-18,2025Q3,直销,SM173,closed
SO203565,C3072,华东,南线,BU-4,智能客服,1.4,2025-05-13,2025Q2,项目集采,SM215,closed
SO203566,C2617,华中,中线,BU-4,云平台,98.48,2025-06-21,2025Q2,项目集采,SM159,closed
SO203567,C2969,华北,东线,BU-1,云平台,7.13,2025-12-14,2025Q4,直销,SM146,closed
SO203568,C3545,西南,东线,BU-6,BSS-OSS,51.9,2026-02-02,2026Q1,项目集采,SM225,closed
SO203569,C3271,华东,东线,BU-4,运营商网关,0.74,2025-09-26,2025Q3,项目集采,SM136,closed
SO203570,C3530,西南,东线,BU-3,智能客服,5.11,2026-02-05,2026Q1,直销,SM249,shipping
SO203571,C2209,华北,中线,BU-3,数据中台,16.34,2025-03-13,2025Q1,项目集采,SM215,closed
SO203572,C2304,华东,东线,BU-4,数据中台,29.66,2026-03-02,2026Q1,直销,SM176,closed
SO203573,C2251,华南,南线,BU-5,IT 服务,45.3,2025-05-21,2025Q2,直销,SM226,closed
SO203574,C2039,华东,北线,BU-4,AI 助理,20.41,2024-12-26,2024Q4,电商,SM229,closed
SO203575,C2690,华北,北线,BU-4,IT 服务,0.02,2025-02-04,2025Q1,直销,SM150,closed
SO203576,C1433,西南,北线,BU-4,IT 服务,31.47,2025-04-06,2025Q2,项目集采,SM200,shipping
SO203577,C3363,华东,北线,BU-3,数据中台,9.85,2025-05-25,2025Q2,直销,SM179,closed
SO203578,C1178,华南,南线,BU-6,AI 助理,18.73,2024-06-14,2024Q2,项目集采,SM210,closed
SO203579,C2874,西南,东线,BU-4,云平台,75.78,2025-08-26,2025Q3,项目集采,SM218,closed
SO203580,C1130,东北,中线,BU-6,BSS-OSS,1.58,2026-01-14,2026Q1,电商,SM224,closed
SO203581,C3864,华东,东线,BU-2,IT 服务,9.61,2025-11-27,2025Q4,直销,SM191,closed
SO203582,C1993,华北,南线,BU-2,运营商网关,84.62,2024-08-05,2024Q3,直销,SM115,closed
SO203583,C2543,华北,东线,BU-2,智能客服,209.09,2026-01-16,2026Q1,电商,SM229,closed
SO203584,C3572,西南,北线,BU-5,智能客服,29.56,2024-01-25,2024Q1,直销,SM218,closed
SO203585,C1951,华北,中线,BU-4,AI 助理,7.88,2025-04-16,2025Q2,电商,SM244,closed
SO203586,C2235,西南,中线,BU-6,BSS-OSS,6.55,2026-01-25,2026Q1,电商,SM194,closed
SO203587,C1714,华南,东线,BU-2,云平台,16.69,2024-01-23,2024Q1,直销,SM230,closed
SO203588,C2147,华南,南线,BU-6,智能客服,13.51,2025-10-27,2025Q4,直销,SM203,closed
SO203589,C3044,华东,东线,BU-4,云平台,45.57,2026-01-13,2026Q1,渠道,SM231,pending
SO203590,C3856,华南,中线,BU-5,IT 服务,5.0,2026-02-05,2026Q1,渠道,SM168,shipping
SO203591,C2732,东北,北线,BU-3,运营商网关,18.65,2025-12-03,2025Q4,渠道,SM223,closed
SO203592,C1915,华东,中线,BU-1,IT 服务,134.06,2026-02-12,2026Q1,渠道,SM193,pending
SO203593,C3171,华东,北线,BU-2,云平台,114.44,2026-03-17,2026Q1,项目集采,SM113,closed
SO203594,C2607,华中,东线,BU-1,IT 服务,11.07,2025-08-23,2025Q3,渠道,SM249,closed
SO203595,C3111,华中,东线,BU-2,AI 助理,114.84,2025-09-09,2025Q3,电商,SM181,closed
SO203596,C3420,华北,北线,BU-2,BSS-OSS,17.5,2024-05-16,2024Q2,电商,SM108,closed
SO203597,C3218,华北,中线,BU-6,AI 助理,8.44,2026-01-08,2026Q1,直销,SM220,closed
SO203598,C2293,华南,东线,BU-6,数据中台,1.53,2026-01-08,2026Q1,项目集采,SM167,closed
SO203599,C2790,华东,东线,BU-2,智能客服,33.05,2024-04-14,2024Q2,渠道,SM192,shipping
SO203600,C1304,华南,中线,BU-3,AI 助理,213.25,2025-11-27,2025Q4,渠道,SM164,closed
SO203601,C2584,华中,中线,BU-2,BSS-OSS,22.01,2025-03-04,2025Q1,项目集采,SM219,closed
SO203602,C3147,华南,东线,BU-5,IT 服务,37.84,2024-05-26,2024Q2,项目集采,SM155,closed
SO203603,C1809,华北,北线,BU-2,云平台,7.43,2026-01-23,2026Q1,电商,SM198,closed
SO203604,C1934,华南,南线,BU-2,BSS-OSS,6.63,2026-03-17,2026Q1,电商,SM201,closed
SO203605,C2979,华南,东线,BU-1,AI 助理,143.89,2024-11-24,2024Q4,渠道,SM102,closed
SO203606,C3737,华中,南线,BU-6,云平台,20.13,2025-03-05,2025Q1,渠道,SM170,closed
SO203607,C2745,华东,南线,BU-2,数据中台,39.47,2024-07-23,2024Q3,项目集采,SM200,closed
SO203608,C1161,华南,南线,BU-6,运营商网关,32.9,2024-01-11,2024Q1,渠道,SM231,closed
SO203609,C1307,华东,北线,BU-5,IT 服务,42.11,2026-01-18,2026Q1,渠道,SM217,closed
SO203610,C3240,东北,中线,BU-5,IT 服务,11.82,2026-03-10,2026Q1,项目集采,SM139,closed
SO203611,C2282,东北,北线,BU-1,运营商网关,0.66,2024-11-09,2024Q4,直销,SM212,pending
SO203612,C1490,华南,中线,BU-3,BSS-OSS,132.083,2026-01-10,2026Q1,渠道,SM243,pending
SO203613,C1361,华南,南线,BU-5,智能客服,68.17,2026-02-14,2026Q1,电商,SM101,closed
SO203614,C3794,华北,南线,BU-2,运营商网关,60.98,2026-01-01,2026Q1,直销,SM187,closed
SO203615,C2806,东北,北线,BU-5,云平台,4.88,2024-07-22,2024Q3,项目集采,SM123,closed
SO203616,C2292,西南,东线,BU-1,IT 服务,118.68,2025-06-05,2025Q2,电商,SM122,closed
SO203617,C1652,西南,东线,BU-4,AI 助理,87.42,2026-01-06,2026Q1,直销,SM169,pending
SO203618,C3121,华南,南线,BU-3,IT 服务,15.93,2025-10-23,2025Q4,直销,SM126,closed
SO203619,C2633,东北,北线,BU-2,IT 服务,43.06,2025-10-17,2025Q4,渠道,SM208,closed
SO203620,C2125,华中,北线,BU-6,智能客服,6.18,2024-03-10,2024Q1,项目集采,SM186,closed
SO203621,C1357,华东,中线,BU-6,数据中台,112.38,2025-08-17,2025Q3,渠道,SM150,closed
SO203622,C2388,华南,中线,BU-6,智能客服,55.88,2024-02-25,2024Q1,电商,SM139,shipping
SO203623,C3081,华北,中线,BU-2,数据中台,40.38,2026-02-06,2026Q1,渠道,SM128,closed
SO203624,C1419,华南,北线,BU-6,运营商网关,5.51,2026-03-15,2026Q1,项目集采,SM175,closed
SO203625,C3276,华中,中线,BU-4,AI 助理,20.8,2024-12-20,2024Q4,项目集采,SM250,closed
SO203626,C1744,西南,东线,BU-3,云平台,91.13,2025-02-18,2025Q1,电商,SM103,shipping
SO203627,C3663,华东,北线,BU-5,运营商网关,364.65,2026-01-03,2026Q1,电商,SM158,pending
SO203628,C2965,华东,中线,BU-4,智能客服,13.81,2025-08-27,2025Q3,渠道,SM181,shipping
SO203629,C3250,华东,北线,BU-4,IT 服务,165.56,2026-03-25,2026Q1,电商,SM159,closed
SO203630,C2211,华北,南线,BU-5,云平台,32.53,2025-02-22,2025Q1,渠道,SM195,closed
SO203631,C1087,东北,北线,BU-3,AI 助理,150.7,2026-03-25,2026Q1,直销,SM111,shipping
SO203632,C1843,华东,中线,BU-4,云平台,33.29,2024-04-14,2024Q2,电商,SM212,closed
SO203633,C2032,西南,北线,BU-2,云平台,47.45,2024-03-19,2024Q1,渠道,SM190,closed
SO203634,C3336,华南,北线,BU-5,智能客服,25.43,2026-03-14,2026Q1,直销,SM129,closed
SO203635,C2078,西南,北线,BU-3,IT 服务,43.24,2026-02-20,2026Q1,渠道,SM193,closed
SO203636,C1885,西南,北线,BU-3,AI 助理,146.61,2025-08-13,2025Q3,电商,SM112,closed
SO203637,C3354,东北,中线,BU-2,智能客服,34.03,2025-10-12,2025Q4,渠道,SM153,closed
SO203638,C3553,华北,东线,BU-6,数据中台,116.3,2025-03-09,2025Q1,项目集采,SM141,closed
SO203639,C2404,华南,北线,BU-6,云平台,23.96,2026-02-18,2026Q1,渠道,SM129,closed
SO203640,C2228,华南,中线,BU-6,BSS-OSS,2.68,2025-10-10,2025Q4,直销,SM157,closed
SO203641,C2023,华北,北线,BU-2,数据中台,16.33,2026-01-27,2026Q1,直销,SM216,closed
SO203642,C3248,华东,中线,BU-5,AI 助理,100.4,2025-09-20,2025Q3,渠道,SM116,closed
SO203643,C3807,华北,中线,BU-6,AI 助理,19.73,2026-02-08,2026Q1,直销,SM204,closed
SO203644,C1380,华东,南线,BU-1,IT 服务,160.14,2026-02-08,2026Q1,电商,SM176,closed
SO203645,C1279,华南,中线,BU-1,IT 服务,20.18,2025-02-13,2025Q1,项目集采,SM234,closed
SO203646,C1871,华东,南线,BU-2,AI 助理,161.9,2025-03-23,2025Q1,电商,SM109,closed
SO203647,C3349,华中,南线,BU-3,IT 服务,23.27,2025-12-07,2025Q4,直销,SM240,closed
SO203648,C3656,西南,南线,BU-6,数据中台,39.86,2026-03-23,2026Q1,电商,SM114,closed
SO203649,C2725,华中,东线,BU-5,智能客服,7.17,2025-06-15,2025Q2,直销,SM100,shipping
SO203650,C1949,西南,北线,BU-1,云平台,121.63,2026-03-16,2026Q1,电商,SM157,closed
SO203651,C3476,华北,中线,BU-4,智能客服,66.34,2026-01-15,2026Q1,项目集采,SM136,closed
SO203652,C3006,华中,东线,BU-5,BSS-OSS,17.42,2024-05-20,2024Q2,渠道,SM230,closed
SO203653,C2196,华南,中线,BU-4,BSS-OSS,22.84,2026-03-11,2026Q1,渠道,SM123,closed
SO203654,C1301,华南,东线,BU-5,AI 助理,29.13,2024-02-17,2024Q1,渠道,SM210,closed
SO203655,C1171,华北,北线,BU-3,IT 服务,27.17,2026-03-26,2026Q1,电商,SM206,closed
SO203656,C3307,华东,南线,BU-3,数据中台,93.13,2025-10-18,2025Q4,渠道,SM144,closed
SO203657,C1482,华北,东线,BU-1,云平台,28.76,2025-06-12,2025Q2,电商,SM127,closed
SO203658,C3595,华南,中线,BU-5,BSS-OSS,49.8,2025-07-07,2025Q3,电商,SM183,closed
SO203659,C2437,华北,南线,BU-1,BSS-OSS,121.68,2026-01-03,2026Q1,项目集采,SM110,closed
SO203660,C3825,西南,中线,BU-6,云平台,2.04,2025-11-06,2025Q4,渠道,SM111,closed
SO203661,C1602,华中,南线,BU-6,BSS-OSS,2.69,2025-05-15,2025Q2,项目集采,SM192,closed
SO203662,C3038,华南,南线,BU-5,AI 助理,32.33,2025-01-26,2025Q1,渠道,SM250,closed
SO203663,C2612,华中,北线,BU-4,云平台,61.48,2025-08-20,2025Q3,电商,SM122,closed
SO203664,C2249,西南,北线,BU-1,智能客服,1.14,2024-06-13,2024Q2,渠道,SM139,closed
SO203665,C3665,华南,中线,BU-4,运营商网关,11.38,2025-06-11,2025Q2,直销,SM162,closed
SO203666,C1003,华东,中线,BU-5,数据中台,117.3,2026-01-24,2026Q1,电商,SM132,closed
SO203667,C3540,华北,东线,BU-4,数据中台,26.53,2026-02-07,2026Q1,渠道,SM187,closed
SO203668,C3553,西南,北线,BU-3,AI 助理,102.15,2025-09-01,2025Q3,直销,SM169,closed
SO203669,C1601,华北,东线,BU-6,云平台,82.3,2025-10-13,2025Q4,渠道,SM175,closed
SO203670,C1354,东北,南线,BU-4,数据中台,160.32,2025-08-06,2025Q3,电商,SM190,shipping
SO203671,C1812,东北,北线,BU-1,数据中台,191.81,2024-05-04,2024Q2,渠道,SM178,closed
SO203672,C2685,华南,东线,BU-6,云平台,43.62,2026-02-15,2026Q1,电商,SM109,closed
SO203673,C3083,华北,北线,BU-6,BSS-OSS,28.24,2025-02-16,2025Q1,直销,SM245,closed
SO203674,C3847,华北,南线,BU-2,BSS-OSS,18.49,2025-07-04,2025Q3,项目集采,SM120,closed
SO203675,C1477,西南,北线,BU-1,IT 服务,84.73,2026-02-15,2026Q1,渠道,SM117,closed
SO203676,C2160,华北,中线,BU-4,BSS-OSS,14.64,2026-03-02,2026Q1,直销,SM211,closed
SO203677,C1870,华北,北线,BU-2,AI 助理,41.55,2025-10-05,2025Q4,项目集采,SM170,closed
SO203678,C3988,华中,南线,BU-3,云平台,14.1,2024-06-13,2024Q2,电商,SM245,closed
SO203679,C3291,华中,南线,BU-3,BSS-OSS,6.28,2025-01-24,2025Q1,渠道,SM123,closed
SO203680,C3495,华南,北线,BU-5,AI 助理,130.53,2025-09-15,2025Q3,电商,SM185,closed
SO203681,C1010,华东,北线,BU-1,AI 助理,33.94,2024-01-07,2024Q1,电商,SM104,closed
SO203682,C2821,华东,北线,BU-1,IT 服务,416.67,2026-03-21,2026Q1,直销,SM216,closed
SO203683,C1564,西南,北线,BU-6,AI 助理,103.14,2025-02-14,2025Q1,电商,SM180,closed
SO203684,C2903,华南,东线,BU-1,IT 服务,49.92,2026-03-12,2026Q1,项目集采,SM125,closed
SO203685,C1861,华东,南线,BU-5,AI 助理,35.23,2024-10-08,2024Q4,电商,SM110,closed
SO203686,C1842,东北,南线,BU-6,AI 助理,218.59,2024-02-16,2024Q1,渠道,SM248,pending
SO203687,C2331,华南,中线,BU-1,云平台,8.2,2026-02-14,2026Q1,渠道,SM235,closed
SO203688,C3870,华东,南线,BU-4,云平台,3.99,2024-11-23,2024Q4,电商,SM239,closed
SO203689,C2477,华北,中线,BU-4,BSS-OSS,34.4,2025-11-05,2025Q4,直销,SM153,closed
SO203690,C3375,华东,中线,BU-5,AI 助理,132.78,2025-09-08,2025Q3,直销,SM140,closed
SO203691,C1179,华东,中线,BU-6,IT 服务,36.56,2025-12-12,2025Q4,项目集采,SM203,closed
SO203692,C3990,华中,北线,BU-1,IT 服务,61.35,2026-01-01,2026Q1,项目集采,SM135,closed
SO203693,C2798,东北,东线,BU-3,IT 服务,227.77,2026-02-08,2026Q1,直销,SM242,closed
SO203694,C3223,华中,北线,BU-5,AI 助理,69.25,2024-03-02,2024Q1,电商,SM220,closed
SO203695,C3015,华北,中线,BU-5,BSS-OSS,175.63,2025-03-06,2025Q1,直销,SM111,closed
SO203696,C3218,华东,南线,BU-5,AI 助理,84.28,2025-09-16,2025Q3,项目集采,SM119,closed
SO203697,C1151,华南,南线,BU-1,云平台,64.58,2025-09-25,2025Q3,电商,SM165,closed
SO203698,C3540,华东,中线,BU-4,AI 助理,3.21,2026-02-27,2026Q1,直销,SM211,closed
SO203699,C1189,华北,北线,BU-2,智能客服,11.76,2026-03-13,2026Q1,渠道,SM102,shipping
SO203700,C1330,华东,中线,BU-6,BSS-OSS,98.42,2026-01-03,2026Q1,项目集采,SM112,closed
SO203701,C2323,华东,东线,BU-5,智能客服,76.27,2025-01-22,2025Q1,电商,SM250,closed
SO203702,C3185,华北,北线,BU-1,IT 服务,92.48,2025-06-01,2025Q2,项目集采,SM178,closed
SO203703,C1918,华东,东线,BU-1,云平台,15.23,2025-03-15,2025Q1,项目集采,SM141,closed
SO203704,C1324,华中,中线,BU-2,AI 助理,137.93,2024-10-25,2024Q4,项目集采,SM100,closed
SO203705,C1008,华东,南线,BU-1,BSS-OSS,75.44,2025-09-12,2025Q3,渠道,SM237,closed
SO203706,C1902,华东,北线,BU-2,云平台,14.23,2024-12-23,2024Q4,电商,SM206,closed
SO203707,C2252,华东,北线,BU-2,云平台,38.15,2026-01-07,2026Q1,电商,SM111,closed
SO203708,C2368,华北,中线,BU-5,云平台,26.17,2026-02-01,2026Q1,电商,SM106,closed
SO203709,C2009,华东,东线,BU-6,运营商网关,123.59,2026-03-20,2026Q1,项目集采,SM106,closed
SO203710,C1312,华东,南线,BU-6,云平台,86.36,2026-01-11,2026Q1,渠道,SM248,closed
SO203711,C3382,华东,东线,BU-4,BSS-OSS,88.21,2025-06-26,2025Q2,电商,SM145,closed
SO203712,C3125,华南,东线,BU-4,运营商网关,70.73,2025-12-05,2025Q4,渠道,SM219,closed
SO203713,C2904,华北,南线,BU-1,智能客服,51.93,2025-05-06,2025Q2,项目集采,SM102,closed
SO203714,C2149,西南,南线,BU-4,云平台,2.76,2026-03-13,2026Q1,项目集采,SM168,closed
SO203715,C2485,华北,东线,BU-6,云平台,48.95,2026-03-12,2026Q1,渠道,SM240,shipping
SO203716,C1882,西南,东线,BU-1,智能客服,66.66,2026-02-11,2026Q1,渠道,SM137,closed
SO203717,C2820,华北,东线,BU-2,云平台,2.91,2025-12-17,2025Q4,电商,SM179,closed
SO203718,C3544,华东,中线,BU-2,云平台,131.17,2025-01-05,2025Q1,渠道,SM136,closed
SO203719,C2215,华南,中线,BU-1,IT 服务,51.53,2026-02-27,2026Q1,电商,SM240,closed
SO203720,C1029,华南,中线,BU-2,云平台,8.12,2026-02-06,2026Q1,渠道,SM196,closed
SO203721,C3700,华南,北线,BU-1,云平台,76.22,2026-03-09,2026Q1,渠道,SM154,closed
SO203722,C3411,华南,南线,BU-5,云平台,76.39,2024-11-22,2024Q4,电商,SM202,closed
SO203723,C1017,华北,中线,BU-2,运营商网关,140.19,2025-05-03,2025Q2,电商,SM152,closed
SO203724,C1305,华北,南线,BU-4,云平台,8.91,2026-01-17,2026Q1,电商,SM135,closed
SO203725,C1670,西南,东线,BU-1,云平台,65.73,2024-10-26,2024Q4,渠道,SM248,closed
SO203726,C3002,华东,东线,BU-5,BSS-OSS,52.14,2026-02-11,2026Q1,渠道,SM174,closed
SO203727,C1587,西南,东线,BU-1,智能客服,113.44,2025-11-07,2025Q4,直销,SM219,pending
SO203728,C1830,华北,东线,BU-4,云平台,44.37,2025-01-26,2025Q1,电商,SM131,pending
SO203729,C3524,华东,东线,BU-5,数据中台,74.57,2026-03-18,2026Q1,渠道,SM153,closed
SO203730,C1081,华北,东线,BU-1,BSS-OSS,19.23,2026-03-14,2026Q1,电商,SM156,pending
SO203731,C1519,华东,中线,BU-5,IT 服务,62.61,2026-02-13,2026Q1,电商,SM161,shipping
SO203732,C2314,华北,南线,BU-5,BSS-OSS,55.03,2025-05-27,2025Q2,项目集采,SM204,closed
SO203733,C2669,东北,北线,BU-2,BSS-OSS,46.04,2025-02-16,2025Q1,渠道,SM136,closed
SO203734,C2141,华南,中线,BU-3,运营商网关,6.81,2025-11-08,2025Q4,直销,SM135,closed
SO203735,C1821,华东,东线,BU-2,智能客服,79.22,2024-03-11,2024Q1,直销,SM247,closed
SO203736,C2398,华中,东线,BU-3,IT 服务,48.5,2024-03-02,2024Q1,直销,SM139,closed
SO203737,C1612,华中,北线,BU-4,AI 助理,130.14,2026-03-08,2026Q1,直销,SM107,closed
SO203738,C1551,西南,北线,BU-2,BSS-OSS,1.28,2025-03-05,2025Q1,直销,SM215,closed
SO203739,C2509,西南,东线,BU-5,AI 助理,11.91,2026-02-19,2026Q1,直销,SM101,closed
SO203740,C2768,东北,东线,BU-3,AI 助理,11.36,2026-03-09,2026Q1,渠道,SM187,closed
SO203741,C3722,华东,南线,BU-4,AI 助理,0.82,2025-02-14,2025Q1,电商,SM118,closed
SO203742,C3269,华中,北线,BU-2,AI 助理,18.89,2026-03-20,2026Q1,项目集采,SM217,closed
SO203743,C2790,华东,东线,BU-2,IT 服务,94.38,2026-03-12,2026Q1,项目集采,SM195,closed
SO203744,C1139,东北,南线,BU-5,IT 服务,44.73,2024-03-04,2024Q1,项目集采,SM160,closed
SO203745,C1414,华东,东线,BU-1,IT 服务,60.06,2026-03-10,2026Q1,渠道,SM230,closed
SO203746,C2341,西南,东线,BU-4,云平台,5.99,2025-06-26,2025Q2,项目集采,SM215,closed
SO203747,C3829,华北,南线,BU-1,运营商网关,25.58,2025-04-16,2025Q2,直销,SM205,shipping
SO203748,C2785,华南,东线,BU-1,数据中台,0.24,2026-01-06,2026Q1,项目集采,SM113,closed
SO203749,C2993,华中,南线,BU-6,运营商网关,8.8,2024-07-08,2024Q3,项目集采,SM181,shipping
SO203750,C3587,华北,中线,BU-5,智能客服,67.45,2025-11-26,2025Q4,电商,SM117,shipping
SO203751,C1828,华中,东线,BU-5,云平台,16.21,2025-12-18,2025Q4,渠道,SM112,closed
SO203752,C1051,华北,中线,BU-3,AI 助理,71.93,2024-06-09,2024Q2,电商,SM222,closed
SO203753,C3813,华中,南线,BU-5,AI 助理,64.68,2026-02-06,2026Q1,渠道,SM147,closed
SO203754,C3331,华东,南线,BU-6,IT 服务,131.3,2026-03-13,2026Q1,渠道,SM124,closed
SO203755,C1721,华南,北线,BU-5,AI 助理,48.82,2026-01-14,2026Q1,渠道,SM231,closed
SO203756,C3871,华中,中线,BU-5,云平台,35.45,2026-01-26,2026Q1,渠道,SM170,closed
SO203757,C2605,西南,南线,BU-4,智能客服,160.7,2025-08-16,2025Q3,渠道,SM214,closed
SO203758,C1618,华南,北线,BU-6,云平台,13.83,2024-09-09,2024Q3,项目集采,SM133,closed
SO203759,C3331,华南,东线,BU-6,运营商网关,21.0,2025-06-19,2025Q2,渠道,SM211,closed
SO203760,C1433,华东,南线,BU-1,BSS-OSS,33.97,2026-02-19,2026Q1,项目集采,SM215,closed
SO203761,C1979,东北,南线,BU-1,运营商网关,18.18,2024-05-19,2024Q2,项目集采,SM140,closed
SO203762,C1436,华北,东线,BU-4,智能客服,61.19,2024-10-27,2024Q4,渠道,SM181,closed
SO203763,C1046,西南,中线,BU-5,IT 服务,4.67,2026-01-19,2026Q1,直销,SM232,closed
SO203764,C2519,华东,东线,BU-5,运营商网关,29.61,2025-04-25,2025Q2,渠道,SM102,closed
SO203765,C3284,华东,中线,BU-1,AI 助理,157.57,2025-02-24,2025Q1,电商,SM110,closed
SO203766,C2437,华南,南线,BU-5,IT 服务,68.22,2025-11-07,2025Q4,渠道,SM143,pending
SO203767,C3442,华中,北线,BU-2,AI 助理,92.71,2025-01-24,2025Q1,直销,SM249,pending
SO203768,C3436,西南,东线,BU-2,云平台,51.35,2026-01-08,2026Q1,直销,SM240,closed
SO203769,C2491,西南,中线,BU-3,运营商网关,23.89,2024-10-06,2024Q4,项目集采,SM144,shipping
SO203770,C3735,华中,东线,BU-3,BSS-OSS,244.37,2026-03-03,2026Q1,渠道,SM208,closed
SO203771,C2385,华东,中线,BU-5,数据中台,44.78,2026-02-14,2026Q1,项目集采,SM113,closed
SO203772,C3614,华南,北线,BU-5,BSS-OSS,48.41,2026-03-01,2026Q1,电商,SM207,closed
SO203773,C3737,华东,北线,BU-4,运营商网关,44.24,2024-11-26,2024Q4,渠道,SM230,closed
SO203774,C3896,华东,北线,BU-1,BSS-OSS,46.25,2026-03-20,2026Q1,渠道,SM125,shipping
SO203775,C3998,西南,北线,BU-3,数据中台,8.61,2025-06-14,2025Q2,直销,SM163,closed
SO203776,C3106,华北,北线,BU-1,AI 助理,226.25,2025-10-07,2025Q4,电商,SM234,closed
SO203777,C3621,华中,中线,BU-1,云平台,114.62,2025-10-21,2025Q4,渠道,SM183,closed
SO203778,C2477,华中,南线,BU-3,云平台,67.28,2026-02-11,2026Q1,电商,SM154,closed
SO203779,C1688,华东,北线,BU-6,AI 助理,30.49,2025-08-23,2025Q3,直销,SM141,closed
SO203780,C2074,华北,南线,BU-1,IT 服务,99.27,2025-09-17,2025Q3,渠道,SM242,closed
SO203781,C2383,华东,北线,BU-5,BSS-OSS,14.25,2026-03-06,2026Q1,渠道,SM122,closed
SO203782,C1884,华北,北线,BU-1,BSS-OSS,16.39,2024-06-24,2024Q2,直销,SM146,closed
SO203783,C3079,华南,北线,BU-6,BSS-OSS,106.28,2024-06-01,2024Q2,直销,SM104,closed
SO203784,C3485,西南,东线,BU-1,云平台,23.86,2024-05-06,2024Q2,项目集采,SM153,closed
SO203785,C1231,华东,中线,BU-1,数据中台,29.41,2025-02-06,2025Q1,直销,SM125,pending
SO203786,C2788,华东,南线,BU-1,数据中台,7.6,2024-04-07,2024Q2,直销,SM135,shipping
SO203787,C3578,华北,东线,BU-1,数据中台,98.95,2025-01-26,2025Q1,项目集采,SM138,closed
SO203788,C2070,华中,南线,BU-2,云平台,8.31,2025-08-17,2025Q3,直销,SM147,closed
SO203789,C2406,华东,中线,BU-5,BSS-OSS,27.25,2024-04-06,2024Q2,直销,SM222,closed
SO203790,C3132,东北,东线,BU-4,数据中台,20.31,2025-07-07,2025Q3,电商,SM127,closed
SO203791,C3462,华东,南线,BU-3,智能客服,9.09,2026-01-12,2026Q1,渠道,SM152,closed
SO203792,C1145,华北,北线,BU-3,云平台,18.09,2025-11-17,2025Q4,直销,SM234,closed
SO203793,C3412,华南,中线,BU-6,智能客服,73.29,2026-01-22,2026Q1,项目集采,SM123,closed
SO203794,C2340,华中,北线,BU-4,IT 服务,111.7,2026-03-12,2026Q1,项目集采,SM193,pending
SO203795,C3499,华东,北线,BU-1,智能客服,19.62,2025-08-02,2025Q3,直销,SM125,closed
SO203796,C3607,华北,南线,BU-1,IT 服务,116.39,2024-11-01,2024Q4,项目集采,SM236,closed
SO203797,C3891,华南,中线,BU-4,IT 服务,6.37,2025-04-18,2025Q2,渠道,SM235,closed
SO203798,C1680,西南,北线,BU-4,智能客服,69.68,2024-01-17,2024Q1,项目集采,SM102,closed
SO203799,C1109,西南,东线,BU-4,云平台,56.74,2025-10-27,2025Q4,直销,SM144,closed
SO203800,C1981,华北,东线,BU-1,AI 助理,45.12,2025-04-18,2025Q2,直销,SM151,closed
SO203801,C3038,华东,南线,BU-6,数据中台,1.32,2025-11-02,2025Q4,渠道,SM160,closed
SO203802,C3538,华南,东线,BU-4,智能客服,8.0,2025-03-20,2025Q1,直销,SM162,closed
SO203803,C3251,华东,中线,BU-5,AI 助理,47.26,2025-06-27,2025Q2,渠道,SM239,closed
SO203804,C3796,华南,北线,BU-4,BSS-OSS,5.49,2025-04-01,2025Q2,渠道,SM178,closed
SO203805,C3720,西南,东线,BU-1,数据中台,0.49,2025-08-16,2025Q3,直销,SM218,closed
SO203806,C2760,华中,中线,BU-5,BSS-OSS,1.33,2026-01-22,2026Q1,直销,SM181,closed
SO203807,C3708,华南,南线,BU-4,AI 助理,6.51,2026-02-21,2026Q1,直销,SM122,closed
SO203808,C3341,华东,北线,BU-3,运营商网关,5.07,2025-03-01,2025Q1,直销,SM141,closed
SO203809,C1984,华东,中线,BU-2,运营商网关,2.32,2025-02-11,2025Q1,渠道,SM160,closed
SO203810,C1654,华南,中线,BU-6,数据中台,35.2,2024-07-21,2024Q3,项目集采,SM173,pending
SO203811,C2989,华南,东线,BU-6,智能客服,21.01,2026-01-26,2026Q1,项目集采,SM133,pending
SO203812,C3796,华南,南线,BU-1,云平台,4.24,2026-01-08,2026Q1,渠道,SM250,pending
SO203813,C2121,华东,南线,BU-2,IT 服务,34.19,2025-05-08,2025Q2,直销,SM201,closed
SO203814,C3037,华南,中线,BU-6,运营商网关,28.1,2026-02-05,2026Q1,渠道,SM218,closed
SO203815,C3636,华南,南线,BU-5,数据中台,51.06,2024-07-23,2024Q3,直销,SM113,closed
SO203816,C3051,华东,中线,BU-4,AI 助理,102.22,2025-07-15,2025Q3,电商,SM225,closed
SO203817,C1613,华北,南线,BU-5,AI 助理,81.2,2025-12-20,2025Q4,电商,SM167,closed
SO203818,C3738,西南,南线,BU-1,云平台,57.13,2025-01-03,2025Q1,渠道,SM110,closed
SO203819,C2659,西南,南线,BU-6,IT 服务,8.35,2025-06-09,2025Q2,直销,SM109,shipping
SO203820,C2109,华东,中线,BU-5,运营商网关,180.11,2026-01-23,2026Q1,渠道,SM110,closed
SO203821,C3904,华北,东线,BU-5,IT 服务,50.65,2026-01-03,2026Q1,电商,SM149,closed
SO203822,C1991,华东,中线,BU-6,数据中台,75.62,2026-03-22,2026Q1,直销,SM240,closed
SO203823,C1227,华北,中线,BU-1,数据中台,67.29,2025-04-25,2025Q2,渠道,SM196,closed
SO203824,C2739,华东,中线,BU-6,智能客服,81.37,2026-02-18,2026Q1,电商,SM227,closed
SO203825,C3091,华东,南线,BU-5,运营商网关,64.85,2026-01-01,2026Q1,直销,SM132,shipping
SO203826,C2632,东北,北线,BU-6,数据中台,35.44,2025-08-14,2025Q3,电商,SM198,closed
SO203827,C1917,华南,东线,BU-4,运营商网关,3.15,2025-07-10,2025Q3,渠道,SM159,closed
SO203828,C2088,华中,北线,BU-6,AI 助理,2.08,2026-01-18,2026Q1,渠道,SM149,closed
SO203829,C3193,华北,中线,BU-5,运营商网关,21.62,2025-07-20,2025Q3,项目集采,SM212,closed
SO203830,C1626,西南,东线,BU-5,智能客服,125.28,2026-03-18,2026Q1,项目集采,SM250,shipping
SO203831,C3238,华南,中线,BU-2,AI 助理,7.41,2025-06-05,2025Q2,渠道,SM153,closed
SO203832,C1412,华中,中线,BU-6,IT 服务,62.81,2026-03-01,2026Q1,电商,SM249,closed
SO203833,C3246,华北,东线,BU-4,运营商网关,68.43,2024-09-17,2024Q3,渠道,SM116,shipping
SO203834,C1402,华中,中线,BU-6,运营商网关,3.42,2024-04-09,2024Q2,电商,SM153,closed
SO203835,C2394,华中,中线,BU-4,AI 助理,97.83,2024-07-09,2024Q3,电商,SM245,shipping
SO203836,C2416,华东,东线,BU-3,云平台,2.56,2025-03-15,2025Q1,电商,SM227,closed
SO203837,C2948,华东,中线,BU-4,IT 服务,87.28,2025-01-16,2025Q1,项目集采,SM151,closed
SO203838,C1422,华北,北线,BU-6,云平台,39.73,2026-01-02,2026Q1,渠道,SM161,closed
SO203839,C2804,华南,中线,BU-5,AI 助理,121.31,2026-01-18,2026Q1,电商,SM186,closed
SO203840,C3884,华北,东线,BU-6,BSS-OSS,31.58,2026-03-01,2026Q1,渠道,SM123,closed
SO203841,C3775,西南,北线,BU-4,智能客服,27.82,2024-04-17,2024Q2,直销,SM218,closed
SO203842,C2946,华东,北线,BU-1,IT 服务,304.56,2026-02-16,2026Q1,电商,SM161,pending
SO203843,C3796,华中,中线,BU-5,AI 助理,48.48,2025-10-02,2025Q4,电商,SM209,closed
SO203844,C1755,华北,南线,BU-4,运营商网关,147.66,2025-09-13,2025Q3,电商,SM189,closed
SO203845,C2965,华东,南线,BU-6,BSS-OSS,47.76,2025-12-06,2025Q4,项目集采,SM218,closed
SO203846,C1931,华北,北线,BU-1,数据中台,59.23,2026-03-10,2026Q1,电商,SM148,closed
SO203847,C3434,华南,南线,BU-3,AI 助理,3.6679999999999997,2026-02-11,2026Q1,电商,SM118,closed
SO203848,C1491,华南,南线,BU-1,BSS-OSS,151.23,2025-04-08,2025Q2,渠道,SM134,closed
SO203849,C2950,华中,东线,BU-4,运营商网关,19.83,2026-03-01,2026Q1,项目集采,SM112,closed
SO203850,C1500,华南,南线,BU-2,运营商网关,209.67,2025-12-23,2025Q4,直销,SM161,closed
SO203851,C2606,华东,南线,BU-6,云平台,15.41,2024-12-12,2024Q4,项目集采,SM185,closed
SO203852,C2722,华中,北线,BU-3,云平台,7.0,2025-08-12,2025Q3,渠道,SM132,closed
SO203853,C3216,华东,东线,BU-6,AI 助理,87.76,2026-02-05,2026Q1,电商,SM237,closed
SO203854,C2609,华南,中线,BU-4,IT 服务,35.77,2025-01-01,2025Q1,渠道,SM143,closed
SO203855,C3462,华东,北线,BU-1,AI 助理,93.66,2026-02-09,2026Q1,电商,SM204,closed
SO203856,C1977,华北,中线,BU-4,IT 服务,43.14,2024-06-18,2024Q2,项目集采,SM192,shipping
SO203857,C1924,华东,北线,BU-3,AI 助理,14.9,2025-02-19,2025Q1,渠道,SM109,shipping
SO203858,C1517,东北,中线,BU-3,云平台,17.26,2026-01-18,2026Q1,直销,SM168,closed
SO203859,C2434,华中,南线,BU-6,BSS-OSS,87.08,2024-01-08,2024Q1,项目集采,SM238,closed
SO203860,C1935,华北,北线,BU-1,数据中台,6.34,2025-04-06,2025Q2,项目集采,SM166,pending
SO203861,C2284,华北,东线,BU-4,智能客服,18.93,2026-03-02,2026Q1,直销,SM247,closed
SO203862,C3560,华北,北线,BU-6,AI 助理,55.9,2024-08-16,2024Q3,项目集采,SM117,closed
SO203863,C1195,华北,北线,BU-6,BSS-OSS,2.59,2026-03-22,2026Q1,渠道,SM229,closed
SO203864,C2376,华南,北线,BU-3,AI 助理,0.091,2026-03-03,2026Q1,项目集采,SM144,closed
SO203865,C3645,华北,南线,BU-1,AI 助理,22.53,2025-12-13,2025Q4,直销,SM195,closed
SO203866,C1356,华东,南线,BU-2,BSS-OSS,74.42,2025-08-18,2025Q3,电商,SM216,closed
SO203867,C1525,华北,东线,BU-1,运营商网关,3.92,2026-02-23,2026Q1,项目集采,SM104,closed
SO203868,C1241,华东,东线,BU-4,AI 助理,15.48,2025-10-01,2025Q4,直销,SM146,closed
SO203869,C1152,华东,东线,BU-6,BSS-OSS,39.5,2026-01-27,2026Q1,项目集采,SM146,closed
SO203870,C2213,华中,东线,BU-6,AI 助理,17.08,2025-11-22,2025Q4,电商,SM244,closed
SO203871,C1067,华中,中线,BU-4,IT 服务,21.27,2026-02-13,2026Q1,直销,SM135,closed
SO203872,C3254,华北,南线,BU-1,运营商网关,31.72,2025-05-08,2025Q2,直销,SM143,closed
SO203873,C1322,华南,南线,BU-3,BSS-OSS,40.03,2025-09-05,2025Q3,电商,SM199,closed
SO203874,C1468,西南,南线,BU-1,智能客服,29.63,2025-06-18,2025Q2,电商,SM237,closed
SO203875,C1910,华东,东线,BU-4,数据中台,144.66,2025-09-16,2025Q3,直销,SM190,closed
SO203876,C2154,华北,南线,BU-4,运营商网关,72.41,2026-02-25,2026Q1,直销,SM191,closed
SO203877,C1931,华中,南线,BU-5,云平台,24.89,2025-03-08,2025Q1,直销,SM202,closed
SO203878,C2024,华东,南线,BU-1,云平台,25.06,2025-07-22,2025Q3,电商,SM223,closed
SO203879,C3560,华东,南线,BU-5,数据中台,17.5,2025-12-09,2025Q4,渠道,SM166,closed
SO203880,C2014,西南,南线,BU-5,IT 服务,39.13,2026-02-16,2026Q1,电商,SM241,closed
SO203881,C1032,华北,北线,BU-2,云平台,56.53,2026-03-09,2026Q1,直销,SM142,closed
SO203882,C2046,华北,北线,BU-2,运营商网关,50.29,2025-11-22,2025Q4,电商,SM120,closed
SO203883,C1726,华北,北线,BU-4,AI 助理,79.51,2025-05-05,2025Q2,电商,SM115,closed
SO203884,C2064,华中,中线,BU-6,运营商网关,2.86,2024-09-09,2024Q3,直销,SM159,pending
SO203885,C2665,华南,南线,BU-3,云平台,9.54,2024-06-19,2024Q2,电商,SM227,closed
SO203886,C3348,华南,南线,BU-5,数据中台,43.32,2026-03-22,2026Q1,电商,SM160,shipping
SO203887,C2819,西南,南线,BU-1,BSS-OSS,17.2,2025-10-01,2025Q4,电商,SM240,closed
SO203888,C1936,华北,南线,BU-3,AI 助理,74.62,2026-02-08,2026Q1,渠道,SM162,closed
SO203889,C3926,华北,东线,BU-5,运营商网关,16.46,2026-01-10,2026Q1,项目集采,SM241,shipping
SO203890,C1554,华南,中线,BU-4,运营商网关,110.71,2025-08-12,2025Q3,项目集采,SM141,closed
SO203891,C1498,华东,北线,BU-1,AI 助理,4.35,2026-02-17,2026Q1,电商,SM144,closed
SO203892,C3689,华东,北线,BU-6,BSS-OSS,55.84,2026-02-02,2026Q1,项目集采,SM142,closed
SO203893,C2385,华北,南线,BU-2,AI 助理,143.05,2026-03-22,2026Q1,直销,SM124,closed
SO203894,C2959,华南,北线,BU-6,云平台,115.33,2026-02-02,2026Q1,渠道,SM230,closed
SO203895,C1280,西南,北线,BU-3,智能客服,95.36,2024-08-15,2024Q3,电商,SM116,closed
SO203896,C2222,华东,南线,BU-5,AI 助理,203.52,2025-08-14,2025Q3,渠道,SM239,closed
SO203897,C1516,华北,东线,BU-4,数据中台,2.36,2025-07-24,2025Q3,项目集采,SM115,closed
SO203898,C2827,华中,东线,BU-5,云平台,4.28,2026-03-11,2026Q1,电商,SM245,closed
SO203899,C2640,西南,东线,BU-2,AI 助理,19.66,2024-01-16,2024Q1,项目集采,SM139,closed
SO203900,C2590,华中,南线,BU-4,IT 服务,68.86,2025-07-23,2025Q3,电商,SM135,pending
SO203901,C1439,华中,南线,BU-4,云平台,63.2,2025-07-21,2025Q3,直销,SM205,shipping
SO203902,C3154,华东,中线,BU-6,BSS-OSS,120.42,2025-09-17,2025Q3,渠道,SM228,shipping
SO203903,C3850,西南,中线,BU-6,AI 助理,58.5,2025-08-20,2025Q3,渠道,SM137,closed
SO203904,C1959,华南,北线,BU-1,云平台,75.1,2024-01-02,2024Q1,电商,SM142,closed
SO203905,C1380,华东,北线,BU-1,IT 服务,89.85,2026-02-24,2026Q1,项目集采,SM217,closed
SO203906,C2880,西南,中线,BU-3,云平台,3.8,2026-01-03,2026Q1,电商,SM198,closed
SO203907,C3378,华东,南线,BU-1,云平台,20.39,2025-11-23,2025Q4,直销,SM164,closed
SO203908,C3604,西南,中线,BU-2,BSS-OSS,137.99,2025-10-19,2025Q4,项目集采,SM115,closed
SO203909,C1034,华北,南线,BU-4,智能客服,11.79,2024-10-21,2024Q4,项目集采,SM128,shipping
SO203910,C3240,华东,北线,BU-2,云平台,53.8,2025-04-11,2025Q2,电商,SM232,shipping
SO203911,C2257,华东,东线,BU-3,智能客服,43.03,2025-09-16,2025Q3,直销,SM107,closed
SO203912,C1213,西南,北线,BU-1,IT 服务,54.31,2025-07-23,2025Q3,电商,SM124,closed
SO203913,C3665,华北,东线,BU-6,IT 服务,43.53,2025-06-15,2025Q2,直销,SM150,closed
SO203914,C3067,华东,东线,BU-2,BSS-OSS,46.44,2024-10-12,2024Q4,直销,SM178,closed
SO203915,C3628,华北,东线,BU-4,智能客服,6.81,2026-01-06,2026Q1,渠道,SM188,closed
SO203916,C3919,华北,中线,BU-1,云平台,27.66,2026-03-06,2026Q1,项目集采,SM239,shipping
SO203917,C2300,华北,中线,BU-2,AI 助理,32.75,2025-11-24,2025Q4,电商,SM195,closed
SO203918,C1082,华东,中线,BU-5,IT 服务,44.55,2024-07-14,2024Q3,渠道,SM172,closed
SO203919,C1026,华东,南线,BU-1,BSS-OSS,9.98,2025-08-27,2025Q3,项目集采,SM129,shipping
SO203920,C3577,华东,中线,BU-4,运营商网关,45.04,2024-07-16,2024Q3,渠道,SM215,closed
SO203921,C2360,西南,中线,BU-5,BSS-OSS,81.37,2026-03-20,2026Q1,电商,SM132,closed
SO203922,C1631,华北,中线,BU-2,BSS-OSS,106.95,2025-08-01,2025Q3,直销,SM188,closed
SO203923,C1563,华北,中线,BU-5,云平台,81.82,2026-01-20,2026Q1,直销,SM139,closed
SO203924,C3607,华南,中线,BU-1,BSS-OSS,116.91,2024-07-02,2024Q3,项目集采,SM128,closed
SO203925,C1784,华北,北线,BU-4,IT 服务,114.77,2025-02-19,2025Q1,直销,SM122,closed
SO203926,C1485,华东,中线,BU-3,AI 助理,31.67,2025-05-18,2025Q2,项目集采,SM195,shipping
SO203927,C3222,华南,北线,BU-6,智能客服,1.91,2026-03-25,2026Q1,渠道,SM232,closed
SO203928,C1405,华南,东线,BU-4,IT 服务,45.24,2025-11-18,2025Q4,项目集采,SM127,closed
SO203929,C3600,华东,南线,BU-2,BSS-OSS,87.15,2026-03-08,2026Q1,渠道,SM189,closed
SO203930,C2251,华东,北线,BU-6,智能客服,99.82,2025-04-08,2025Q2,直销,SM157,closed
SO203931,C2003,华南,中线,BU-5,数据中台,15.19,2025-02-27,2025Q1,项目集采,SM248,closed
SO203932,C3209,华东,北线,BU-4,IT 服务,68.69,2025-12-25,2025Q4,电商,SM239,closed
SO203933,C2889,华东,北线,BU-5,AI 助理,88.07,2025-10-23,2025Q4,项目集采,SM166,closed
SO203934,C1157,西南,南线,BU-2,数据中台,21.42,2025-06-06,2025Q2,直销,SM222,closed
SO203935,C3055,华东,中线,BU-3,云平台,65.35,2026-01-07,2026Q1,项目集采,SM234,closed
SO203936,C1198,华北,东线,BU-3,数据中台,132.8,2026-03-22,2026Q1,项目集采,SM181,closed
SO203937,C3115,华南,北线,BU-4,AI 助理,24.02,2025-02-17,2025Q1,电商,SM226,closed
SO203938,C2244,华中,南线,BU-4,运营商网关,20.02,2025-03-21,2025Q1,电商,SM125,closed
SO203939,C3895,西南,北线,BU-1,智能客服,22.23,2025-01-06,2025Q1,直销,SM119,closed
SO203940,C2992,华南,北线,BU-4,IT 服务,66.25,2025-10-03,2025Q4,直销,SM125,closed
SO203941,C3035,华北,南线,BU-2,AI 助理,6.14,2024-07-13,2024Q3,直销,SM129,shipping
SO203942,C2683,华中,南线,BU-5,IT 服务,159.94,2026-02-05,2026Q1,直销,SM229,closed
SO203943,C3549,西南,南线,BU-3,智能客服,82.63,2024-01-07,2024Q1,电商,SM159,closed
SO203944,C3885,华南,北线,BU-4,智能客服,30.0,2026-01-09,2026Q1,电商,SM153,closed
SO203945,C1098,西南,中线,BU-6,云平台,56.39,2024-03-09,2024Q1,项目集采,SM164,closed
SO203946,C2002,华东,南线,BU-6,数据中台,72.79,2026-03-01,2026Q1,项目集采,SM106,closed
SO203947,C3565,华北,北线,BU-4,智能客服,63.19,2025-12-27,2025Q4,渠道,SM108,closed
SO203948,C3871,华南,东线,BU-4,BSS-OSS,29.04,2025-06-06,2025Q2,渠道,SM244,closed
SO203949,C3977,华中,中线,BU-4,BSS-OSS,37.23,2024-05-12,2024Q2,直销,SM224,closed
SO203950,C1595,华东,北线,BU-4,运营商网关,53.67,2024-11-13,2024Q4,项目集采,SM103,closed
SO203951,C2849,西南,南线,BU-5,BSS-OSS,145.75,2025-06-08,2025Q2,电商,SM123,closed
SO203952,C3605,华南,东线,BU-4,运营商网关,14.92,2026-01-22,2026Q1,电商,SM202,closed
SO203953,C1778,东北,北线,BU-6,数据中台,14.1,2025-05-18,2025Q2,直销,SM221,shipping
SO203954,C1427,华北,东线,BU-1,智能客服,115.45,2026-01-11,2026Q1,渠道,SM198,closed
SO203955,C2703,华中,中线,BU-2,AI 助理,38.2,2024-08-17,2024Q3,电商,SM214,closed
SO203956,C1284,华中,南线,BU-6,数据中台,19.22,2025-10-18,2025Q4,渠道,SM147,closed
SO203957,C3226,华北,南线,BU-1,云平台,126.4,2025-03-05,2025Q1,电商,SM131,closed
SO203958,C1929,华中,北线,BU-3,AI 助理,49.91,2026-01-23,2026Q1,项目集采,SM113,closed
SO203959,C1577,华北,北线,BU-1,BSS-OSS,0.12,2025-11-07,2025Q4,项目集采,SM127,shipping
SO203960,C2540,华南,东线,BU-2,云平台,48.29,2025-08-10,2025Q3,电商,SM230,closed
SO203961,C3988,华东,南线,BU-3,运营商网关,15.55,2026-01-19,2026Q1,直销,SM196,closed
SO203962,C3716,华南,中线,BU-6,BSS-OSS,45.73,2025-01-04,2025Q1,直销,SM229,closed
SO203963,C3635,东北,南线,BU-4,智能客服,18.68,2024-07-09,2024Q3,渠道,SM135,closed
SO203964,C2391,华东,北线,BU-4,IT 服务,41.13,2026-01-14,2026Q1,电商,SM129,pending
SO203965,C2947,华中,东线,BU-5,数据中台,70.17,2025-06-08,2025Q2,渠道,SM195,closed
SO203966,C1818,西南,南线,BU-3,云平台,1.73,2026-01-19,2026Q1,电商,SM115,closed
SO203967,C1888,华东,北线,BU-1,云平台,118.89,2025-04-09,2025Q2,渠道,SM238,closed
SO203968,C2287,华东,南线,BU-6,BSS-OSS,27.4,2026-01-20,2026Q1,渠道,SM136,closed
SO203969,C1801,华东,南线,BU-3,运营商网关,14.25,2025-06-21,2025Q2,项目集采,SM195,closed
SO203970,C2465,华东,南线,BU-4,IT 服务,98.96,2026-01-09,2026Q1,电商,SM230,closed
SO203971,C2535,华中,东线,BU-2,运营商网关,31.8,2026-03-19,2026Q1,项目集采,SM236,closed
SO203972,C2635,华东,东线,BU-2,智能客服,1.95,2025-03-27,2025Q1,渠道,SM191,closed
SO203973,C2524,华东,北线,BU-2,IT 服务,93.46,2025-10-13,2025Q4,直销,SM159,closed
SO203974,C2066,华东,东线,BU-2,AI 助理,163.92,2024-03-17,2024Q1,电商,SM111,closed
SO203975,C2238,西南,南线,BU-6,数据中台,65.07,2024-04-11,2024Q2,项目集采,SM117,closed
SO203976,C1327,华东,中线,BU-3,数据中台,27.06,2024-05-25,2024Q2,项目集采,SM175,closed
SO203977,C1176,华中,北线,BU-1,数据中台,80.84,2024-09-14,2024Q3,直销,SM157,closed
SO203978,C2233,华中,南线,BU-4,智能客服,145.69,2025-10-06,2025Q4,项目集采,SM151,closed
SO203979,C1457,华北,北线,BU-5,数据中台,14.8,2026-02-10,2026Q1,直销,SM142,closed
SO203980,C3412,华东,中线,BU-4,智能客服,22.03,2025-07-05,2025Q3,项目集采,SM104,closed
SO203981,C2047,华东,南线,BU-2,运营商网关,15.32,2025-01-17,2025Q1,直销,SM226,closed
SO203982,C3442,华东,南线,BU-4,运营商网关,90.8,2024-12-18,2024Q4,项目集采,SM135,closed
SO203983,C3058,华南,南线,BU-3,IT 服务,8.6,2025-04-19,2025Q2,项目集采,SM189,closed
SO203984,C3820,华中,中线,BU-5,数据中台,13.72,2025-01-09,2025Q1,项目集采,SM131,closed
SO203985,C3269,华北,中线,BU-1,运营商网关,24.72,2025-10-10,2025Q4,直销,SM133,closed
SO203986,C3868,华中,中线,BU-5,BSS-OSS,63.57,2026-01-13,2026Q1,直销,SM221,pending
SO203987,C3635,华东,北线,BU-3,AI 助理,107.37,2024-03-10,2024Q1,直销,SM146,closed
SO203988,C3831,华中,东线,BU-2,AI 助理,39.43,2024-09-22,2024Q3,项目集采,SM217,closed
SO203989,C2738,东北,北线,BU-5,云平台,75.0,2025-07-24,2025Q3,直销,SM223,closed
SO203990,C2098,华北,东线,BU-2,数据中台,100.61,2025-08-09,2025Q3,直销,SM130,closed
SO203991,C2298,华南,北线,BU-5,IT 服务,34.04,2024-12-15,2024Q4,项目集采,SM165,closed
SO203992,C2210,华东,中线,BU-6,云平台,8.39,2025-12-25,2025Q4,项目集采,SM154,closed
SO203993,C2888,东北,南线,BU-5,IT 服务,1.89,2025-06-23,2025Q2,渠道,SM190,closed
SO203994,C2243,华中,北线,BU-4,AI 助理,7.44,2025-09-13,2025Q3,渠道,SM138,closed
SO203995,C2782,华中,中线,BU-5,云平台,26.44,2025-11-13,2025Q4,电商,SM103,shipping
SO203996,C1581,华南,东线,BU-3,IT 服务,99.74,2025-10-08,2025Q4,电商,SM136,closed
SO203997,C2090,华东,东线,BU-6,数据中台,261.3,2026-01-10,2026Q1,项目集采,SM195,closed
SO203998,C3282,华北,中线,BU-3,智能客服,3.52,2026-03-13,2026Q1,项目集采,SM206,shipping
SO203999,C3498,华南,北线,BU-1,IT 服务,185.69,2026-01-02,2026Q1,项目集采,SM102,closed
SO204000,C3213,华南,东线,BU-1,运营商网关,22.81,2026-03-09,2026Q1,直销,SM131,closed
SO204001,C3315,华中,南线,BU-5,AI 助理,23.7,2026-01-13,2026Q1,项目集采,SM242,closed
SO204002,C3755,华中,中线,BU-2,数据中台,127.57,2026-02-14,2026Q1,渠道,SM191,closed
SO204003,C2001,华东,中线,BU-6,数据中台,48.02,2026-01-07,2026Q1,项目集采,SM238,closed
SO204004,C3750,华北,南线,BU-5,AI 助理,30.97,2025-03-12,2025Q1,渠道,SM137,closed
SO204005,C1548,华北,北线,BU-6,BSS-OSS,114.27,2025-05-04,2025Q2,渠道,SM235,closed
SO204006,C1576,西南,北线,BU-5,BSS-OSS,71.05,2026-03-26,2026Q1,渠道,SM196,closed
SO204007,C1643,华东,南线,BU-1,数据中台,63.92,2025-10-13,2025Q4,直销,SM122,shipping
SO204008,C3391,华北,中线,BU-2,IT 服务,51.07,2024-10-05,2024Q4,渠道,SM120,closed
SO204009,C1525,华中,北线,BU-3,BSS-OSS,73.74,2025-09-27,2025Q3,直销,SM240,closed
SO204010,C2548,华中,北线,BU-3,云平台,2.67,2026-02-26,2026Q1,项目集采,SM205,closed
SO204011,C1951,华中,北线,BU-5,BSS-OSS,247.48,2026-01-01,2026Q1,渠道,SM123,closed
SO204012,C2025,华北,东线,BU-3,IT 服务,34.71,2025-12-03,2025Q4,项目集采,SM131,closed
SO204013,C3764,华东,中线,BU-3,IT 服务,46.13,2025-05-03,2025Q2,项目集采,SM186,closed
SO204014,C3278,华北,中线,BU-3,AI 助理,42.42,2024-05-24,2024Q2,渠道,SM170,closed
SO204015,C2863,东北,北线,BU-4,云平台,20.02,2025-06-17,2025Q2,电商,SM108,shipping
SO204016,C1975,华北,北线,BU-3,运营商网关,12.17,2025-11-24,2025Q4,项目集采,SM219,closed
SO204017,C1231,西南,北线,BU-3,云平台,28.61,2026-02-18,2026Q1,电商,SM197,closed
SO204018,C3081,华北,北线,BU-4,数据中台,86.93,2025-10-21,2025Q4,项目集采,SM160,closed
SO204019,C3836,西南,东线,BU-5,云平台,57.67,2024-12-13,2024Q4,渠道,SM221,closed
SO204020,C2665,华中,南线,BU-3,运营商网关,24.61,2025-06-13,2025Q2,电商,SM180,closed
SO204021,C2264,华东,北线,BU-3,运营商网关,121.4,2024-02-27,2024Q1,渠道,SM240,closed
SO204022,C2168,华南,中线,BU-5,IT 服务,63.74,2026-01-15,2026Q1,电商,SM245,closed
SO204023,C3117,华南,东线,BU-5,数据中台,16.76,2026-01-02,2026Q1,电商,SM228,closed
SO204024,C1047,华东,北线,BU-3,运营商网关,2.07,2026-02-02,2026Q1,电商,SM230,closed
SO204025,C3382,华南,东线,BU-4,运营商网关,19.81,2025-07-03,2025Q3,直销,SM248,closed
SO204026,C1709,华中,南线,BU-2,云平台,73.57,2026-01-06,2026Q1,电商,SM140,closed
SO204027,C3151,华北,北线,BU-4,IT 服务,53.55,2026-03-14,2026Q1,直销,SM190,shipping
SO204028,C2554,华北,东线,BU-4,AI 助理,24.42,2025-05-15,2025Q2,项目集采,SM174,pending
SO204029,C2901,华中,东线,BU-1,智能客服,32.85,2026-02-01,2026Q1,电商,SM142,closed
SO204030,C2513,东北,北线,BU-3,云平台,34.35,2024-01-03,2024Q1,电商,SM188,closed
SO204031,C2198,西南,南线,BU-6,BSS-OSS,60.02,2025-01-14,2025Q1,电商,SM121,closed
SO204032,C3238,西南,北线,BU-1,智能客服,148.58,2026-03-21,2026Q1,直销,SM183,closed
SO204033,C2775,华东,南线,BU-1,云平台,78.61,2025-04-02,2025Q2,直销,SM101,closed
SO204034,C1416,华东,南线,BU-2,运营商网关,112.01,2026-02-08,2026Q1,项目集采,SM146,closed
SO204035,C1308,西南,东线,BU-5,BSS-OSS,85.19,2026-02-04,2026Q1,项目集采,SM154,closed
SO204036,C2339,华南,北线,BU-6,数据中台,17.19,2025-10-15,2025Q4,项目集采,SM144,closed
SO204037,C3045,华北,南线,BU-3,云平台,18.67,2025-10-09,2025Q4,项目集采,SM103,closed
SO204038,C2253,华中,南线,BU-3,AI 助理,101.92,2026-03-02,2026Q1,直销,SM184,closed
SO204039,C1175,华南,北线,BU-5,IT 服务,79.74,2025-11-25,2025Q4,电商,SM207,closed
SO204040,C1118,华北,中线,BU-5,数据中台,7.72,2026-01-23,2026Q1,电商,SM159,closed
SO204041,C1261,华中,东线,BU-6,数据中台,18.02,2024-09-06,2024Q3,电商,SM199,closed
SO204042,C1285,华北,北线,BU-5,运营商网关,21.48,2026-02-20,2026Q1,电商,SM101,shipping
SO204043,C2847,华南,南线,BU-1,数据中台,139.82,2026-03-20,2026Q1,电商,SM163,closed
SO204044,C2470,华北,北线,BU-5,运营商网关,58.5,2026-03-16,2026Q1,渠道,SM154,closed
SO204045,C1670,东北,北线,BU-4,云平台,151.46,2026-02-09,2026Q1,电商,SM202,shipping
SO204046,C1687,华中,中线,BU-1,AI 助理,10.78,2025-07-01,2025Q3,电商,SM103,closed
SO204047,C1652,华东,南线,BU-6,BSS-OSS,66.87,2024-12-07,2024Q4,项目集采,SM128,closed
SO204048,C3958,东北,东线,BU-2,AI 助理,86.07,2024-08-11,2024Q3,渠道,SM226,closed
SO204049,C3772,华北,南线,BU-4,云平台,23.47,2024-04-10,2024Q2,渠道,SM250,closed
SO204050,C2260,华东,南线,BU-4,BSS-OSS,24.21,2025-06-16,2025Q2,直销,SM247,closed
SO204051,C1744,华南,北线,BU-5,BSS-OSS,25.31,2026-03-15,2026Q1,直销,SM134,shipping
SO204052,C3603,华中,北线,BU-3,IT 服务,84.64,2026-02-03,2026Q1,渠道,SM110,closed
SO204053,C3642,华北,南线,BU-5,智能客服,5.1,2025-04-25,2025Q2,直销,SM123,closed
SO204054,C1637,东北,东线,BU-1,AI 助理,38.09,2026-02-17,2026Q1,项目集采,SM154,closed
SO204055,C2755,华南,东线,BU-5,AI 助理,46.41,2025-04-10,2025Q2,项目集采,SM149,closed
SO204056,C3177,西南,北线,BU-1,IT 服务,70.92,2026-03-01,2026Q1,渠道,SM114,shipping
SO204057,C1265,华北,南线,BU-5,数据中台,55.8,2026-03-15,2026Q1,直销,SM115,closed
SO204058,C1145,华中,东线,BU-6,AI 助理,137.52,2024-12-25,2024Q4,直销,SM217,closed
SO204059,C1604,华东,北线,BU-4,AI 助理,52.19,2025-09-24,2025Q3,项目集采,SM132,closed
SO204060,C1737,华北,北线,BU-1,AI 助理,8.02,2026-01-11,2026Q1,渠道,SM239,closed
SO204061,C3874,华中,北线,BU-1,智能客服,122.41,2026-01-17,2026Q1,电商,SM107,closed
SO204062,C1896,华东,北线,BU-6,智能客服,188.81,2025-08-21,2025Q3,直销,SM166,closed
SO204063,C1865,华北,北线,BU-3,BSS-OSS,22.34,2026-03-23,2026Q1,直销,SM163,closed
SO204064,C1642,华东,中线,BU-1,智能客服,30.98,2025-09-22,2025Q3,直销,SM100,shipping
SO204065,C3907,华中,东线,BU-5,IT 服务,95.06,2025-06-02,2025Q2,渠道,SM102,closed
SO204066,C3037,东北,南线,BU-1,云平台,16.27,2025-05-07,2025Q2,项目集采,SM248,closed
SO204067,C1129,华南,中线,BU-3,运营商网关,63.01,2024-09-10,2024Q3,渠道,SM197,pending
SO204068,C3045,华东,东线,BU-3,IT 服务,245.32,2026-03-04,2026Q1,渠道,SM244,closed
SO204069,C2585,华南,中线,BU-5,数据中台,16.11,2025-02-01,2025Q1,项目集采,SM127,closed
SO204070,C3790,东北,北线,BU-3,运营商网关,161.32,2024-07-03,2024Q3,项目集采,SM200,closed
SO204071,C1318,西南,南线,BU-3,智能客服,24.2,2026-02-20,2026Q1,渠道,SM131,closed
SO204072,C3747,华南,东线,BU-1,智能客服,53.98,2024-08-18,2024Q3,直销,SM100,closed
SO204073,C3211,华东,中线,BU-5,BSS-OSS,20.85,2025-09-05,2025Q3,直销,SM172,closed
SO204074,C3927,华东,南线,BU-2,运营商网关,4.25,2025-11-05,2025Q4,直销,SM110,closed
SO204075,C3054,西南,北线,BU-4,运营商网关,22.25,2026-03-19,2026Q1,直销,SM198,closed
SO204076,C1047,华中,中线,BU-3,IT 服务,40.34,2025-02-08,2025Q1,项目集采,SM228,closed
SO204077,C3110,华北,中线,BU-4,智能客服,34.82,2026-03-14,2026Q1,渠道,SM166,closed
SO204078,C2355,华东,北线,BU-4,智能客服,66.18,2026-02-10,2026Q1,电商,SM168,closed
SO204079,C2829,华北,东线,BU-1,AI 助理,74.69,2024-11-16,2024Q4,电商,SM136,closed
SO204080,C2317,华南,南线,BU-1,云平台,23.29,2026-01-21,2026Q1,电商,SM218,shipping
SO204081,C2431,华东,中线,BU-2,云平台,67.02,2026-02-19,2026Q1,渠道,SM116,closed
SO204082,C2983,东北,东线,BU-2,云平台,35.64,2024-01-03,2024Q1,项目集采,SM212,closed
SO204083,C1534,华东,东线,BU-6,智能客服,7.99,2024-05-11,2024Q2,渠道,SM190,closed
SO204084,C3404,华东,北线,BU-1,云平台,51.65,2026-03-12,2026Q1,渠道,SM227,closed
SO204085,C3451,华南,南线,BU-5,AI 助理,10.07,2026-03-11,2026Q1,电商,SM187,closed
SO204086,C3731,华南,东线,BU-1,BSS-OSS,38.91,2025-10-01,2025Q4,项目集采,SM111,closed
SO204087,C3444,华东,中线,BU-6,IT 服务,4.29,2025-01-03,2025Q1,电商,SM166,closed
SO204088,C1800,华北,南线,BU-6,云平台,30.83,2025-10-14,2025Q4,项目集采,SM221,closed
SO204089,C1030,华北,中线,BU-2,云平台,79.14,2025-12-18,2025Q4,直销,SM182,closed
SO204090,C2804,华中,东线,BU-1,运营商网关,11.99,2025-08-12,2025Q3,电商,SM147,closed
SO204091,C3187,华东,北线,BU-6,AI 助理,99.31,2026-02-01,2026Q1,直销,SM190,shipping
SO204092,C2900,华北,北线,BU-3,云平台,15.28,2025-01-20,2025Q1,渠道,SM177,shipping
SO204093,C3993,华东,东线,BU-3,IT 服务,68.61,2025-03-03,2025Q1,项目集采,SM102,closed
SO204094,C1936,华东,南线,BU-6,AI 助理,102.47,2026-01-16,2026Q1,渠道,SM187,pending
SO204095,C3528,华中,南线,BU-1,云平台,8.36,2026-01-23,2026Q1,项目集采,SM178,closed
SO204096,C3458,华北,南线,BU-3,BSS-OSS,41.39,2025-06-24,2025Q2,电商,SM176,closed
SO204097,C2385,华东,中线,BU-3,BSS-OSS,2.31,2026-02-02,2026Q1,渠道,SM102,closed
SO204098,C3251,华中,东线,BU-1,智能客服,9.98,2024-11-21,2024Q4,直销,SM153,closed
SO204099,C1048,西南,中线,BU-2,IT 服务,47.63,2024-11-22,2024Q4,项目集采,SM250,pending
SO204100,C1614,华北,南线,BU-4,BSS-OSS,25.92,2024-06-27,2024Q2,直销,SM216,closed
SO204101,C2668,华北,东线,BU-2,AI 助理,5.49,2026-02-02,2026Q1,项目集采,SM189,closed
SO204102,C1983,华北,东线,BU-1,AI 助理,106.91,2025-12-03,2025Q4,电商,SM140,closed
SO204103,C2423,华北,南线,BU-6,云平台,36.11,2026-02-06,2026Q1,直销,SM113,closed
SO204104,C3685,西南,北线,BU-6,BSS-OSS,10.7,2025-12-24,2025Q4,直销,SM150,closed
SO204105,C2786,华东,北线,BU-3,云平台,12.19,2024-02-12,2024Q1,渠道,SM204,closed
SO204106,C1144,华南,东线,BU-3,BSS-OSS,28.96,2025-09-01,2025Q3,直销,SM103,closed
SO204107,C2087,华南,南线,BU-3,IT 服务,13.447,2026-02-08,2026Q1,电商,SM125,closed
SO204108,C3071,西南,东线,BU-2,IT 服务,23.68,2025-01-21,2025Q1,项目集采,SM166,closed
SO204109,C3038,东北,南线,BU-2,数据中台,14.61,2026-02-07,2026Q1,电商,SM250,closed
SO204110,C1159,西南,中线,BU-3,运营商网关,46.79,2025-09-13,2025Q3,渠道,SM210,closed
SO204111,C1912,华北,东线,BU-4,AI 助理,4.93,2025-08-19,2025Q3,直销,SM156,closed
SO204112,C2404,东北,北线,BU-6,运营商网关,63.45,2026-01-22,2026Q1,项目集采,SM124,closed
SO204113,C1402,华东,南线,BU-5,数据中台,124.48,2024-11-11,2024Q4,电商,SM100,closed
SO204114,C1309,华中,南线,BU-5,智能客服,64.26,2025-09-19,2025Q3,电商,SM163,closed
SO204115,C2173,华东,东线,BU-2,数据中台,100.0,2025-01-10,2025Q1,项目集采,SM222,shipping
SO204116,C2058,华东,东线,BU-5,智能客服,18.96,2026-01-16,2026Q1,直销,SM130,shipping
SO204117,C3422,华东,东线,BU-1,云平台,20.96,2026-02-17,2026Q1,电商,SM216,closed
SO204118,C1355,西南,北线,BU-4,IT 服务,28.62,2026-02-21,2026Q1,直销,SM240,closed
SO204119,C2980,华中,中线,BU-5,智能客服,3.91,2025-06-11,2025Q2,项目集采,SM236,closed
SO204120,C3263,华北,中线,BU-3,运营商网关,14.82,2026-03-16,2026Q1,项目集采,SM162,closed
SO204121,C2840,西南,南线,BU-4,IT 服务,61.27,2024-07-02,2024Q3,直销,SM155,closed
SO204122,C3444,华中,中线,BU-4,BSS-OSS,142.92,2026-03-09,2026Q1,项目集采,SM109,closed
SO204123,C3279,华北,北线,BU-6,BSS-OSS,40.7,2024-06-09,2024Q2,项目集采,SM120,closed
SO204124,C2635,华东,北线,BU-2,运营商网关,249.23,2026-03-05,2026Q1,项目集采,SM138,closed
SO204125,C2856,华南,中线,BU-5,智能客服,54.41,2025-02-27,2025Q1,渠道,SM194,closed
SO204126,C2390,华东,东线,BU-3,运营商网关,77.67,2026-03-17,2026Q1,项目集采,SM198,closed
SO204127,C2753,华中,中线,BU-1,BSS-OSS,22.31,2024-04-19,2024Q2,电商,SM165,closed
SO204128,C1779,华北,中线,BU-4,IT 服务,37.99,2025-12-21,2025Q4,直销,SM131,closed
SO204129,C3365,华北,中线,BU-1,IT 服务,30.8,2025-03-04,2025Q1,项目集采,SM180,closed
SO204130,C3824,华北,北线,BU-3,智能客服,136.62,2025-09-07,2025Q3,电商,SM103,closed
SO204131,C1272,华东,东线,BU-3,运营商网关,28.36,2026-01-21,2026Q1,渠道,SM155,closed
SO204132,C1579,华中,北线,BU-1,智能客服,39.0,2025-10-10,2025Q4,项目集采,SM188,closed
SO204133,C1852,华东,南线,BU-4,BSS-OSS,1.77,2026-03-09,2026Q1,项目集采,SM144,closed
SO204134,C3226,东北,北线,BU-2,云平台,40.18,2026-02-18,2026Q1,渠道,SM196,closed
SO204135,C3856,华南,北线,BU-2,AI 助理,26.13,2024-07-23,2024Q3,项目集采,SM249,closed
SO204136,C2635,华北,南线,BU-2,AI 助理,95.7,2025-10-03,2025Q4,渠道,SM207,closed
SO204137,C3221,华北,中线,BU-5,BSS-OSS,33.87,2025-09-11,2025Q3,电商,SM222,closed
SO204138,C3333,华南,南线,BU-4,IT 服务,17.37,2025-07-03,2025Q3,电商,SM152,closed
SO204139,C3491,华东,北线,BU-6,数据中台,11.63,2025-06-14,2025Q2,直销,SM117,closed
SO204140,C3098,西南,南线,BU-2,运营商网关,8.85,2026-01-11,2026Q1,电商,SM206,pending
SO204141,C1233,华南,东线,BU-4,IT 服务,28.55,2025-02-22,2025Q1,直销,SM196,closed
SO204142,C2140,东北,北线,BU-3,数据中台,10.06,2026-03-01,2026Q1,电商,SM118,closed
SO204143,C2728,华东,东线,BU-3,AI 助理,1.29,2024-06-02,2024Q2,直销,SM103,pending
SO204144,C2734,华南,东线,BU-4,数据中台,6.16,2025-07-02,2025Q3,直销,SM143,closed
SO204145,C1326,华南,东线,BU-6,BSS-OSS,13.43,2026-03-15,2026Q1,电商,SM124,closed
SO204146,C2368,华南,东线,BU-6,智能客服,49.32,2025-08-14,2025Q3,直销,SM135,closed
SO204147,C2065,华东,南线,BU-2,BSS-OSS,11.08,2025-03-15,2025Q1,电商,SM181,shipping
SO204148,C1329,华东,南线,BU-1,智能客服,63.8,2025-12-12,2025Q4,项目集采,SM207,closed
SO204149,C1557,华东,东线,BU-6,BSS-OSS,54.2,2026-02-12,2026Q1,电商,SM229,closed
SO204150,C1549,华东,东线,BU-4,云平台,93.96,2024-12-13,2024Q4,项目集采,SM201,closed
SO204151,C3027,华东,东线,BU-2,数据中台,73.55,2026-03-17,2026Q1,电商,SM146,closed
SO204152,C1074,华北,北线,BU-4,AI 助理,37.28,2025-04-27,2025Q2,项目集采,SM211,shipping
SO204153,C2716,西南,南线,BU-6,云平台,42.35,2026-01-16,2026Q1,直销,SM208,closed
SO204154,C1417,华中,南线,BU-2,运营商网关,9.28,2025-01-11,2025Q1,电商,SM135,closed
SO204155,C1797,华东,南线,BU-2,运营商网关,180.06,2026-01-07,2026Q1,项目集采,SM191,closed
SO204156,C2401,华东,东线,BU-5,BSS-OSS,35.99,2026-01-25,2026Q1,电商,SM198,closed
SO204157,C2223,西南,东线,BU-5,运营商网关,85.9,2026-02-21,2026Q1,电商,SM184,closed
SO204158,C3603,华北,中线,BU-2,智能客服,2.2,2025-05-01,2025Q2,渠道,SM245,pending
SO204159,C2365,华中,北线,BU-6,运营商网关,212.67,2024-01-07,2024Q1,渠道,SM248,closed
SO204160,C3476,华东,南线,BU-3,数据中台,24.24,2025-05-19,2025Q2,直销,SM109,closed
SO204161,C3740,西南,中线,BU-1,运营商网关,50.57,2025-11-26,2025Q4,电商,SM140,closed
SO204162,C1789,华中,南线,BU-2,BSS-OSS,14.82,2026-03-22,2026Q1,电商,SM167,closed
SO204163,C1386,西南,北线,BU-6,数据中台,4.33,2025-09-25,2025Q3,项目集采,SM211,closed
SO204164,C3652,东北,中线,BU-6,IT 服务,5.5,2025-10-02,2025Q4,项目集采,SM139,closed
SO204165,C3476,华中,东线,BU-4,智能客服,15.93,2024-05-23,2024Q2,电商,SM118,closed
SO204166,C2570,华南,中线,BU-6,智能客服,14.6,2024-09-20,2024Q3,渠道,SM227,closed
SO204167,C2886,华东,中线,BU-2,数据中台,33.1,2026-03-22,2026Q1,项目集采,SM194,pending
SO204168,C2588,西南,北线,BU-3,数据中台,49.5,2026-03-25,2026Q1,电商,SM171,shipping
SO204169,C3820,西南,北线,BU-5,数据中台,39.76,2025-08-24,2025Q3,项目集采,SM231,closed
SO204170,C1170,华东,北线,BU-6,智能客服,55.68,2024-02-04,2024Q1,项目集采,SM180,closed
SO204171,C3960,华北,北线,BU-5,数据中台,333.9,2024-09-11,2024Q3,电商,SM161,closed
SO204172,C1779,西南,北线,BU-3,AI 助理,14.32,2026-01-08,2026Q1,电商,SM106,closed
SO204173,C3100,东北,北线,BU-6,运营商网关,161.22,2025-12-13,2025Q4,电商,SM163,closed
SO204174,C3945,西南,南线,BU-6,云平台,38.51,2024-09-03,2024Q3,渠道,SM183,closed
SO204175,C3606,华中,中线,BU-2,AI 助理,38.59,2024-07-06,2024Q3,电商,SM230,closed
SO204176,C3862,华东,中线,BU-5,云平台,19.92,2026-03-05,2026Q1,项目集采,SM127,closed
SO204177,C2869,华东,中线,BU-1,AI 助理,21.61,2025-04-14,2025Q2,直销,SM153,closed
SO204178,C3910,华中,南线,BU-3,云平台,12.18,2026-03-02,2026Q1,项目集采,SM172,closed
SO204179,C1658,华南,中线,BU-2,AI 助理,22.35,2026-03-16,2026Q1,电商,SM110,closed
SO204180,C2634,华东,中线,BU-6,BSS-OSS,32.26,2025-03-21,2025Q1,渠道,SM204,closed
SO204181,C2501,华东,东线,BU-1,云平台,65.4,2026-01-26,2026Q1,直销,SM152,closed
SO204182,C1974,华东,北线,BU-6,BSS-OSS,13.8,2026-03-11,2026Q1,电商,SM108,closed
SO204183,C1657,华南,北线,BU-3,AI 助理,66.017,2026-02-08,2026Q1,电商,SM236,closed
SO204184,C3469,华南,中线,BU-3,IT 服务,3.2689999999999997,2026-02-16,2026Q1,项目集采,SM170,closed
SO204185,C2721,华南,南线,BU-5,AI 助理,1.1,2026-01-27,2026Q1,渠道,SM119,closed
SO204186,C2206,西南,东线,BU-3,智能客服,44.27,2025-07-13,2025Q3,电商,SM136,closed
SO204187,C3024,华北,北线,BU-4,数据中台,16.98,2026-03-07,2026Q1,直销,SM113,closed
SO204188,C3402,华北,南线,BU-6,运营商网关,9.42,2024-12-25,2024Q4,渠道,SM187,closed
SO204189,C1183,华南,中线,BU-3,AI 助理,37.604,2026-01-21,2026Q1,项目集采,SM123,closed
SO204190,C3298,华南,南线,BU-1,AI 助理,16.82,2025-05-04,2025Q2,电商,SM191,closed
SO204191,C2770,华南,中线,BU-2,运营商网关,86.0,2026-01-23,2026Q1,项目集采,SM205,closed
SO204192,C1856,华南,东线,BU-6,AI 助理,160.43,2026-02-20,2026Q1,电商,SM123,closed
SO204193,C2353,华南,中线,BU-2,运营商网关,24.83,2025-05-19,2025Q2,电商,SM114,shipping
SO204194,C1565,华北,中线,BU-4,智能客服,67.7,2026-03-03,2026Q1,电商,SM110,closed
SO204195,C1808,华北,中线,BU-1,AI 助理,28.28,2025-11-20,2025Q4,直销,SM241,closed
SO204196,C3052,华东,南线,BU-6,运营商网关,68.54,2026-02-26,2026Q1,渠道,SM166,closed
SO204197,C1767,西南,南线,BU-6,运营商网关,6.61,2026-02-12,2026Q1,电商,SM172,closed
SO204198,C1125,西南,北线,BU-4,云平台,60.93,2026-03-03,2026Q1,电商,SM135,closed
SO204199,C1291,华南,南线,BU-6,AI 助理,247.18,2026-02-14,2026Q1,项目集采,SM210,closed
SO204200,C1614,华南,东线,BU-5,数据中台,5.23,2024-10-19,2024Q4,直销,SM231,shipping
SO204201,C2105,西南,中线,BU-6,数据中台,82.93,2026-01-02,2026Q1,电商,SM196,closed
SO204202,C3314,华东,南线,BU-4,数据中台,142.89,2024-07-20,2024Q3,项目集采,SM116,closed
SO204203,C1942,华东,中线,BU-4,运营商网关,113.86,2026-03-23,2026Q1,项目集采,SM227,closed
SO204204,C2251,华北,南线,BU-4,运营商网关,122.8,2024-03-02,2024Q1,直销,SM196,pending
SO204205,C3673,华北,南线,BU-6,数据中台,76.85,2025-05-14,2025Q2,直销,SM166,closed
SO204206,C3273,华南,南线,BU-5,AI 助理,9.23,2026-01-22,2026Q1,渠道,SM110,closed
SO204207,C2130,华东,南线,BU-5,AI 助理,76.59,2025-10-02,2025Q4,项目集采,SM211,closed
SO204208,C2743,华东,北线,BU-2,智能客服,20.69,2025-11-06,2025Q4,项目集采,SM140,closed
SO204209,C3132,华东,南线,BU-3,云平台,135.91,2026-03-12,2026Q1,渠道,SM130,closed
SO204210,C3622,华北,北线,BU-3,AI 助理,103.77,2025-03-16,2025Q1,直销,SM142,closed
SO204211,C3083,华东,南线,BU-5,云平台,20.94,2025-11-06,2025Q4,渠道,SM246,closed
SO204212,C1802,华北,北线,BU-1,BSS-OSS,14.21,2026-02-10,2026Q1,项目集采,SM129,closed
SO204213,C1965,华东,东线,BU-6,数据中台,23.89,2026-03-03,2026Q1,渠道,SM200,closed
SO204214,C3991,华北,中线,BU-3,运营商网关,49.5,2025-04-02,2025Q2,电商,SM234,closed
SO204215,C1220,华东,北线,BU-5,IT 服务,47.77,2024-05-07,2024Q2,直销,SM112,closed
SO204216,C1920,华中,东线,BU-3,BSS-OSS,25.79,2024-08-09,2024Q3,渠道,SM192,closed
SO204217,C2765,华中,南线,BU-4,BSS-OSS,32.91,2025-06-14,2025Q2,渠道,SM128,closed
SO204218,C3351,华东,南线,BU-5,数据中台,12.01,2025-10-15,2025Q4,电商,SM191,closed
SO204219,C1585,华东,东线,BU-2,数据中台,86.18,2025-03-18,2025Q1,直销,SM204,closed
SO204220,C2243,华北,南线,BU-5,云平台,32.27,2025-12-08,2025Q4,直销,SM111,closed
SO204221,C1549,华东,北线,BU-2,IT 服务,285.07,2026-02-22,2026Q1,渠道,SM236,closed
SO204222,C2592,华南,东线,BU-4,智能客服,86.55,2025-09-13,2025Q3,渠道,SM126,closed
SO204223,C1852,华北,北线,BU-6,AI 助理,166.57,2025-09-01,2025Q3,电商,SM122,closed
SO204224,C1295,华中,中线,BU-1,BSS-OSS,84.04,2025-10-10,2025Q4,项目集采,SM196,closed
SO204225,C2789,华东,中线,BU-2,BSS-OSS,62.55,2024-07-16,2024Q3,直销,SM174,closed
SO204226,C2435,华中,南线,BU-1,数据中台,57.04,2025-10-23,2025Q4,渠道,SM187,shipping
SO204227,C2349,华南,南线,BU-4,IT 服务,39.0,2025-12-11,2025Q4,电商,SM182,shipping
SO204228,C2242,华东,中线,BU-3,IT 服务,41.81,2026-03-19,2026Q1,项目集采,SM184,shipping
SO204229,C1944,西南,东线,BU-3,AI 助理,109.65,2026-03-25,2026Q1,直销,SM187,closed
SO204230,C1713,华北,北线,BU-1,AI 助理,66.53,2025-04-07,2025Q2,电商,SM115,closed
SO204231,C2610,华东,中线,BU-4,智能客服,32.23,2026-03-17,2026Q1,直销,SM174,closed
SO204232,C2718,华南,中线,BU-5,云平台,126.32,2025-07-10,2025Q3,渠道,SM165,closed
SO204233,C3239,华北,北线,BU-4,BSS-OSS,88.09,2025-03-09,2025Q1,渠道,SM226,closed
SO204234,C2693,华东,北线,BU-5,AI 助理,9.69,2025-09-02,2025Q3,直销,SM241,closed
SO204235,C2953,华南,东线,BU-1,智能客服,1.28,2024-05-01,2024Q2,直销,SM167,closed
SO204236,C2789,西南,东线,BU-2,IT 服务,117.95,2025-03-13,2025Q1,电商,SM138,closed
SO204237,C1093,东北,东线,BU-1,AI 助理,84.11,2025-02-08,2025Q1,项目集采,SM180,shipping
SO204238,C1478,华南,南线,BU-2,IT 服务,20.81,2024-02-05,2024Q1,电商,SM156,closed
SO204239,C1763,华中,东线,BU-3,IT 服务,8.01,2025-10-10,2025Q4,电商,SM104,closed
SO204240,C2742,华南,中线,BU-2,云平台,14.7,2025-09-20,2025Q3,直销,SM241,closed
SO204241,C2454,华南,东线,BU-4,云平台,66.27,2025-11-10,2025Q4,项目集采,SM249,closed
SO204242,C2022,华东,北线,BU-6,云平台,60.04,2025-01-04,2025Q1,直销,SM107,closed
SO204243,C1143,华南,中线,BU-6,IT 服务,12.83,2025-11-07,2025Q4,项目集采,SM155,closed
SO204244,C3283,华北,中线,BU-1,IT 服务,66.71,2024-03-03,2024Q1,项目集采,SM244,closed
SO204245,C3515,华北,东线,BU-5,AI 助理,72.78,2024-05-19,2024Q2,直销,SM208,closed
SO204246,C3974,华东,东线,BU-3,BSS-OSS,58.89,2025-12-08,2025Q4,渠道,SM165,closed
SO204247,C3364,西南,中线,BU-5,IT 服务,44.8,2026-02-23,2026Q1,直销,SM208,closed
SO204248,C2905,华中,南线,BU-3,AI 助理,34.73,2025-07-17,2025Q3,项目集采,SM108,closed
SO204249,C3661,华中,南线,BU-2,云平台,234.84,2026-01-16,2026Q1,渠道,SM148,closed
SO204250,C2112,华东,东线,BU-5,BSS-OSS,64.16,2026-03-21,2026Q1,项目集采,SM123,closed
SO204251,C1863,华北,中线,BU-6,云平台,0.05,2026-01-25,2026Q1,电商,SM128,closed
SO204252,C1853,华中,东线,BU-3,AI 助理,40.89,2024-10-17,2024Q4,直销,SM250,shipping
SO204253,C1050,华东,北线,BU-6,BSS-OSS,60.57,2026-03-12,2026Q1,直销,SM231,closed
SO204254,C3615,华东,中线,BU-6,运营商网关,23.67,2025-08-11,2025Q3,项目集采,SM140,shipping
SO204255,C3975,西南,东线,BU-4,运营商网关,5.44,2025-10-21,2025Q4,项目集采,SM241,shipping
SO204256,C1629,华北,北线,BU-6,IT 服务,27.27,2025-03-07,2025Q1,电商,SM220,closed
SO204257,C1660,华中,中线,BU-5,BSS-OSS,161.41,2024-10-23,2024Q4,电商,SM114,closed
SO204258,C3790,华东,北线,BU-4,运营商网关,61.84,2025-05-07,2025Q2,项目集采,SM215,closed
SO204259,C2148,华北,中线,BU-4,AI 助理,31.03,2026-02-06,2026Q1,项目集采,SM142,closed
SO204260,C3193,华北,南线,BU-3,BSS-OSS,17.67,2025-06-22,2025Q2,电商,SM126,closed
SO204261,C3723,西南,中线,BU-1,数据中台,19.36,2025-06-06,2025Q2,渠道,SM171,shipping
SO204262,C2346,华南,东线,BU-5,AI 助理,8.77,2025-08-17,2025Q3,直销,SM184,closed
SO204263,C3553,华南,北线,BU-6,智能客服,0.15,2025-12-19,2025Q4,渠道,SM132,closed
SO204264,C2548,华东,北线,BU-4,AI 助理,45.83,2025-03-11,2025Q1,电商,SM225,closed
SO204265,C3626,华北,中线,BU-5,IT 服务,20.24,2025-04-15,2025Q2,项目集采,SM140,closed
SO204266,C3351,华东,东线,BU-3,AI 助理,38.96,2025-03-25,2025Q1,直销,SM127,closed
SO204267,C3236,华北,南线,BU-4,云平台,17.37,2025-03-22,2025Q1,直销,SM138,closed
SO204268,C1463,华东,中线,BU-5,运营商网关,21.17,2026-02-20,2026Q1,直销,SM123,closed
SO204269,C1779,华东,南线,BU-5,云平台,22.08,2026-02-04,2026Q1,项目集采,SM127,closed
SO204270,C2235,华东,南线,BU-2,运营商网关,87.11,2024-09-15,2024Q3,直销,SM174,closed
SO204271,C2823,华北,东线,BU-5,运营商网关,60.36,2025-07-26,2025Q3,电商,SM107,closed
SO204272,C2212,华东,中线,BU-6,BSS-OSS,132.21,2026-03-13,2026Q1,电商,SM142,closed
SO204273,C2073,东北,中线,BU-2,智能客服,2.68,2024-08-06,2024Q3,电商,SM129,closed
SO204274,C1913,华东,东线,BU-2,BSS-OSS,120.87,2026-03-22,2026Q1,电商,SM165,closed
SO204275,C2227,东北,中线,BU-6,AI 助理,8.31,2025-05-22,2025Q2,渠道,SM139,closed
SO204276,C3909,华北,北线,BU-4,云平台,68.28,2025-09-23,2025Q3,电商,SM228,closed
SO204277,C2955,华南,南线,BU-6,运营商网关,28.14,2026-01-08,2026Q1,电商,SM167,closed
SO204278,C2341,华北,北线,BU-2,AI 助理,11.87,2025-07-20,2025Q3,项目集采,SM134,closed
SO204279,C2850,华南,中线,BU-5,云平台,38.56,2025-02-23,2025Q1,电商,SM131,closed
SO204280,C1292,华东,北线,BU-3,云平台,45.16,2024-09-17,2024Q3,渠道,SM123,closed
SO204281,C2831,华中,北线,BU-6,BSS-OSS,19.75,2024-04-22,2024Q2,项目集采,SM233,closed
SO204282,C3530,华东,南线,BU-6,数据中台,2.39,2025-05-24,2025Q2,直销,SM167,closed
SO204283,C3188,华南,南线,BU-5,AI 助理,120.95,2026-03-05,2026Q1,项目集采,SM170,closed
SO204284,C1915,华东,北线,BU-4,数据中台,5.23,2026-01-24,2026Q1,项目集采,SM188,closed
SO204285,C1782,华东,北线,BU-4,数据中台,61.53,2025-08-15,2025Q3,电商,SM211,closed
SO204286,C2106,华南,中线,BU-6,IT 服务,38.6,2026-02-01,2026Q1,电商,SM179,closed
SO204287,C3007,华南,东线,BU-4,智能客服,60.85,2026-01-01,2026Q1,渠道,SM108,shipping
SO204288,C2041,华南,中线,BU-4,智能客服,44.92,2025-09-21,2025Q3,渠道,SM182,closed
SO204289,C1031,华北,东线,BU-5,运营商网关,2.8,2026-01-01,2026Q1,项目集采,SM222,closed
SO204290,C2013,华南,北线,BU-5,运营商网关,7.47,2024-07-17,2024Q3,项目集采,SM121,closed
SO204291,C2394,华东,南线,BU-5,IT 服务,158.57,2025-02-11,2025Q1,项目集采,SM113,closed
SO204292,C3324,华北,东线,BU-4,智能客服,19.89,2026-02-04,2026Q1,电商,SM160,closed
SO204293,C2305,华中,中线,BU-3,AI 助理,29.76,2026-03-12,2026Q1,项目集采,SM210,closed
SO204294,C1182,西南,东线,BU-1,IT 服务,24.8,2026-02-21,2026Q1,项目集采,SM249,closed
SO204295,C3799,华南,南线,BU-2,IT 服务,47.52,2026-03-21,2026Q1,直销,SM117,closed
SO204296,C2902,华东,中线,BU-2,数据中台,72.82,2024-08-22,2024Q3,直销,SM197,closed
SO204297,C3080,西南,北线,BU-2,运营商网关,140.17,2026-03-07,2026Q1,渠道,SM214,closed
SO204298,C1988,西南,东线,BU-1,IT 服务,59.05,2026-03-22,2026Q1,电商,SM193,closed
SO204299,C3798,华北,中线,BU-3,智能客服,95.51,2025-03-07,2025Q1,直销,SM116,shipping
SO204300,C3934,华南,东线,BU-2,智能客服,73.29,2025-02-26,2025Q1,项目集采,SM245,closed
SO204301,C1369,华南,北线,BU-6,IT 服务,84.38,2025-10-24,2025Q4,项目集采,SM246,closed
SO204302,C1870,东北,东线,BU-4,智能客服,221.12,2026-02-16,2026Q1,渠道,SM166,closed
SO204303,C3029,华南,中线,BU-4,BSS-OSS,47.7,2024-04-15,2024Q2,直销,SM208,closed
SO204304,C2159,华北,北线,BU-2,数据中台,9.59,2025-02-19,2025Q1,电商,SM112,closed
SO204305,C1454,华南,南线,BU-4,BSS-OSS,25.46,2025-08-06,2025Q3,渠道,SM197,pending
SO204306,C1484,华东,东线,BU-6,BSS-OSS,24.5,2026-01-22,2026Q1,渠道,SM113,closed
SO204307,C2588,华东,南线,BU-2,云平台,198.09,2026-02-25,2026Q1,渠道,SM214,closed
SO204308,C2927,西南,东线,BU-3,BSS-OSS,41.89,2026-01-15,2026Q1,电商,SM168,closed
SO204309,C2515,华中,中线,BU-4,AI 助理,60.89,2025-12-12,2025Q4,直销,SM145,closed
SO204310,C2406,华北,中线,BU-1,数据中台,42.7,2024-10-26,2024Q4,渠道,SM111,closed
SO204311,C1034,华北,北线,BU-2,IT 服务,27.83,2025-07-15,2025Q3,渠道,SM229,pending
SO204312,C3789,华北,东线,BU-4,云平台,18.35,2026-03-15,2026Q1,直销,SM174,closed
SO204313,C1819,华北,北线,BU-6,AI 助理,36.2,2025-11-08,2025Q4,项目集采,SM179,closed
SO204314,C1501,华东,南线,BU-6,AI 助理,9.17,2025-09-12,2025Q3,电商,SM133,closed
SO204315,C2416,华北,东线,BU-3,智能客服,93.48,2026-02-02,2026Q1,项目集采,SM211,closed
SO204316,C1966,华东,中线,BU-2,AI 助理,1.68,2026-03-03,2026Q1,渠道,SM178,closed
SO204317,C3598,华中,北线,BU-3,数据中台,144.02,2026-01-19,2026Q1,电商,SM211,pending
SO204318,C1986,华东,中线,BU-5,运营商网关,21.83,2025-09-22,2025Q3,项目集采,SM133,closed
SO204319,C3176,华东,南线,BU-4,AI 助理,3.36,2026-03-16,2026Q1,渠道,SM107,closed
SO204320,C1847,华东,南线,BU-6,云平台,34.55,2025-12-27,2025Q4,直销,SM153,closed
SO204321,C2570,华南,南线,BU-3,BSS-OSS,95.36,2024-06-02,2024Q2,直销,SM199,closed
SO204322,C1797,西南,北线,BU-2,IT 服务,24.68,2025-08-04,2025Q3,电商,SM218,closed
SO204323,C2165,华中,南线,BU-4,IT 服务,78.25,2026-03-16,2026Q1,渠道,SM195,pending
SO204324,C3447,华东,中线,BU-4,BSS-OSS,1.92,2024-02-26,2024Q1,电商,SM154,closed
SO204325,C2048,华中,中线,BU-6,数据中台,19.7,2024-11-04,2024Q4,直销,SM140,closed
SO204326,C3773,华北,东线,BU-6,BSS-OSS,81.28,2025-09-04,2025Q3,直销,SM148,closed
SO204327,C2720,华南,南线,BU-2,BSS-OSS,51.97,2026-03-07,2026Q1,项目集采,SM237,closed
SO204328,C1226,华中,南线,BU-6,IT 服务,49.3,2026-03-14,2026Q1,项目集采,SM105,closed
SO204329,C2289,华东,北线,BU-5,运营商网关,52.32,2026-03-24,2026Q1,电商,SM200,closed
SO204330,C1721,西南,东线,BU-1,云平台,26.5,2026-02-01,2026Q1,项目集采,SM224,closed
SO204331,C1197,华北,南线,BU-5,AI 助理,63.7,2025-12-09,2025Q4,电商,SM139,shipping
SO204332,C1211,华东,东线,BU-6,运营商网关,105.19,2026-01-16,2026Q1,项目集采,SM127,closed
SO204333,C2241,华北,南线,BU-3,云平台,6.94,2024-06-25,2024Q2,直销,SM106,closed
SO204334,C3811,西南,北线,BU-4,数据中台,31.11,2025-03-22,2025Q1,直销,SM229,closed
SO204335,C3114,华东,中线,BU-6,IT 服务,37.52,2025-12-11,2025Q4,项目集采,SM206,closed
SO204336,C2077,华北,东线,BU-2,AI 助理,67.29,2026-02-23,2026Q1,直销,SM155,closed
SO204337,C1617,华东,北线,BU-5,IT 服务,71.26,2025-04-16,2025Q2,电商,SM174,closed
SO204338,C3456,华东,南线,BU-4,数据中台,30.23,2025-08-22,2025Q3,直销,SM219,closed
SO204339,C3033,华北,东线,BU-5,云平台,53.21,2024-01-03,2024Q1,项目集采,SM139,closed
SO204340,C1253,华东,南线,BU-6,智能客服,97.86,2025-10-27,2025Q4,项目集采,SM194,closed
SO204341,C3320,华东,北线,BU-6,云平台,43.98,2025-05-16,2025Q2,电商,SM120,closed
SO204342,C2620,华中,中线,BU-3,云平台,27.88,2025-07-05,2025Q3,电商,SM211,closed
SO204343,C2401,华东,北线,BU-1,智能客服,36.34,2025-04-08,2025Q2,直销,SM179,closed
SO204344,C1847,华北,南线,BU-3,AI 助理,1.82,2026-03-22,2026Q1,电商,SM156,closed
SO204345,C1271,东北,南线,BU-1,云平台,102.29,2025-03-20,2025Q1,项目集采,SM245,closed
SO204346,C1604,西南,中线,BU-1,运营商网关,16.5,2026-01-11,2026Q1,直销,SM138,closed
SO204347,C1117,华东,中线,BU-4,智能客服,37.93,2026-02-01,2026Q1,渠道,SM138,closed
SO204348,C3999,华东,南线,BU-4,智能客服,11.57,2025-03-20,2025Q1,项目集采,SM150,closed
SO204349,C3859,华北,南线,BU-6,IT 服务,4.19,2025-09-07,2025Q3,直销,SM189,closed
SO204350,C2518,华南,南线,BU-5,IT 服务,89.2,2025-10-13,2025Q4,直销,SM153,closed
SO204351,C1292,华中,中线,BU-2,AI 助理,219.26,2026-01-02,2026Q1,项目集采,SM228,closed
SO204352,C3718,华南,东线,BU-4,IT 服务,23.59,2024-12-16,2024Q4,渠道,SM247,closed
SO204353,C1463,东北,中线,BU-3,智能客服,3.2,2026-01-08,2026Q1,项目集采,SM228,pending
SO204354,C2958,华南,南线,BU-1,智能客服,68.24,2024-11-06,2024Q4,渠道,SM106,closed
SO204355,C2294,华北,东线,BU-2,AI 助理,26.71,2024-09-15,2024Q3,渠道,SM146,closed
SO204356,C2751,华南,中线,BU-4,IT 服务,117.02,2025-08-15,2025Q3,电商,SM240,closed
SO204357,C3507,华东,南线,BU-2,AI 助理,9.02,2026-02-08,2026Q1,渠道,SM212,closed
SO204358,C3177,华东,中线,BU-3,数据中台,51.34,2025-02-12,2025Q1,渠道,SM130,closed
SO204359,C1750,西南,中线,BU-4,云平台,8.6,2026-01-24,2026Q1,电商,SM149,closed
SO204360,C1892,西南,北线,BU-3,数据中台,31.91,2024-07-07,2024Q3,直销,SM143,closed
SO204361,C2959,华中,东线,BU-2,云平台,79.83,2025-08-24,2025Q3,项目集采,SM163,closed
SO204362,C2424,华北,东线,BU-2,数据中台,143.28,2026-01-02,2026Q1,项目集采,SM110,closed
SO204363,C1537,华东,东线,BU-2,BSS-OSS,19.53,2026-02-23,2026Q1,直销,SM175,closed
SO204364,C3048,华北,南线,BU-4,云平台,10.92,2026-03-22,2026Q1,项目集采,SM159,shipping
SO204365,C1162,华北,中线,BU-3,AI 助理,107.86,2024-07-13,2024Q3,项目集采,SM172,closed
SO204366,C1696,西南,东线,BU-6,BSS-OSS,8.06,2024-08-04,2024Q3,渠道,SM137,closed
SO204367,C3437,华中,东线,BU-4,BSS-OSS,17.94,2025-05-24,2025Q2,直销,SM214,closed
SO204368,C1625,华南,东线,BU-5,智能客服,26.41,2025-08-12,2025Q3,项目集采,SM246,closed
SO204369,C1874,华中,南线,BU-1,AI 助理,35.32,2026-01-23,2026Q1,项目集采,SM216,shipping
SO204370,C1171,华北,东线,BU-1,智能客服,3.83,2025-06-11,2025Q2,直销,SM115,closed
SO204371,C2322,东北,东线,BU-6,数据中台,95.19,2024-07-04,2024Q3,直销,SM145,closed
SO204372,C2980,华中,东线,BU-2,IT 服务,10.56,2026-01-19,2026Q1,渠道,SM114,closed
SO204373,C3415,西南,东线,BU-1,智能客服,0.1,2025-01-11,2025Q1,直销,SM246,closed
SO204374,C3418,东北,北线,BU-5,云平台,59.89,2026-01-20,2026Q1,直销,SM111,shipping
SO204375,C2721,华东,中线,BU-2,运营商网关,25.38,2026-01-19,2026Q1,电商,SM168,closed
SO204376,C1085,西南,北线,BU-4,AI 助理,51.48,2025-06-19,2025Q2,项目集采,SM144,closed
SO204377,C3182,华东,东线,BU-1,IT 服务,2.71,2026-03-04,2026Q1,渠道,SM144,closed
SO204378,C3809,华东,东线,BU-4,BSS-OSS,62.48,2025-07-02,2025Q3,直销,SM212,closed
SO204379,C3330,华北,东线,BU-6,数据中台,2.87,2026-02-07,2026Q1,直销,SM109,closed
SO204380,C1534,华东,中线,BU-2,AI 助理,17.33,2024-04-26,2024Q2,项目集采,SM130,closed
SO204381,C2716,华东,南线,BU-2,云平台,307.19,2026-03-18,2026Q1,渠道,SM125,shipping
SO204382,C3742,华北,中线,BU-4,IT 服务,30.48,2026-02-03,2026Q1,电商,SM222,closed
SO204383,C1914,华南,中线,BU-5,IT 服务,80.78,2024-06-08,2024Q2,直销,SM142,closed
SO204384,C1629,华东,北线,BU-5,IT 服务,94.22,2025-03-06,2025Q1,项目集采,SM141,closed
SO204385,C1489,华东,南线,BU-5,IT 服务,8.51,2024-04-08,2024Q2,电商,SM125,shipping
SO204386,C2125,西南,北线,BU-6,AI 助理,9.05,2026-02-20,2026Q1,电商,SM106,closed
SO204387,C3095,华东,中线,BU-5,运营商网关,41.85,2024-12-22,2024Q4,项目集采,SM208,pending
SO204388,C3826,西南,东线,BU-3,智能客服,7.38,2024-09-05,2024Q3,电商,SM142,closed
SO204389,C2162,华东,中线,BU-6,云平台,32.19,2025-01-16,2025Q1,渠道,SM184,closed
SO204390,C2465,华东,北线,BU-4,云平台,30.42,2026-02-09,2026Q1,项目集采,SM222,shipping
SO204391,C3062,华南,北线,BU-2,运营商网关,227.86,2025-08-20,2025Q3,项目集采,SM126,closed
SO204392,C1132,华中,南线,BU-6,BSS-OSS,5.41,2025-06-14,2025Q2,直销,SM134,closed
SO204393,C1411,华中,中线,BU-3,BSS-OSS,17.29,2025-09-25,2025Q3,渠道,SM190,closed
SO204394,C1272,西南,中线,BU-6,AI 助理,4.01,2026-03-17,2026Q1,电商,SM238,closed
SO204395,C1622,西南,北线,BU-1,AI 助理,77.27,2025-04-05,2025Q2,项目集采,SM144,closed
SO204396,C3963,东北,北线,BU-2,智能客服,34.34,2024-04-19,2024Q2,渠道,SM246,closed
SO204397,C2935,西南,北线,BU-4,数据中台,41.66,2025-04-26,2025Q2,电商,SM107,closed
SO204398,C3686,华东,北线,BU-2,AI 助理,25.62,2024-11-26,2024Q4,渠道,SM237,closed
SO204399,C2269,华中,南线,BU-2,运营商网关,70.01,2025-10-04,2025Q4,直销,SM242,closed
SO204400,C2553,西南,中线,BU-4,BSS-OSS,53.54,2026-03-13,2026Q1,直销,SM226,closed
SO204401,C1081,华南,中线,BU-5,智能客服,14.96,2026-03-18,2026Q1,项目集采,SM167,pending
SO204402,C1192,华南,中线,BU-4,云平台,25.94,2025-09-15,2025Q3,渠道,SM169,closed
SO204403,C2220,西南,北线,BU-3,BSS-OSS,17.18,2025-05-27,2025Q2,电商,SM213,closed
SO204404,C3964,华东,东线,BU-3,IT 服务,126.76,2024-01-26,2024Q1,渠道,SM158,closed
SO204405,C3796,华南,北线,BU-2,智能客服,16.9,2025-05-25,2025Q2,直销,SM119,closed
SO204406,C1134,华南,南线,BU-5,智能客服,102.22,2026-03-11,2026Q1,直销,SM122,closed
SO204407,C3529,华中,北线,BU-1,运营商网关,44.76,2024-01-22,2024Q1,渠道,SM168,closed
SO204408,C2308,华中,南线,BU-1,智能客服,160.33,2026-01-13,2026Q1,直销,SM223,closed
SO204409,C2945,西南,东线,BU-5,AI 助理,8.02,2025-09-10,2025Q3,项目集采,SM186,closed
SO204410,C3117,华东,中线,BU-3,AI 助理,38.81,2025-12-15,2025Q4,电商,SM220,closed
SO204411,C3531,华东,中线,BU-1,AI 助理,12.71,2024-12-26,2024Q4,项目集采,SM107,closed
SO204412,C1400,华北,中线,BU-3,AI 助理,21.49,2025-01-10,2025Q1,项目集采,SM231,closed
SO204413,C3276,西南,南线,BU-4,数据中台,44.56,2025-02-09,2025Q1,项目集采,SM127,closed
SO204414,C2185,西南,中线,BU-6,智能客服,86.65,2025-12-20,2025Q4,渠道,SM204,closed
SO204415,C1938,西南,北线,BU-5,数据中台,195.01,2026-01-26,2026Q1,渠道,SM200,closed
SO204416,C2692,华南,南线,BU-1,运营商网关,180.9,2025-02-19,2025Q1,直销,SM169,closed
SO204417,C3666,华北,南线,BU-6,AI 助理,15.35,2025-09-03,2025Q3,直销,SM209,closed
SO204418,C1715,华中,北线,BU-5,智能客服,71.19,2024-12-02,2024Q4,直销,SM151,closed
SO204419,C3107,华中,中线,BU-2,云平台,15.39,2026-02-15,2026Q1,项目集采,SM160,closed
SO204420,C1260,华南,南线,BU-4,云平台,1.49,2026-02-18,2026Q1,项目集采,SM100,closed
SO204421,C3369,华东,北线,BU-3,云平台,108.74,2025-04-01,2025Q2,项目集采,SM114,closed
SO204422,C1445,华东,东线,BU-1,智能客服,8.73,2026-03-09,2026Q1,直销,SM170,closed
SO204423,C2640,华南,中线,BU-1,智能客服,12.69,2026-02-20,2026Q1,渠道,SM129,closed
SO204424,C1885,华东,北线,BU-3,IT 服务,12.75,2026-02-11,2026Q1,直销,SM154,closed
SO204425,C2142,西南,南线,BU-2,AI 助理,10.25,2026-02-13,2026Q1,电商,SM201,closed
SO204426,C1145,华南,东线,BU-3,BSS-OSS,3.3669999999999995,2026-03-20,2026Q1,项目集采,SM190,closed
SO204427,C1603,华东,东线,BU-6,智能客服,35.09,2026-02-18,2026Q1,电商,SM221,closed
SO204428,C3685,华南,南线,BU-5,云平台,43.07,2025-03-27,2025Q1,电商,SM222,shipping
SO204429,C2002,华东,中线,BU-5,运营商网关,19.75,2026-02-09,2026Q1,渠道,SM238,closed
SO204430,C1520,华北,东线,BU-5,云平台,14.18,2025-05-21,2025Q2,直销,SM233,closed
SO204431,C2578,华东,南线,BU-1,BSS-OSS,61.43,2026-03-04,2026Q1,电商,SM246,closed
SO204432,C2112,华中,中线,BU-2,BSS-OSS,13.99,2025-01-04,2025Q1,项目集采,SM133,closed
SO204433,C2080,华东,东线,BU-4,BSS-OSS,8.28,2026-03-15,2026Q1,项目集采,SM133,closed
SO204434,C3005,西南,中线,BU-1,BSS-OSS,1.21,2026-03-17,2026Q1,项目集采,SM250,closed
SO204435,C3265,华东,北线,BU-2,数据中台,102.99,2026-01-10,2026Q1,项目集采,SM139,closed
SO204436,C1832,华东,南线,BU-3,智能客服,17.29,2025-01-04,2025Q1,项目集采,SM143,closed
SO204437,C1434,华东,南线,BU-4,智能客服,94.76,2025-07-10,2025Q3,直销,SM226,closed
SO204438,C3185,华中,东线,BU-1,云平台,2.09,2025-03-08,2025Q1,渠道,SM179,closed
SO204439,C1957,华北,南线,BU-2,AI 助理,49.93,2026-01-10,2026Q1,直销,SM106,closed
SO204440,C2494,东北,北线,BU-4,BSS-OSS,17.95,2024-05-22,2024Q2,渠道,SM250,closed
SO204441,C3586,华东,南线,BU-6,智能客服,22.08,2024-04-22,2024Q2,电商,SM209,closed
SO204442,C3617,华南,中线,BU-2,IT 服务,17.11,2025-01-20,2025Q1,直销,SM197,closed
SO204443,C1428,华东,东线,BU-4,AI 助理,36.08,2026-02-13,2026Q1,项目集采,SM101,pending
SO204444,C3644,华东,南线,BU-5,数据中台,20.2,2026-01-10,2026Q1,项目集采,SM249,closed
SO204445,C1430,华东,北线,BU-6,智能客服,25.93,2025-08-03,2025Q3,项目集采,SM123,closed
SO204446,C1119,西南,东线,BU-4,BSS-OSS,78.95,2025-11-25,2025Q4,电商,SM116,closed
SO204447,C2608,东北,南线,BU-6,数据中台,10.95,2026-03-16,2026Q1,直销,SM105,shipping
SO204448,C2050,华北,南线,BU-1,运营商网关,238.04,2026-03-05,2026Q1,电商,SM247,closed
SO204449,C1859,华中,北线,BU-6,云平台,37.53,2025-02-10,2025Q1,直销,SM165,pending
SO204450,C2823,华北,北线,BU-2,运营商网关,161.9,2025-11-11,2025Q4,电商,SM246,closed
SO204451,C2350,华北,北线,BU-1,BSS-OSS,28.92,2026-01-12,2026Q1,渠道,SM198,pending
SO204452,C3959,华东,南线,BU-6,运营商网关,167.18,2026-02-03,2026Q1,项目集采,SM194,closed
SO204453,C1337,华北,中线,BU-2,IT 服务,26.8,2026-02-02,2026Q1,电商,SM218,closed
SO204454,C2512,华东,东线,BU-2,云平台,24.35,2025-02-20,2025Q1,渠道,SM114,closed
SO204455,C3916,华中,东线,BU-1,运营商网关,3.33,2025-08-15,2025Q3,渠道,SM169,shipping
SO204456,C2662,华中,北线,BU-4,运营商网关,11.2,2026-02-08,2026Q1,电商,SM128,closed
SO204457,C1643,华南,北线,BU-6,智能客服,148.22,2025-01-20,2025Q1,项目集采,SM168,closed
SO204458,C3070,华南,中线,BU-6,BSS-OSS,117.53,2025-03-27,2025Q1,项目集采,SM134,closed
SO204459,C2794,华东,南线,BU-5,云平台,1.94,2025-06-22,2025Q2,渠道,SM176,closed
SO204460,C3447,华东,中线,BU-3,智能客服,66.32,2026-03-11,2026Q1,渠道,SM127,closed
SO204461,C1333,华北,东线,BU-2,运营商网关,35.23,2025-05-27,2025Q2,渠道,SM107,closed
SO204462,C2351,华东,南线,BU-5,运营商网关,10.52,2025-01-10,2025Q1,电商,SM134,closed
SO204463,C1494,华北,中线,BU-2,IT 服务,212.66,2026-03-24,2026Q1,项目集采,SM239,closed
SO204464,C2998,华北,北线,BU-6,数据中台,14.34,2026-01-06,2026Q1,渠道,SM195,closed
SO204465,C3153,东北,北线,BU-4,AI 助理,29.13,2026-03-25,2026Q1,直销,SM202,closed
SO204466,C3445,华中,东线,BU-5,智能客服,14.0,2024-09-04,2024Q3,电商,SM139,closed
SO204467,C2524,东北,东线,BU-1,AI 助理,5.34,2024-12-04,2024Q4,直销,SM210,closed
SO204468,C2688,华东,东线,BU-2,IT 服务,32.62,2026-01-05,2026Q1,项目集采,SM154,pending
SO204469,C2912,华东,南线,BU-1,运营商网关,128.98,2026-03-01,2026Q1,电商,SM153,closed
SO204470,C2865,华北,中线,BU-2,数据中台,12.78,2025-04-19,2025Q2,项目集采,SM144,pending
SO204471,C1420,华南,南线,BU-1,IT 服务,40.41,2025-04-11,2025Q2,渠道,SM244,closed
SO204472,C1164,华北,北线,BU-6,IT 服务,11.89,2025-06-12,2025Q2,电商,SM225,shipping
SO204473,C1997,华北,中线,BU-4,AI 助理,28.55,2024-06-17,2024Q2,直销,SM161,closed
SO204474,C3636,华北,东线,BU-3,云平台,1.88,2024-03-14,2024Q1,渠道,SM249,closed
SO204475,C3426,华南,东线,BU-2,云平台,11.97,2026-01-15,2026Q1,直销,SM159,shipping
SO204476,C3511,华南,中线,BU-4,BSS-OSS,5.05,2025-12-09,2025Q4,渠道,SM160,closed
SO204477,C3715,华北,南线,BU-1,BSS-OSS,16.37,2026-01-27,2026Q1,项目集采,SM151,closed
SO204478,C3019,华北,南线,BU-3,IT 服务,79.71,2024-03-07,2024Q1,项目集采,SM117,shipping
SO204479,C2963,西南,东线,BU-6,BSS-OSS,128.39,2025-11-16,2025Q4,直销,SM116,closed
SO204480,C1173,华中,南线,BU-4,AI 助理,64.38,2026-01-26,2026Q1,直销,SM192,closed
SO204481,C3203,西南,东线,BU-5,BSS-OSS,9.06,2026-02-18,2026Q1,项目集采,SM203,closed
SO204482,C3601,西南,东线,BU-2,IT 服务,378.76,2026-03-27,2026Q1,项目集采,SM221,closed
SO204483,C2480,华北,东线,BU-2,运营商网关,8.65,2025-11-25,2025Q4,渠道,SM234,closed
SO204484,C2862,华南,南线,BU-1,BSS-OSS,14.73,2025-09-14,2025Q3,直销,SM141,closed
SO204485,C3428,华中,北线,BU-6,IT 服务,2.4,2026-01-05,2026Q1,项目集采,SM219,closed
SO204486,C1048,华东,南线,BU-1,云平台,14.41,2026-03-26,2026Q1,渠道,SM241,closed
SO204487,C3356,西南,东线,BU-4,运营商网关,70.73,2026-02-09,2026Q1,直销,SM116,closed
SO204488,C2365,华南,南线,BU-1,数据中台,6.21,2024-04-25,2024Q2,渠道,SM185,closed
SO204489,C2958,华南,中线,BU-3,BSS-OSS,173.29,2025-03-09,2025Q1,直销,SM164,closed
SO204490,C1597,华中,东线,BU-3,IT 服务,57.23,2025-01-09,2025Q1,渠道,SM188,closed
SO204491,C3502,华中,中线,BU-5,BSS-OSS,19.51,2025-05-08,2025Q2,直销,SM220,closed
SO204492,C1133,华南,中线,BU-1,运营商网关,14.98,2025-02-17,2025Q1,渠道,SM105,closed
SO204493,C2279,华中,南线,BU-2,BSS-OSS,4.13,2025-12-20,2025Q4,电商,SM163,closed
SO204494,C2848,西南,南线,BU-1,云平台,19.54,2024-12-07,2024Q4,电商,SM248,closed
SO204495,C2633,华北,东线,BU-2,IT 服务,5.22,2024-07-11,2024Q3,电商,SM237,pending
SO204496,C2116,华南,北线,BU-3,IT 服务,7.917,2026-03-10,2026Q1,渠道,SM118,pending
SO204497,C2045,华南,中线,BU-3,BSS-OSS,19.88,2024-09-18,2024Q3,直销,SM194,shipping
SO204498,C2194,华东,东线,BU-1,AI 助理,125.99,2024-06-01,2024Q2,项目集采,SM111,closed
SO204499,C1835,华东,东线,BU-3,智能客服,35.11,2025-07-25,2025Q3,电商,SM191,pending
SO204500,C1616,西南,中线,BU-5,IT 服务,57.42,2025-12-01,2025Q4,电商,SM115,shipping
SO204501,C2764,华东,北线,BU-3,数据中台,54.66,2024-11-14,2024Q4,项目集采,SM194,shipping
SO204502,C1651,华东,北线,BU-4,BSS-OSS,19.92,2025-10-07,2025Q4,电商,SM215,closed
SO204503,C2561,华东,中线,BU-6,BSS-OSS,92.03,2026-03-13,2026Q1,电商,SM179,closed
SO204504,C1940,东北,东线,BU-4,智能客服,62.34,2026-01-11,2026Q1,直销,SM197,closed
SO204505,C3606,华北,北线,BU-1,智能客服,21.35,2025-07-19,2025Q3,电商,SM227,closed
SO204506,C1468,东北,南线,BU-1,云平台,9.92,2025-05-18,2025Q2,直销,SM165,closed
SO204507,C1572,华东,南线,BU-5,AI 助理,6.94,2025-06-26,2025Q2,项目集采,SM249,closed
SO204508,C1297,华中,东线,BU-6,智能客服,12.62,2025-02-01,2025Q1,直销,SM158,closed
SO204509,C1669,华中,中线,BU-4,智能客服,2.07,2026-01-17,2026Q1,直销,SM174,closed
SO204510,C1704,华南,东线,BU-4,数据中台,28.71,2024-05-26,2024Q2,电商,SM221,closed
SO204511,C2175,华东,北线,BU-1,AI 助理,197.42,2025-12-06,2025Q4,项目集采,SM166,closed
SO204512,C3428,华中,中线,BU-4,AI 助理,140.25,2025-05-05,2025Q2,项目集采,SM235,closed
SO204513,C3100,华北,东线,BU-5,IT 服务,23.74,2024-09-09,2024Q3,直销,SM238,closed
SO204514,C3877,华南,南线,BU-4,数据中台,114.25,2025-01-20,2025Q1,项目集采,SM199,closed
SO204515,C1068,华北,南线,BU-1,AI 助理,49.6,2024-08-10,2024Q3,电商,SM164,closed
SO204516,C3993,华北,南线,BU-6,AI 助理,45.44,2026-03-01,2026Q1,电商,SM226,closed
SO204517,C1964,华中,北线,BU-2,数据中台,87.74,2026-03-07,2026Q1,电商,SM232,closed
SO204518,C3861,西南,北线,BU-3,IT 服务,29.23,2024-04-24,2024Q2,直销,SM223,closed
SO204519,C2457,华南,南线,BU-4,BSS-OSS,8.78,2026-02-24,2026Q1,直销,SM184,pending
SO204520,C1112,华东,东线,BU-2,BSS-OSS,4.71,2026-01-11,2026Q1,电商,SM226,closed
SO204521,C3365,华北,中线,BU-2,BSS-OSS,136.8,2024-06-23,2024Q2,项目集采,SM129,closed
SO204522,C3778,华东,南线,BU-6,BSS-OSS,17.03,2026-02-08,2026Q1,渠道,SM250,closed
SO204523,C3382,华东,中线,BU-2,云平台,71.37,2024-09-09,2024Q3,直销,SM188,closed
SO204524,C3066,华北,中线,BU-2,IT 服务,2.9,2025-06-11,2025Q2,项目集采,SM174,closed
SO204525,C3268,华东,东线,BU-2,IT 服务,11.17,2026-01-10,2026Q1,电商,SM217,closed
SO204526,C2477,华中,北线,BU-3,云平台,162.31,2025-02-11,2025Q1,直销,SM169,closed
SO204527,C1048,东北,东线,BU-4,AI 助理,21.78,2026-03-15,2026Q1,电商,SM249,pending
SO204528,C1614,华南,中线,BU-5,AI 助理,8.05,2026-01-10,2026Q1,项目集采,SM141,closed
SO204529,C1403,华北,南线,BU-3,AI 助理,230.93,2024-11-20,2024Q4,渠道,SM220,closed
SO204530,C3942,华东,东线,BU-3,云平台,24.75,2025-06-08,2025Q2,项目集采,SM235,closed
SO204531,C2118,华东,东线,BU-3,云平台,84.05,2025-08-10,2025Q3,直销,SM156,closed
SO204532,C2131,华东,南线,BU-2,智能客服,146.51,2026-02-24,2026Q1,项目集采,SM101,pending
SO204533,C1734,华北,东线,BU-6,运营商网关,132.0,2025-01-17,2025Q1,渠道,SM200,closed
SO204534,C3678,华南,南线,BU-6,运营商网关,2.62,2026-03-13,2026Q1,电商,SM110,closed
SO204535,C3612,华北,南线,BU-2,运营商网关,47.53,2025-03-17,2025Q1,直销,SM194,closed
SO204536,C3318,华南,中线,BU-3,AI 助理,33.376,2026-02-20,2026Q1,项目集采,SM226,closed
SO204537,C3612,华中,东线,BU-1,云平台,144.46,2026-01-01,2026Q1,渠道,SM146,closed
SO204538,C3025,华北,南线,BU-4,数据中台,24.39,2025-10-09,2025Q4,直销,SM206,closed
SO204539,C2424,华东,北线,BU-4,智能客服,11.86,2024-07-22,2024Q3,电商,SM203,closed
SO204540,C1914,华东,北线,BU-3,数据中台,71.56,2025-11-09,2025Q4,电商,SM216,closed
SO204541,C3981,华东,中线,BU-3,智能客服,42.43,2026-02-15,2026Q1,项目集采,SM248,closed
SO204542,C2486,华东,北线,BU-3,运营商网关,90.2,2026-01-18,2026Q1,电商,SM206,closed
SO204543,C2415,西南,北线,BU-6,BSS-OSS,21.22,2025-08-07,2025Q3,项目集采,SM208,closed
SO204544,C1874,西南,东线,BU-4,BSS-OSS,70.94,2024-07-13,2024Q3,电商,SM182,closed
SO204545,C2330,华东,南线,BU-5,运营商网关,63.72,2024-05-24,2024Q2,电商,SM204,closed
SO204546,C2746,华南,北线,BU-2,数据中台,29.57,2025-07-07,2025Q3,项目集采,SM193,shipping
SO204547,C1654,华北,北线,BU-4,智能客服,1.22,2026-03-25,2026Q1,项目集采,SM174,closed
SO204548,C2845,华北,中线,BU-2,AI 助理,35.56,2024-12-18,2024Q4,电商,SM199,closed
SO204549,C1934,华南,东线,BU-2,智能客服,27.96,2025-01-13,2025Q1,渠道,SM212,closed
SO204550,C1328,华北,南线,BU-6,IT 服务,10.99,2025-11-02,2025Q4,电商,SM128,closed
SO204551,C1224,华南,南线,BU-5,BSS-OSS,44.03,2026-01-07,2026Q1,电商,SM123,closed
SO204552,C2699,西南,南线,BU-3,智能客服,24.28,2025-06-02,2025Q2,项目集采,SM156,pending
SO204553,C3398,西南,南线,BU-5,运营商网关,28.43,2026-02-23,2026Q1,渠道,SM187,shipping
SO204554,C2389,华南,北线,BU-4,智能客服,14.21,2025-06-22,2025Q2,电商,SM161,shipping
SO204555,C1192,东北,北线,BU-1,AI 助理,30.27,2026-02-27,2026Q1,直销,SM168,closed
SO204556,C2362,华东,东线,BU-2,数据中台,51.77,2026-02-09,2026Q1,电商,SM184,closed
SO204557,C2512,华中,东线,BU-1,智能客服,81.28,2025-05-01,2025Q2,项目集采,SM246,shipping
SO204558,C1241,华东,南线,BU-1,运营商网关,23.85,2026-01-06,2026Q1,项目集采,SM206,closed
SO204559,C3545,华北,南线,BU-4,智能客服,30.43,2025-12-12,2025Q4,直销,SM224,closed
SO204560,C3356,华中,南线,BU-3,智能客服,38.3,2026-03-02,2026Q1,直销,SM159,shipping
SO204561,C3394,东北,南线,BU-5,BSS-OSS,23.78,2026-02-25,2026Q1,直销,SM134,closed
SO204562,C2272,华中,中线,BU-1,运营商网关,6.23,2025-12-17,2025Q4,电商,SM149,closed
SO204563,C3448,华北,东线,BU-4,数据中台,114.26,2025-01-01,2025Q1,直销,SM120,closed
SO204564,C2454,华东,南线,BU-4,IT 服务,56.97,2025-11-06,2025Q4,直销,SM152,shipping
SO204565,C2815,华北,南线,BU-2,IT 服务,62.47,2025-01-12,2025Q1,项目集采,SM123,closed
SO204566,C2092,华东,北线,BU-1,数据中台,223.72,2026-02-20,2026Q1,渠道,SM120,closed
SO204567,C2607,华东,南线,BU-2,IT 服务,161.83,2024-07-05,2024Q3,直销,SM163,closed
SO204568,C2353,华南,东线,BU-4,BSS-OSS,39.6,2025-10-20,2025Q4,渠道,SM118,closed
SO204569,C1970,华中,东线,BU-5,数据中台,28.57,2024-06-11,2024Q2,渠道,SM222,pending
SO204570,C3653,华东,北线,BU-2,云平台,29.62,2024-02-12,2024Q1,项目集采,SM120,closed
SO204571,C2286,华东,南线,BU-1,AI 助理,21.03,2026-01-22,2026Q1,项目集采,SM244,closed
SO204572,C3998,华北,南线,BU-1,云平台,23.9,2026-01-18,2026Q1,直销,SM217,closed
SO204573,C2728,华东,东线,BU-4,AI 助理,57.91,2026-01-13,2026Q1,直销,SM152,closed
SO204574,C1345,华东,东线,BU-3,数据中台,7.11,2026-02-24,2026Q1,项目集采,SM182,closed
SO204575,C3330,华南,南线,BU-1,智能客服,52.55,2026-02-24,2026Q1,直销,SM180,closed
SO204576,C1482,华南,北线,BU-1,AI 助理,15.38,2026-02-10,2026Q1,电商,SM153,closed
SO204577,C2851,华中,东线,BU-5,IT 服务,6.49,2026-02-13,2026Q1,电商,SM223,closed
SO204578,C3978,华中,南线,BU-5,智能客服,9.78,2026-03-19,2026Q1,直销,SM191,closed
SO204579,C2206,华东,中线,BU-6,AI 助理,56.59,2024-06-26,2024Q2,渠道,SM103,closed
SO204580,C1876,华东,东线,BU-5,数据中台,48.67,2025-01-07,2025Q1,渠道,SM105,pending
SO204581,C2514,华中,中线,BU-2,AI 助理,33.6,2024-08-05,2024Q3,项目集采,SM161,closed
SO204582,C3745,西南,南线,BU-3,运营商网关,63.1,2025-02-19,2025Q1,直销,SM198,shipping
SO204583,C3849,华东,东线,BU-4,AI 助理,86.62,2026-02-08,2026Q1,电商,SM117,closed
SO204584,C2351,华东,南线,BU-2,云平台,99.42,2026-02-04,2026Q1,电商,SM226,closed
SO204585,C1456,华南,南线,BU-6,运营商网关,21.04,2025-12-15,2025Q4,直销,SM102,closed
SO204586,C2655,华东,南线,BU-3,数据中台,2.73,2025-05-15,2025Q2,渠道,SM175,closed
SO204587,C3634,华中,北线,BU-2,运营商网关,96.82,2025-03-26,2025Q1,直销,SM124,closed
SO204588,C2629,华东,中线,BU-3,数据中台,43.16,2025-07-25,2025Q3,电商,SM107,closed
SO204589,C3719,西南,中线,BU-4,数据中台,240.7,2024-02-17,2024Q1,项目集采,SM164,shipping
SO204590,C2786,华东,中线,BU-1,AI 助理,69.89,2025-02-16,2025Q1,直销,SM169,closed
SO204591,C3845,西南,北线,BU-4,IT 服务,42.72,2025-05-13,2025Q2,电商,SM115,shipping
SO204592,C3967,华南,东线,BU-3,BSS-OSS,77.42,2025-10-21,2025Q4,渠道,SM241,pending
SO204593,C1929,华中,东线,BU-2,运营商网关,7.62,2025-09-25,2025Q3,渠道,SM151,closed
SO204594,C2661,西南,北线,BU-2,智能客服,19.2,2025-04-25,2025Q2,渠道,SM101,closed
SO204595,C2736,华东,中线,BU-2,BSS-OSS,127.35,2025-04-01,2025Q2,直销,SM135,closed
SO204596,C2459,西南,北线,BU-4,云平台,188.76,2025-09-11,2025Q3,直销,SM217,closed
SO204597,C2869,华中,中线,BU-3,BSS-OSS,17.02,2026-01-09,2026Q1,电商,SM126,closed
SO204598,C1129,华东,北线,BU-4,智能客服,20.85,2025-02-13,2025Q1,直销,SM208,closed
SO204599,C1769,华北,南线,BU-2,IT 服务,7.12,2025-03-12,2025Q1,渠道,SM164,closed
SO204600,C3913,西南,南线,BU-5,智能客服,50.34,2026-01-01,2026Q1,渠道,SM136,closed
SO204601,C2575,华中,北线,BU-2,云平台,77.55,2026-03-07,2026Q1,项目集采,SM103,closed
SO204602,C1343,华北,中线,BU-4,智能客服,33.13,2025-05-24,2025Q2,电商,SM160,shipping
SO204603,C3968,华东,东线,BU-1,AI 助理,71.25,2025-01-15,2025Q1,直销,SM228,closed
SO204604,C3292,华北,东线,BU-4,AI 助理,0.37,2026-01-06,2026Q1,项目集采,SM128,pending
SO204605,C2362,华南,东线,BU-1,云平台,43.13,2026-03-09,2026Q1,电商,SM197,closed
SO204606,C3436,华中,东线,BU-4,IT 服务,36.95,2026-02-12,2026Q1,直销,SM145,closed
SO204607,C1282,西南,北线,BU-3,IT 服务,1.0,2025-01-05,2025Q1,直销,SM121,closed
SO204608,C2727,华北,中线,BU-1,数据中台,37.65,2026-03-13,2026Q1,直销,SM133,closed
SO204609,C2935,华南,中线,BU-2,云平台,0.32,2026-01-14,2026Q1,电商,SM189,closed
SO204610,C2430,华东,北线,BU-3,数据中台,54.54,2026-03-22,2026Q1,电商,SM183,closed
SO204611,C2864,西南,北线,BU-2,智能客服,128.55,2024-09-01,2024Q3,项目集采,SM213,closed
SO204612,C1875,华北,北线,BU-2,智能客服,82.06,2026-03-04,2026Q1,电商,SM114,closed
SO204613,C3371,华南,南线,BU-6,运营商网关,11.87,2026-01-15,2026Q1,渠道,SM122,closed
SO204614,C1636,华南,南线,BU-4,BSS-OSS,6.23,2025-08-11,2025Q3,电商,SM200,closed
SO204615,C3165,华北,东线,BU-6,BSS-OSS,47.29,2026-02-19,2026Q1,直销,SM248,closed
SO204616,C1652,华东,北线,BU-4,智能客服,108.16,2026-03-16,2026Q1,直销,SM244,closed
SO204617,C2840,华东,东线,BU-2,运营商网关,24.57,2026-02-18,2026Q1,直销,SM157,shipping
SO204618,C2152,华东,中线,BU-5,AI 助理,21.3,2026-01-13,2026Q1,直销,SM105,pending
SO204619,C2821,华南,中线,BU-2,IT 服务,13.61,2024-07-14,2024Q3,电商,SM250,closed
SO204620,C3969,西南,中线,BU-1,智能客服,2.64,2026-01-01,2026Q1,渠道,SM233,shipping
SO204621,C2135,华东,北线,BU-3,IT 服务,30.13,2025-08-17,2025Q3,直销,SM123,closed
SO204622,C3881,华北,南线,BU-6,IT 服务,21.97,2025-12-21,2025Q4,电商,SM194,closed
SO204623,C2758,华南,北线,BU-2,IT 服务,71.91,2026-03-07,2026Q1,渠道,SM130,closed
SO204624,C3062,华东,中线,BU-2,AI 助理,186.61,2026-02-23,2026Q1,直销,SM228,closed
SO204625,C1696,华北,中线,BU-3,云平台,13.12,2025-02-12,2025Q1,项目集采,SM144,closed
SO204626,C3098,西南,东线,BU-2,智能客服,2.88,2026-02-27,2026Q1,渠道,SM184,closed
SO204627,C3336,华南,北线,BU-1,BSS-OSS,2.6,2024-08-21,2024Q3,渠道,SM232,closed
SO204628,C2343,华北,中线,BU-1,云平台,10.64,2025-03-05,2025Q1,电商,SM141,closed
SO204629,C2347,华北,东线,BU-1,AI 助理,183.7,2026-02-16,2026Q1,直销,SM177,closed
SO204630,C3056,华北,南线,BU-4,云平台,35.03,2025-11-07,2025Q4,渠道,SM128,closed
SO204631,C2793,华北,南线,BU-1,AI 助理,34.33,2026-03-19,2026Q1,渠道,SM248,closed
SO204632,C2421,华东,中线,BU-1,智能客服,30.08,2025-05-12,2025Q2,渠道,SM125,closed
SO204633,C3949,华中,南线,BU-5,运营商网关,54.61,2025-03-25,2025Q1,直销,SM224,closed
SO204634,C1533,华东,南线,BU-4,运营商网关,52.77,2025-03-05,2025Q1,项目集采,SM190,shipping
SO204635,C3865,华南,南线,BU-3,智能客服,1.1689999999999998,2026-03-10,2026Q1,电商,SM240,closed
SO204636,C3045,华南,北线,BU-4,BSS-OSS,26.84,2025-09-08,2025Q3,电商,SM205,closed
SO204637,C1104,西南,中线,BU-3,BSS-OSS,22.97,2026-03-10,2026Q1,电商,SM131,shipping
SO204638,C2532,华东,北线,BU-6,BSS-OSS,104.12,2025-08-23,2025Q3,直销,SM144,closed
SO204639,C3137,华中,北线,BU-4,智能客服,29.16,2024-10-08,2024Q4,项目集采,SM162,closed
SO204640,C1414,西南,中线,BU-3,AI 助理,98.78,2026-03-03,2026Q1,项目集采,SM228,closed
SO204641,C1671,华北,北线,BU-2,BSS-OSS,95.67,2026-01-07,2026Q1,电商,SM199,closed
SO204642,C1757,华南,南线,BU-2,智能客服,76.94,2025-05-02,2025Q2,渠道,SM112,closed
SO204643,C1947,华东,南线,BU-1,智能客服,6.06,2026-03-21,2026Q1,项目集采,SM209,closed
SO204644,C3107,华东,东线,BU-4,IT 服务,13.88,2026-01-04,2026Q1,渠道,SM217,closed
SO204645,C2831,华北,南线,BU-1,云平台,37.82,2025-02-09,2025Q1,项目集采,SM172,closed
SO204646,C1961,东北,南线,BU-6,智能客服,33.32,2025-10-17,2025Q4,直销,SM168,closed
SO204647,C1025,西南,东线,BU-4,BSS-OSS,3.34,2026-01-17,2026Q1,直销,SM218,closed
SO204648,C2779,华南,北线,BU-1,数据中台,16.39,2024-10-13,2024Q4,直销,SM211,closed
SO204649,C3855,西南,中线,BU-4,智能客服,8.16,2024-09-27,2024Q3,直销,SM176,shipping
SO204650,C2507,华中,南线,BU-4,AI 助理,7.25,2026-02-21,2026Q1,项目集采,SM123,closed
SO204651,C2193,西南,北线,BU-4,运营商网关,25.65,2024-08-07,2024Q3,项目集采,SM206,closed
SO204652,C2843,华东,北线,BU-2,IT 服务,17.59,2026-03-06,2026Q1,项目集采,SM189,shipping
SO204653,C2968,华北,东线,BU-3,云平台,66.14,2026-03-08,2026Q1,渠道,SM160,closed
SO204654,C2392,华中,东线,BU-2,数据中台,12.88,2026-03-11,2026Q1,渠道,SM200,closed
SO204655,C1043,华南,东线,BU-4,运营商网关,173.81,2025-12-18,2025Q4,电商,SM103,closed
SO204656,C2499,华南,东线,BU-2,IT 服务,5.54,2025-11-11,2025Q4,项目集采,SM176,closed
SO204657,C3367,西南,东线,BU-4,智能客服,3.58,2025-04-12,2025Q2,电商,SM195,closed
SO204658,C3997,华北,北线,BU-6,智能客服,34.02,2026-03-13,2026Q1,直销,SM155,shipping
SO204659,C1236,华中,北线,BU-2,运营商网关,27.81,2026-01-08,2026Q1,项目集采,SM124,closed
SO204660,C1524,华北,东线,BU-5,运营商网关,22.5,2024-12-25,2024Q4,直销,SM133,closed
SO204661,C3514,华北,中线,BU-1,云平台,36.3,2026-01-03,2026Q1,电商,SM108,pending
SO204662,C1191,华北,东线,BU-6,数据中台,18.36,2026-02-17,2026Q1,直销,SM185,closed
SO204663,C1037,华北,南线,BU-2,智能客服,151.26,2024-05-27,2024Q2,电商,SM167,closed
SO204664,C3994,华东,中线,BU-1,AI 助理,56.77,2025-02-14,2025Q1,电商,SM152,closed
SO204665,C1865,华南,南线,BU-4,IT 服务,43.9,2026-03-12,2026Q1,电商,SM231,closed
SO204666,C3665,华东,中线,BU-3,智能客服,5.04,2025-05-10,2025Q2,渠道,SM141,closed
SO204667,C3599,华北,北线,BU-1,数据中台,26.18,2026-03-21,2026Q1,直销,SM118,closed
SO204668,C1667,华南,南线,BU-4,云平台,60.04,2026-01-01,2026Q1,电商,SM190,closed
SO204669,C2818,西南,南线,BU-2,IT 服务,133.73,2024-11-15,2024Q4,渠道,SM211,closed
SO204670,C1382,西南,中线,BU-3,数据中台,7.08,2026-01-18,2026Q1,项目集采,SM214,closed
SO204671,C2364,华北,北线,BU-6,AI 助理,36.95,2026-03-23,2026Q1,渠道,SM192,shipping
SO204672,C2201,华东,中线,BU-4,云平台,0.12,2025-09-22,2025Q3,渠道,SM128,closed
SO204673,C1823,华北,北线,BU-6,智能客服,14.16,2024-04-11,2024Q2,项目集采,SM187,closed
SO204674,C3010,西南,南线,BU-6,IT 服务,63.73,2025-04-09,2025Q2,直销,SM114,closed
SO204675,C2952,华南,东线,BU-5,云平台,1.37,2026-03-03,2026Q1,电商,SM165,closed
SO204676,C1200,华东,中线,BU-6,运营商网关,58.17,2026-01-04,2026Q1,渠道,SM120,closed
SO204677,C1878,华中,东线,BU-4,云平台,37.17,2026-03-08,2026Q1,直销,SM159,closed
SO204678,C2319,华东,东线,BU-1,智能客服,151.06,2025-09-04,2025Q3,直销,SM239,closed
SO204679,C3996,西南,中线,BU-1,BSS-OSS,91.94,2026-03-26,2026Q1,电商,SM230,closed
SO204680,C1322,华中,中线,BU-1,IT 服务,17.86,2026-01-07,2026Q1,渠道,SM220,closed
SO204681,C3858,华南,南线,BU-6,运营商网关,14.9,2025-05-06,2025Q2,项目集采,SM139,pending
SO204682,C3563,华北,北线,BU-4,BSS-OSS,25.21,2026-02-17,2026Q1,项目集采,SM125,closed
SO204683,C2989,华东,南线,BU-5,运营商网关,26.81,2025-01-19,2025Q1,直销,SM248,closed
SO204684,C2217,华南,中线,BU-2,IT 服务,148.06,2025-09-09,2025Q3,电商,SM144,shipping
SO204685,C1952,西南,东线,BU-1,云平台,40.67,2025-04-14,2025Q2,电商,SM244,closed
SO204686,C3445,华北,北线,BU-6,数据中台,8.74,2026-01-20,2026Q1,项目集采,SM111,closed
SO204687,C2353,华南,南线,BU-4,BSS-OSS,60.81,2025-04-14,2025Q2,电商,SM123,closed
SO204688,C1910,华东,南线,BU-2,数据中台,9.09,2025-02-10,2025Q1,项目集采,SM193,closed
SO204689,C1475,西南,北线,BU-5,AI 助理,6.14,2025-06-02,2025Q2,电商,SM237,closed
SO204690,C3312,华东,南线,BU-1,智能客服,63.87,2025-09-22,2025Q3,电商,SM186,closed
SO204691,C1959,华中,北线,BU-3,AI 助理,11.51,2026-03-27,2026Q1,电商,SM169,closed
SO204692,C1556,华东,东线,BU-1,运营商网关,52.61,2026-01-25,2026Q1,项目集采,SM233,closed
SO204693,C3912,华南,东线,BU-5,数据中台,4.06,2026-01-18,2026Q1,项目集采,SM148,closed
SO204694,C3465,华东,中线,BU-5,云平台,313.5,2026-03-27,2026Q1,直销,SM191,shipping
SO204695,C2929,华东,中线,BU-4,云平台,25.2,2024-02-12,2024Q1,渠道,SM187,closed
SO204696,C3063,华东,南线,BU-3,IT 服务,110.09,2025-07-16,2025Q3,项目集采,SM111,pending
SO204697,C3293,东北,中线,BU-4,AI 助理,21.26,2025-05-23,2025Q2,项目集采,SM230,closed
SO204698,C2412,华中,东线,BU-1,AI 助理,1.18,2025-01-02,2025Q1,直销,SM189,closed
SO204699,C1786,西南,北线,BU-1,智能客服,96.82,2024-11-20,2024Q4,渠道,SM170,closed
SO204700,C3312,华中,东线,BU-4,智能客服,33.76,2026-02-02,2026Q1,渠道,SM192,closed
SO204701,C2673,华东,南线,BU-1,数据中台,8.65,2025-07-24,2025Q3,项目集采,SM201,closed
SO204702,C2850,华南,南线,BU-5,数据中台,21.03,2026-01-24,2026Q1,渠道,SM149,closed
SO204703,C1452,华中,北线,BU-2,云平台,40.52,2026-02-25,2026Q1,直销,SM235,closed
SO204704,C3601,华东,中线,BU-4,运营商网关,37.38,2025-10-11,2025Q4,渠道,SM153,closed
SO204705,C1979,华中,南线,BU-1,数据中台,63.62,2025-02-07,2025Q1,电商,SM231,closed
SO204706,C2465,华南,南线,BU-4,运营商网关,40.26,2025-05-24,2025Q2,直销,SM208,closed
SO204707,C3866,华东,北线,BU-5,IT 服务,78.36,2025-04-15,2025Q2,项目集采,SM191,closed
SO204708,C2390,华东,东线,BU-5,AI 助理,47.28,2026-01-03,2026Q1,渠道,SM244,closed
SO204709,C1974,华东,北线,BU-3,IT 服务,32.92,2025-02-10,2025Q1,电商,SM138,closed
SO204710,C3450,西南,南线,BU-3,IT 服务,124.85,2026-03-06,2026Q1,电商,SM114,closed
SO204711,C3033,华东,东线,BU-4,AI 助理,69.28,2026-01-15,2026Q1,渠道,SM243,closed
SO204712,C3006,华东,南线,BU-6,AI 助理,120.27,2025-10-19,2025Q4,渠道,SM109,shipping
SO204713,C3375,西南,东线,BU-3,IT 服务,98.64,2025-09-06,2025Q3,直销,SM146,closed
SO204714,C1967,华东,中线,BU-1,BSS-OSS,21.02,2024-11-27,2024Q4,项目集采,SM177,closed
SO204715,C1811,西南,南线,BU-4,AI 助理,111.45,2025-02-24,2025Q1,项目集采,SM229,closed
SO204716,C3428,东北,东线,BU-6,IT 服务,41.38,2025-12-21,2025Q4,电商,SM205,closed
SO204717,C3557,华东,南线,BU-4,云平台,253.14,2024-09-05,2024Q3,渠道,SM195,shipping
SO204718,C3918,华北,中线,BU-6,云平台,75.85,2025-07-13,2025Q3,电商,SM137,closed
SO204719,C2120,西南,北线,BU-2,数据中台,28.8,2026-03-15,2026Q1,渠道,SM201,pending
SO204720,C1118,华中,中线,BU-2,数据中台,2.34,2025-02-03,2025Q1,项目集采,SM192,closed
SO204721,C1929,华东,北线,BU-4,云平台,103.95,2025-08-11,2025Q3,项目集采,SM174,closed
SO204722,C2440,华东,南线,BU-2,数据中台,53.06,2026-03-26,2026Q1,项目集采,SM155,closed
SO204723,C2683,华东,东线,BU-6,运营商网关,13.37,2026-03-17,2026Q1,电商,SM125,closed
SO204724,C1876,华东,中线,BU-3,IT 服务,27.74,2025-07-12,2025Q3,直销,SM119,closed
SO204725,C1460,华北,北线,BU-2,AI 助理,3.55,2025-02-14,2025Q1,项目集采,SM120,closed
SO204726,C2133,华北,中线,BU-3,BSS-OSS,70.97,2024-05-09,2024Q2,渠道,SM177,closed
SO204727,C1188,东北,东线,BU-5,云平台,3.34,2026-01-11,2026Q1,项目集采,SM214,closed
SO204728,C2747,西南,北线,BU-1,IT 服务,1.72,2024-08-26,2024Q3,直销,SM126,closed
SO204729,C1559,华北,东线,BU-3,IT 服务,32.93,2026-01-19,2026Q1,项目集采,SM125,closed
SO204730,C3760,华东,南线,BU-2,云平台,26.65,2025-05-14,2025Q2,直销,SM238,closed
SO204731,C3820,华东,中线,BU-4,运营商网关,27.2,2026-02-05,2026Q1,渠道,SM173,closed
SO204732,C2093,华东,南线,BU-6,运营商网关,98.09,2025-05-24,2025Q2,渠道,SM241,closed
SO204733,C3582,华东,中线,BU-3,AI 助理,55.77,2026-02-19,2026Q1,渠道,SM186,closed
SO204734,C2965,华东,北线,BU-5,运营商网关,17.18,2026-02-13,2026Q1,电商,SM138,closed
SO204735,C1371,华中,东线,BU-1,数据中台,19.12,2025-04-04,2025Q2,直销,SM182,pending
SO204736,C3231,华南,中线,BU-3,AI 助理,21.11,2025-07-25,2025Q3,直销,SM148,closed
SO204737,C2849,东北,南线,BU-2,IT 服务,78.64,2025-04-03,2025Q2,直销,SM175,closed
SO204738,C2507,华南,中线,BU-3,BSS-OSS,3.84,2024-08-06,2024Q3,项目集采,SM203,closed
SO204739,C3118,华东,南线,BU-2,AI 助理,30.65,2025-12-15,2025Q4,项目集采,SM125,closed
SO204740,C2089,华南,南线,BU-4,智能客服,55.84,2025-05-20,2025Q2,电商,SM186,shipping
SO204741,C3614,华南,中线,BU-4,智能客服,49.68,2024-09-14,2024Q3,电商,SM125,closed
SO204742,C3192,华东,中线,BU-6,BSS-OSS,96.0,2025-07-19,2025Q3,渠道,SM199,shipping
SO204743,C3181,华北,中线,BU-6,AI 助理,44.75,2026-03-05,2026Q1,渠道,SM218,pending
SO204744,C1696,华东,南线,BU-1,BSS-OSS,12.66,2025-09-19,2025Q3,项目集采,SM156,closed
SO204745,C2455,东北,北线,BU-5,云平台,18.9,2025-03-10,2025Q1,渠道,SM214,shipping
SO204746,C2370,华东,中线,BU-1,智能客服,45.71,2025-08-01,2025Q3,直销,SM150,pending
SO204747,C2081,华北,东线,BU-6,云平台,100.71,2025-09-04,2025Q3,电商,SM211,shipping
SO204748,C2771,华东,东线,BU-2,IT 服务,15.85,2025-06-13,2025Q2,电商,SM209,closed
SO204749,C3329,华中,东线,BU-5,运营商网关,45.88,2025-01-20,2025Q1,直销,SM166,closed
SO204750,C3189,华北,东线,BU-6,IT 服务,94.04,2026-03-17,2026Q1,电商,SM104,shipping
SO204751,C2311,华北,中线,BU-4,智能客服,69.78,2024-01-22,2024Q1,项目集采,SM112,closed
SO204752,C2365,华北,东线,BU-5,数据中台,16.69,2026-01-26,2026Q1,渠道,SM181,closed
SO204753,C2315,华北,东线,BU-4,AI 助理,110.5,2024-06-12,2024Q2,电商,SM232,closed
SO204754,C1120,华南,中线,BU-1,IT 服务,41.44,2025-07-03,2025Q3,项目集采,SM170,closed
SO204755,C1799,华东,南线,BU-6,BSS-OSS,38.91,2024-07-09,2024Q3,项目集采,SM199,closed
SO204756,C2702,华北,北线,BU-2,运营商网关,167.73,2024-10-13,2024Q4,渠道,SM241,closed
SO204757,C1803,华中,中线,BU-1,数据中台,63.52,2025-07-12,2025Q3,电商,SM250,closed
SO204758,C1051,东北,南线,BU-5,AI 助理,50.72,2024-11-27,2024Q4,直销,SM227,closed
SO204759,C2796,华南,南线,BU-2,云平台,77.47,2026-02-01,2026Q1,电商,SM195,closed
SO204760,C3136,华东,中线,BU-5,数据中台,60.63,2024-06-18,2024Q2,项目集采,SM168,closed
SO204761,C1255,东北,东线,BU-3,智能客服,44.83,2026-03-01,2026Q1,渠道,SM193,closed
SO204762,C2739,华南,南线,BU-3,智能客服,156.15,2025-08-11,2025Q3,渠道,SM203,shipping
SO204763,C1203,华中,东线,BU-4,IT 服务,175.09,2025-02-05,2025Q1,项目集采,SM244,closed
SO204764,C2817,华南,中线,BU-6,AI 助理,82.08,2026-01-06,2026Q1,直销,SM102,closed
SO204765,C2920,华中,北线,BU-1,云平台,56.68,2024-09-16,2024Q3,直销,SM112,pending
SO204766,C1480,华东,中线,BU-4,运营商网关,24.66,2025-01-11,2025Q1,直销,SM137,closed
SO204767,C2820,华北,中线,BU-3,AI 助理,2.24,2026-03-12,2026Q1,项目集采,SM152,pending
SO204768,C2448,西南,南线,BU-1,AI 助理,0.18,2026-02-26,2026Q1,直销,SM107,closed
SO204769,C2321,华中,南线,BU-5,AI 助理,31.88,2025-06-26,2025Q2,电商,SM155,closed
SO204770,C2435,东北,南线,BU-6,IT 服务,0.39,2026-01-15,2026Q1,项目集采,SM233,closed
SO204771,C1070,华南,中线,BU-3,运营商网关,169.46,2024-03-06,2024Q1,项目集采,SM131,closed
SO204772,C1218,东北,南线,BU-4,BSS-OSS,84.85,2025-01-21,2025Q1,直销,SM168,closed
SO204773,C1691,华北,东线,BU-2,数据中台,96.47,2024-09-09,2024Q3,项目集采,SM159,closed
SO204774,C1958,华东,东线,BU-3,智能客服,229.92,2026-03-21,2026Q1,渠道,SM190,closed
SO204775,C3351,西南,中线,BU-6,云平台,84.36,2026-01-22,2026Q1,渠道,SM197,closed
SO204776,C3047,东北,北线,BU-2,AI 助理,92.81,2025-02-15,2025Q1,直销,SM241,closed
SO204777,C1673,华南,中线,BU-4,运营商网关,0.19,2026-01-06,2026Q1,电商,SM124,closed
SO204778,C3001,华北,南线,BU-6,数据中台,99.63,2025-07-16,2025Q3,渠道,SM209,closed
SO204779,C3608,华北,南线,BU-2,智能客服,10.6,2026-03-01,2026Q1,直销,SM188,closed
SO204780,C3280,华东,南线,BU-1,AI 助理,95.71,2025-06-12,2025Q2,项目集采,SM159,closed
SO204781,C3937,华东,东线,BU-1,运营商网关,15.03,2024-09-25,2024Q3,渠道,SM105,pending
SO204782,C2921,华北,南线,BU-3,运营商网关,17.09,2024-11-23,2024Q4,直销,SM207,closed
SO204783,C3825,华东,北线,BU-6,IT 服务,33.43,2025-06-19,2025Q2,电商,SM222,closed
SO204784,C3560,西南,东线,BU-1,云平台,6.69,2025-02-03,2025Q1,电商,SM198,shipping
SO204785,C2197,华北,东线,BU-6,运营商网关,4.53,2025-08-25,2025Q3,渠道,SM122,closed
SO204786,C3253,华东,北线,BU-4,运营商网关,359.72,2025-08-09,2025Q3,直销,SM175,closed
SO204787,C1701,华东,东线,BU-3,云平台,74.06,2024-11-22,2024Q4,电商,SM238,closed
SO204788,C3962,华中,东线,BU-6,BSS-OSS,5.81,2025-11-03,2025Q4,项目集采,SM194,closed
SO204789,C2223,华北,东线,BU-6,运营商网关,50.8,2025-01-26,2025Q1,电商,SM211,closed
SO204790,C3926,华东,东线,BU-6,智能客服,30.58,2026-02-07,2026Q1,项目集采,SM119,closed
SO204791,C3678,华北,中线,BU-4,云平台,113.1,2025-09-21,2025Q3,电商,SM226,closed
SO204792,C1295,华东,东线,BU-5,AI 助理,58.47,2024-12-17,2024Q4,渠道,SM158,closed
SO204793,C1419,华中,南线,BU-1,AI 助理,51.8,2026-01-14,2026Q1,直销,SM202,pending
SO204794,C3552,华中,北线,BU-1,IT 服务,55.5,2026-01-25,2026Q1,渠道,SM108,closed
SO204795,C3231,华北,中线,BU-2,IT 服务,16.56,2026-03-13,2026Q1,直销,SM164,closed
SO204796,C1694,华中,南线,BU-6,AI 助理,28.97,2026-01-05,2026Q1,电商,SM209,closed
SO204797,C3075,华中,东线,BU-3,智能客服,22.1,2026-03-05,2026Q1,电商,SM247,closed
SO204798,C2070,华东,中线,BU-3,AI 助理,26.32,2025-11-20,2025Q4,电商,SM221,closed
SO204799,C1650,华东,南线,BU-5,智能客服,21.23,2026-02-21,2026Q1,电商,SM108,closed
SO204800,C3960,华中,南线,BU-1,BSS-OSS,18.87,2025-04-25,2025Q2,直销,SM172,closed
SO204801,C3705,华东,中线,BU-6,AI 助理,34.32,2026-01-27,2026Q1,直销,SM211,closed
SO204802,C1678,华北,南线,BU-5,数据中台,57.21,2026-01-20,2026Q1,直销,SM148,closed
SO204803,C2271,华东,中线,BU-5,运营商网关,385.01,2026-02-24,2026Q1,直销,SM221,closed
SO204804,C1541,华北,东线,BU-5,运营商网关,35.2,2024-11-22,2024Q4,电商,SM233,closed
SO204805,C3412,西南,南线,BU-5,BSS-OSS,46.04,2026-02-20,2026Q1,电商,SM204,closed
SO204806,C3414,西南,东线,BU-3,数据中台,27.25,2026-03-24,2026Q1,电商,SM222,closed
SO204807,C2871,华中,南线,BU-1,云平台,11.51,2024-04-06,2024Q2,项目集采,SM249,closed
SO204808,C1175,华南,中线,BU-6,BSS-OSS,32.55,2025-10-10,2025Q4,渠道,SM106,closed
SO204809,C2151,华北,东线,BU-5,运营商网关,12.77,2025-01-27,2025Q1,电商,SM190,closed
SO204810,C2688,华东,北线,BU-4,数据中台,13.55,2025-05-26,2025Q2,渠道,SM155,closed
SO204811,C2447,华北,南线,BU-6,IT 服务,39.6,2026-02-18,2026Q1,直销,SM250,closed
SO204812,C2203,华南,北线,BU-6,数据中台,19.03,2024-12-21,2024Q4,项目集采,SM106,closed
SO204813,C2953,华北,南线,BU-5,云平台,0.72,2024-03-12,2024Q1,项目集采,SM243,closed
SO204814,C2942,华北,东线,BU-2,AI 助理,114.43,2026-03-09,2026Q1,电商,SM154,closed
SO204815,C2747,西南,东线,BU-6,运营商网关,8.51,2026-01-22,2026Q1,直销,SM128,closed
SO204816,C1951,西南,东线,BU-3,AI 助理,56.67,2025-02-16,2025Q1,直销,SM126,closed
SO204817,C2980,华东,东线,BU-4,运营商网关,22.63,2025-08-08,2025Q3,渠道,SM108,closed
SO204818,C2048,华东,中线,BU-1,数据中台,46.88,2025-03-22,2025Q1,直销,SM233,closed
SO204819,C1645,华北,东线,BU-4,云平台,45.76,2025-04-02,2025Q2,项目集采,SM157,shipping
SO204820,C2994,西南,北线,BU-5,运营商网关,38.29,2025-06-01,2025Q2,渠道,SM120,closed
SO204821,C1962,东北,北线,BU-3,BSS-OSS,8.45,2024-02-06,2024Q1,项目集采,SM240,closed
SO204822,C1977,华东,东线,BU-3,BSS-OSS,63.06,2026-03-07,2026Q1,电商,SM135,closed
SO204823,C2053,西南,北线,BU-5,智能客服,59.74,2026-03-03,2026Q1,渠道,SM239,closed
SO204824,C3502,华南,中线,BU-6,云平台,8.11,2025-12-02,2025Q4,项目集采,SM241,closed
SO204825,C1174,东北,北线,BU-6,运营商网关,91.05,2025-12-15,2025Q4,直销,SM213,closed
SO204826,C1356,华南,东线,BU-1,运营商网关,47.69,2025-11-04,2025Q4,直销,SM241,closed
SO204827,C1214,华中,北线,BU-4,数据中台,15.59,2025-12-18,2025Q4,电商,SM216,shipping
SO204828,C2394,华中,中线,BU-1,AI 助理,29.03,2024-02-16,2024Q1,电商,SM247,closed
SO204829,C3888,华中,南线,BU-3,IT 服务,52.36,2024-04-15,2024Q2,渠道,SM110,closed
SO204830,C3520,华南,东线,BU-2,云平台,150.92,2026-03-09,2026Q1,渠道,SM106,closed
SO204831,C1655,华东,中线,BU-3,运营商网关,89.41,2025-12-16,2025Q4,直销,SM238,closed
SO204832,C3390,西南,北线,BU-2,智能客服,132.31,2026-02-18,2026Q1,直销,SM204,shipping
SO204833,C3655,华北,南线,BU-2,AI 助理,3.12,2026-03-20,2026Q1,项目集采,SM244,closed
SO204834,C2605,华南,中线,BU-1,AI 助理,14.73,2025-11-08,2025Q4,直销,SM139,closed
SO204835,C1573,华东,东线,BU-1,IT 服务,8.33,2024-02-01,2024Q1,渠道,SM146,closed
SO204836,C3922,华东,中线,BU-4,智能客服,13.29,2025-09-06,2025Q3,电商,SM247,shipping
SO204837,C3642,西南,南线,BU-6,数据中台,132.32,2025-05-27,2025Q2,电商,SM133,closed
SO204838,C1138,华东,中线,BU-5,IT 服务,11.77,2026-03-15,2026Q1,直销,SM195,closed
SO204839,C3657,华南,南线,BU-4,数据中台,19.22,2026-01-08,2026Q1,直销,SM154,closed
SO204840,C3263,华东,南线,BU-1,BSS-OSS,80.07,2025-03-24,2025Q1,直销,SM104,closed
SO204841,C3481,华北,南线,BU-3,数据中台,33.91,2025-02-10,2025Q1,直销,SM161,closed
SO204842,C1972,华南,东线,BU-6,运营商网关,6.5,2026-02-26,2026Q1,直销,SM231,shipping
SO204843,C2182,华南,南线,BU-5,运营商网关,178.11,2025-01-02,2025Q1,项目集采,SM110,closed
SO204844,C3262,华中,北线,BU-1,IT 服务,36.38,2025-10-01,2025Q4,项目集采,SM176,closed
SO204845,C1073,华中,东线,BU-6,云平台,105.57,2024-02-03,2024Q1,渠道,SM175,closed
SO204846,C3705,华北,北线,BU-5,BSS-OSS,77.87,2026-03-05,2026Q1,直销,SM239,shipping
SO204847,C2789,华南,中线,BU-3,智能客服,37.17,2026-02-24,2026Q1,电商,SM144,closed
SO204848,C2941,华东,中线,BU-4,云平台,30.54,2025-11-14,2025Q4,项目集采,SM171,closed
SO204849,C2776,华中,中线,BU-1,AI 助理,47.38,2025-05-14,2025Q2,电商,SM189,closed
SO204850,C2549,华东,北线,BU-4,IT 服务,37.67,2026-03-16,2026Q1,项目集采,SM140,closed
SO204851,C3691,华中,南线,BU-6,智能客服,14.02,2025-03-24,2025Q1,渠道,SM138,closed
SO204852,C3284,华北,中线,BU-5,云平台,10.98,2025-07-27,2025Q3,直销,SM111,closed
SO204853,C1914,华南,中线,BU-6,运营商网关,151.0,2024-08-22,2024Q3,直销,SM106,closed
SO204854,C1307,西南,东线,BU-4,BSS-OSS,7.58,2026-02-02,2026Q1,直销,SM215,closed
SO204855,C2364,华北,北线,BU-4,运营商网关,11.68,2026-03-25,2026Q1,直销,SM226,closed
SO204856,C2823,华南,中线,BU-4,数据中台,32.92,2026-01-12,2026Q1,直销,SM140,closed
SO204857,C2791,华南,南线,BU-3,智能客服,16.17,2026-02-15,2026Q1,直销,SM153,shipping
SO204858,C1924,华南,南线,BU-3,云平台,17.06,2024-06-01,2024Q2,渠道,SM132,closed
SO204859,C1500,华东,北线,BU-6,AI 助理,99.6,2024-10-14,2024Q4,渠道,SM162,closed
SO204860,C1938,华东,中线,BU-4,云平台,63.22,2026-02-10,2026Q1,电商,SM205,closed
SO204861,C2910,华南,北线,BU-4,运营商网关,55.06,2024-08-02,2024Q3,渠道,SM194,closed
SO204862,C1642,华南,中线,BU-3,AI 助理,12.383000000000001,2026-03-01,2026Q1,直销,SM210,closed
SO204863,C2737,华北,东线,BU-6,运营商网关,20.11,2024-08-18,2024Q3,直销,SM203,closed
SO204864,C2230,华北,中线,BU-5,智能客服,112.01,2026-03-24,2026Q1,项目集采,SM172,closed
SO204865,C3073,华中,东线,BU-6,智能客服,29.19,2025-12-16,2025Q4,渠道,SM100,closed
SO204866,C1630,华中,南线,BU-4,BSS-OSS,122.13,2026-02-03,2026Q1,直销,SM133,closed
SO204867,C1984,华东,东线,BU-4,AI 助理,22.3,2024-11-14,2024Q4,渠道,SM230,closed
SO204868,C1128,华中,中线,BU-4,智能客服,47.02,2024-12-04,2024Q4,电商,SM156,closed
SO204869,C1370,西南,中线,BU-5,IT 服务,117.57,2026-01-07,2026Q1,电商,SM214,closed
SO204870,C3867,华南,东线,BU-4,智能客服,0.59,2025-03-25,2025Q1,项目集采,SM223,closed
SO204871,C1877,华中,东线,BU-3,AI 助理,26.66,2026-02-06,2026Q1,渠道,SM222,shipping
SO204872,C3820,华东,中线,BU-2,数据中台,56.88,2026-03-04,2026Q1,电商,SM153,closed
SO204873,C1536,东北,中线,BU-6,IT 服务,144.16,2026-01-16,2026Q1,直销,SM143,shipping
SO204874,C1852,华南,东线,BU-2,运营商网关,50.39,2025-08-22,2025Q3,直销,SM218,closed
SO204875,C3312,华北,中线,BU-1,智能客服,95.66,2024-08-01,2024Q3,电商,SM193,shipping
SO204876,C3367,华东,中线,BU-1,IT 服务,32.96,2024-05-11,2024Q2,项目集采,SM152,closed
SO204877,C1369,西南,南线,BU-4,运营商网关,69.43,2025-07-10,2025Q3,渠道,SM120,closed
SO204878,C2143,华中,北线,BU-1,云平台,52.22,2025-07-15,2025Q3,渠道,SM234,closed
SO204879,C1516,华北,南线,BU-1,IT 服务,43.75,2026-01-22,2026Q1,电商,SM114,closed
SO204880,C3014,华中,南线,BU-2,云平台,27.79,2026-01-07,2026Q1,项目集采,SM118,closed
SO204881,C3668,东北,北线,BU-2,BSS-OSS,2.27,2025-10-04,2025Q4,项目集采,SM171,closed
SO204882,C1830,华东,中线,BU-2,BSS-OSS,30.77,2026-03-22,2026Q1,渠道,SM110,closed
SO204883,C2875,华北,北线,BU-6,智能客服,15.53,2024-07-09,2024Q3,渠道,SM237,closed
SO204884,C3180,华东,北线,BU-6,IT 服务,2.95,2026-02-09,2026Q1,电商,SM250,closed
SO204885,C1368,华中,北线,BU-1,运营商网关,19.89,2026-02-23,2026Q1,项目集采,SM150,closed
SO204886,C2787,华北,北线,BU-2,AI 助理,18.73,2024-09-14,2024Q3,渠道,SM164,closed
SO204887,C1641,华南,中线,BU-2,IT 服务,21.94,2026-02-21,2026Q1,渠道,SM197,closed
SO204888,C1676,华东,东线,BU-2,云平台,67.61,2026-02-04,2026Q1,渠道,SM165,closed
SO204889,C2129,华东,东线,BU-4,BSS-OSS,58.04,2025-11-22,2025Q4,渠道,SM219,closed
SO204890,C3187,华东,北线,BU-3,IT 服务,34.46,2024-05-03,2024Q2,电商,SM173,closed
SO204891,C1408,华中,北线,BU-1,AI 助理,64.87,2025-02-25,2025Q1,直销,SM109,closed
SO204892,C2852,华北,北线,BU-6,数据中台,102.88,2026-03-18,2026Q1,渠道,SM192,closed
SO204893,C1104,华北,南线,BU-2,运营商网关,217.01,2025-06-17,2025Q2,直销,SM183,closed
SO204894,C3155,华东,东线,BU-2,BSS-OSS,11.92,2025-03-16,2025Q1,电商,SM169,closed
SO204895,C3573,华东,东线,BU-4,BSS-OSS,3.59,2026-02-17,2026Q1,电商,SM165,closed
SO204896,C3548,西南,中线,BU-5,BSS-OSS,31.19,2025-02-10,2025Q1,渠道,SM245,closed
SO204897,C3740,华南,中线,BU-2,IT 服务,24.69,2026-03-05,2026Q1,项目集采,SM127,shipping
SO204898,C2415,华东,南线,BU-3,IT 服务,29.2,2026-03-27,2026Q1,电商,SM234,shipping
SO204899,C1225,西南,南线,BU-6,智能客服,78.23,2026-02-15,2026Q1,项目集采,SM128,closed
SO204900,C1581,华北,东线,BU-2,云平台,0.97,2025-06-22,2025Q2,项目集采,SM171,closed
SO204901,C1059,华北,南线,BU-3,BSS-OSS,39.98,2024-07-14,2024Q3,电商,SM239,closed
SO204902,C2604,华北,中线,BU-1,运营商网关,111.59,2026-03-20,2026Q1,电商,SM245,closed
SO204903,C3052,华南,东线,BU-4,云平台,0.67,2025-05-22,2025Q2,渠道,SM117,closed
SO204904,C3578,东北,中线,BU-6,运营商网关,33.48,2025-03-06,2025Q1,渠道,SM196,closed
SO204905,C3674,华北,东线,BU-6,数据中台,7.79,2026-02-20,2026Q1,电商,SM177,closed
SO204906,C2949,华南,南线,BU-5,数据中台,131.33,2025-02-19,2025Q1,渠道,SM224,closed
SO204907,C1201,东北,东线,BU-5,运营商网关,112.06,2025-04-11,2025Q2,电商,SM118,closed
SO204908,C1718,华东,东线,BU-4,IT 服务,190.4,2025-02-24,2025Q1,直销,SM206,closed
SO204909,C2455,华北,北线,BU-5,运营商网关,9.97,2024-08-22,2024Q3,直销,SM167,closed
SO204910,C2457,华北,东线,BU-6,智能客服,30.46,2025-09-07,2025Q3,项目集采,SM178,shipping
SO204911,C1221,华北,东线,BU-1,数据中台,145.46,2026-02-14,2026Q1,渠道,SM234,closed
SO204912,C2295,华东,北线,BU-2,数据中台,64.29,2024-08-08,2024Q3,电商,SM107,closed
SO204913,C3683,华中,北线,BU-2,数据中台,19.43,2025-03-24,2025Q1,渠道,SM161,closed
SO204914,C2563,华北,南线,BU-5,BSS-OSS,63.8,2026-01-23,2026Q1,直销,SM120,closed
SO204915,C2007,华北,东线,BU-5,IT 服务,14.82,2024-01-20,2024Q1,项目集采,SM229,closed
SO204916,C2888,华南,东线,BU-5,云平台,21.73,2026-01-24,2026Q1,直销,SM160,closed
SO204917,C2250,西南,中线,BU-6,运营商网关,170.16,2024-03-17,2024Q1,直销,SM188,closed
SO204918,C2828,华北,中线,BU-3,云平台,97.53,2025-04-22,2025Q2,电商,SM193,closed
SO204919,C3622,华东,南线,BU-2,BSS-OSS,96.36,2025-10-10,2025Q4,电商,SM116,closed
SO204920,C1328,东北,东线,BU-1,智能客服,8.16,2025-02-07,2025Q1,电商,SM195,closed
SO204921,C2353,华南,北线,BU-4,BSS-OSS,147.99,2026-01-07,2026Q1,项目集采,SM185,closed
SO204922,C2396,华南,南线,BU-1,IT 服务,8.87,2026-03-06,2026Q1,渠道,SM147,closed
SO204923,C3952,华南,南线,BU-3,云平台,15.812999999999999,2026-02-25,2026Q1,直销,SM110,closed
SO204924,C1856,华东,中线,BU-1,数据中台,172.14,2025-11-10,2025Q4,电商,SM225,shipping
SO204925,C2793,华南,北线,BU-4,智能客服,23.18,2025-05-23,2025Q2,直销,SM244,closed
SO204926,C2015,华南,东线,BU-1,AI 助理,57.16,2026-02-04,2026Q1,渠道,SM178,closed
SO204927,C1961,华中,北线,BU-4,IT 服务,119.06,2024-06-27,2024Q2,项目集采,SM123,closed
SO204928,C3492,华南,南线,BU-1,智能客服,3.87,2026-02-26,2026Q1,渠道,SM101,shipping
SO204929,C3512,华东,中线,BU-1,云平台,79.1,2024-04-05,2024Q2,直销,SM123,closed
SO204930,C3153,华南,中线,BU-3,IT 服务,5.635,2026-03-02,2026Q1,直销,SM147,closed
SO204931,C1986,华东,中线,BU-4,智能客服,57.45,2025-10-18,2025Q4,直销,SM250,closed
SO204932,C1332,华东,南线,BU-1,BSS-OSS,77.65,2025-06-01,2025Q2,直销,SM150,closed
SO204933,C2488,华南,中线,BU-6,数据中台,81.15,2025-12-11,2025Q4,电商,SM220,shipping
SO204934,C1364,华东,东线,BU-4,智能客服,3.33,2024-09-23,2024Q3,直销,SM136,closed
SO204935,C2884,华东,中线,BU-6,数据中台,28.17,2026-01-23,2026Q1,电商,SM228,closed
SO204936,C1864,华北,北线,BU-4,AI 助理,13.67,2026-02-26,2026Q1,直销,SM233,closed
SO204937,C2632,华北,北线,BU-4,云平台,97.08,2025-06-27,2025Q2,直销,SM121,closed
SO204938,C1451,华北,中线,BU-1,云平台,133.74,2025-05-25,2025Q2,电商,SM219,closed
SO204939,C1053,华东,中线,BU-4,BSS-OSS,59.73,2026-03-24,2026Q1,项目集采,SM125,closed
SO204940,C2664,华南,南线,BU-1,运营商网关,20.32,2026-03-22,2026Q1,渠道,SM186,closed
SO204941,C3800,华南,东线,BU-2,BSS-OSS,2.82,2024-11-17,2024Q4,电商,SM165,closed
SO204942,C3460,西南,南线,BU-3,数据中台,40.34,2026-01-13,2026Q1,直销,SM193,pending
SO204943,C1561,华东,中线,BU-1,智能客服,65.25,2026-01-18,2026Q1,直销,SM174,closed
SO204944,C2044,华北,南线,BU-6,IT 服务,160.09,2025-03-14,2025Q1,渠道,SM202,closed
SO204945,C1259,西南,中线,BU-1,数据中台,19.12,2024-09-18,2024Q3,项目集采,SM187,closed
SO204946,C2144,西南,南线,BU-5,数据中台,67.4,2026-02-20,2026Q1,渠道,SM241,closed
SO204947,C3254,华北,南线,BU-4,BSS-OSS,129.44,2024-02-09,2024Q1,电商,SM178,closed
SO204948,C2864,西南,中线,BU-4,运营商网关,33.23,2025-01-23,2025Q1,直销,SM182,closed
SO204949,C3941,华东,东线,BU-4,智能客服,108.29,2024-06-19,2024Q2,直销,SM176,closed
SO204950,C2774,华东,东线,BU-4,BSS-OSS,27.77,2026-01-08,2026Q1,渠道,SM190,closed
SO204951,C3160,华东,北线,BU-1,智能客服,16.23,2026-03-08,2026Q1,直销,SM206,shipping
SO204952,C2092,华南,东线,BU-6,IT 服务,11.57,2026-01-14,2026Q1,直销,SM221,shipping
SO204953,C2292,华南,南线,BU-1,IT 服务,29.33,2026-03-15,2026Q1,直销,SM213,closed
SO204954,C1549,华北,北线,BU-6,数据中台,56.9,2026-01-07,2026Q1,渠道,SM150,closed
SO204955,C2079,华东,北线,BU-2,数据中台,57.73,2024-12-02,2024Q4,渠道,SM200,closed
SO204956,C3938,华南,北线,BU-4,AI 助理,9.52,2025-08-03,2025Q3,项目集采,SM174,closed
SO204957,C3632,华南,东线,BU-3,IT 服务,63.06,2025-11-15,2025Q4,项目集采,SM165,closed
SO204958,C1515,华南,东线,BU-4,AI 助理,28.56,2026-01-02,2026Q1,项目集采,SM140,shipping
SO204959,C2545,华北,南线,BU-1,AI 助理,26.81,2026-03-21,2026Q1,渠道,SM113,closed
SO204960,C3852,华北,中线,BU-4,运营商网关,53.16,2026-01-06,2026Q1,渠道,SM165,closed
SO204961,C2438,华东,南线,BU-2,运营商网关,181.73,2026-02-27,2026Q1,渠道,SM219,closed
SO204962,C2603,华中,南线,BU-6,AI 助理,10.8,2024-04-24,2024Q2,直销,SM227,closed
SO204963,C2238,华南,中线,BU-1,AI 助理,59.2,2025-06-18,2025Q2,项目集采,SM118,shipping
SO204964,C2369,华东,北线,BU-4,智能客服,58.26,2025-03-03,2025Q1,项目集采,SM244,closed
SO204965,C2733,西南,北线,BU-3,云平台,41.76,2024-07-12,2024Q3,渠道,SM227,closed
SO204966,C1082,华南,南线,BU-5,云平台,11.16,2026-03-25,2026Q1,直销,SM209,shipping
SO204967,C2063,华东,北线,BU-2,运营商网关,121.36,2024-08-12,2024Q3,电商,SM241,closed
SO204968,C2386,东北,东线,BU-3,运营商网关,4.14,2024-08-17,2024Q3,项目集采,SM233,closed
SO204969,C1391,华东,东线,BU-6,BSS-OSS,11.04,2024-08-18,2024Q3,直销,SM172,closed
SO204970,C1784,西南,南线,BU-1,智能客服,107.16,2026-03-19,2026Q1,直销,SM214,closed
SO204971,C3979,华中,北线,BU-4,数据中台,35.85,2026-01-22,2026Q1,直销,SM153,closed
SO204972,C1671,华北,东线,BU-2,智能客服,41.34,2026-01-10,2026Q1,项目集采,SM128,closed
SO204973,C1671,西南,南线,BU-1,云平台,28.11,2026-02-15,2026Q1,电商,SM133,closed
SO204974,C1189,华中,东线,BU-2,智能客服,80.2,2024-04-02,2024Q2,直销,SM238,closed
SO204975,C2325,华北,中线,BU-2,运营商网关,39.0,2024-03-02,2024Q1,渠道,SM153,closed
SO204976,C1757,华东,南线,BU-1,AI 助理,28.5,2025-12-15,2025Q4,电商,SM250,closed
SO204977,C1919,西南,北线,BU-5,数据中台,191.09,2024-08-15,2024Q3,直销,SM100,shipping
SO204978,C2292,华北,东线,BU-4,BSS-OSS,38.15,2025-08-04,2025Q3,直销,SM161,closed
SO204979,C2936,华南,南线,BU-4,数据中台,4.09,2026-01-01,2026Q1,电商,SM164,closed
SO204980,C3814,华北,东线,BU-1,BSS-OSS,57.22,2025-04-01,2025Q2,项目集采,SM204,closed
SO204981,C3972,华北,中线,BU-2,BSS-OSS,126.57,2025-02-22,2025Q1,渠道,SM118,pending
SO204982,C1620,华北,北线,BU-3,数据中台,130.56,2026-03-08,2026Q1,电商,SM190,closed
SO204983,C2038,华东,东线,BU-2,IT 服务,14.9,2025-07-03,2025Q3,电商,SM169,closed
SO204984,C1172,华东,中线,BU-6,运营商网关,19.92,2025-02-06,2025Q1,电商,SM197,closed
SO204985,C2672,华东,北线,BU-6,AI 助理,5.38,2025-05-04,2025Q2,渠道,SM123,closed
SO204986,C1707,华中,东线,BU-2,智能客服,23.33,2024-07-24,2024Q3,项目集采,SM193,pending
SO204987,C1604,华北,北线,BU-1,AI 助理,10.36,2025-10-04,2025Q4,项目集采,SM128,closed
SO204988,C2144,华北,南线,BU-3,AI 助理,36.83,2025-06-25,2025Q2,项目集采,SM101,shipping
SO204989,C2525,华北,中线,BU-1,BSS-OSS,224.67,2026-02-16,2026Q1,直销,SM113,closed
SO204990,C2205,华北,东线,BU-2,数据中台,16.07,2025-01-02,2025Q1,渠道,SM211,shipping
SO204991,C3485,华东,东线,BU-6,智能客服,23.1,2025-12-02,2025Q4,渠道,SM234,shipping
SO204992,C3748,华东,中线,BU-1,数据中台,47.25,2025-11-07,2025Q4,项目集采,SM248,closed
SO204993,C1705,华南,北线,BU-5,智能客服,3.42,2026-03-23,2026Q1,电商,SM228,closed
SO204994,C3352,华东,北线,BU-4,运营商网关,36.13,2025-04-09,2025Q2,直销,SM171,closed
SO204995,C1491,华北,北线,BU-2,运营商网关,57.51,2026-03-23,2026Q1,项目集采,SM148,closed
SO204996,C2097,华中,中线,BU-3,运营商网关,12.48,2024-11-25,2024Q4,项目集采,SM132,closed
SO204997,C1219,华东,中线,BU-1,AI 助理,3.08,2026-02-13,2026Q1,电商,SM146,shipping
SO204998,C3958,华北,中线,BU-4,BSS-OSS,46.28,2025-04-08,2025Q2,项目集采,SM199,pending
SO204999,C2688,华南,东线,BU-2,IT 服务,70.01,2025-10-04,2025Q4,渠道,SM239,closed
