ticket_id,customer_id,category,priority,channel,created_at,resolved_at,sla_hours,resolution_time_hours,sla_met,escalated,csat_score,agent_id
T500000,C1009,退订,P4,在线,2026-02-22 02:00:00,2026-02-23 18:31:02,72,40.52,1,0,3,A156
T500001,C1209,咨询,P1,App,2026-03-27 17:00:00,2026-03-27 18:10:08,4,1.17,1,0,5,A232
T500002,C3108,故障申报,P3,在线,2026-02-02 23:00:00,2026-02-03 06:46:15,24,7.77,1,0,5,A254
T500003,C2311,故障申报,P3,热线,2026-04-07 02:00:00,2026-04-07 18:53:59,24,16.9,1,1,5,A123
T500004,C3484,投诉,P1,App,2026-04-05 08:00:00,2026-04-05 08:45:22,4,0.76,1,0,2,A265
T500005,C2082,业务变更,P3,邮件,2026-03-03 17:00:00,2026-03-03 20:40:19,24,3.67,1,0,4,A194
T500006,C1473,业务变更,P3,邮件,2026-01-12 18:00:00,2026-01-13 07:01:15,24,13.02,1,0,4,A269
T500007,C3713,退订,P2,App,2026-02-05 23:00:00,2026-02-06 04:27:38,8,5.46,1,0,5,A119
T500008,C3957,故障申报,P2,邮件,2026-03-20 09:00:00,2026-03-20 12:23:23,8,3.39,1,0,5,A249
T500009,C1508,故障申报,P2,在线,2026-01-04 21:00:00,2026-01-04 22:51:27,8,1.86,1,0,4,A220
T500010,C1078,投诉,P4,在线,2026-02-23 20:00:00,2026-02-25 02:48:12,72,30.8,1,0,4,A101
T500011,C2274,业务变更,P3,邮件,2026-03-12 16:00:00,2026-03-12 18:07:20,24,2.12,1,0,5,A119
T500012,C1476,退订,P2,在线,2026-01-22 01:00:00,2026-01-22 05:17:34,8,4.29,1,0,4,A167
T500013,C1010,退订,P4,邮件,2026-03-26 17:00:00,2026-03-30 04:52:12,72,83.87,0,0,2,A163
T500014,C3177,退订,P2,App,2026-03-16 13:00:00,2026-03-16 21:10:43,8,8.18,0,0,4,A138
T500015,C2681,故障申报,P3,App,2026-04-27 17:00:00,2026-04-28 19:34:54,24,26.58,0,0,5,A214
T500016,C2837,投诉,P3,热线,2026-04-02 22:00:00,2026-04-05 00:23:33,24,50.39,0,0,2,A132
T500017,C1556,投诉,P1,邮件,2026-01-21 08:00:00,2026-01-21 08:33:00,4,0.55,1,0,3,A218
T500018,C1244,故障申报,P2,在线,2026-03-22 06:00:00,2026-03-22 12:34:15,8,6.57,1,0,2,A146
T500019,C2326,故障申报,P4,App,2026-01-16 23:00:00,2026-01-17 17:35:13,72,18.59,1,1,4,A270
T500020,C2304,咨询,P2,邮件,2026-02-16 10:00:00,2026-02-16 10:47:37,8,0.79,1,0,3,A136
T500021,C3379,退订,P2,在线,2026-04-22 13:00:00,2026-04-23 03:32:53,8,14.55,0,0,1,A159
T500022,C2704,业务变更,P4,在线,2026-04-22 03:00:00,2026-04-24 02:10:09,72,47.17,1,0,5,A284
T500023,C2385,故障申报,P1,在线,2026-04-21 02:00:00,2026-04-21 05:34:27,4,3.57,1,0,5,A121
T500024,C2533,业务变更,P2,在线,2026-02-06 13:00:00,2026-02-06 16:44:06,8,3.74,1,0,2,A244
T500025,C3835,退订,P1,在线,2026-02-21 13:00:00,2026-02-21 13:30:00,4,0.5,1,0,4,A212
T500026,C3390,业务变更,P2,热线,2026-02-15 07:00:00,2026-02-15 08:51:03,8,1.85,1,0,4,A275
T500027,C3468,故障申报,P3,热线,2026-04-05 01:00:00,2026-04-05 07:22:10,24,6.37,1,0,4,A160
T500028,C3275,退订,P2,邮件,2026-02-18 04:00:00,2026-02-18 10:27:22,8,6.46,1,0,5,A168
T500029,C2482,其他,P2,在线,2026-03-21 02:00:00,2026-03-21 19:53:46,8,17.9,0,0,4,A142
T500030,C3627,咨询,P1,邮件,2026-04-20 11:00:00,2026-04-20 14:25:20,4,3.42,1,0,3,A142
T500031,C2385,其他,P4,App,2026-04-09 20:00:00,2026-04-09 22:31:05,72,2.52,1,0,4,A275
T500032,C3466,投诉,P1,在线,2026-02-04 20:00:00,2026-02-05 03:02:44,4,7.05,0,0,5,A194
T500033,C1224,故障申报,P1,邮件,2026-02-10 12:00:00,2026-02-10 13:26:53,4,1.45,1,0,1,A290
T500034,C2637,业务变更,P4,邮件,2026-03-01 20:00:00,2026-03-03 02:00:07,72,30.0,1,0,5,A181
T500035,C3465,投诉,P4,邮件,2026-04-03 04:00:00,2026-04-03 10:43:38,72,6.73,1,0,1,A162
T500036,C3678,咨询,P1,App,2026-04-05 09:00:00,2026-04-05 11:19:08,4,2.32,1,0,5,A182
T500037,C1306,退订,P3,在线,2026-02-22 17:00:00,2026-02-24 03:35:07,24,34.59,0,0,2,A177
T500038,C3958,故障申报,P4,App,2026-03-16 08:00:00,2026-03-17 16:52:14,72,32.87,1,0,5,A227
T500039,C2509,退订,P1,邮件,2026-01-06 16:00:00,2026-01-06 17:46:14,4,1.77,1,0,2,A218
T500040,C2876,其他,P2,App,2026-04-26 15:00:00,2026-04-26 22:15:28,8,7.26,1,0,5,A213
T500041,C3957,故障申报,P4,热线,2026-03-19 10:00:00,2026-03-20 08:07:39,72,22.13,1,0,5,A146
T500042,C1371,退订,P4,热线,2026-03-04 21:00:00,2026-03-09 20:51:38,72,119.86,0,0,4,A300
T500043,C1675,业务变更,P2,热线,2026-03-21 11:00:00,2026-03-21 20:01:20,8,9.02,0,0,4,A297
T500044,C3684,咨询,P3,在线,2026-04-02 09:00:00,2026-04-05 06:05:06,24,69.09,0,0,4,A233
T500045,C3973,故障申报,P1,App,2026-03-14 08:00:00,2026-03-14 10:11:50,4,2.2,1,0,3,A116
T500046,C1066,退订,P2,App,2026-02-12 23:00:00,2026-02-13 00:50:59,8,1.85,1,0,4,A262
T500047,C3226,其他,P2,App,2026-03-12 09:00:00,2026-03-12 15:27:20,8,6.46,1,0,5,A241
T500048,C3146,故障申报,P3,热线,2026-03-04 13:00:00,2026-03-05 03:45:23,24,14.76,1,0,5,A175
T500049,C2001,其他,P3,邮件,2026-03-16 10:00:00,2026-03-16 18:13:14,24,8.22,1,0,5,A234
T500050,C2524,业务变更,P4,App,2026-01-13 00:00:00,2026-01-13 07:06:37,72,7.11,1,0,4,A252
T500051,C3565,投诉,P3,热线,2026-04-05 10:00:00,2026-04-05 15:10:40,24,5.18,1,0,4,A240
T500052,C3563,其他,P1,邮件,2026-01-24 09:00:00,2026-01-24 09:54:46,4,0.91,1,0,4,A262
T500053,C1313,退订,P2,在线,2026-02-25 01:00:00,2026-02-25 03:21:28,8,2.36,1,0,4,A140
T500054,C2400,其他,P1,App,2026-01-25 00:00:00,2026-01-25 00:30:00,4,0.5,1,0,3,A206
T500055,C3956,故障申报,P3,在线,2026-02-25 20:00:00,2026-02-25 21:42:00,24,1.7,1,0,5,A118
T500056,C3894,故障申报,P3,邮件,2026-04-26 21:00:00,2026-04-27 06:26:58,24,9.45,1,0,4,A210
T500057,C3626,业务变更,P2,邮件,2026-02-01 15:00:00,2026-02-01 22:24:37,8,7.41,1,0,4,A126
T500058,C3114,投诉,P2,邮件,2026-01-11 06:00:00,2026-01-11 12:36:03,8,6.6,1,0,5,A240
T500059,C3779,业务变更,P1,在线,2026-04-21 05:00:00,2026-04-21 05:56:07,4,0.94,1,0,4,A124
T500060,C2193,咨询,P4,在线,2026-02-26 22:00:00,2026-02-27 07:46:26,72,9.77,1,0,2,A194
T500061,C2096,咨询,P2,邮件,2026-01-01 16:00:00,2026-01-01 16:36:37,8,0.61,1,0,5,A120
T500062,C2618,投诉,P3,App,2026-04-09 05:00:00,2026-04-09 13:16:10,24,8.27,1,0,4,A117
T500063,C1161,咨询,P1,邮件,2026-03-11 15:00:00,2026-03-11 23:18:37,4,8.31,0,0,2,A115
T500064,C1648,业务变更,P2,在线,2026-02-14 02:00:00,2026-02-14 03:20:38,8,1.34,1,0,4,A281
T500065,C2020,退订,P2,热线,2026-01-23 19:00:00,2026-01-23 20:59:57,8,2.0,1,0,5,A126
T500066,C2330,故障申报,P1,热线,2026-02-24 17:00:00,2026-02-24 17:30:00,4,0.5,1,1,4,A103
T500067,C2865,退订,P3,热线,2026-02-25 06:00:00,2026-02-25 07:56:28,24,1.94,1,0,5,A220
T500068,C2173,退订,P2,在线,2026-01-08 01:00:00,2026-01-08 02:23:07,8,1.39,1,0,4,A224
T500069,C3412,咨询,P2,在线,2026-01-11 11:00:00,2026-01-11 18:00:42,8,7.01,1,0,4,A271
T500070,C1043,其他,P1,App,2026-04-15 04:00:00,2026-04-15 04:30:00,4,0.5,1,1,5,A118
T500071,C2022,业务变更,P4,App,2026-01-11 18:00:00,2026-01-11 23:18:20,72,5.31,1,0,5,A289
T500072,C2331,业务变更,P3,热线,2026-01-26 17:00:00,2026-01-27 14:01:04,24,21.02,1,0,4,A250
T500073,C3877,故障申报,P4,热线,2026-04-09 21:00:00,2026-04-11 08:17:04,72,35.28,1,0,5,A158
T500074,C3038,业务变更,P2,热线,2026-01-26 03:00:00,2026-01-26 12:25:24,8,9.42,0,0,4,A279
T500075,C3163,故障申报,P4,热线,2026-02-23 01:00:00,2026-02-23 02:27:08,72,1.45,1,0,5,A104
T500076,C2747,业务变更,P1,热线,2026-04-09 10:00:00,2026-04-09 10:30:00,4,0.5,1,1,4,A225
T500077,C2370,退订,P4,邮件,2026-04-13 17:00:00,2026-04-14 16:13:44,72,23.23,1,0,4,A117
T500078,C3183,咨询,P1,App,2026-04-27 05:00:00,2026-04-27 06:30:31,4,1.51,1,0,5,A202
T500079,C1193,故障申报,P1,App,2026-04-26 14:00:00,2026-04-26 15:18:38,4,1.31,1,0,4,A211
T500080,C2955,投诉,P1,邮件,2026-04-13 15:00:00,2026-04-13 15:41:18,4,0.69,1,0,5,A119
T500081,C2355,咨询,P3,热线,2026-01-23 13:00:00,2026-01-24 01:06:54,24,12.12,1,0,4,A220
T500082,C2873,退订,P4,在线,2026-01-11 13:00:00,2026-01-11 13:30:00,72,0.5,1,0,5,A117
T500083,C2245,其他,P2,热线,2026-04-19 04:00:00,2026-04-19 05:47:16,8,1.79,1,0,4,A193
T500084,C1993,投诉,P3,热线,2026-01-18 05:00:00,2026-01-19 00:20:49,24,19.35,1,0,5,A197
T500085,C3719,故障申报,P3,在线,2026-03-26 00:00:00,2026-03-26 04:12:13,24,4.2,1,0,3,A152
T500086,C3463,其他,P3,邮件,2026-04-19 23:00:00,2026-04-20 08:19:37,24,9.33,1,0,3,A148
T500087,C3443,故障申报,P3,热线,2026-02-27 02:00:00,2026-02-27 18:15:28,24,16.26,1,1,2,A195
T500088,C2144,故障申报,P4,App,2026-03-14 09:00:00,2026-03-15 15:54:08,72,30.9,1,0,4,A245
T500089,C1657,咨询,P2,在线,2026-04-18 19:00:00,2026-04-18 22:38:13,8,3.64,1,0,5,A180
T500090,C3254,故障申报,P4,App,2026-02-23 16:00:00,2026-02-25 02:47:24,72,34.79,1,0,3,A134
T500091,C1494,退订,P4,在线,2026-01-19 15:00:00,2026-01-19 15:30:00,72,0.5,1,1,4,A168
T500092,C1562,故障申报,P1,在线,2026-03-04 01:00:00,2026-03-04 03:28:12,4,2.47,1,0,5,A229
T500093,C3385,咨询,P1,App,2026-02-12 12:00:00,2026-02-12 17:15:17,4,5.25,0,0,2,A169
T500094,C3328,退订,P4,在线,2026-01-15 03:00:00,2026-01-15 21:13:21,72,18.22,1,0,3,A273
T500095,C3793,退订,P4,邮件,2026-01-01 23:00:00,2026-01-04 02:50:01,72,51.83,1,0,5,A185
T500096,C3625,咨询,P2,App,2026-04-24 12:00:00,2026-04-24 20:45:09,8,8.75,0,0,5,A223
T500097,C3326,咨询,P1,在线,2026-03-05 07:00:00,2026-03-05 17:48:35,4,10.81,0,0,5,A227
T500098,C2150,投诉,P1,App,2026-02-10 23:00:00,2026-02-11 00:31:18,4,1.52,1,0,4,A243
T500099,C3638,投诉,P4,邮件,2026-01-03 13:00:00,2026-01-04 16:41:57,72,27.7,1,0,5,A250
T500100,C2206,退订,P3,热线,2026-03-26 05:00:00,2026-03-27 01:24:50,24,20.41,1,0,5,A131
T500101,C2985,投诉,P3,热线,2026-03-23 12:00:00,2026-03-24 01:09:00,24,13.15,1,0,5,A132
T500102,C3456,咨询,P1,App,2026-04-12 17:00:00,2026-04-12 17:31:20,4,0.52,1,0,4,A201
T500103,C1729,业务变更,P3,热线,2026-01-10 05:00:00,2026-01-10 05:30:00,24,0.5,1,0,4,A158
T500104,C2747,业务变更,P2,邮件,2026-01-13 12:00:00,2026-01-13 21:59:32,8,9.99,0,0,4,A212
T500105,C1554,投诉,P1,邮件,2026-04-15 10:00:00,2026-04-15 11:04:37,4,1.08,1,1,4,A116
T500106,C3665,退订,P4,在线,2026-01-17 06:00:00,2026-01-17 12:52:13,72,6.87,1,0,4,A267
T500107,C3816,业务变更,P1,在线,2026-03-23 12:00:00,2026-03-23 13:21:42,4,1.36,1,0,4,A126
T500108,C2777,其他,P1,App,2026-02-06 17:00:00,2026-02-06 17:44:57,4,0.75,1,0,1,A117
T500109,C1961,业务变更,P2,App,2026-04-09 21:00:00,2026-04-09 23:01:44,8,2.03,1,0,5,A257
T500110,C1196,投诉,P1,App,2026-01-27 23:00:00,2026-01-28 01:55:54,4,2.93,1,0,5,A126
T500111,C1762,故障申报,P2,在线,2026-02-10 10:00:00,2026-02-10 11:06:19,8,1.11,1,0,4,A138
T500112,C2688,咨询,P4,热线,2026-01-12 19:00:00,2026-01-15 08:41:33,72,61.69,1,0,5,A272
T500113,C3456,投诉,P1,热线,2026-03-13 03:00:00,2026-03-13 05:20:20,4,2.34,1,0,2,A244
T500114,C2415,业务变更,P2,热线,2026-03-05 05:00:00,2026-03-05 06:18:45,8,1.31,1,0,5,A104
T500115,C3457,退订,P2,邮件,2026-04-08 03:00:00,2026-04-08 07:05:23,8,4.09,1,0,5,A170
T500116,C3580,投诉,P4,在线,2026-02-21 21:00:00,2026-02-26 08:02:02,72,107.03,0,0,5,A146
T500117,C2130,其他,P4,热线,2026-02-26 14:00:00,2026-02-26 23:09:27,72,9.16,1,1,5,A210
T500118,C2325,投诉,P2,App,2026-02-11 05:00:00,2026-02-11 05:30:00,8,0.5,1,0,5,A121
T500119,C1645,投诉,P3,在线,2026-03-19 03:00:00,2026-03-19 06:22:50,24,3.38,1,0,3,A269
T500120,C1304,退订,P1,热线,2026-02-26 03:00:00,2026-02-26 03:30:00,4,0.5,1,0,5,A171
T500121,C1578,其他,P2,App,2026-02-19 08:00:00,2026-02-19 09:59:38,8,1.99,1,0,5,A264
T500122,C3030,其他,P4,在线,2026-03-02 10:00:00,2026-03-03 07:44:36,72,21.74,1,0,4,A202
T500123,C2769,咨询,P4,App,2026-02-06 04:00:00,2026-02-06 22:24:03,72,18.4,1,0,2,A226
T500124,C2255,投诉,P2,邮件,2026-02-20 18:00:00,2026-02-21 04:26:53,8,10.45,0,0,4,A198
T500125,C3868,其他,P2,邮件,2026-01-27 20:00:00,2026-01-28 00:11:03,8,4.18,1,0,3,A226
T500126,C3424,投诉,P1,在线,2026-04-14 12:00:00,2026-04-14 15:24:31,4,3.41,1,0,4,A289
T500127,C2509,投诉,P1,邮件,2026-03-11 13:00:00,2026-03-11 14:31:24,4,1.52,1,1,4,A296
T500128,C2772,其他,P3,热线,2026-02-07 22:00:00,2026-02-08 17:36:27,24,19.61,1,0,4,A131
T500129,C3882,退订,P2,热线,2026-03-02 21:00:00,2026-03-03 00:18:16,8,3.3,1,0,4,A255
T500130,C1603,投诉,P1,App,2026-04-03 18:00:00,2026-04-03 20:01:49,4,2.03,1,0,3,A137
T500131,C1888,投诉,P1,热线,2026-03-09 23:00:00,2026-03-10 00:39:36,4,1.66,1,0,4,A213
T500132,C1006,业务变更,P2,App,2026-04-04 09:00:00,2026-04-04 17:48:49,8,8.81,0,0,4,A247
T500133,C1651,投诉,P1,在线,2026-04-21 21:00:00,2026-04-22 00:19:39,4,3.33,1,0,5,A139
T500134,C1741,投诉,P4,邮件,2026-04-09 11:00:00,2026-04-10 07:02:56,72,20.05,1,0,4,A132
T500135,C2305,其他,P2,邮件,2026-01-10 11:00:00,2026-01-10 11:55:27,8,0.92,1,0,4,A264
T500136,C3020,投诉,P3,在线,2026-01-23 02:00:00,2026-01-24 02:39:02,24,24.65,0,0,4,A185
T500137,C2700,咨询,P4,App,2026-04-04 16:00:00,2026-04-09 15:49:04,72,119.82,0,0,4,A266
T500138,C1592,退订,P3,在线,2026-04-27 19:00:00,2026-04-28 22:09:32,24,27.16,0,0,4,A146
T500139,C2649,故障申报,P4,App,2026-02-20 12:00:00,2026-02-21 09:56:54,72,21.95,1,0,5,A201
T500140,C3353,投诉,P3,邮件,2026-04-27 08:00:00,2026-04-27 23:14:26,24,15.24,1,0,5,A198
T500141,C2587,退订,P4,App,2026-02-18 11:00:00,2026-02-23 10:14:31,72,119.24,0,0,4,A277
T500142,C2396,业务变更,P4,在线,2026-04-02 21:00:00,2026-04-03 03:36:21,72,6.61,1,0,5,A155
T500143,C3678,业务变更,P3,App,2026-02-09 13:00:00,2026-02-09 16:57:53,24,3.96,1,0,4,A208
T500144,C1642,咨询,P3,App,2026-04-04 06:00:00,2026-04-06 01:02:40,24,43.04,0,0,4,A212
T500145,C3427,退订,P1,App,2026-03-14 10:00:00,2026-03-14 10:47:17,4,0.79,1,0,3,A203
T500146,C3174,投诉,P3,在线,2026-02-08 11:00:00,2026-02-10 22:45:56,24,59.77,0,0,4,A174
T500147,C3120,其他,P4,在线,2026-03-24 09:00:00,2026-03-25 18:08:19,72,33.14,1,0,3,A280
T500148,C2389,投诉,P3,在线,2026-01-18 08:00:00,2026-01-18 11:18:23,24,3.31,1,0,3,A199
T500149,C2281,退订,P1,在线,2026-03-20 12:00:00,2026-03-20 17:28:22,4,5.47,0,0,5,A161
T500150,C3806,其他,P2,在线,2026-04-19 03:00:00,2026-04-19 08:51:12,8,5.85,1,0,5,A249
T500151,C2307,退订,P3,邮件,2026-02-03 10:00:00,2026-02-04 03:44:24,24,17.74,1,0,4,A107
T500152,C2354,业务变更,P1,邮件,2026-02-22 14:00:00,2026-02-22 15:49:05,4,1.82,1,0,4,A204
T500153,C1470,故障申报,P4,在线,2026-02-07 21:00:00,2026-02-08 04:12:39,72,7.21,1,0,4,A205
T500154,C3169,退订,P1,热线,2026-02-15 06:00:00,2026-02-15 06:30:00,4,0.5,1,1,4,A118
T500155,C2071,其他,P2,在线,2026-04-17 20:00:00,2026-04-17 20:44:26,8,0.74,1,1,4,A212
T500156,C2102,其他,P4,App,2026-03-16 00:00:00,2026-03-17 08:04:50,72,32.08,1,0,4,A132
T500157,C2995,业务变更,P3,邮件,2026-03-17 13:00:00,2026-03-18 03:31:53,24,14.53,1,0,5,A199
T500158,C2204,投诉,P4,在线,2026-01-02 07:00:00,2026-01-03 09:31:48,72,26.53,1,0,5,A274
T500159,C2169,业务变更,P3,热线,2026-02-13 07:00:00,2026-02-13 09:24:54,24,2.42,1,0,5,A123
T500160,C3977,咨询,P1,热线,2026-04-27 05:00:00,2026-04-27 05:30:00,4,0.5,1,0,5,A287
T500161,C1568,其他,P2,在线,2026-02-22 02:00:00,2026-02-22 06:54:20,8,4.91,1,0,4,A178
T500162,C3030,退订,P2,热线,2026-04-16 12:00:00,2026-04-16 13:25:39,8,1.43,1,0,4,A233
T500163,C1575,业务变更,P1,热线,2026-03-23 15:00:00,2026-03-23 18:11:08,4,3.19,1,0,1,A219
T500164,C2300,咨询,P1,邮件,2026-04-23 00:00:00,2026-04-23 02:45:22,4,2.76,1,0,4,A173
T500165,C3982,退订,P2,App,2026-01-13 01:00:00,2026-01-13 04:26:42,8,3.45,1,0,1,A154
T500166,C3093,退订,P4,App,2026-04-04 10:00:00,2026-04-05 14:21:38,72,28.36,1,0,3,A139
T500167,C2810,业务变更,P1,在线,2026-03-15 15:00:00,2026-03-15 15:30:00,4,0.5,1,0,2,A243
T500168,C3535,故障申报,P2,在线,2026-04-16 20:00:00,2026-04-16 21:25:12,8,1.42,1,0,3,A109
T500169,C2432,咨询,P1,App,2026-04-27 18:00:00,2026-04-27 18:30:00,4,0.5,1,0,4,A226
T500170,C2189,退订,P1,App,2026-01-14 13:00:00,2026-01-14 14:48:06,4,1.8,1,0,5,A103
T500171,C3165,其他,P1,App,2026-04-03 04:00:00,2026-04-03 04:30:00,4,0.5,1,0,4,A118
T500172,C1531,故障申报,P2,在线,2026-04-06 10:00:00,2026-04-07 10:56:25,8,24.94,0,0,1,A239
T500173,C1062,其他,P3,App,2026-02-15 20:00:00,2026-02-16 21:03:11,24,25.05,0,0,5,A144
T500174,C2602,咨询,P1,App,2026-02-04 02:00:00,2026-02-04 02:30:00,4,0.5,1,0,5,A275
T500175,C3344,业务变更,P2,在线,2026-04-13 20:00:00,2026-04-13 22:52:44,8,2.88,1,1,5,A213
T500176,C2148,故障申报,P4,邮件,2026-01-15 13:00:00,2026-01-19 10:46:23,72,93.77,0,0,4,A139
T500177,C3022,业务变更,P1,热线,2026-03-05 21:00:00,2026-03-05 21:38:06,4,0.64,1,0,1,A186
T500178,C2565,退订,P1,热线,2026-04-05 14:00:00,2026-04-05 16:00:11,4,2.0,1,0,5,A248
T500179,C3708,退订,P1,在线,2026-02-02 11:00:00,2026-02-02 22:46:47,4,11.78,0,0,4,A126
T500180,C3692,其他,P3,App,2026-02-04 11:00:00,2026-02-04 13:54:24,24,2.91,1,0,3,A299
T500181,C2648,投诉,P2,热线,2026-03-24 11:00:00,2026-03-24 23:20:59,8,12.35,0,0,5,A160
T500182,C2371,投诉,P3,App,2026-01-14 14:00:00,2026-01-14 16:24:58,24,2.42,1,0,5,A206
T500183,C2804,其他,P3,邮件,2026-04-15 12:00:00,2026-04-18 00:19:33,24,60.33,0,0,5,A259
T500184,C3300,退订,P4,App,2026-01-23 16:00:00,2026-01-24 19:59:04,72,27.98,1,0,4,A202
T500185,C1981,投诉,P3,在线,2026-02-04 18:00:00,2026-02-06 13:47:13,24,43.79,0,0,4,A118
T500186,C3079,故障申报,P3,邮件,2026-02-05 15:00:00,2026-02-06 06:06:43,24,15.11,1,0,4,A154
T500187,C2191,其他,P1,邮件,2026-04-13 14:00:00,2026-04-13 14:30:00,4,0.5,1,0,4,A206
T500188,C2372,退订,P4,热线,2026-04-08 09:00:00,2026-04-08 11:36:34,72,2.61,1,0,1,A288
T500189,C2241,退订,P2,热线,2026-02-14 06:00:00,2026-02-14 11:23:12,8,5.39,1,0,5,A169
T500190,C2122,退订,P4,邮件,2026-02-16 11:00:00,2026-02-18 02:08:09,72,39.14,1,0,4,A272
T500191,C3579,故障申报,P1,邮件,2026-02-17 10:00:00,2026-02-17 13:33:02,4,3.55,1,0,4,A108
T500192,C2821,故障申报,P3,在线,2026-02-02 06:00:00,2026-02-02 16:09:36,24,10.16,1,0,4,A183
T500193,C2354,故障申报,P4,热线,2026-04-06 09:00:00,2026-04-12 09:24:53,72,144.41,0,0,4,A127
T500194,C1744,咨询,P4,邮件,2026-02-07 12:00:00,2026-02-08 23:56:42,72,35.95,1,0,4,A136
T500195,C2961,投诉,P4,热线,2026-04-13 08:00:00,2026-04-14 21:16:52,72,37.28,1,0,3,A128
T500196,C2608,退订,P4,热线,2026-03-10 08:00:00,2026-03-14 13:56:05,72,101.93,0,0,5,A133
T500197,C2262,投诉,P2,热线,2026-03-03 16:00:00,2026-03-03 16:30:00,8,0.5,1,0,5,A295
T500198,C3544,投诉,P3,App,2026-03-14 13:00:00,2026-03-14 21:26:00,24,8.43,1,0,5,A246
T500199,C3382,故障申报,P4,热线,2026-02-21 13:00:00,2026-02-24 19:52:50,72,78.88,0,0,5,A160
T500200,C2553,退订,P3,在线,2026-03-09 15:00:00,2026-03-11 03:49:51,24,36.83,0,0,5,A193
T500201,C2100,故障申报,P2,邮件,2026-02-14 04:00:00,2026-02-14 05:40:56,8,1.68,1,0,4,A206
T500202,C1424,投诉,P3,在线,2026-02-01 21:00:00,2026-02-02 03:52:17,24,6.87,1,0,5,A155
T500203,C1551,业务变更,P1,邮件,2026-02-16 06:00:00,2026-02-16 07:06:57,4,1.12,1,0,5,A227
T500204,C2069,业务变更,P3,热线,2026-03-08 23:00:00,2026-03-09 10:30:36,24,11.51,1,0,4,A104
T500205,C1531,咨询,P1,App,2026-03-23 04:00:00,2026-03-23 04:30:00,4,0.5,1,1,5,A119
T500206,C3588,故障申报,P3,App,2026-02-20 18:00:00,2026-02-21 07:00:21,24,13.01,1,0,2,A133
T500207,C2227,投诉,P1,邮件,2026-02-03 15:00:00,2026-02-03 15:30:00,4,0.5,1,1,5,A112
T500208,C2356,业务变更,P4,App,2026-04-04 06:00:00,2026-04-04 09:27:17,72,3.45,1,0,5,A132
T500209,C2400,投诉,P4,App,2026-01-26 22:00:00,2026-01-27 03:24:43,72,5.41,1,0,5,A149
T500210,C1261,其他,P1,在线,2026-01-05 12:00:00,2026-01-05 13:07:02,4,1.12,1,0,4,A287
T500211,C2210,业务变更,P3,App,2026-01-11 21:00:00,2026-01-12 08:03:17,24,11.05,1,0,5,A171
T500212,C2832,故障申报,P1,热线,2026-03-13 03:00:00,2026-03-13 07:49:56,4,4.83,0,0,3,A239
T500213,C3415,咨询,P4,在线,2026-02-07 07:00:00,2026-02-07 12:21:45,72,5.36,1,0,4,A260
T500214,C2099,退订,P3,热线,2026-04-06 10:00:00,2026-04-06 16:02:31,24,6.04,1,0,5,A187
T500215,C3318,咨询,P3,邮件,2026-03-12 18:00:00,2026-03-12 18:36:24,24,0.61,1,0,5,A124
T500216,C1276,咨询,P4,在线,2026-02-03 16:00:00,2026-02-05 07:30:10,72,39.5,1,0,1,A278
T500217,C3305,退订,P3,在线,2026-04-01 13:00:00,2026-04-02 02:13:42,24,13.23,1,0,1,A290
T500218,C1350,故障申报,P2,App,2026-04-21 04:00:00,2026-04-21 05:05:45,8,1.1,1,0,4,A244
T500219,C1840,故障申报,P4,热线,2026-04-18 11:00:00,2026-04-19 14:56:53,72,27.95,1,0,4,A247
T500220,C2046,业务变更,P1,热线,2026-01-04 01:00:00,2026-01-04 05:56:47,4,4.95,0,1,5,A157
T500221,C2634,业务变更,P4,热线,2026-04-13 18:00:00,2026-04-14 04:33:29,72,10.56,1,0,5,A232
T500222,C3650,退订,P1,在线,2026-04-06 20:00:00,2026-04-06 21:24:50,4,1.41,1,0,4,A259
T500223,C1586,投诉,P4,在线,2026-04-09 07:00:00,2026-04-09 22:25:58,72,15.43,1,0,2,A111
T500224,C2827,其他,P4,邮件,2026-04-01 03:00:00,2026-04-06 21:41:55,72,138.7,0,0,4,A106
T500225,C3313,退订,P2,在线,2026-02-17 09:00:00,2026-02-17 10:17:31,8,1.29,1,0,5,A252
T500226,C2376,业务变更,P3,在线,2026-02-19 02:00:00,2026-02-20 00:49:12,24,22.82,1,0,1,A180
T500227,C3951,其他,P2,热线,2026-03-23 05:00:00,2026-03-23 09:18:06,8,4.3,1,1,5,A102
T500228,C2043,咨询,P1,热线,2026-02-16 20:00:00,2026-02-16 22:46:27,4,2.77,1,0,4,A183
T500229,C1344,投诉,P1,热线,2026-01-13 10:00:00,2026-01-13 18:12:54,4,8.22,0,0,4,A169
T500230,C2048,投诉,P4,在线,2026-04-16 04:00:00,2026-04-16 22:00:43,72,18.01,1,0,5,A176
T500231,C2305,其他,P4,App,2026-03-11 02:00:00,2026-03-12 18:39:00,72,40.65,1,0,4,A111
T500232,C3645,故障申报,P4,App,2026-03-11 22:00:00,2026-03-18 22:03:27,72,168.06,0,0,5,A282
T500233,C2617,咨询,P3,邮件,2026-01-11 20:00:00,2026-01-12 15:52:17,24,19.87,1,0,5,A174
T500234,C3143,业务变更,P3,热线,2026-03-15 05:00:00,2026-03-17 05:10:29,24,48.17,0,0,3,A271
T500235,C3422,其他,P1,App,2026-03-06 01:00:00,2026-03-06 03:22:56,4,2.38,1,0,5,A112
T500236,C2294,业务变更,P4,热线,2026-03-21 06:00:00,2026-03-22 20:50:51,72,38.85,1,0,5,A282
T500237,C1477,故障申报,P1,邮件,2026-04-21 16:00:00,2026-04-21 18:00:57,4,2.02,1,0,4,A199
T500238,C1682,业务变更,P1,App,2026-01-27 21:00:00,2026-01-28 02:01:09,4,5.02,0,0,4,A177
T500239,C2404,业务变更,P4,App,2026-02-02 08:00:00,2026-02-02 15:34:45,72,7.58,1,1,3,A227
T500240,C3709,其他,P2,在线,2026-02-15 12:00:00,2026-02-15 12:30:00,8,0.5,1,0,4,A169
T500241,C1268,投诉,P1,邮件,2026-03-23 03:00:00,2026-03-23 03:30:00,4,0.5,1,0,5,A174
T500242,C3513,投诉,P4,邮件,2026-01-21 03:00:00,2026-01-27 02:25:11,72,143.42,0,0,3,A288
T500243,C1858,投诉,P1,在线,2026-03-17 02:00:00,2026-03-17 04:05:24,4,2.09,1,0,5,A284
T500244,C2734,故障申报,P2,邮件,2026-04-04 05:00:00,2026-04-04 08:01:21,8,3.02,1,0,4,A210
T500245,C2498,咨询,P3,在线,2026-03-10 19:00:00,2026-03-11 04:12:50,24,9.21,1,0,4,A173
T500246,C1174,退订,P3,热线,2026-03-24 17:00:00,2026-03-25 04:56:54,24,11.95,1,0,4,A290
T500247,C2217,退订,P2,在线,2026-02-12 09:00:00,2026-02-12 15:02:34,8,6.04,1,0,5,A260
T500248,C2643,退订,P4,热线,2026-04-03 14:00:00,2026-04-05 16:20:11,72,50.34,1,0,5,A284
T500249,C2741,其他,P1,在线,2026-03-17 18:00:00,2026-03-17 18:49:31,4,0.83,1,0,5,A197
T500250,C3950,投诉,P2,在线,2026-01-20 13:00:00,2026-01-20 18:17:13,8,5.29,1,0,4,A246
T500251,C1468,故障申报,P3,App,2026-04-26 02:00:00,2026-04-26 22:03:53,24,20.06,1,0,3,A112
T500252,C2435,业务变更,P2,邮件,2026-03-01 06:00:00,2026-03-01 07:40:14,8,1.67,1,0,5,A200
T500253,C3250,其他,P4,App,2026-02-18 02:00:00,2026-02-19 01:07:03,72,23.12,1,0,3,A205
T500254,C1296,退订,P4,热线,2026-04-02 11:00:00,2026-04-03 20:05:35,72,33.09,1,0,5,A184
T500255,C2288,退订,P4,热线,2026-01-20 03:00:00,2026-01-23 23:16:02,72,92.27,0,0,4,A220
T500256,C1995,业务变更,P2,App,2026-02-04 15:00:00,2026-02-04 17:56:40,8,2.94,1,0,5,A108
T500257,C2244,咨询,P1,App,2026-03-06 21:00:00,2026-03-06 21:30:00,4,0.5,1,0,2,A297
T500258,C3246,业务变更,P4,在线,2026-03-19 13:00:00,2026-03-22 15:42:59,72,74.72,0,0,5,A171
T500259,C3446,其他,P1,App,2026-02-01 01:00:00,2026-02-01 03:53:53,4,2.9,1,0,5,A187
T500260,C3534,退订,P4,App,2026-01-03 14:00:00,2026-01-06 16:50:06,72,74.84,0,0,4,A288
T500261,C3479,咨询,P1,邮件,2026-01-05 14:00:00,2026-01-05 14:31:13,4,0.52,1,0,4,A241
T500262,C3142,投诉,P2,邮件,2026-03-14 09:00:00,2026-03-14 09:30:00,8,0.5,1,0,5,A123
T500263,C1114,业务变更,P2,App,2026-04-05 20:00:00,2026-04-05 22:03:51,8,2.06,1,0,5,A186
T500264,C2782,退订,P2,在线,2026-01-12 05:00:00,2026-01-12 05:30:00,8,0.5,1,0,4,A245
T500265,C2926,业务变更,P3,在线,2026-04-21 12:00:00,2026-04-22 02:28:27,24,14.47,1,0,5,A261
T500266,C1586,故障申报,P2,热线,2026-04-17 09:00:00,2026-04-17 17:04:51,8,8.08,0,0,5,A208
T500267,C2193,投诉,P1,热线,2026-02-23 12:00:00,2026-02-24 03:06:49,4,15.11,0,0,1,A287
T500268,C2179,业务变更,P3,热线,2026-04-15 21:00:00,2026-04-16 00:27:54,24,3.47,1,0,4,A208
T500269,C3378,业务变更,P3,在线,2026-04-26 18:00:00,2026-04-27 15:29:50,24,21.5,1,0,4,A162
T500270,C1829,退订,P2,邮件,2026-03-10 11:00:00,2026-03-10 18:46:59,8,7.78,1,0,4,A232
T500271,C2278,退订,P3,App,2026-03-24 15:00:00,2026-03-24 15:30:00,24,0.5,1,0,4,A134
T500272,C1484,其他,P4,在线,2026-04-09 21:00:00,2026-04-13 03:56:43,72,78.95,0,0,5,A237
T500273,C2431,投诉,P2,App,2026-02-23 06:00:00,2026-02-23 10:20:13,8,4.34,1,0,4,A204
T500274,C1553,咨询,P3,热线,2026-04-05 22:00:00,2026-04-05 23:34:58,24,1.58,1,0,2,A161
T500275,C3028,故障申报,P2,App,2026-03-13 15:00:00,2026-03-13 18:53:43,8,3.9,1,0,5,A221
T500276,C2258,咨询,P4,在线,2026-01-15 00:00:00,2026-01-20 14:54:45,72,134.91,0,0,3,A290
T500277,C1704,故障申报,P1,App,2026-02-27 13:00:00,2026-02-27 14:27:39,4,1.46,1,0,3,A195
T500278,C1574,故障申报,P3,热线,2026-01-24 00:00:00,2026-01-24 23:04:56,24,23.08,1,0,1,A242
T500279,C2650,故障申报,P2,App,2026-03-24 07:00:00,2026-03-24 13:07:39,8,6.13,1,0,2,A282
T500280,C1220,咨询,P3,邮件,2026-02-09 09:00:00,2026-02-09 18:36:07,24,9.6,1,0,5,A273
T500281,C1857,故障申报,P2,App,2026-03-06 21:00:00,2026-03-06 23:19:53,8,2.33,1,0,3,A189
T500282,C2855,故障申报,P1,邮件,2026-03-04 10:00:00,2026-03-04 10:30:00,4,0.5,1,0,4,A162
T500283,C3394,咨询,P3,热线,2026-03-01 08:00:00,2026-03-02 11:51:17,24,27.85,0,0,2,A263
T500284,C3273,咨询,P2,热线,2026-01-23 01:00:00,2026-01-23 02:21:34,8,1.36,1,0,5,A298
T500285,C1994,咨询,P1,热线,2026-02-19 16:00:00,2026-02-19 16:48:12,4,0.8,1,0,5,A244
T500286,C3234,投诉,P4,邮件,2026-02-08 01:00:00,2026-02-10 22:42:11,72,69.7,1,0,4,A144
T500287,C3155,其他,P1,在线,2026-02-24 05:00:00,2026-02-24 05:30:00,4,0.5,1,0,2,A167
T500288,C2980,业务变更,P1,热线,2026-03-05 08:00:00,2026-03-05 09:48:50,4,1.81,1,1,5,A295
T500289,C3665,业务变更,P4,热线,2026-02-22 04:00:00,2026-02-24 23:52:38,72,67.88,1,0,2,A187
T500290,C1197,业务变更,P3,在线,2026-03-02 11:00:00,2026-03-04 22:36:28,24,59.61,0,0,4,A187
T500291,C2850,故障申报,P4,在线,2026-02-25 20:00:00,2026-03-01 01:53:23,72,77.89,0,0,4,A101
T500292,C1985,退订,P2,App,2026-01-20 12:00:00,2026-01-20 13:05:51,8,1.1,1,0,5,A138
T500293,C2593,退订,P2,在线,2026-04-10 12:00:00,2026-04-10 14:27:06,8,2.45,1,0,4,A100
T500294,C2071,投诉,P2,App,2026-01-26 17:00:00,2026-01-26 17:44:19,8,0.74,1,0,4,A296
T500295,C3579,其他,P2,在线,2026-03-20 08:00:00,2026-03-20 10:28:24,8,2.47,1,0,4,A139
T500296,C3510,退订,P2,邮件,2026-03-27 03:00:00,2026-03-27 03:38:33,8,0.64,1,0,4,A201
T500297,C3816,投诉,P4,在线,2026-02-11 02:00:00,2026-02-13 14:18:37,72,60.31,1,1,1,A170
T500298,C3018,咨询,P2,邮件,2026-01-26 00:00:00,2026-01-26 07:35:51,8,7.6,1,0,3,A208
T500299,C2276,投诉,P4,App,2026-02-22 23:00:00,2026-02-23 07:14:49,72,8.25,1,0,4,A134
T500300,C1318,咨询,P3,在线,2026-02-21 20:00:00,2026-02-22 15:42:25,24,19.71,1,0,4,A125
T500301,C1589,业务变更,P1,邮件,2026-02-15 22:00:00,2026-02-15 22:32:37,4,0.54,1,0,1,A166
T500302,C3283,投诉,P3,在线,2026-04-19 20:00:00,2026-04-20 09:12:02,24,13.2,1,0,5,A254
T500303,C1726,故障申报,P1,App,2026-01-01 17:00:00,2026-01-01 17:30:00,4,0.5,1,0,4,A179
T500304,C2657,咨询,P2,在线,2026-01-15 00:00:00,2026-01-15 03:26:11,8,3.44,1,0,5,A292
T500305,C2750,咨询,P4,App,2026-04-07 17:00:00,2026-04-09 19:10:52,72,50.18,1,0,1,A171
T500306,C1597,故障申报,P1,热线,2026-03-06 03:00:00,2026-03-06 09:41:11,4,6.69,0,0,5,A150
T500307,C1082,故障申报,P4,热线,2026-01-11 11:00:00,2026-01-12 19:37:22,72,32.62,1,0,5,A147
T500308,C1284,业务变更,P4,App,2026-01-22 02:00:00,2026-01-22 19:01:04,72,17.02,1,0,5,A221
T500309,C3562,业务变更,P2,App,2026-02-25 14:00:00,2026-02-25 16:28:30,8,2.48,1,0,3,A262
T500310,C2167,投诉,P4,在线,2026-02-21 16:00:00,2026-02-22 16:08:02,72,24.13,1,0,2,A113
T500311,C3837,业务变更,P1,热线,2026-01-27 10:00:00,2026-01-27 13:49:51,4,3.83,1,0,1,A100
T500312,C1268,投诉,P2,在线,2026-01-08 19:00:00,2026-01-09 00:57:58,8,5.97,1,0,3,A133
T500313,C1197,投诉,P3,邮件,2026-04-10 01:00:00,2026-04-10 10:16:47,24,9.28,1,0,4,A126
T500314,C3634,投诉,P3,App,2026-02-17 13:00:00,2026-02-17 14:35:52,24,1.6,1,0,4,A193
T500315,C1325,咨询,P3,邮件,2026-02-04 10:00:00,2026-02-06 06:10:17,24,44.17,0,1,1,A171
T500316,C3264,投诉,P3,热线,2026-02-06 07:00:00,2026-02-06 07:30:35,24,0.51,1,0,4,A118
T500317,C3528,投诉,P4,邮件,2026-04-15 05:00:00,2026-04-15 13:14:52,72,8.25,1,0,5,A295
T500318,C1331,业务变更,P4,App,2026-02-05 15:00:00,2026-02-07 19:19:25,72,52.32,1,1,4,A216
T500319,C1387,业务变更,P2,在线,2026-01-27 14:00:00,2026-01-27 18:04:05,8,4.07,1,0,5,A290
T500320,C1368,业务变更,P4,在线,2026-01-13 11:00:00,2026-01-14 05:15:22,72,18.26,1,0,4,A159
T500321,C1034,退订,P1,邮件,2026-01-09 18:00:00,2026-01-09 18:30:00,4,0.5,1,0,4,A279
T500322,C1556,退订,P3,在线,2026-01-20 19:00:00,2026-01-21 07:34:00,24,12.57,1,0,5,A256
T500323,C1474,投诉,P1,在线,2026-04-27 14:00:00,2026-04-27 15:09:39,4,1.16,1,0,3,A288
T500324,C1202,故障申报,P3,热线,2026-02-23 12:00:00,2026-02-23 19:18:59,24,7.32,1,0,4,A276
T500325,C1529,业务变更,P1,在线,2026-02-19 01:00:00,2026-02-19 04:05:13,4,3.09,1,0,4,A275
T500326,C1540,退订,P1,邮件,2026-02-17 03:00:00,2026-02-17 04:03:10,4,1.05,1,0,3,A205
T500327,C3743,故障申报,P4,邮件,2026-02-01 22:00:00,2026-02-03 22:17:37,72,48.29,1,0,4,A157
T500328,C1209,咨询,P3,在线,2026-01-19 06:00:00,2026-01-19 19:38:41,24,13.64,1,0,5,A156
T500329,C3248,业务变更,P3,App,2026-04-11 10:00:00,2026-04-11 14:53:23,24,4.89,1,0,5,A132
T500330,C2308,投诉,P3,热线,2026-04-17 14:00:00,2026-04-17 20:40:42,24,6.68,1,1,2,A115
T500331,C2303,其他,P3,App,2026-03-09 08:00:00,2026-03-09 09:32:29,24,1.54,1,1,5,A272
T500332,C2063,投诉,P1,邮件,2026-04-24 06:00:00,2026-04-24 06:30:00,4,0.5,1,0,5,A187
T500333,C3660,退订,P2,App,2026-04-05 03:00:00,2026-04-05 11:03:27,8,8.06,0,0,1,A182
T500334,C3060,故障申报,P3,App,2026-03-24 19:00:00,2026-03-25 11:16:55,24,16.28,1,0,5,A288
T500335,C3030,其他,P4,热线,2026-03-02 23:00:00,2026-03-03 21:12:59,72,22.22,1,0,3,A229
T500336,C2739,退订,P1,在线,2026-03-20 23:00:00,2026-03-21 01:29:22,4,2.49,1,0,1,A107
T500337,C2657,故障申报,P2,App,2026-01-17 22:00:00,2026-01-18 01:37:16,8,3.62,1,0,3,A140
T500338,C2461,业务变更,P3,邮件,2026-02-14 15:00:00,2026-02-15 06:33:25,24,15.56,1,0,5,A137
T500339,C3892,其他,P4,邮件,2026-04-05 06:00:00,2026-04-05 15:01:24,72,9.02,1,1,4,A112
T500340,C1337,退订,P4,邮件,2026-02-26 15:00:00,2026-03-01 09:59:47,72,67.0,1,0,4,A132
T500341,C3801,业务变更,P1,App,2026-01-06 04:00:00,2026-01-06 04:57:20,4,0.96,1,0,5,A222
T500342,C1786,业务变更,P4,在线,2026-02-21 20:00:00,2026-02-22 11:13:49,72,15.23,1,0,4,A184
T500343,C1875,退订,P1,热线,2026-03-04 18:00:00,2026-03-04 19:45:02,4,1.75,1,0,4,A211
T500344,C2448,投诉,P3,在线,2026-04-22 09:00:00,2026-04-22 18:28:19,24,9.47,1,0,2,A230
T500345,C3052,投诉,P2,热线,2026-03-27 06:00:00,2026-03-27 09:53:38,8,3.89,1,0,1,A120
T500346,C3455,投诉,P4,在线,2026-03-12 14:00:00,2026-03-14 11:08:10,72,45.14,1,0,1,A295
T500347,C3058,其他,P4,App,2026-02-10 05:00:00,2026-02-11 08:53:07,72,27.89,1,0,5,A203
T500348,C2192,投诉,P3,在线,2026-04-05 15:00:00,2026-04-06 12:52:41,24,21.88,1,0,4,A213
T500349,C2768,咨询,P4,在线,2026-01-14 09:00:00,2026-01-14 21:37:34,72,12.63,1,0,4,A174
T500350,C1312,故障申报,P4,热线,2026-04-23 22:00:00,2026-04-24 12:32:09,72,14.54,1,0,5,A202
T500351,C3501,业务变更,P2,邮件,2026-01-11 05:00:00,2026-01-11 08:58:37,8,3.98,1,0,5,A242
T500352,C1681,咨询,P3,在线,2026-04-03 10:00:00,2026-04-04 00:04:33,24,14.08,1,0,5,A136
T500353,C2232,其他,P4,热线,2026-01-06 12:00:00,2026-01-07 16:44:11,72,28.74,1,0,3,A198
T500354,C2228,咨询,P3,App,2026-01-07 15:00:00,2026-01-07 15:55:17,24,0.92,1,0,3,A177
T500355,C1437,投诉,P2,邮件,2026-03-03 10:00:00,2026-03-03 11:22:06,8,1.37,1,0,3,A241
T500356,C2024,业务变更,P1,邮件,2026-04-21 00:00:00,2026-04-21 00:56:25,4,0.94,1,0,4,A248
T500357,C3347,业务变更,P2,邮件,2026-01-09 05:00:00,2026-01-10 06:19:22,8,25.32,0,1,5,A199
T500358,C3194,投诉,P4,热线,2026-01-25 09:00:00,2026-01-26 05:29:43,72,20.5,1,0,5,A111
T500359,C3642,业务变更,P3,热线,2026-02-18 07:00:00,2026-02-18 17:48:29,24,10.81,1,1,5,A273
T500360,C1396,咨询,P4,邮件,2026-01-11 21:00:00,2026-01-12 18:25:06,72,21.42,1,0,1,A272
T500361,C3194,故障申报,P3,热线,2026-04-10 07:00:00,2026-04-10 09:43:45,24,2.73,1,0,5,A147
T500362,C3289,业务变更,P1,热线,2026-02-22 05:00:00,2026-02-22 05:45:39,4,0.76,1,0,1,A102
T500363,C1042,故障申报,P2,邮件,2026-04-18 10:00:00,2026-04-18 11:34:38,8,1.58,1,0,5,A224
T500364,C2973,其他,P4,在线,2026-04-25 22:00:00,2026-04-29 14:56:44,72,88.95,0,0,3,A142
T500365,C1694,咨询,P3,在线,2026-01-04 10:00:00,2026-01-04 16:21:37,24,6.36,1,0,4,A154
T500366,C3172,咨询,P1,在线,2026-03-22 15:00:00,2026-03-22 15:30:00,4,0.5,1,0,4,A231
T500367,C2538,业务变更,P1,App,2026-04-16 13:00:00,2026-04-16 14:24:22,4,1.41,1,0,5,A184
T500368,C2642,退订,P3,在线,2026-03-11 06:00:00,2026-03-11 15:21:03,24,9.35,1,0,5,A262
T500369,C2068,退订,P3,App,2026-01-18 22:00:00,2026-01-20 01:59:14,24,27.99,0,0,4,A111
T500370,C2994,退订,P3,App,2026-02-02 06:00:00,2026-02-02 09:24:10,24,3.4,1,0,3,A281
T500371,C1796,其他,P2,在线,2026-03-15 13:00:00,2026-03-15 13:34:07,8,0.57,1,0,4,A180
T500372,C1445,咨询,P3,在线,2026-02-13 13:00:00,2026-02-13 13:46:22,24,0.77,1,1,5,A104
T500373,C1247,其他,P3,在线,2026-01-10 16:00:00,2026-01-10 22:02:17,24,6.04,1,0,5,A100
T500374,C1133,其他,P3,App,2026-04-11 03:00:00,2026-04-11 12:22:45,24,9.38,1,0,5,A280
T500375,C2048,业务变更,P2,邮件,2026-03-15 05:00:00,2026-03-15 12:30:35,8,7.51,1,0,4,A100
T500376,C1194,退订,P4,邮件,2026-03-02 02:00:00,2026-03-04 07:33:57,72,53.57,1,0,4,A144
T500377,C2799,投诉,P3,邮件,2026-02-13 21:00:00,2026-02-14 04:57:08,24,7.95,1,0,3,A289
T500378,C1937,咨询,P1,邮件,2026-03-13 23:00:00,2026-03-14 00:49:29,4,1.82,1,0,5,A137
T500379,C1978,投诉,P2,邮件,2026-02-03 17:00:00,2026-02-03 17:53:27,8,0.89,1,0,3,A191
T500380,C2085,业务变更,P1,热线,2026-02-21 17:00:00,2026-02-21 21:02:03,4,4.03,0,0,4,A213
T500381,C3836,咨询,P2,邮件,2026-02-01 12:00:00,2026-02-01 16:17:58,8,4.3,1,0,5,A152
T500382,C3758,退订,P2,App,2026-01-02 01:00:00,2026-01-02 02:53:13,8,1.89,1,0,4,A221
T500383,C2744,咨询,P4,在线,2026-03-03 02:00:00,2026-03-03 02:30:00,72,0.5,1,0,4,A223
T500384,C1892,咨询,P3,热线,2026-02-10 11:00:00,2026-02-11 01:14:29,24,14.24,1,0,4,A274
T500385,C3549,业务变更,P2,热线,2026-03-16 17:00:00,2026-03-16 21:37:24,8,4.62,1,0,4,A249
T500386,C1716,退订,P2,邮件,2026-03-20 21:00:00,2026-03-20 22:44:31,8,1.74,1,0,3,A167
T500387,C3729,故障申报,P3,邮件,2026-01-03 12:00:00,2026-01-03 22:46:47,24,10.78,1,1,4,A251
T500388,C1714,投诉,P1,在线,2026-03-27 07:00:00,2026-03-27 10:30:35,4,3.51,1,0,1,A200
T500389,C3124,其他,P4,App,2026-02-10 09:00:00,2026-02-10 18:10:07,72,9.17,1,0,5,A146
T500390,C2435,咨询,P3,邮件,2026-04-17 14:00:00,2026-04-18 03:39:19,24,13.66,1,0,3,A144
T500391,C2914,咨询,P3,热线,2026-04-09 05:00:00,2026-04-09 05:30:00,24,0.5,1,0,1,A245
T500392,C3151,咨询,P2,邮件,2026-04-08 14:00:00,2026-04-08 22:29:57,8,8.5,0,1,3,A194
T500393,C2727,其他,P3,热线,2026-01-19 17:00:00,2026-01-20 00:42:51,24,7.71,1,0,5,A151
T500394,C2380,咨询,P2,App,2026-02-02 05:00:00,2026-02-02 09:24:53,8,4.41,1,0,5,A295
T500395,C3269,故障申报,P2,邮件,2026-03-25 20:00:00,2026-03-26 01:33:45,8,5.56,1,0,5,A298
T500396,C2737,退订,P1,邮件,2026-04-14 14:00:00,2026-04-14 14:30:00,4,0.5,1,0,5,A299
T500397,C2260,故障申报,P1,热线,2026-03-08 22:00:00,2026-03-09 00:49:49,4,2.83,1,0,4,A214
T500398,C1213,投诉,P2,热线,2026-03-10 13:00:00,2026-03-10 14:51:55,8,1.87,1,0,5,A159
T500399,C1577,故障申报,P4,App,2026-04-17 04:00:00,2026-04-23 14:47:28,72,154.79,0,1,4,A115
T500400,C2444,其他,P4,App,2026-02-08 05:00:00,2026-02-10 03:54:53,72,46.91,1,0,5,A120
T500401,C1310,咨询,P2,邮件,2026-02-27 14:00:00,2026-02-27 18:41:00,8,4.68,1,0,5,A122
T500402,C2977,其他,P4,在线,2026-01-20 19:00:00,2026-01-26 00:25:11,72,125.42,0,0,5,A151
T500403,C2470,业务变更,P4,在线,2026-04-22 11:00:00,2026-04-22 17:40:21,72,6.67,1,0,4,A117
T500404,C1212,投诉,P2,App,2026-01-03 14:00:00,2026-01-03 14:33:59,8,0.57,1,0,4,A124
T500405,C1802,投诉,P2,邮件,2026-02-24 09:00:00,2026-02-24 14:48:36,8,5.81,1,0,5,A120
T500406,C3058,业务变更,P1,App,2026-03-20 01:00:00,2026-03-20 04:43:35,4,3.73,1,1,5,A282
T500407,C3260,故障申报,P4,在线,2026-04-01 09:00:00,2026-04-03 09:13:56,72,48.23,1,0,5,A156
T500408,C3486,其他,P1,在线,2026-01-10 16:00:00,2026-01-10 19:20:17,4,3.34,1,0,4,A219
T500409,C3029,故障申报,P4,在线,2026-02-09 17:00:00,2026-02-15 15:39:13,72,142.65,0,0,5,A265
T500410,C3504,咨询,P4,App,2026-04-07 03:00:00,2026-04-10 09:03:46,72,78.06,0,0,5,A208
T500411,C2800,故障申报,P1,邮件,2026-01-24 22:00:00,2026-01-24 23:35:36,4,1.59,1,0,4,A239
T500412,C3975,其他,P3,邮件,2026-04-15 23:00:00,2026-04-16 05:19:19,24,6.32,1,0,4,A188
T500413,C1772,退订,P3,热线,2026-04-01 21:00:00,2026-04-02 10:05:15,24,13.09,1,0,5,A158
T500414,C2804,故障申报,P3,邮件,2026-01-17 22:00:00,2026-01-18 18:01:01,24,20.02,1,0,4,A222
T500415,C2846,退订,P3,在线,2026-01-13 12:00:00,2026-01-13 13:02:54,24,1.05,1,0,5,A132
T500416,C3256,故障申报,P4,在线,2026-01-07 17:00:00,2026-01-09 05:00:00,72,36.0,1,0,4,A254
T500417,C1188,投诉,P3,App,2026-04-23 01:00:00,2026-04-23 01:48:25,24,0.81,1,0,5,A114
T500418,C1613,退订,P3,App,2026-03-01 04:00:00,2026-03-02 07:48:06,24,27.8,0,0,5,A148
T500419,C2157,故障申报,P2,在线,2026-02-14 05:00:00,2026-02-15 01:26:00,8,20.43,0,0,2,A222
T500420,C2235,业务变更,P3,App,2026-03-12 17:00:00,2026-03-13 03:05:41,24,10.09,1,1,1,A196
T500421,C2443,退订,P2,邮件,2026-01-02 23:00:00,2026-01-03 11:10:20,8,12.17,0,0,4,A196
T500422,C2037,故障申报,P2,在线,2026-02-20 21:00:00,2026-02-21 00:20:53,8,3.35,1,0,5,A172
T500423,C1632,咨询,P4,邮件,2026-02-04 18:00:00,2026-02-05 00:37:34,72,6.63,1,0,3,A113
T500424,C1299,投诉,P4,在线,2026-04-13 06:00:00,2026-04-13 10:10:35,72,4.18,1,0,5,A243
T500425,C1376,故障申报,P2,热线,2026-02-08 04:00:00,2026-02-08 05:56:44,8,1.95,1,0,5,A214
T500426,C3038,退订,P4,在线,2026-03-20 19:00:00,2026-03-21 02:00:35,72,7.01,1,0,3,A138
T500427,C3266,投诉,P2,在线,2026-04-22 20:00:00,2026-04-22 21:32:28,8,1.54,1,0,5,A223
T500428,C2713,咨询,P4,在线,2026-01-13 06:00:00,2026-01-15 17:26:44,72,59.45,1,0,5,A121
T500429,C3311,其他,P4,在线,2026-01-25 03:00:00,2026-01-31 10:42:12,72,151.7,0,0,5,A162
T500430,C2795,咨询,P2,邮件,2026-03-09 03:00:00,2026-03-09 03:30:00,8,0.5,1,0,2,A122
T500431,C3434,其他,P1,热线,2026-01-07 11:00:00,2026-01-07 19:12:02,4,8.2,0,0,5,A133
T500432,C3124,退订,P4,在线,2026-03-01 21:00:00,2026-03-02 04:29:30,72,7.49,1,1,5,A276
T500433,C2056,其他,P3,热线,2026-03-12 13:00:00,2026-03-12 13:30:00,24,0.5,1,0,2,A232
T500434,C1861,其他,P1,在线,2026-04-07 14:00:00,2026-04-07 19:50:23,4,5.84,0,0,3,A126
T500435,C2385,业务变更,P2,热线,2026-04-13 04:00:00,2026-04-13 05:54:33,8,1.91,1,0,4,A290
T500436,C3101,投诉,P3,邮件,2026-04-01 03:00:00,2026-04-02 05:42:44,24,26.71,0,0,5,A181
T500437,C2491,投诉,P2,App,2026-03-23 17:00:00,2026-03-24 01:51:13,8,8.85,0,0,4,A260
T500438,C1682,故障申报,P4,App,2026-03-24 08:00:00,2026-03-27 20:16:55,72,84.28,0,1,4,A280
T500439,C3552,投诉,P1,在线,2026-04-18 08:00:00,2026-04-18 08:58:37,4,0.98,1,0,4,A137
T500440,C2617,业务变更,P2,在线,2026-02-24 09:00:00,2026-02-24 09:30:00,8,0.5,1,0,5,A298
T500441,C2856,业务变更,P2,邮件,2026-02-22 16:00:00,2026-02-22 20:15:28,8,4.26,1,1,5,A157
T500442,C3076,故障申报,P4,热线,2026-04-16 15:00:00,2026-04-17 19:01:56,72,28.03,1,0,1,A285
T500443,C1398,退订,P4,热线,2026-04-27 04:00:00,2026-05-02 01:48:36,72,117.81,0,0,4,A262
T500444,C1505,故障申报,P2,App,2026-02-14 18:00:00,2026-02-14 18:47:33,8,0.79,1,0,4,A153
T500445,C2231,其他,P3,热线,2026-01-24 08:00:00,2026-01-24 12:15:08,24,4.25,1,0,4,A296
T500446,C1885,业务变更,P1,热线,2026-02-07 08:00:00,2026-02-07 13:06:32,4,5.11,0,0,5,A194
T500447,C1866,业务变更,P2,邮件,2026-01-12 04:00:00,2026-01-12 05:32:22,8,1.54,1,0,3,A179
T500448,C1633,其他,P1,热线,2026-04-18 01:00:00,2026-04-18 03:24:56,4,2.42,1,0,4,A285
T500449,C1966,业务变更,P3,邮件,2026-02-23 04:00:00,2026-02-23 11:33:29,24,7.56,1,0,4,A168
T500450,C2575,咨询,P1,App,2026-01-13 09:00:00,2026-01-13 13:18:19,4,4.31,0,0,4,A182
T500451,C2212,退订,P1,邮件,2026-03-04 08:00:00,2026-03-04 08:48:44,4,0.81,1,0,5,A293
T500452,C1437,业务变更,P4,热线,2026-01-09 14:00:00,2026-01-10 06:37:04,72,16.62,1,0,4,A240
T500453,C2421,咨询,P3,在线,2026-04-23 14:00:00,2026-04-23 19:39:25,24,5.66,1,1,2,A241
T500454,C2455,退订,P3,App,2026-02-03 00:00:00,2026-02-03 13:52:27,24,13.87,1,0,1,A183
T500455,C1093,退订,P3,热线,2026-01-09 18:00:00,2026-01-10 03:25:59,24,9.43,1,0,4,A268
T500456,C2894,投诉,P3,在线,2026-01-18 11:00:00,2026-01-20 02:32:28,24,39.54,0,0,4,A243
T500457,C3451,咨询,P3,热线,2026-04-13 15:00:00,2026-04-13 16:54:42,24,1.91,1,0,4,A174
T500458,C3564,退订,P4,热线,2026-03-22 08:00:00,2026-03-24 09:39:08,72,49.65,1,0,4,A204
T500459,C1441,业务变更,P3,热线,2026-03-02 02:00:00,2026-03-02 03:34:37,24,1.58,1,0,5,A249
T500460,C3845,业务变更,P1,邮件,2026-01-02 15:00:00,2026-01-02 15:30:00,4,0.5,1,0,5,A233
T500461,C3288,其他,P1,热线,2026-01-23 14:00:00,2026-01-23 16:30:54,4,2.52,1,0,4,A242
T500462,C1014,投诉,P4,App,2026-02-23 11:00:00,2026-02-24 17:11:12,72,30.19,1,0,4,A239
T500463,C3352,退订,P2,在线,2026-03-06 13:00:00,2026-03-06 15:33:03,8,2.55,1,1,4,A146
T500464,C1209,其他,P4,热线,2026-03-08 11:00:00,2026-03-09 11:38:07,72,24.64,1,0,5,A143
T500465,C1282,退订,P2,App,2026-01-06 13:00:00,2026-01-06 14:52:13,8,1.87,1,0,2,A243
T500466,C1156,咨询,P2,在线,2026-04-14 04:00:00,2026-04-14 13:16:31,8,9.28,0,1,5,A136
T500467,C2757,故障申报,P1,在线,2026-04-23 08:00:00,2026-04-23 08:31:47,4,0.53,1,0,5,A182
T500468,C1489,退订,P3,在线,2026-03-17 00:00:00,2026-03-17 03:25:31,24,3.43,1,0,4,A181
T500469,C3059,故障申报,P4,App,2026-01-01 11:00:00,2026-01-04 02:03:30,72,63.06,1,0,5,A253
T500470,C2828,业务变更,P3,App,2026-03-09 04:00:00,2026-03-10 17:57:21,24,37.96,0,0,3,A153
T500471,C3792,投诉,P1,在线,2026-02-18 04:00:00,2026-02-18 07:29:17,4,3.49,1,0,5,A149
T500472,C3341,其他,P1,热线,2026-02-11 03:00:00,2026-02-11 03:30:00,4,0.5,1,0,5,A143
T500473,C1572,投诉,P2,邮件,2026-04-14 06:00:00,2026-04-14 07:21:51,8,1.36,1,0,5,A279
T500474,C1840,咨询,P4,邮件,2026-02-08 18:00:00,2026-02-12 10:57:17,72,88.95,0,0,5,A277
T500475,C3021,业务变更,P2,App,2026-04-01 02:00:00,2026-04-01 02:49:33,8,0.83,1,1,4,A100
T500476,C2571,业务变更,P2,在线,2026-02-22 14:00:00,2026-02-22 20:45:38,8,6.76,1,0,4,A255
T500477,C2580,业务变更,P3,App,2026-02-03 14:00:00,2026-02-04 20:26:55,24,30.45,0,0,5,A298
T500478,C1143,咨询,P3,App,2026-03-07 10:00:00,2026-03-07 18:40:30,24,8.68,1,0,4,A241
T500479,C1619,其他,P4,App,2026-01-04 21:00:00,2026-01-04 21:54:48,72,0.91,1,0,3,A145
T500480,C3065,咨询,P1,邮件,2026-01-04 01:00:00,2026-01-04 07:03:11,4,6.05,0,0,4,A203
T500481,C1956,故障申报,P1,App,2026-03-02 17:00:00,2026-03-02 18:12:01,4,1.2,1,0,4,A218
T500482,C3770,退订,P2,在线,2026-03-02 14:00:00,2026-03-02 16:42:19,8,2.71,1,0,3,A223
T500483,C2083,业务变更,P3,App,2026-03-26 16:00:00,2026-03-27 12:19:15,24,20.32,1,0,1,A195
T500484,C3485,业务变更,P3,在线,2026-02-03 02:00:00,2026-02-03 16:45:29,24,14.76,1,0,3,A107
T500485,C1334,退订,P2,在线,2026-03-05 04:00:00,2026-03-05 07:10:39,8,3.18,1,0,4,A118
T500486,C1738,业务变更,P2,在线,2026-02-27 18:00:00,2026-02-27 20:00:01,8,2.0,1,0,4,A122
T500487,C1568,故障申报,P1,邮件,2026-01-18 14:00:00,2026-01-18 15:06:39,4,1.11,1,1,5,A187
T500488,C1827,业务变更,P1,邮件,2026-03-13 07:00:00,2026-03-13 07:30:00,4,0.5,1,0,4,A130
T500489,C3620,咨询,P3,在线,2026-04-02 10:00:00,2026-04-02 13:18:09,24,3.3,1,0,4,A292
T500490,C1084,退订,P4,App,2026-02-16 12:00:00,2026-02-24 15:40:56,72,195.68,0,0,5,A141
T500491,C3595,其他,P3,邮件,2026-02-08 06:00:00,2026-02-08 11:49:02,24,5.82,1,0,4,A177
T500492,C2095,投诉,P3,在线,2026-03-20 18:00:00,2026-03-21 09:51:06,24,15.85,1,0,4,A132
T500493,C2194,业务变更,P2,邮件,2026-01-09 07:00:00,2026-01-09 13:29:29,8,6.49,1,1,4,A131
T500494,C2476,其他,P3,在线,2026-03-04 16:00:00,2026-03-04 21:25:42,24,5.43,1,0,4,A268
T500495,C1190,业务变更,P3,热线,2026-03-11 23:00:00,2026-03-12 06:24:17,24,7.4,1,0,3,A173
T500496,C1170,业务变更,P4,App,2026-03-06 22:00:00,2026-03-07 05:30:48,72,7.51,1,0,5,A116
T500497,C1222,咨询,P3,热线,2026-04-07 11:00:00,2026-04-07 12:50:08,24,1.84,1,0,3,A198
T500498,C2847,业务变更,P3,邮件,2026-01-05 07:00:00,2026-01-06 05:43:15,24,22.72,1,0,5,A116
T500499,C1701,业务变更,P1,App,2026-04-16 15:00:00,2026-04-16 15:30:00,4,0.5,1,1,5,A113
T500500,C2974,退订,P1,App,2026-03-24 04:00:00,2026-03-24 05:04:19,4,1.07,1,0,5,A170
T500501,C2396,故障申报,P3,在线,2026-01-16 20:00:00,2026-01-19 10:04:26,24,62.07,0,0,4,A171
T500502,C1845,投诉,P3,App,2026-02-10 19:00:00,2026-02-11 05:33:24,24,10.56,1,0,4,A153
T500503,C1525,其他,P4,邮件,2026-01-05 22:00:00,2026-01-12 15:00:34,72,161.01,0,0,4,A101
T500504,C1282,退订,P2,热线,2026-02-23 12:00:00,2026-02-23 14:09:49,8,2.16,1,0,5,A139
T500505,C3643,其他,P3,在线,2026-01-22 23:00:00,2026-01-23 10:39:31,24,11.66,1,0,5,A273
T500506,C1053,故障申报,P2,热线,2026-03-02 09:00:00,2026-03-03 00:45:20,8,15.76,0,0,4,A230
T500507,C3284,业务变更,P2,App,2026-01-07 16:00:00,2026-01-08 03:58:39,8,11.98,0,0,4,A262
T500508,C3582,投诉,P2,App,2026-03-17 07:00:00,2026-03-17 17:05:37,8,10.09,0,0,5,A161
T500509,C2564,其他,P1,邮件,2026-03-15 04:00:00,2026-03-15 09:49:21,4,5.82,0,0,2,A123
T500510,C1513,故障申报,P2,App,2026-02-03 04:00:00,2026-02-03 08:15:09,8,4.25,1,0,4,A222
T500511,C1355,咨询,P3,App,2026-02-01 00:00:00,2026-02-01 13:30:13,24,13.5,1,0,5,A143
T500512,C2483,退订,P2,热线,2026-04-13 04:00:00,2026-04-13 08:12:41,8,4.21,1,0,2,A296
T500513,C2281,其他,P2,热线,2026-01-07 02:00:00,2026-01-07 13:06:12,8,11.1,0,0,4,A249
T500514,C2598,投诉,P2,邮件,2026-01-27 17:00:00,2026-01-27 18:42:11,8,1.7,1,0,3,A248
T500515,C3333,故障申报,P2,邮件,2026-02-11 05:00:00,2026-02-11 08:00:35,8,3.01,1,0,4,A139
T500516,C2768,其他,P3,在线,2026-03-01 17:00:00,2026-03-02 18:08:21,24,25.14,0,0,5,A221
T500517,C1222,故障申报,P3,在线,2026-02-02 14:00:00,2026-02-02 20:22:11,24,6.37,1,1,4,A286
T500518,C1106,投诉,P2,在线,2026-03-04 20:00:00,2026-03-05 05:25:17,8,9.42,0,0,2,A162
T500519,C2553,投诉,P2,App,2026-02-19 14:00:00,2026-02-20 01:39:58,8,11.67,0,0,4,A290
T500520,C1612,咨询,P4,热线,2026-01-14 13:00:00,2026-01-15 16:10:16,72,27.17,1,0,5,A240
T500521,C2460,投诉,P3,热线,2026-01-14 06:00:00,2026-01-14 09:21:53,24,3.36,1,0,5,A244
T500522,C3876,退订,P1,邮件,2026-03-18 17:00:00,2026-03-18 17:54:20,4,0.91,1,0,5,A217
T500523,C2061,投诉,P2,热线,2026-03-24 20:00:00,2026-03-24 21:38:41,8,1.64,1,0,3,A222
T500524,C3783,其他,P3,热线,2026-01-26 15:00:00,2026-01-27 19:37:14,24,28.62,0,0,4,A152
T500525,C1886,咨询,P1,App,2026-02-08 15:00:00,2026-02-08 15:30:00,4,0.5,1,0,4,A145
T500526,C1094,咨询,P3,邮件,2026-03-27 23:00:00,2026-03-28 07:44:58,24,8.75,1,0,1,A165
T500527,C3345,业务变更,P1,热线,2026-01-17 14:00:00,2026-01-17 19:10:48,4,5.18,0,0,4,A121
T500528,C2256,退订,P1,App,2026-03-20 03:00:00,2026-03-20 04:37:02,4,1.62,1,0,4,A138
T500529,C2247,业务变更,P2,邮件,2026-02-15 21:00:00,2026-02-15 22:40:30,8,1.68,1,0,4,A184
T500530,C1277,业务变更,P4,热线,2026-02-27 14:00:00,2026-03-01 15:41:59,72,49.7,1,0,5,A119
T500531,C1020,其他,P3,热线,2026-01-01 13:00:00,2026-01-03 16:52:37,24,51.88,0,1,4,A138
T500532,C2194,其他,P1,App,2026-01-07 05:00:00,2026-01-07 06:10:22,4,1.17,1,0,5,A122
T500533,C1021,投诉,P2,App,2026-04-17 18:00:00,2026-04-18 00:51:15,8,6.85,1,0,4,A190
T500534,C2043,退订,P4,App,2026-04-09 04:00:00,2026-04-10 18:11:24,72,38.19,1,0,4,A182
T500535,C2097,咨询,P1,App,2026-03-20 02:00:00,2026-03-20 02:30:00,4,0.5,1,0,5,A122
T500536,C1747,故障申报,P4,在线,2026-03-01 00:00:00,2026-03-03 17:38:08,72,65.64,1,0,4,A251
T500537,C1566,故障申报,P1,邮件,2026-04-12 17:00:00,2026-04-12 18:12:14,4,1.2,1,0,5,A135
T500538,C2146,咨询,P1,在线,2026-02-15 15:00:00,2026-02-15 15:56:26,4,0.94,1,0,5,A169
T500539,C1873,故障申报,P3,在线,2026-02-27 04:00:00,2026-02-27 08:55:03,24,4.92,1,0,4,A108
T500540,C2966,其他,P2,邮件,2026-02-16 02:00:00,2026-02-16 05:29:33,8,3.49,1,0,5,A273
T500541,C1821,故障申报,P2,App,2026-04-25 10:00:00,2026-04-25 10:30:00,8,0.5,1,0,2,A295
T500542,C3916,业务变更,P1,App,2026-03-04 01:00:00,2026-03-04 01:30:00,4,0.5,1,0,5,A281
T500543,C3744,业务变更,P1,热线,2026-03-08 22:00:00,2026-03-08 23:43:47,4,1.73,1,0,5,A123
T500544,C1997,咨询,P2,在线,2026-02-23 12:00:00,2026-02-23 17:47:52,8,5.8,1,1,3,A202
T500545,C3903,退订,P4,App,2026-04-09 09:00:00,2026-04-09 18:21:19,72,9.36,1,0,4,A226
T500546,C3316,退订,P1,邮件,2026-03-12 02:00:00,2026-03-12 03:06:21,4,1.11,1,0,2,A211
T500547,C1428,故障申报,P1,在线,2026-04-02 08:00:00,2026-04-02 08:36:21,4,0.61,1,0,2,A269
T500548,C2911,业务变更,P4,App,2026-01-18 02:00:00,2026-01-24 21:09:56,72,163.17,0,0,4,A222
T500549,C3740,故障申报,P4,热线,2026-04-04 02:00:00,2026-04-04 05:58:02,72,3.97,1,0,5,A105
T500550,C1263,故障申报,P3,热线,2026-02-09 23:00:00,2026-02-10 16:18:11,24,17.3,1,0,4,A233
T500551,C1469,退订,P2,App,2026-01-07 23:00:00,2026-01-08 10:27:59,8,11.47,0,0,5,A142
T500552,C2499,投诉,P4,App,2026-04-02 18:00:00,2026-04-03 10:57:55,72,16.97,1,0,5,A271
T500553,C1709,退订,P2,邮件,2026-01-08 17:00:00,2026-01-08 17:40:12,8,0.67,1,0,4,A160
T500554,C2461,咨询,P1,在线,2026-03-26 08:00:00,2026-03-26 09:10:59,4,1.18,1,0,4,A112
T500555,C1352,投诉,P1,热线,2026-02-16 20:00:00,2026-02-16 20:30:00,4,0.5,1,0,4,A251
T500556,C1218,其他,P2,热线,2026-03-18 22:00:00,2026-03-18 22:48:56,8,0.82,1,0,4,A165
T500557,C1213,其他,P1,邮件,2026-04-14 21:00:00,2026-04-14 21:40:27,4,0.67,1,0,3,A121
T500558,C1368,咨询,P2,App,2026-01-13 20:00:00,2026-01-14 04:05:25,8,8.09,0,0,4,A295
T500559,C3923,投诉,P2,热线,2026-01-14 07:00:00,2026-01-14 09:42:15,8,2.7,1,0,4,A166
T500560,C1865,投诉,P4,热线,2026-01-18 05:00:00,2026-01-18 13:20:59,72,8.35,1,0,3,A300
T500561,C2303,退订,P3,App,2026-04-09 03:00:00,2026-04-09 05:52:30,24,2.88,1,0,4,A134
T500562,C3252,故障申报,P2,热线,2026-03-02 23:00:00,2026-03-03 05:34:00,8,6.57,1,0,5,A218
T500563,C1728,投诉,P3,热线,2026-04-12 17:00:00,2026-04-13 18:34:40,24,25.58,0,0,3,A292
T500564,C2965,故障申报,P2,热线,2026-01-06 17:00:00,2026-01-06 17:45:29,8,0.76,1,0,2,A243
T500565,C1759,业务变更,P1,热线,2026-01-17 21:00:00,2026-01-17 21:30:00,4,0.5,1,0,5,A200
T500566,C2736,投诉,P4,邮件,2026-03-17 12:00:00,2026-03-18 10:00:19,72,22.01,1,0,4,A167
T500567,C3213,故障申报,P4,在线,2026-02-15 20:00:00,2026-02-15 21:41:50,72,1.7,1,1,1,A111
T500568,C3594,故障申报,P4,App,2026-01-03 16:00:00,2026-01-04 22:16:16,72,30.27,1,1,2,A270
T500569,C3847,退订,P4,App,2026-02-08 17:00:00,2026-02-12 17:13:10,72,96.22,0,0,5,A247
T500570,C3360,退订,P2,在线,2026-01-01 17:00:00,2026-01-01 18:16:02,8,1.27,1,1,5,A269
T500571,C2140,投诉,P1,热线,2026-04-06 07:00:00,2026-04-06 09:03:05,4,2.05,1,0,3,A263
T500572,C2684,业务变更,P4,App,2026-04-20 01:00:00,2026-04-23 02:47:31,72,73.79,0,0,4,A164
T500573,C1450,投诉,P2,在线,2026-01-14 05:00:00,2026-01-14 05:33:32,8,0.56,1,0,4,A199
T500574,C3623,故障申报,P4,邮件,2026-01-13 15:00:00,2026-01-14 02:46:02,72,11.77,1,0,5,A295
T500575,C2876,故障申报,P1,邮件,2026-04-13 18:00:00,2026-04-13 23:14:04,4,5.23,0,0,4,A229
T500576,C1235,退订,P3,热线,2026-04-17 21:00:00,2026-04-18 12:28:57,24,15.48,1,0,4,A222
T500577,C2373,咨询,P1,邮件,2026-02-20 15:00:00,2026-02-20 15:30:00,4,0.5,1,0,5,A188
T500578,C3699,退订,P4,邮件,2026-01-11 03:00:00,2026-01-12 04:25:03,72,25.42,1,0,5,A296
T500579,C3669,投诉,P1,App,2026-02-07 19:00:00,2026-02-07 20:00:36,4,1.01,1,0,4,A292
T500580,C1147,投诉,P3,热线,2026-04-17 23:00:00,2026-04-18 00:09:01,24,1.15,1,0,3,A200
T500581,C3131,故障申报,P4,App,2026-04-18 23:00:00,2026-04-21 19:39:13,72,68.65,1,0,5,A186
T500582,C1684,咨询,P2,邮件,2026-03-19 21:00:00,2026-03-19 23:02:57,8,2.05,1,0,4,A259
T500583,C2562,投诉,P3,热线,2026-03-16 22:00:00,2026-03-17 01:58:53,24,3.98,1,0,4,A199
T500584,C1016,咨询,P2,热线,2026-04-15 07:00:00,2026-04-15 07:48:43,8,0.81,1,0,4,A114
T500585,C2604,退订,P3,在线,2026-02-01 01:00:00,2026-02-01 19:27:35,24,18.46,1,0,5,A233
T500586,C3683,其他,P3,App,2026-01-05 12:00:00,2026-01-06 21:41:43,24,33.7,0,0,5,A132
T500587,C1277,投诉,P3,App,2026-04-18 06:00:00,2026-04-18 17:47:10,24,11.79,1,0,4,A262
T500588,C2708,故障申报,P2,邮件,2026-03-23 14:00:00,2026-03-23 16:46:55,8,2.78,1,0,2,A103
T500589,C1640,退订,P2,邮件,2026-02-13 03:00:00,2026-02-13 11:13:42,8,8.23,0,0,3,A192
T500590,C3721,退订,P2,热线,2026-01-04 19:00:00,2026-01-04 19:32:07,8,0.54,1,0,5,A244
T500591,C1972,其他,P1,App,2026-01-04 23:00:00,2026-01-05 01:54:56,4,2.92,1,0,5,A294
T500592,C1256,退订,P2,在线,2026-02-03 01:00:00,2026-02-03 09:28:14,8,8.47,0,0,4,A134
T500593,C1354,业务变更,P1,热线,2026-03-04 15:00:00,2026-03-04 18:48:10,4,3.8,1,0,4,A108
T500594,C3417,故障申报,P1,热线,2026-01-22 01:00:00,2026-01-22 02:15:30,4,1.26,1,0,2,A215
T500595,C1115,投诉,P4,App,2026-01-19 10:00:00,2026-01-19 17:32:16,72,7.54,1,0,4,A183
T500596,C1370,故障申报,P2,在线,2026-03-07 04:00:00,2026-03-07 13:39:52,8,9.66,0,0,4,A107
T500597,C1596,咨询,P3,邮件,2026-03-17 09:00:00,2026-03-17 15:00:36,24,6.01,1,0,4,A225
T500598,C2979,业务变更,P1,邮件,2026-03-18 15:00:00,2026-03-18 16:27:08,4,1.45,1,0,5,A187
T500599,C2737,故障申报,P2,在线,2026-01-14 01:00:00,2026-01-14 05:00:50,8,4.01,1,0,4,A152
T500600,C1783,故障申报,P2,在线,2026-01-19 22:00:00,2026-01-20 00:33:47,8,2.56,1,0,4,A286
T500601,C3788,咨询,P2,邮件,2026-03-23 03:00:00,2026-03-23 13:42:38,8,10.71,0,0,3,A217
T500602,C1117,业务变更,P1,在线,2026-02-15 10:00:00,2026-02-15 10:56:09,4,0.94,1,0,5,A147
T500603,C2869,其他,P2,邮件,2026-02-18 00:00:00,2026-02-18 01:02:49,8,1.05,1,0,4,A239
T500604,C2796,业务变更,P3,App,2026-03-04 19:00:00,2026-03-04 22:00:30,24,3.01,1,0,1,A205
T500605,C1891,投诉,P1,App,2026-03-09 14:00:00,2026-03-09 16:56:31,4,2.94,1,0,4,A158
T500606,C3072,故障申报,P3,App,2026-04-25 16:00:00,2026-04-25 16:30:00,24,0.5,1,1,3,A249
T500607,C1547,退订,P1,热线,2026-01-06 22:00:00,2026-01-07 03:16:16,4,5.27,0,0,5,A200
T500608,C3261,退订,P1,在线,2026-04-24 04:00:00,2026-04-24 08:09:59,4,4.17,0,1,3,A117
T500609,C2853,退订,P4,邮件,2026-01-17 21:00:00,2026-01-18 08:04:16,72,11.07,1,0,5,A258
T500610,C1830,业务变更,P4,在线,2026-04-18 00:00:00,2026-04-18 23:04:16,72,23.07,1,0,2,A179
T500611,C1514,投诉,P4,邮件,2026-02-17 12:00:00,2026-02-18 06:30:08,72,18.5,1,0,1,A285
T500612,C2289,投诉,P1,App,2026-03-20 18:00:00,2026-03-20 18:30:00,4,0.5,1,0,5,A261
T500613,C3742,业务变更,P4,热线,2026-01-04 13:00:00,2026-01-04 16:14:09,72,3.24,1,0,5,A145
T500614,C1354,退订,P3,在线,2026-04-08 13:00:00,2026-04-08 17:30:11,24,4.5,1,0,5,A207
T500615,C3405,退订,P4,热线,2026-02-21 02:00:00,2026-02-21 14:01:45,72,12.03,1,0,5,A127
T500616,C2626,咨询,P2,热线,2026-04-10 21:00:00,2026-04-10 21:41:54,8,0.7,1,0,3,A104
T500617,C2383,退订,P3,在线,2026-03-11 06:00:00,2026-03-12 00:56:42,24,18.95,1,0,5,A149
T500618,C1612,业务变更,P1,热线,2026-02-18 15:00:00,2026-02-18 15:51:31,4,0.86,1,0,4,A208
T500619,C2182,业务变更,P2,App,2026-03-14 16:00:00,2026-03-14 17:49:30,8,1.83,1,0,5,A270
T500620,C3781,咨询,P2,邮件,2026-03-04 18:00:00,2026-03-04 20:55:38,8,2.93,1,0,4,A206
T500621,C1158,投诉,P4,App,2026-02-01 21:00:00,2026-02-02 14:09:39,72,17.16,1,0,5,A214
T500622,C1140,退订,P3,邮件,2026-01-25 04:00:00,2026-01-25 05:49:03,24,1.82,1,0,5,A285
T500623,C1040,投诉,P4,App,2026-01-13 15:00:00,2026-01-17 10:41:03,72,91.68,0,0,1,A233
T500624,C3789,业务变更,P4,在线,2026-02-05 10:00:00,2026-02-06 10:04:41,72,24.08,1,0,1,A253
T500625,C3449,其他,P1,在线,2026-02-27 09:00:00,2026-02-27 09:37:17,4,0.62,1,1,4,A132
T500626,C3487,退订,P2,热线,2026-03-21 05:00:00,2026-03-21 06:01:14,8,1.02,1,0,5,A162
T500627,C3665,咨询,P2,App,2026-02-19 16:00:00,2026-02-19 20:35:25,8,4.59,1,0,5,A141
T500628,C2711,其他,P2,App,2026-02-07 02:00:00,2026-02-07 07:14:03,8,5.23,1,0,5,A186
T500629,C2755,其他,P4,App,2026-04-02 03:00:00,2026-04-05 19:27:19,72,88.46,0,0,4,A142
T500630,C2963,咨询,P2,邮件,2026-03-10 06:00:00,2026-03-10 15:36:05,8,9.6,0,0,5,A166
T500631,C1984,业务变更,P3,App,2026-01-22 01:00:00,2026-01-23 11:01:40,24,34.03,0,0,5,A227
T500632,C2335,故障申报,P1,在线,2026-04-09 11:00:00,2026-04-09 12:46:57,4,1.78,1,0,4,A194
T500633,C1354,退订,P1,邮件,2026-01-07 05:00:00,2026-01-07 08:16:28,4,3.27,1,0,4,A253
T500634,C2589,投诉,P1,邮件,2026-03-23 05:00:00,2026-03-23 05:30:00,4,0.5,1,0,5,A167
T500635,C2667,其他,P1,邮件,2026-03-13 22:00:00,2026-03-13 22:59:17,4,0.99,1,0,5,A242
T500636,C3803,咨询,P2,App,2026-03-04 03:00:00,2026-03-04 06:10:20,8,3.17,1,0,4,A195
T500637,C1623,投诉,P1,热线,2026-01-14 19:00:00,2026-01-14 19:58:27,4,0.97,1,0,3,A180
T500638,C1265,投诉,P1,在线,2026-03-22 12:00:00,2026-03-22 15:37:43,4,3.63,1,0,4,A138
T500639,C3375,故障申报,P1,热线,2026-01-06 08:00:00,2026-01-06 15:38:10,4,7.64,0,0,4,A241
T500640,C1315,其他,P1,邮件,2026-03-02 15:00:00,2026-03-02 15:30:00,4,0.5,1,0,4,A213
T500641,C2718,退订,P3,热线,2026-01-03 07:00:00,2026-01-03 13:05:06,24,6.09,1,0,4,A189
T500642,C2335,咨询,P2,在线,2026-02-12 05:00:00,2026-02-12 07:46:23,8,2.77,1,0,3,A225
T500643,C2305,其他,P2,App,2026-01-18 13:00:00,2026-01-19 02:18:13,8,13.3,0,0,1,A171
T500644,C3740,退订,P3,热线,2026-01-16 22:00:00,2026-01-17 06:21:30,24,8.36,1,0,5,A150
T500645,C2896,业务变更,P3,在线,2026-04-09 21:00:00,2026-04-10 06:55:52,24,9.93,1,0,5,A184
T500646,C2027,故障申报,P1,热线,2026-01-11 04:00:00,2026-01-11 04:45:59,4,0.77,1,0,5,A112
T500647,C3402,咨询,P2,热线,2026-04-06 11:00:00,2026-04-06 16:10:32,8,5.18,1,0,4,A164
T500648,C1985,投诉,P2,热线,2026-03-12 19:00:00,2026-03-12 19:30:00,8,0.5,1,0,5,A226
T500649,C1585,其他,P3,App,2026-02-09 14:00:00,2026-02-09 23:56:19,24,9.94,1,0,4,A218
T500650,C2218,故障申报,P3,App,2026-01-17 08:00:00,2026-01-17 10:48:20,24,2.81,1,0,4,A264
T500651,C1948,退订,P3,热线,2026-04-08 03:00:00,2026-04-08 08:59:04,24,5.98,1,0,4,A219
T500652,C1819,故障申报,P2,邮件,2026-02-01 00:00:00,2026-02-01 10:31:12,8,10.52,0,1,1,A273
T500653,C1529,退订,P1,热线,2026-02-24 13:00:00,2026-02-24 16:36:05,4,3.6,1,0,4,A215
T500654,C3533,退订,P2,邮件,2026-03-03 09:00:00,2026-03-03 13:31:42,8,4.53,1,0,4,A158
T500655,C1502,退订,P4,App,2026-02-21 04:00:00,2026-02-22 02:52:50,72,22.88,1,0,4,A201
T500656,C1277,业务变更,P4,在线,2026-02-17 03:00:00,2026-02-17 04:55:32,72,1.93,1,0,2,A179
T500657,C2553,退订,P1,热线,2026-04-22 14:00:00,2026-04-22 21:38:38,4,7.64,0,1,3,A297
T500658,C3222,业务变更,P4,邮件,2026-04-20 21:00:00,2026-04-23 19:41:55,72,70.7,1,1,2,A236
T500659,C1047,咨询,P4,在线,2026-03-23 22:00:00,2026-03-26 17:10:20,72,67.17,1,0,4,A227
T500660,C1898,退订,P3,邮件,2026-01-08 01:00:00,2026-01-08 14:10:41,24,13.18,1,0,4,A244
T500661,C2632,退订,P1,在线,2026-02-07 23:00:00,2026-02-07 23:30:00,4,0.5,1,0,4,A243
T500662,C2791,业务变更,P1,App,2026-04-15 23:00:00,2026-04-15 23:58:21,4,0.97,1,0,5,A219
T500663,C2892,投诉,P3,邮件,2026-04-12 07:00:00,2026-04-12 23:14:55,24,16.25,1,0,4,A255
T500664,C2289,投诉,P2,App,2026-02-15 12:00:00,2026-02-15 12:47:40,8,0.79,1,0,4,A258
T500665,C1923,故障申报,P3,热线,2026-04-26 19:00:00,2026-04-27 01:56:20,24,6.94,1,0,3,A181
T500666,C3918,咨询,P1,App,2026-01-26 20:00:00,2026-01-26 20:30:00,4,0.5,1,0,5,A273
T500667,C1916,故障申报,P1,App,2026-04-23 17:00:00,2026-04-23 20:34:14,4,3.57,1,0,3,A110
T500668,C3519,故障申报,P2,在线,2026-02-11 22:00:00,2026-02-12 02:51:49,8,4.86,1,0,5,A234
T500669,C3857,退订,P2,邮件,2026-01-24 02:00:00,2026-01-24 05:36:44,8,3.61,1,0,4,A272
T500670,C3651,咨询,P2,热线,2026-01-01 15:00:00,2026-01-01 21:28:30,8,6.48,1,0,4,A183
T500671,C1764,业务变更,P2,热线,2026-02-20 03:00:00,2026-02-20 10:30:31,8,7.51,1,0,4,A163
T500672,C2779,咨询,P4,在线,2026-03-11 23:00:00,2026-03-12 03:17:53,72,4.3,1,0,5,A164
T500673,C1059,业务变更,P4,邮件,2026-03-26 10:00:00,2026-03-30 22:40:05,72,108.67,0,0,4,A102
T500674,C1011,咨询,P4,邮件,2026-01-27 19:00:00,2026-02-03 13:09:09,72,162.15,0,0,4,A242
T500675,C3619,退订,P4,邮件,2026-04-27 06:00:00,2026-04-27 09:26:04,72,3.43,1,0,4,A129
T500676,C3573,其他,P4,App,2026-02-07 19:00:00,2026-02-07 23:06:11,72,4.1,1,0,3,A158
T500677,C2831,故障申报,P2,在线,2026-04-27 05:00:00,2026-04-27 21:28:52,8,16.48,0,0,4,A123
T500678,C1146,投诉,P2,邮件,2026-03-03 06:00:00,2026-03-03 06:44:16,8,0.74,1,1,4,A299
T500679,C2787,咨询,P1,热线,2026-01-12 08:00:00,2026-01-12 15:13:05,4,7.22,0,0,3,A287
T500680,C1631,故障申报,P3,热线,2026-04-02 21:00:00,2026-04-03 10:44:47,24,13.75,1,0,5,A243
T500681,C2250,投诉,P1,在线,2026-01-04 14:00:00,2026-01-04 15:35:34,4,1.59,1,0,5,A225
T500682,C1607,业务变更,P3,热线,2026-04-07 20:00:00,2026-04-08 07:08:11,24,11.14,1,0,2,A196
T500683,C2485,其他,P2,在线,2026-04-08 05:00:00,2026-04-08 06:32:07,8,1.54,1,0,4,A264
T500684,C3960,业务变更,P3,App,2026-02-02 23:00:00,2026-02-03 03:15:24,24,4.26,1,0,5,A190
T500685,C2993,咨询,P2,热线,2026-01-15 23:00:00,2026-01-15 23:33:00,8,0.55,1,0,4,A106
T500686,C1008,故障申报,P4,在线,2026-02-15 18:00:00,2026-02-18 18:29:45,72,72.5,0,0,3,A138
T500687,C3813,业务变更,P1,热线,2026-03-26 19:00:00,2026-03-27 00:09:59,4,5.17,0,0,5,A117
T500688,C3521,故障申报,P1,热线,2026-02-19 11:00:00,2026-02-19 12:36:52,4,1.61,1,1,5,A100
T500689,C1622,退订,P3,App,2026-02-16 00:00:00,2026-02-18 00:26:51,24,48.45,0,0,1,A259
T500690,C2915,其他,P3,热线,2026-01-17 04:00:00,2026-01-20 03:42:02,24,71.7,0,0,3,A110
T500691,C3777,投诉,P2,在线,2026-01-21 11:00:00,2026-01-21 17:12:00,8,6.2,1,0,3,A272
T500692,C3893,投诉,P1,邮件,2026-04-07 09:00:00,2026-04-07 13:24:20,4,4.41,0,0,3,A165
T500693,C1646,业务变更,P1,App,2026-04-15 03:00:00,2026-04-15 04:27:12,4,1.45,1,0,4,A228
T500694,C3886,咨询,P1,热线,2026-03-23 17:00:00,2026-03-23 22:04:58,4,5.08,0,0,3,A218
T500695,C2558,故障申报,P2,邮件,2026-03-01 16:00:00,2026-03-01 18:15:15,8,2.25,1,0,4,A292
T500696,C1767,咨询,P2,在线,2026-04-08 18:00:00,2026-04-08 22:36:29,8,4.61,1,0,5,A286
T500697,C1237,投诉,P2,App,2026-04-06 20:00:00,2026-04-07 05:13:53,8,9.23,0,0,5,A229
T500698,C2989,咨询,P1,App,2026-04-22 22:00:00,2026-04-22 22:30:00,4,0.5,1,0,4,A149
T500699,C1451,投诉,P1,在线,2026-04-24 06:00:00,2026-04-24 09:04:42,4,3.08,1,0,4,A208
T500700,C2277,业务变更,P3,App,2026-03-07 00:00:00,2026-03-07 11:54:26,24,11.91,1,0,5,A154
T500701,C2779,业务变更,P1,App,2026-01-12 21:00:00,2026-01-13 04:55:12,4,7.92,0,0,1,A179
T500702,C1009,业务变更,P1,邮件,2026-01-26 08:00:00,2026-01-26 08:30:00,4,0.5,1,0,3,A259
T500703,C3511,投诉,P2,在线,2026-01-01 02:00:00,2026-01-01 13:03:44,8,11.06,0,0,5,A245
T500704,C2172,业务变更,P3,热线,2026-02-11 21:00:00,2026-02-12 20:33:34,24,23.56,1,1,3,A115
T500705,C2055,故障申报,P2,热线,2026-03-13 09:00:00,2026-03-13 20:23:06,8,11.39,0,0,5,A137
T500706,C1365,退订,P3,在线,2026-02-06 04:00:00,2026-02-06 16:36:53,24,12.61,1,0,4,A186
T500707,C2437,业务变更,P3,热线,2026-01-20 12:00:00,2026-01-21 02:30:25,24,14.51,1,0,4,A141
T500708,C2212,其他,P4,在线,2026-01-10 14:00:00,2026-01-11 14:55:44,72,24.93,1,0,4,A134
T500709,C2063,其他,P2,邮件,2026-04-17 00:00:00,2026-04-17 01:09:15,8,1.15,1,0,4,A287
T500710,C2731,业务变更,P4,邮件,2026-02-23 09:00:00,2026-02-24 11:03:11,72,26.05,1,0,5,A139
T500711,C3645,故障申报,P2,邮件,2026-03-16 13:00:00,2026-03-16 17:38:12,8,4.64,1,0,1,A271
T500712,C1023,其他,P1,热线,2026-03-17 23:00:00,2026-03-17 23:30:00,4,0.5,1,0,5,A283
T500713,C3267,业务变更,P3,邮件,2026-02-02 04:00:00,2026-02-02 08:03:26,24,4.06,1,0,5,A106
T500714,C2374,故障申报,P3,在线,2026-02-26 15:00:00,2026-02-28 10:44:42,24,43.75,0,0,4,A122
T500715,C3874,业务变更,P4,在线,2026-04-16 00:00:00,2026-04-16 01:05:49,72,1.1,1,0,4,A271
T500716,C1285,其他,P2,热线,2026-04-19 05:00:00,2026-04-19 06:29:04,8,1.48,1,0,5,A119
T500717,C1467,退订,P4,在线,2026-04-07 04:00:00,2026-04-08 00:51:17,72,20.85,1,0,4,A258
T500718,C1996,业务变更,P3,热线,2026-01-26 14:00:00,2026-01-26 18:46:10,24,4.77,1,0,4,A132
T500719,C2845,退订,P4,在线,2026-01-08 03:00:00,2026-01-15 00:36:12,72,165.6,0,1,5,A145
T500720,C1019,故障申报,P2,App,2026-04-25 14:00:00,2026-04-26 22:12:56,8,32.22,0,0,4,A178
T500721,C3595,业务变更,P1,热线,2026-01-17 01:00:00,2026-01-17 05:49:33,4,4.83,0,0,2,A293
T500722,C1167,故障申报,P4,App,2026-01-06 07:00:00,2026-01-08 09:09:15,72,50.15,1,0,4,A283
T500723,C3539,业务变更,P4,App,2026-01-22 14:00:00,2026-01-23 21:04:54,72,31.08,1,0,4,A220
T500724,C2466,退订,P4,热线,2026-02-05 02:00:00,2026-02-06 00:26:35,72,22.44,1,0,1,A205
T500725,C2995,业务变更,P2,在线,2026-02-22 23:00:00,2026-02-23 02:53:52,8,3.9,1,0,5,A165
T500726,C1316,其他,P1,在线,2026-03-09 04:00:00,2026-03-09 12:22:25,4,8.37,0,0,4,A268
T500727,C2014,退订,P4,在线,2026-02-19 04:00:00,2026-02-20 21:57:13,72,41.95,1,0,5,A229
T500728,C2001,故障申报,P1,邮件,2026-03-22 17:00:00,2026-03-22 17:30:00,4,0.5,1,0,5,A250
T500729,C1833,故障申报,P1,在线,2026-03-06 09:00:00,2026-03-06 09:30:00,4,0.5,1,0,4,A164
T500730,C1831,咨询,P1,热线,2026-01-15 01:00:00,2026-01-15 02:41:31,4,1.69,1,0,4,A106
T500731,C1401,咨询,P2,在线,2026-01-08 23:00:00,2026-01-09 01:09:46,8,2.16,1,0,5,A299
T500732,C1445,退订,P1,App,2026-02-12 13:00:00,2026-02-12 21:39:37,4,8.66,0,1,5,A206
T500733,C1794,故障申报,P2,邮件,2026-03-22 08:00:00,2026-03-22 16:21:14,8,8.35,0,0,3,A163
T500734,C1727,咨询,P2,邮件,2026-03-10 14:00:00,2026-03-10 18:54:56,8,4.92,1,1,3,A110
T500735,C2832,咨询,P4,在线,2026-04-23 22:00:00,2026-04-26 06:31:22,72,56.52,1,0,4,A224
T500736,C2738,咨询,P4,在线,2026-04-09 22:00:00,2026-04-11 08:07:38,72,34.13,1,0,5,A166
T500737,C2925,业务变更,P1,App,2026-03-19 02:00:00,2026-03-19 02:30:00,4,0.5,1,0,4,A178
T500738,C3245,其他,P1,App,2026-01-21 21:00:00,2026-01-21 21:30:00,4,0.5,1,0,4,A177
T500739,C3420,退订,P1,邮件,2026-03-03 04:00:00,2026-03-03 07:56:18,4,3.94,1,0,4,A140
T500740,C2772,其他,P4,热线,2026-04-06 18:00:00,2026-04-06 20:49:06,72,2.82,1,0,5,A272
T500741,C2305,退订,P1,在线,2026-01-01 04:00:00,2026-01-01 04:32:27,4,0.54,1,0,4,A218
T500742,C3855,其他,P4,邮件,2026-03-21 13:00:00,2026-03-22 17:09:04,72,28.15,1,0,3,A253
T500743,C2524,退订,P1,热线,2026-03-10 15:00:00,2026-03-10 15:30:00,4,0.5,1,0,4,A239
T500744,C2679,业务变更,P1,App,2026-01-18 18:00:00,2026-01-18 19:04:48,4,1.08,1,0,3,A284
T500745,C2954,投诉,P4,热线,2026-01-14 14:00:00,2026-01-15 19:47:16,72,29.79,1,0,5,A127
T500746,C2012,投诉,P1,热线,2026-03-07 05:00:00,2026-03-07 10:42:01,4,5.7,0,0,4,A257
T500747,C1078,投诉,P2,邮件,2026-01-04 03:00:00,2026-01-04 03:30:00,8,0.5,1,0,5,A199
T500748,C2509,退订,P3,在线,2026-04-11 22:00:00,2026-04-12 14:27:05,24,16.45,1,0,5,A203
T500749,C3460,咨询,P4,热线,2026-03-21 08:00:00,2026-03-22 02:32:58,72,18.55,1,0,4,A128
T500750,C2845,投诉,P2,App,2026-03-23 05:00:00,2026-03-23 07:11:04,8,2.18,1,0,5,A236
T500751,C2221,业务变更,P2,热线,2026-04-18 13:00:00,2026-04-18 22:10:18,8,9.17,0,0,3,A123
T500752,C3220,投诉,P2,热线,2026-04-23 10:00:00,2026-04-23 16:20:30,8,6.34,1,0,4,A290
T500753,C2947,故障申报,P3,邮件,2026-04-12 12:00:00,2026-04-13 00:29:47,24,12.5,1,0,5,A108
T500754,C2331,咨询,P1,热线,2026-01-23 10:00:00,2026-01-23 10:55:52,4,0.93,1,0,3,A244
T500755,C1321,投诉,P2,热线,2026-03-16 03:00:00,2026-03-16 04:28:58,8,1.48,1,0,5,A189
T500756,C1236,其他,P2,邮件,2026-04-08 03:00:00,2026-04-08 04:08:08,8,1.14,1,0,5,A294
T500757,C3992,故障申报,P3,邮件,2026-04-08 09:00:00,2026-04-08 21:00:43,24,12.01,1,0,5,A148
T500758,C1787,退订,P1,App,2026-02-17 19:00:00,2026-02-17 19:30:00,4,0.5,1,0,4,A296
T500759,C3079,投诉,P4,App,2026-03-19 08:00:00,2026-03-20 06:20:14,72,22.34,1,0,5,A185
T500760,C3889,咨询,P2,邮件,2026-04-18 05:00:00,2026-04-18 05:47:00,8,0.78,1,0,4,A204
T500761,C1772,业务变更,P3,App,2026-04-27 15:00:00,2026-04-28 06:37:52,24,15.63,1,0,3,A241
T500762,C1630,咨询,P1,热线,2026-01-03 19:00:00,2026-01-04 00:00:01,4,5.0,0,0,4,A106
T500763,C2070,其他,P2,热线,2026-03-26 22:00:00,2026-03-27 02:52:04,8,4.87,1,0,3,A133
T500764,C2488,退订,P2,邮件,2026-04-18 04:00:00,2026-04-18 05:37:14,8,1.62,1,0,4,A156
T500765,C3218,投诉,P3,热线,2026-03-13 12:00:00,2026-03-13 15:36:58,24,3.62,1,0,2,A227
T500766,C3735,业务变更,P1,热线,2026-04-22 01:00:00,2026-04-22 02:10:37,4,1.18,1,1,3,A212
T500767,C2339,其他,P1,在线,2026-01-11 06:00:00,2026-01-11 12:11:07,4,6.19,0,0,4,A141
T500768,C2546,故障申报,P1,App,2026-02-03 08:00:00,2026-02-03 10:18:28,4,2.31,1,0,4,A106
T500769,C1700,咨询,P1,App,2026-02-07 00:00:00,2026-02-07 01:23:31,4,1.39,1,0,4,A226
T500770,C1827,退订,P1,热线,2026-02-14 01:00:00,2026-02-14 01:30:00,4,0.5,1,0,1,A274
T500771,C1061,咨询,P4,在线,2026-04-20 00:00:00,2026-04-20 10:52:53,72,10.88,1,0,4,A158
T500772,C3958,其他,P3,热线,2026-04-21 08:00:00,2026-04-21 08:38:12,24,0.64,1,0,5,A282
T500773,C1026,业务变更,P4,邮件,2026-02-16 09:00:00,2026-02-19 02:40:47,72,65.68,1,0,5,A206
T500774,C3347,退订,P1,热线,2026-01-17 01:00:00,2026-01-17 06:59:11,4,5.99,0,0,3,A275
T500775,C3763,其他,P3,App,2026-02-08 10:00:00,2026-02-09 01:00:10,24,15.0,1,0,5,A186
T500776,C3228,其他,P3,邮件,2026-02-14 11:00:00,2026-02-14 12:32:34,24,1.54,1,0,2,A265
T500777,C3400,咨询,P3,App,2026-04-27 05:00:00,2026-04-27 10:44:35,24,5.74,1,0,4,A104
T500778,C1538,其他,P3,邮件,2026-02-08 08:00:00,2026-02-09 14:19:13,24,30.32,0,0,5,A260
T500779,C2285,投诉,P3,热线,2026-01-02 21:00:00,2026-01-03 07:01:53,24,10.03,1,0,4,A179
T500780,C2847,故障申报,P3,App,2026-02-25 00:00:00,2026-02-25 06:23:56,24,6.4,1,0,4,A289
T500781,C2701,故障申报,P2,在线,2026-04-12 13:00:00,2026-04-12 16:42:33,8,3.71,1,0,4,A149
T500782,C2319,投诉,P3,邮件,2026-02-02 08:00:00,2026-02-02 23:59:44,24,16.0,1,0,5,A274
T500783,C3570,其他,P2,App,2026-04-12 08:00:00,2026-04-13 01:10:18,8,17.17,0,0,4,A203
T500784,C1992,故障申报,P2,邮件,2026-03-18 16:00:00,2026-03-18 17:58:08,8,1.97,1,0,5,A242
T500785,C1305,咨询,P4,热线,2026-03-03 21:00:00,2026-03-03 23:47:29,72,2.79,1,0,2,A275
T500786,C2608,业务变更,P2,热线,2026-04-10 09:00:00,2026-04-10 13:51:32,8,4.86,1,0,5,A222
T500787,C3276,其他,P3,在线,2026-02-24 10:00:00,2026-02-25 05:16:47,24,19.28,1,0,3,A228
T500788,C3929,退订,P2,在线,2026-02-24 15:00:00,2026-02-25 03:29:30,8,12.49,0,0,5,A291
T500789,C1583,咨询,P3,在线,2026-02-22 11:00:00,2026-02-23 05:19:40,24,18.33,1,0,4,A203
T500790,C1807,其他,P4,在线,2026-03-12 01:00:00,2026-03-14 12:21:24,72,59.36,1,0,4,A109
T500791,C3436,投诉,P2,App,2026-03-03 08:00:00,2026-03-03 21:30:56,8,13.52,0,0,4,A198
T500792,C1385,退订,P2,在线,2026-01-05 14:00:00,2026-01-06 03:33:32,8,13.56,0,0,4,A163
T500793,C1293,投诉,P3,在线,2026-02-14 13:00:00,2026-02-15 04:12:18,24,15.21,1,1,4,A263
T500794,C3697,其他,P4,邮件,2026-03-23 04:00:00,2026-03-25 04:20:40,72,48.34,1,0,1,A278
T500795,C1999,咨询,P2,在线,2026-03-09 10:00:00,2026-03-09 19:19:45,8,9.33,0,0,4,A299
T500796,C1212,故障申报,P3,在线,2026-03-04 05:00:00,2026-03-04 05:40:30,24,0.68,1,0,4,A207
T500797,C3443,其他,P2,在线,2026-04-11 22:00:00,2026-04-12 02:07:07,8,4.12,1,0,4,A218
T500798,C2359,故障申报,P1,邮件,2026-04-17 03:00:00,2026-04-17 04:07:36,4,1.13,1,0,4,A114
T500799,C2472,退订,P1,在线,2026-01-10 14:00:00,2026-01-10 14:30:00,4,0.5,1,0,1,A155
T500800,C1159,退订,P4,App,2026-03-23 23:00:00,2026-03-24 13:58:27,72,14.97,1,0,5,A198
T500801,C2400,退订,P1,在线,2026-02-27 22:00:00,2026-02-28 02:51:20,4,4.86,0,0,1,A199
T500802,C3129,投诉,P4,邮件,2026-01-19 23:00:00,2026-01-20 22:49:21,72,23.82,1,0,4,A243
T500803,C3427,咨询,P4,热线,2026-04-04 10:00:00,2026-04-05 03:05:06,72,17.09,1,1,5,A150
T500804,C2629,其他,P2,热线,2026-04-22 21:00:00,2026-04-22 23:00:04,8,2.0,1,0,3,A203
T500805,C2931,其他,P3,在线,2026-03-03 14:00:00,2026-03-03 20:22:26,24,6.37,1,0,2,A282
T500806,C3504,投诉,P4,在线,2026-04-25 05:00:00,2026-04-26 09:13:01,72,28.22,1,0,2,A198
T500807,C3369,投诉,P4,邮件,2026-02-27 08:00:00,2026-02-28 03:21:49,72,19.36,1,0,5,A239
T500808,C2011,故障申报,P2,在线,2026-04-17 20:00:00,2026-04-17 21:10:29,8,1.17,1,0,4,A261
T500809,C1980,其他,P3,App,2026-03-04 21:00:00,2026-03-05 07:30:25,24,10.51,1,0,4,A150
T500810,C1541,投诉,P3,在线,2026-02-12 04:00:00,2026-02-12 10:39:30,24,6.66,1,0,5,A280
T500811,C1754,其他,P2,邮件,2026-01-24 16:00:00,2026-01-24 16:33:36,8,0.56,1,0,5,A257
T500812,C3508,故障申报,P1,在线,2026-01-02 11:00:00,2026-01-02 11:30:00,4,0.5,1,0,4,A108
T500813,C1428,咨询,P4,App,2026-02-05 02:00:00,2026-02-06 00:56:03,72,22.93,1,0,5,A196
T500814,C3808,业务变更,P4,热线,2026-02-27 15:00:00,2026-02-28 01:54:32,72,10.91,1,0,4,A279
T500815,C1270,投诉,P1,热线,2026-03-06 00:00:00,2026-03-06 00:57:30,4,0.96,1,0,5,A269
T500816,C1174,业务变更,P4,热线,2026-02-15 00:00:00,2026-02-15 07:55:24,72,7.92,1,0,5,A212
T500817,C2096,其他,P1,热线,2026-03-11 11:00:00,2026-03-11 12:08:17,4,1.14,1,0,4,A219
T500818,C3992,退订,P2,App,2026-03-13 14:00:00,2026-03-13 19:36:39,8,5.61,1,1,5,A188
T500819,C1429,业务变更,P1,热线,2026-03-25 22:00:00,2026-03-25 22:41:55,4,0.7,1,0,5,A114
T500820,C2863,投诉,P3,App,2026-03-20 19:00:00,2026-03-21 00:35:45,24,5.6,1,0,2,A177
T500821,C1266,故障申报,P3,邮件,2026-03-25 18:00:00,2026-03-26 03:26:22,24,9.44,1,0,3,A130
T500822,C2765,咨询,P1,邮件,2026-02-11 18:00:00,2026-02-11 18:51:33,4,0.86,1,0,1,A238
T500823,C2076,业务变更,P4,热线,2026-01-20 00:00:00,2026-01-29 09:56:46,72,225.95,0,0,3,A100
T500824,C3149,退订,P2,在线,2026-03-02 08:00:00,2026-03-02 11:55:40,8,3.93,1,0,2,A164
T500825,C1680,退订,P3,热线,2026-04-01 23:00:00,2026-04-02 14:06:09,24,15.1,1,0,5,A158
T500826,C2553,咨询,P4,热线,2026-01-15 20:00:00,2026-01-16 00:03:05,72,4.05,1,0,4,A164
T500827,C3330,投诉,P1,热线,2026-02-22 00:00:00,2026-02-22 00:30:00,4,0.5,1,0,4,A105
T500828,C1162,退订,P2,在线,2026-02-02 06:00:00,2026-02-02 06:43:22,8,0.72,1,0,3,A248
T500829,C3978,业务变更,P2,App,2026-04-26 11:00:00,2026-04-26 15:51:19,8,4.86,1,0,5,A135
T500830,C3786,退订,P2,邮件,2026-04-22 01:00:00,2026-04-22 01:30:00,8,0.5,1,0,5,A111
T500831,C2780,其他,P1,在线,2026-02-02 08:00:00,2026-02-02 09:29:55,4,1.5,1,0,3,A233
T500832,C3644,咨询,P3,App,2026-02-18 13:00:00,2026-02-19 08:10:47,24,19.18,1,0,4,A207
T500833,C3690,业务变更,P2,邮件,2026-01-19 08:00:00,2026-01-19 19:01:23,8,11.02,0,0,5,A151
T500834,C2710,其他,P4,在线,2026-03-25 07:00:00,2026-03-27 19:45:34,72,60.76,1,1,4,A194
T500835,C3115,其他,P1,App,2026-04-04 21:00:00,2026-04-04 23:53:37,4,2.89,1,0,4,A184
T500836,C2661,业务变更,P4,热线,2026-01-18 16:00:00,2026-01-18 16:30:00,72,0.5,1,1,5,A193
T500837,C1284,故障申报,P4,邮件,2026-04-06 23:00:00,2026-04-07 12:56:50,72,13.95,1,0,5,A204
T500838,C1160,退订,P1,邮件,2026-04-20 11:00:00,2026-04-20 11:52:18,4,0.87,1,0,5,A125
T500839,C3590,其他,P2,在线,2026-01-02 08:00:00,2026-01-02 12:31:28,8,4.52,1,0,5,A163
T500840,C3306,退订,P4,App,2026-03-15 09:00:00,2026-03-17 12:42:09,72,51.7,1,0,3,A165
T500841,C1977,退订,P4,App,2026-03-08 09:00:00,2026-03-10 04:00:00,72,43.0,1,0,3,A233
T500842,C2679,其他,P4,热线,2026-01-03 23:00:00,2026-01-09 08:36:59,72,129.62,0,0,5,A128
T500843,C3282,投诉,P4,App,2026-01-21 21:00:00,2026-01-22 07:44:46,72,10.75,1,0,4,A109
T500844,C1233,投诉,P4,邮件,2026-04-09 04:00:00,2026-04-10 11:47:21,72,31.79,1,0,5,A297
T500845,C1016,故障申报,P4,在线,2026-04-20 11:00:00,2026-04-27 19:12:56,72,176.22,0,0,4,A101
T500846,C1448,其他,P2,在线,2026-04-25 22:00:00,2026-04-25 22:30:00,8,0.5,1,0,4,A133
T500847,C1689,咨询,P1,在线,2026-01-14 17:00:00,2026-01-14 20:48:26,4,3.81,1,0,4,A157
T500848,C1420,故障申报,P1,在线,2026-03-26 06:00:00,2026-03-26 06:30:00,4,0.5,1,0,4,A112
T500849,C2081,退订,P2,邮件,2026-01-10 07:00:00,2026-01-10 18:39:15,8,11.65,0,0,4,A173
T500850,C1003,退订,P1,在线,2026-02-12 04:00:00,2026-02-12 04:55:39,4,0.93,1,0,4,A106
T500851,C1889,业务变更,P1,热线,2026-01-19 21:00:00,2026-01-19 21:30:00,4,0.5,1,0,5,A214
T500852,C3682,故障申报,P1,热线,2026-04-05 12:00:00,2026-04-05 14:40:06,4,2.67,1,0,4,A220
T500853,C1960,投诉,P3,热线,2026-02-18 22:00:00,2026-02-19 04:14:41,24,6.24,1,0,4,A228
T500854,C2640,投诉,P4,热线,2026-04-16 17:00:00,2026-04-17 12:04:23,72,19.07,1,0,4,A249
T500855,C2730,退订,P1,App,2026-02-13 23:00:00,2026-02-13 23:40:21,4,0.67,1,0,4,A161
T500856,C3008,业务变更,P4,在线,2026-01-14 21:00:00,2026-01-15 11:24:49,72,14.41,1,0,2,A221
T500857,C1414,业务变更,P1,热线,2026-01-19 22:00:00,2026-01-20 00:21:02,4,2.35,1,0,5,A166
T500858,C3154,退订,P4,App,2026-03-08 04:00:00,2026-03-10 21:48:09,72,65.8,1,0,5,A118
T500859,C3982,退订,P1,App,2026-01-26 02:00:00,2026-01-26 02:39:39,4,0.66,1,0,4,A104
T500860,C2823,退订,P4,热线,2026-04-02 15:00:00,2026-04-03 05:28:01,72,14.47,1,0,2,A148
T500861,C3677,故障申报,P1,在线,2026-01-20 12:00:00,2026-01-20 12:50:21,4,0.84,1,1,5,A159
T500862,C1100,其他,P1,在线,2026-03-20 00:00:00,2026-03-20 02:14:58,4,2.25,1,0,5,A214
T500863,C3667,故障申报,P1,在线,2026-01-09 05:00:00,2026-01-09 06:15:56,4,1.27,1,0,4,A207
T500864,C1401,咨询,P2,邮件,2026-01-15 20:00:00,2026-01-15 22:04:28,8,2.07,1,0,4,A107
T500865,C1149,故障申报,P1,App,2026-02-09 03:00:00,2026-02-09 08:45:40,4,5.76,0,0,4,A169
T500866,C2475,投诉,P2,热线,2026-02-08 01:00:00,2026-02-08 12:59:15,8,11.99,0,0,4,A214
T500867,C3860,退订,P4,邮件,2026-02-07 10:00:00,2026-02-07 23:42:47,72,13.71,1,0,4,A260
T500868,C2198,投诉,P3,在线,2026-04-15 00:00:00,2026-04-15 03:00:45,24,3.01,1,0,5,A216
T500869,C1575,故障申报,P1,热线,2026-04-19 16:00:00,2026-04-19 19:27:52,4,3.46,1,0,5,A292
T500870,C3948,咨询,P3,App,2026-02-05 02:00:00,2026-02-05 17:26:29,24,15.44,1,0,3,A230
T500871,C3492,投诉,P4,在线,2026-02-10 11:00:00,2026-02-12 02:38:06,72,39.64,1,0,1,A163
T500872,C1877,咨询,P1,热线,2026-02-01 01:00:00,2026-02-01 03:38:59,4,2.65,1,0,5,A194
T500873,C3849,投诉,P4,在线,2026-01-19 03:00:00,2026-01-19 22:47:12,72,19.79,1,0,3,A149
T500874,C3399,退订,P2,邮件,2026-02-16 22:00:00,2026-02-17 00:33:28,8,2.56,1,0,5,A234
T500875,C2501,其他,P2,在线,2026-03-24 02:00:00,2026-03-24 13:21:51,8,11.36,0,0,5,A239
T500876,C1785,投诉,P2,App,2026-04-05 00:00:00,2026-04-05 04:52:23,8,4.87,1,0,1,A140
T500877,C1649,投诉,P1,邮件,2026-04-22 16:00:00,2026-04-22 17:33:30,4,1.56,1,0,5,A242
T500878,C2245,其他,P2,邮件,2026-03-09 03:00:00,2026-03-09 11:58:36,8,8.98,0,0,4,A127
T500879,C1858,投诉,P3,App,2026-04-04 08:00:00,2026-04-04 20:42:19,24,12.71,1,0,3,A108
T500880,C2809,咨询,P2,热线,2026-01-26 19:00:00,2026-01-26 22:00:51,8,3.01,1,0,4,A203
T500881,C1061,故障申报,P4,在线,2026-04-26 07:00:00,2026-04-28 23:12:00,72,64.2,1,0,5,A146
T500882,C2958,业务变更,P1,邮件,2026-02-27 06:00:00,2026-02-27 07:39:28,4,1.66,1,1,5,A288
T500883,C1222,其他,P3,在线,2026-01-11 16:00:00,2026-01-11 16:38:40,24,0.64,1,0,5,A118
T500884,C3330,咨询,P2,邮件,2026-04-08 00:00:00,2026-04-08 05:53:46,8,5.9,1,0,1,A294
T500885,C2431,投诉,P1,在线,2026-03-21 05:00:00,2026-03-21 05:30:00,4,0.5,1,0,5,A296
T500886,C1042,退订,P3,热线,2026-03-04 14:00:00,2026-03-05 03:21:01,24,13.35,1,0,2,A225
T500887,C3168,故障申报,P2,App,2026-03-17 19:00:00,2026-03-17 23:49:50,8,4.83,1,0,4,A237
T500888,C3026,咨询,P1,App,2026-04-20 19:00:00,2026-04-20 19:30:00,4,0.5,1,0,4,A182
T500889,C2305,故障申报,P3,在线,2026-04-14 14:00:00,2026-04-14 23:47:43,24,9.8,1,0,3,A296
T500890,C3765,咨询,P3,App,2026-02-01 23:00:00,2026-02-03 12:42:52,24,37.71,0,0,5,A262
T500891,C3604,故障申报,P1,热线,2026-02-08 01:00:00,2026-02-08 01:37:35,4,0.63,1,0,5,A165
T500892,C1128,故障申报,P2,邮件,2026-03-02 04:00:00,2026-03-02 08:31:17,8,4.52,1,0,2,A280
T500893,C3527,故障申报,P4,App,2026-02-15 16:00:00,2026-02-16 20:52:44,72,28.88,1,0,4,A109
T500894,C2656,退订,P1,在线,2026-04-25 13:00:00,2026-04-25 16:07:55,4,3.13,1,0,4,A142
T500895,C1861,其他,P1,在线,2026-03-24 17:00:00,2026-03-24 17:38:13,4,0.64,1,0,5,A209
T500896,C2261,投诉,P4,邮件,2026-01-06 21:00:00,2026-01-07 20:27:30,72,23.46,1,0,4,A286
T500897,C3968,故障申报,P4,App,2026-02-10 06:00:00,2026-02-11 08:10:50,72,26.18,1,0,4,A214
T500898,C3662,投诉,P4,邮件,2026-03-12 18:00:00,2026-03-13 19:59:26,72,25.99,1,0,4,A249
T500899,C1826,咨询,P2,App,2026-01-26 08:00:00,2026-01-26 09:54:52,8,1.91,1,0,4,A170
T500900,C3075,其他,P4,热线,2026-01-04 15:00:00,2026-01-07 10:19:07,72,67.32,1,0,5,A254
T500901,C3219,业务变更,P2,邮件,2026-01-01 02:00:00,2026-01-01 02:30:00,8,0.5,1,0,4,A257
T500902,C3215,退订,P1,在线,2026-01-27 04:00:00,2026-01-27 05:34:10,4,1.57,1,0,4,A143
T500903,C3950,故障申报,P3,App,2026-04-21 03:00:00,2026-04-21 05:21:09,24,2.35,1,1,4,A148
T500904,C3230,其他,P3,在线,2026-04-14 20:00:00,2026-04-14 20:30:00,24,0.5,1,0,3,A288
T500905,C3838,故障申报,P1,在线,2026-03-09 17:00:00,2026-03-09 17:50:52,4,0.85,1,0,2,A226
T500906,C2796,咨询,P4,热线,2026-02-19 13:00:00,2026-02-20 00:53:22,72,11.89,1,0,1,A179
T500907,C1673,投诉,P2,App,2026-02-27 20:00:00,2026-02-28 06:40:52,8,10.68,0,0,3,A128
T500908,C2292,业务变更,P1,邮件,2026-03-14 05:00:00,2026-03-14 05:30:00,4,0.5,1,0,5,A188
T500909,C2552,其他,P3,在线,2026-01-08 04:00:00,2026-01-08 16:17:38,24,12.29,1,0,3,A247
T500910,C2905,咨询,P3,热线,2026-02-11 00:00:00,2026-02-11 19:45:55,24,19.77,1,0,4,A103
T500911,C3737,退订,P3,热线,2026-02-19 07:00:00,2026-02-19 08:08:54,24,1.15,1,0,5,A255
T500912,C2215,投诉,P2,邮件,2026-03-20 00:00:00,2026-03-20 02:25:20,8,2.42,1,0,4,A174
T500913,C3422,业务变更,P4,App,2026-03-26 04:00:00,2026-03-27 07:37:57,72,27.63,1,0,4,A210
T500914,C2316,退订,P1,App,2026-03-12 12:00:00,2026-03-12 15:07:24,4,3.12,1,0,2,A159
T500915,C3895,退订,P4,热线,2026-01-07 02:00:00,2026-01-08 11:06:37,72,33.11,1,0,4,A127
T500916,C2539,退订,P1,在线,2026-03-11 06:00:00,2026-03-11 06:57:41,4,0.96,1,0,2,A227
T500917,C2318,其他,P3,邮件,2026-04-09 20:00:00,2026-04-09 21:16:49,24,1.28,1,1,4,A208
T500918,C3750,投诉,P4,热线,2026-03-21 03:00:00,2026-03-26 04:18:10,72,121.3,0,0,3,A129
T500919,C4000,退订,P4,热线,2026-04-27 18:00:00,2026-05-01 06:02:29,72,84.04,0,1,3,A202
T500920,C3352,咨询,P4,热线,2026-02-18 09:00:00,2026-02-18 14:18:20,72,5.31,1,0,3,A237
T500921,C1165,咨询,P2,热线,2026-03-24 02:00:00,2026-03-24 03:37:03,8,1.62,1,0,2,A139
T500922,C2875,业务变更,P3,邮件,2026-01-25 02:00:00,2026-01-26 00:22:46,24,22.38,1,0,4,A150
T500923,C1005,业务变更,P3,App,2026-03-08 12:00:00,2026-03-08 15:32:33,24,3.54,1,0,3,A253
T500924,C2218,退订,P2,在线,2026-04-13 21:00:00,2026-04-14 14:09:50,8,17.16,0,0,1,A272
T500925,C1787,咨询,P4,App,2026-04-07 04:00:00,2026-04-09 15:07:30,72,59.13,1,0,3,A228
T500926,C1198,其他,P4,邮件,2026-03-13 23:00:00,2026-03-15 03:38:59,72,28.65,1,0,1,A119
T500927,C2012,业务变更,P2,App,2026-01-04 13:00:00,2026-01-04 15:32:45,8,2.55,1,1,4,A169
T500928,C2209,咨询,P3,热线,2026-03-04 22:00:00,2026-03-05 04:59:53,24,7.0,1,0,3,A247
T500929,C2365,其他,P3,热线,2026-03-02 11:00:00,2026-03-02 11:30:00,24,0.5,1,0,5,A119
T500930,C2467,其他,P4,在线,2026-02-07 17:00:00,2026-02-10 20:49:04,72,75.82,0,0,4,A242
T500931,C2553,其他,P2,App,2026-02-09 05:00:00,2026-02-09 10:49:11,8,5.82,1,0,5,A220
T500932,C3686,业务变更,P1,在线,2026-02-14 22:00:00,2026-02-14 23:21:58,4,1.37,1,0,4,A190
T500933,C1615,咨询,P2,邮件,2026-03-08 20:00:00,2026-03-08 23:34:40,8,3.58,1,0,5,A102
T500934,C3287,投诉,P4,邮件,2026-04-03 11:00:00,2026-04-03 18:02:59,72,7.05,1,0,4,A214
T500935,C1326,投诉,P3,在线,2026-01-19 00:00:00,2026-01-19 07:20:20,24,7.34,1,0,5,A154
T500936,C2814,咨询,P1,在线,2026-02-07 05:00:00,2026-02-07 08:10:31,4,3.18,1,0,5,A142
T500937,C2616,退订,P4,App,2026-03-03 07:00:00,2026-03-03 17:03:32,72,10.06,1,0,5,A153
T500938,C2080,投诉,P1,热线,2026-04-07 15:00:00,2026-04-07 15:30:00,4,0.5,1,0,3,A288
T500939,C2137,其他,P2,在线,2026-03-18 11:00:00,2026-03-18 16:19:42,8,5.33,1,0,5,A297
T500940,C3521,故障申报,P3,热线,2026-03-21 12:00:00,2026-03-21 19:19:24,24,7.32,1,0,4,A237
T500941,C2073,咨询,P2,App,2026-03-27 23:00:00,2026-03-27 23:30:00,8,0.5,1,0,3,A147
T500942,C1457,业务变更,P1,邮件,2026-01-04 06:00:00,2026-01-04 07:19:09,4,1.32,1,0,4,A287
T500943,C3560,故障申报,P3,热线,2026-01-01 07:00:00,2026-01-01 18:43:49,24,11.73,1,0,4,A191
T500944,C3557,其他,P3,App,2026-02-10 14:00:00,2026-02-10 21:03:20,24,7.06,1,0,4,A241
T500945,C2246,投诉,P3,邮件,2026-03-27 00:00:00,2026-03-27 04:40:59,24,4.68,1,0,5,A214
T500946,C2241,故障申报,P2,在线,2026-04-04 02:00:00,2026-04-04 15:43:06,8,13.72,0,0,5,A203
T500947,C3361,其他,P1,在线,2026-04-06 02:00:00,2026-04-06 02:30:00,4,0.5,1,0,5,A113
T500948,C1595,退订,P2,热线,2026-03-17 05:00:00,2026-03-17 12:26:39,8,7.44,1,0,5,A113
T500949,C1743,咨询,P2,在线,2026-02-17 14:00:00,2026-02-17 18:48:40,8,4.81,1,0,1,A241
T500950,C1102,故障申报,P4,邮件,2026-03-26 12:00:00,2026-03-27 04:17:02,72,16.28,1,0,5,A282
T500951,C3775,故障申报,P2,热线,2026-02-20 10:00:00,2026-02-20 19:42:51,8,9.71,0,0,4,A239
T500952,C3310,业务变更,P1,热线,2026-01-22 14:00:00,2026-01-22 16:42:50,4,2.71,1,0,4,A130
T500953,C2016,投诉,P4,在线,2026-01-16 09:00:00,2026-01-17 15:04:01,72,30.07,1,0,4,A107
T500954,C3099,其他,P3,在线,2026-03-20 21:00:00,2026-03-21 02:12:33,24,5.21,1,0,4,A181
T500955,C3848,业务变更,P1,在线,2026-03-11 19:00:00,2026-03-11 19:30:00,4,0.5,1,0,4,A232
T500956,C2020,其他,P1,在线,2026-01-27 11:00:00,2026-01-27 19:15:02,4,8.25,0,0,5,A213
T500957,C3566,故障申报,P2,热线,2026-01-14 21:00:00,2026-01-14 22:45:59,8,1.77,1,0,4,A274
T500958,C2480,咨询,P1,热线,2026-01-25 03:00:00,2026-01-25 05:11:03,4,2.18,1,0,4,A136
T500959,C3544,退订,P4,App,2026-02-18 19:00:00,2026-02-21 13:49:32,72,66.83,1,0,5,A132
T500960,C2129,其他,P1,热线,2026-04-06 19:00:00,2026-04-06 19:30:00,4,0.5,1,0,3,A276
T500961,C1198,咨询,P4,热线,2026-01-13 11:00:00,2026-01-14 04:48:10,72,17.8,1,0,1,A261
T500962,C1678,故障申报,P1,App,2026-01-20 16:00:00,2026-01-20 16:30:00,4,0.5,1,1,4,A251
T500963,C1319,咨询,P1,在线,2026-04-04 21:00:00,2026-04-04 21:42:44,4,0.71,1,0,4,A139
T500964,C1823,投诉,P4,邮件,2026-04-26 13:00:00,2026-04-26 19:37:02,72,6.62,1,0,5,A158
T500965,C3994,业务变更,P2,App,2026-01-20 16:00:00,2026-01-20 21:47:13,8,5.79,1,0,5,A135
T500966,C1555,咨询,P4,邮件,2026-03-23 23:00:00,2026-03-25 12:18:43,72,37.31,1,0,4,A213
T500967,C3748,其他,P3,App,2026-03-11 16:00:00,2026-03-12 13:45:51,24,21.76,1,1,4,A201
T500968,C1565,故障申报,P1,热线,2026-02-23 08:00:00,2026-02-23 08:58:40,4,0.98,1,0,4,A232
T500969,C3723,其他,P4,App,2026-04-21 20:00:00,2026-04-23 17:36:37,72,45.61,1,0,3,A187
T500970,C1914,其他,P1,在线,2026-02-17 04:00:00,2026-02-17 07:27:27,4,3.46,1,0,5,A160
T500971,C2595,故障申报,P2,App,2026-01-13 02:00:00,2026-01-13 10:02:50,8,8.05,0,0,2,A262
T500972,C1191,咨询,P1,热线,2026-03-07 08:00:00,2026-03-07 10:48:49,4,2.81,1,0,4,A177
T500973,C1418,故障申报,P2,热线,2026-04-07 22:00:00,2026-04-08 08:17:39,8,10.29,0,0,3,A288
T500974,C2970,故障申报,P4,App,2026-02-16 22:00:00,2026-02-17 13:32:10,72,15.54,1,0,3,A148
T500975,C3440,业务变更,P4,热线,2026-03-01 18:00:00,2026-03-02 21:39:49,72,27.66,1,0,1,A104
T500976,C1860,投诉,P4,App,2026-01-05 15:00:00,2026-01-06 02:46:58,72,11.78,1,0,5,A245
T500977,C3726,故障申报,P4,在线,2026-01-04 06:00:00,2026-01-04 17:22:23,72,11.37,1,0,4,A228
T500978,C1484,业务变更,P3,热线,2026-03-11 10:00:00,2026-03-11 10:30:00,24,0.5,1,0,4,A138
T500979,C1788,退订,P3,邮件,2026-02-23 12:00:00,2026-02-24 21:58:46,24,33.98,0,0,5,A223
T500980,C3331,咨询,P1,App,2026-02-02 22:00:00,2026-02-02 23:20:12,4,1.34,1,0,3,A102
T500981,C1378,故障申报,P2,热线,2026-01-13 03:00:00,2026-01-13 03:30:59,8,0.52,1,0,3,A194
T500982,C3282,投诉,P3,热线,2026-01-03 16:00:00,2026-01-03 20:22:29,24,4.37,1,0,4,A234
T500983,C3044,咨询,P4,热线,2026-01-26 16:00:00,2026-01-27 20:32:03,72,28.53,1,0,4,A237
T500984,C3901,退订,P1,邮件,2026-04-19 09:00:00,2026-04-19 09:57:26,4,0.96,1,0,3,A175
T500985,C2949,投诉,P1,邮件,2026-02-12 10:00:00,2026-02-12 11:40:00,4,1.67,1,0,5,A240
T500986,C1856,投诉,P1,在线,2026-03-15 19:00:00,2026-03-16 01:13:19,4,6.22,0,0,1,A252
T500987,C1941,业务变更,P4,邮件,2026-01-10 08:00:00,2026-01-13 04:08:20,72,68.14,1,0,5,A195
T500988,C3379,其他,P3,在线,2026-02-24 18:00:00,2026-02-25 04:05:22,24,10.09,1,0,1,A174
T500989,C3642,故障申报,P4,App,2026-04-04 13:00:00,2026-04-06 09:39:17,72,44.65,1,0,4,A145
T500990,C2402,投诉,P2,App,2026-01-23 18:00:00,2026-01-23 19:09:39,8,1.16,1,0,4,A143
T500991,C1755,其他,P3,在线,2026-04-15 07:00:00,2026-04-15 18:59:40,24,11.99,1,0,4,A116
T500992,C1698,投诉,P4,App,2026-02-05 07:00:00,2026-02-06 23:35:03,72,40.58,1,0,5,A138
T500993,C3831,其他,P2,邮件,2026-02-22 16:00:00,2026-02-23 04:04:10,8,12.07,0,0,5,A279
T500994,C1052,退订,P2,App,2026-02-11 08:00:00,2026-02-11 18:09:51,8,10.16,0,0,4,A294
T500995,C2409,退订,P3,App,2026-02-26 09:00:00,2026-02-27 09:52:46,24,24.88,0,0,3,A123
T500996,C2814,故障申报,P1,热线,2026-01-18 20:00:00,2026-01-18 21:46:25,4,1.77,1,0,5,A205
T500997,C3544,退订,P2,邮件,2026-04-12 02:00:00,2026-04-12 09:10:24,8,7.17,1,0,4,A227
T500998,C2956,咨询,P3,在线,2026-02-11 02:00:00,2026-02-11 11:47:13,24,9.79,1,0,4,A209
T500999,C2805,退订,P1,在线,2026-01-19 18:00:00,2026-01-20 03:26:42,4,9.45,0,0,1,A281
T501000,C1941,退订,P3,在线,2026-04-22 08:00:00,2026-04-23 08:35:46,24,24.6,0,0,4,A146
T501001,C1207,投诉,P4,热线,2026-04-15 19:00:00,2026-04-16 15:06:36,72,20.11,1,0,5,A250
T501002,C2675,业务变更,P2,在线,2026-04-21 16:00:00,2026-04-21 18:56:32,8,2.94,1,0,4,A187
T501003,C3385,咨询,P3,邮件,2026-04-12 15:00:00,2026-04-13 08:17:21,24,17.29,1,0,5,A183
T501004,C1523,咨询,P2,在线,2026-03-24 07:00:00,2026-03-24 12:28:17,8,5.47,1,0,4,A150
T501005,C2282,投诉,P3,热线,2026-02-14 16:00:00,2026-02-15 02:16:53,24,10.28,1,0,4,A258
T501006,C3723,业务变更,P2,邮件,2026-03-13 21:00:00,2026-03-13 23:27:43,8,2.46,1,0,5,A244
T501007,C2476,咨询,P3,在线,2026-02-18 03:00:00,2026-02-18 15:22:17,24,12.37,1,0,5,A277
T501008,C1921,故障申报,P4,邮件,2026-04-21 10:00:00,2026-04-21 22:17:47,72,12.3,1,0,4,A194
T501009,C3223,故障申报,P4,热线,2026-03-26 07:00:00,2026-03-27 00:36:53,72,17.61,1,0,5,A138
T501010,C3554,故障申报,P4,App,2026-04-17 23:00:00,2026-04-21 04:12:30,72,77.21,0,0,4,A132
T501011,C1869,其他,P2,热线,2026-02-01 10:00:00,2026-02-01 16:06:43,8,6.11,1,0,4,A183
T501012,C3276,退订,P2,邮件,2026-02-17 01:00:00,2026-02-17 02:15:24,8,1.26,1,0,4,A221
T501013,C3843,业务变更,P3,热线,2026-01-15 11:00:00,2026-01-16 14:56:37,24,27.94,0,0,4,A150
T501014,C3367,其他,P3,在线,2026-04-20 07:00:00,2026-04-20 11:32:59,24,4.55,1,0,5,A163
T501015,C3396,业务变更,P1,热线,2026-02-02 04:00:00,2026-02-02 04:30:00,4,0.5,1,0,4,A204
T501016,C3727,故障申报,P1,邮件,2026-01-26 21:00:00,2026-01-26 21:30:00,4,0.5,1,0,5,A266
T501017,C1380,故障申报,P1,App,2026-01-08 10:00:00,2026-01-08 12:29:20,4,2.49,1,0,3,A285
T501018,C2377,咨询,P2,在线,2026-04-23 16:00:00,2026-04-23 16:30:00,8,0.5,1,0,4,A167
T501019,C1743,业务变更,P4,邮件,2026-02-04 11:00:00,2026-02-09 12:49:25,72,121.82,0,0,5,A110
T501020,C3791,投诉,P1,App,2026-04-21 16:00:00,2026-04-21 17:12:43,4,1.21,1,0,5,A232
T501021,C1569,退订,P3,热线,2026-02-11 00:00:00,2026-02-12 03:16:26,24,27.27,0,0,5,A247
T501022,C3308,其他,P3,热线,2026-01-10 10:00:00,2026-01-10 12:08:45,24,2.15,1,0,3,A226
T501023,C1527,故障申报,P2,在线,2026-02-24 13:00:00,2026-02-24 15:30:37,8,2.51,1,0,3,A119
T501024,C1310,故障申报,P1,热线,2026-03-16 16:00:00,2026-03-16 18:24:01,4,2.4,1,0,4,A112
T501025,C3905,退订,P1,邮件,2026-04-23 16:00:00,2026-04-23 17:28:11,4,1.47,1,0,4,A215
T501026,C3145,故障申报,P4,热线,2026-04-21 18:00:00,2026-04-23 05:57:00,72,35.95,1,0,4,A169
T501027,C3297,业务变更,P3,在线,2026-04-27 18:00:00,2026-04-28 05:45:22,24,11.76,1,0,5,A165
T501028,C2873,业务变更,P1,在线,2026-03-23 17:00:00,2026-03-23 20:34:05,4,3.57,1,0,5,A122
T501029,C1436,退订,P2,热线,2026-01-14 00:00:00,2026-01-14 07:17:07,8,7.29,1,0,4,A170
T501030,C3878,故障申报,P4,邮件,2026-01-07 19:00:00,2026-01-07 20:37:46,72,1.63,1,0,4,A290
T501031,C1990,咨询,P3,App,2026-03-15 00:00:00,2026-03-15 05:36:17,24,5.6,1,0,5,A276
T501032,C2596,其他,P2,邮件,2026-02-20 00:00:00,2026-02-20 00:30:00,8,0.5,1,0,4,A194
T501033,C3547,故障申报,P4,在线,2026-01-15 23:00:00,2026-01-16 20:29:41,72,21.49,1,0,4,A296
T501034,C1474,业务变更,P1,邮件,2026-03-05 04:00:00,2026-03-05 04:34:41,4,0.58,1,0,1,A285
T501035,C1226,业务变更,P1,邮件,2026-03-04 16:00:00,2026-03-04 23:20:05,4,7.33,0,0,3,A153
T501036,C3707,业务变更,P2,热线,2026-02-13 23:00:00,2026-02-14 00:55:53,8,1.93,1,0,4,A207
T501037,C2510,咨询,P3,热线,2026-04-05 20:00:00,2026-04-06 00:33:33,24,4.56,1,0,5,A290
T501038,C3927,其他,P2,热线,2026-02-04 08:00:00,2026-02-04 23:05:32,8,15.09,0,0,5,A110
T501039,C1950,退订,P1,热线,2026-03-11 20:00:00,2026-03-11 21:30:29,4,1.51,1,0,1,A260
T501040,C3935,退订,P4,邮件,2026-04-06 05:00:00,2026-04-06 14:53:19,72,9.89,1,1,4,A139
T501041,C1605,退订,P2,在线,2026-01-02 09:00:00,2026-01-02 12:02:45,8,3.05,1,0,5,A159
T501042,C2120,退订,P4,邮件,2026-04-02 13:00:00,2026-04-02 22:46:52,72,9.78,1,0,4,A149
T501043,C2646,退订,P1,热线,2026-01-26 12:00:00,2026-01-26 13:26:33,4,1.44,1,1,4,A291
T501044,C2969,退订,P1,热线,2026-01-27 09:00:00,2026-01-27 09:30:00,4,0.5,1,0,5,A193
T501045,C2701,故障申报,P1,热线,2026-03-05 05:00:00,2026-03-05 07:56:32,4,2.94,1,0,4,A229
T501046,C1341,咨询,P2,在线,2026-01-14 10:00:00,2026-01-14 11:31:19,8,1.52,1,0,5,A209
T501047,C2277,其他,P3,邮件,2026-02-23 11:00:00,2026-02-23 18:29:20,24,7.49,1,0,3,A250
T501048,C3514,故障申报,P2,App,2026-03-13 20:00:00,2026-03-13 21:53:02,8,1.88,1,0,5,A107
T501049,C3023,退订,P3,在线,2026-02-07 03:00:00,2026-02-07 07:19:38,24,4.33,1,0,1,A135
T501050,C3386,退订,P4,热线,2026-01-18 00:00:00,2026-01-18 15:16:40,72,15.28,1,1,5,A257
T501051,C1788,其他,P1,邮件,2026-04-08 19:00:00,2026-04-08 20:34:37,4,1.58,1,0,5,A287
T501052,C3874,故障申报,P4,热线,2026-04-08 00:00:00,2026-04-08 05:15:37,72,5.26,1,0,4,A271
T501053,C3288,咨询,P3,在线,2026-04-25 16:00:00,2026-04-26 05:15:09,24,13.25,1,0,5,A201
T501054,C1824,业务变更,P1,App,2026-02-21 01:00:00,2026-02-21 04:48:51,4,3.81,1,0,1,A153
T501055,C1580,故障申报,P3,App,2026-01-25 03:00:00,2026-01-25 03:31:10,24,0.52,1,0,4,A212
T501056,C1209,业务变更,P3,在线,2026-01-04 06:00:00,2026-01-04 16:08:23,24,10.14,1,0,4,A248
T501057,C1219,其他,P2,在线,2026-04-09 09:00:00,2026-04-09 14:00:29,8,5.01,1,1,5,A265
T501058,C3630,投诉,P4,热线,2026-02-19 15:00:00,2026-02-27 07:25:32,72,184.43,0,0,5,A128
T501059,C1178,业务变更,P2,热线,2026-04-26 17:00:00,2026-04-26 17:30:00,8,0.5,1,1,5,A225
T501060,C1066,业务变更,P1,在线,2026-02-23 18:00:00,2026-02-23 20:57:05,4,2.95,1,0,5,A231
T501061,C3003,咨询,P4,App,2026-01-17 21:00:00,2026-01-18 22:31:19,72,25.52,1,0,5,A269
T501062,C3351,退订,P4,邮件,2026-01-12 10:00:00,2026-01-15 11:50:16,72,73.84,0,0,4,A151
T501063,C2502,咨询,P3,热线,2026-01-26 09:00:00,2026-01-27 09:01:01,24,24.02,0,0,5,A212
T501064,C3564,退订,P3,App,2026-01-22 07:00:00,2026-01-23 12:40:27,24,29.67,0,0,5,A183
T501065,C2744,其他,P3,热线,2026-01-27 03:00:00,2026-01-27 18:18:16,24,15.3,1,0,5,A126
T501066,C2298,退订,P1,在线,2026-02-12 22:00:00,2026-02-12 22:30:00,4,0.5,1,0,5,A196
T501067,C2689,投诉,P4,邮件,2026-01-02 06:00:00,2026-01-02 13:25:34,72,7.43,1,0,5,A228
T501068,C1731,投诉,P2,热线,2026-02-02 15:00:00,2026-02-02 16:05:02,8,1.08,1,0,1,A187
T501069,C1837,退订,P1,热线,2026-02-21 11:00:00,2026-02-21 18:51:07,4,7.85,0,0,1,A267
T501070,C2581,业务变更,P4,热线,2026-04-19 04:00:00,2026-04-19 04:54:04,72,0.9,1,0,4,A163
T501071,C1236,退订,P2,在线,2026-03-15 14:00:00,2026-03-15 16:13:38,8,2.23,1,0,3,A286
T501072,C3693,其他,P3,热线,2026-02-24 20:00:00,2026-02-24 22:31:32,24,2.53,1,0,5,A138
T501073,C2570,业务变更,P3,热线,2026-02-18 13:00:00,2026-02-18 22:37:25,24,9.62,1,0,4,A287
T501074,C3581,故障申报,P2,邮件,2026-04-13 07:00:00,2026-04-13 07:47:25,8,0.79,1,0,4,A249
T501075,C3255,业务变更,P3,邮件,2026-01-07 17:00:00,2026-01-09 19:13:56,24,50.23,0,0,4,A274
T501076,C2018,退订,P3,App,2026-01-27 13:00:00,2026-01-28 05:59:39,24,16.99,1,0,4,A288
T501077,C3324,咨询,P4,App,2026-04-11 13:00:00,2026-04-12 15:51:14,72,26.85,1,0,5,A108
T501078,C3318,投诉,P4,App,2026-03-11 00:00:00,2026-03-11 23:28:16,72,23.47,1,0,4,A127
T501079,C1021,投诉,P2,邮件,2026-02-19 02:00:00,2026-02-19 12:14:45,8,10.25,0,0,5,A258
T501080,C3849,投诉,P3,邮件,2026-01-19 23:00:00,2026-01-20 01:03:31,24,2.06,1,1,3,A264
T501081,C3540,投诉,P1,在线,2026-04-05 00:00:00,2026-04-05 02:29:47,4,2.5,1,0,3,A181
T501082,C1443,投诉,P3,热线,2026-02-01 09:00:00,2026-02-01 20:15:37,24,11.26,1,0,4,A234
T501083,C1379,故障申报,P3,在线,2026-01-06 10:00:00,2026-01-06 21:53:03,24,11.88,1,0,1,A116
T501084,C1743,业务变更,P3,邮件,2026-02-18 12:00:00,2026-02-20 04:26:20,24,40.44,0,0,5,A165
T501085,C2774,业务变更,P4,在线,2026-03-27 05:00:00,2026-03-27 22:11:57,72,17.2,1,0,4,A293
T501086,C1567,退订,P3,热线,2026-03-24 07:00:00,2026-03-25 00:25:07,24,17.42,1,0,1,A161
T501087,C3805,其他,P2,热线,2026-03-27 23:00:00,2026-03-28 00:23:22,8,1.39,1,0,4,A106
T501088,C3920,咨询,P4,热线,2026-04-02 10:00:00,2026-04-06 06:37:15,72,92.62,0,0,2,A195
T501089,C3387,故障申报,P4,热线,2026-01-12 03:00:00,2026-01-12 03:30:00,72,0.5,1,0,4,A196
T501090,C2191,退订,P1,App,2026-03-04 23:00:00,2026-03-04 23:54:15,4,0.9,1,0,4,A110
T501091,C1722,其他,P3,App,2026-03-13 16:00:00,2026-03-13 17:28:44,24,1.48,1,0,4,A179
T501092,C1448,投诉,P3,App,2026-04-26 11:00:00,2026-04-27 12:39:34,24,25.66,0,0,5,A263
T501093,C2712,其他,P1,热线,2026-04-13 00:00:00,2026-04-13 01:47:01,4,1.78,1,0,5,A137
T501094,C1599,咨询,P1,在线,2026-01-13 14:00:00,2026-01-13 15:57:43,4,1.96,1,1,3,A174
T501095,C2793,退订,P1,App,2026-04-18 10:00:00,2026-04-18 13:03:44,4,3.06,1,0,1,A101
T501096,C1586,咨询,P3,在线,2026-03-12 08:00:00,2026-03-12 08:49:04,24,0.82,1,0,4,A211
T501097,C2238,故障申报,P1,热线,2026-01-26 18:00:00,2026-01-26 18:42:56,4,0.72,1,0,3,A143
T501098,C1582,退订,P4,热线,2026-02-22 06:00:00,2026-02-23 23:09:10,72,41.15,1,0,5,A117
T501099,C2886,咨询,P2,在线,2026-01-16 12:00:00,2026-01-16 14:29:15,8,2.49,1,0,3,A200
T501100,C2924,退订,P1,在线,2026-01-18 15:00:00,2026-01-18 20:02:07,4,5.04,0,0,4,A275
T501101,C2944,投诉,P2,在线,2026-03-23 12:00:00,2026-03-23 18:19:43,8,6.33,1,1,5,A186
T501102,C2816,其他,P1,热线,2026-01-22 07:00:00,2026-01-22 07:50:37,4,0.84,1,0,4,A230
T501103,C2775,投诉,P3,邮件,2026-01-18 11:00:00,2026-01-18 23:52:16,24,12.87,1,1,4,A282
T501104,C2421,投诉,P2,邮件,2026-03-24 16:00:00,2026-03-24 18:58:29,8,2.97,1,0,3,A204
T501105,C3126,投诉,P1,热线,2026-04-14 17:00:00,2026-04-14 19:32:40,4,2.54,1,0,4,A134
T501106,C3315,退订,P4,App,2026-04-13 11:00:00,2026-04-15 12:51:04,72,49.85,1,0,4,A215
T501107,C3558,咨询,P3,在线,2026-04-22 17:00:00,2026-04-22 20:37:54,24,3.63,1,0,4,A147
T501108,C2007,其他,P1,App,2026-01-13 04:00:00,2026-01-13 04:57:43,4,0.96,1,0,4,A224
T501109,C2687,投诉,P3,邮件,2026-02-27 05:00:00,2026-02-27 19:15:20,24,14.26,1,0,4,A297
T501110,C1501,其他,P1,App,2026-03-23 09:00:00,2026-03-23 12:02:56,4,3.05,1,0,4,A148
T501111,C3435,业务变更,P4,热线,2026-04-22 21:00:00,2026-04-25 14:27:15,72,65.45,1,0,5,A261
T501112,C1720,业务变更,P2,热线,2026-04-02 07:00:00,2026-04-02 07:40:53,8,0.68,1,0,5,A194
T501113,C3692,故障申报,P1,App,2026-01-02 15:00:00,2026-01-02 15:30:00,4,0.5,1,0,3,A125
T501114,C2841,咨询,P1,热线,2026-01-22 06:00:00,2026-01-22 06:53:40,4,0.89,1,1,4,A172
T501115,C3128,投诉,P2,在线,2026-03-08 22:00:00,2026-03-08 23:54:13,8,1.9,1,0,5,A240
T501116,C2468,退订,P3,邮件,2026-02-04 01:00:00,2026-02-04 13:21:17,24,12.35,1,1,1,A148
T501117,C1548,故障申报,P4,在线,2026-01-03 13:00:00,2026-01-03 21:07:49,72,8.13,1,0,5,A204
T501118,C3674,其他,P4,App,2026-03-01 03:00:00,2026-03-03 22:08:25,72,67.14,1,0,4,A191
T501119,C1539,故障申报,P4,App,2026-02-05 04:00:00,2026-02-05 08:39:25,72,4.66,1,0,4,A160
T501120,C2638,咨询,P2,邮件,2026-01-17 20:00:00,2026-01-18 05:50:10,8,9.84,0,0,5,A271
T501121,C1444,其他,P2,邮件,2026-02-08 21:00:00,2026-02-08 23:28:55,8,2.48,1,0,4,A201
T501122,C3952,业务变更,P4,邮件,2026-04-08 22:00:00,2026-04-14 07:25:28,72,129.42,0,0,4,A116
T501123,C3605,退订,P1,App,2026-03-11 05:00:00,2026-03-11 07:54:32,4,2.91,1,0,5,A227
T501124,C1060,故障申报,P1,在线,2026-04-14 12:00:00,2026-04-14 12:53:53,4,0.9,1,1,4,A296
T501125,C1689,业务变更,P1,邮件,2026-04-10 19:00:00,2026-04-10 22:43:59,4,3.73,1,0,4,A253
T501126,C2582,咨询,P1,App,2026-03-09 15:00:00,2026-03-09 18:51:00,4,3.85,1,0,5,A269
T501127,C1104,其他,P4,App,2026-04-06 01:00:00,2026-04-07 08:50:02,72,31.83,1,0,5,A201
T501128,C2763,咨询,P4,App,2026-03-18 01:00:00,2026-03-18 02:07:34,72,1.13,1,0,5,A158
T501129,C3291,故障申报,P2,邮件,2026-03-23 18:00:00,2026-03-23 18:30:41,8,0.51,1,0,4,A173
T501130,C3065,故障申报,P4,热线,2026-04-12 04:00:00,2026-04-14 14:15:28,72,58.26,1,0,5,A217
T501131,C2643,其他,P2,热线,2026-01-12 09:00:00,2026-01-12 18:19:44,8,9.33,0,0,4,A254
T501132,C1303,业务变更,P1,在线,2026-03-03 07:00:00,2026-03-03 09:27:33,4,2.46,1,0,5,A256
T501133,C1025,退订,P1,热线,2026-02-14 00:00:00,2026-02-14 01:31:08,4,1.52,1,0,4,A198
T501134,C2378,投诉,P2,热线,2026-02-07 04:00:00,2026-02-07 04:56:25,8,0.94,1,1,4,A250
T501135,C2166,咨询,P4,App,2026-04-05 21:00:00,2026-04-14 20:36:38,72,215.61,0,1,5,A155
T501136,C2038,退订,P3,App,2026-04-11 19:00:00,2026-04-11 20:56:44,24,1.95,1,0,3,A274
T501137,C3299,咨询,P4,App,2026-02-23 06:00:00,2026-03-06 11:04:01,72,269.07,0,0,4,A119
T501138,C1604,咨询,P3,App,2026-04-21 06:00:00,2026-04-21 15:42:28,24,9.71,1,0,5,A168
T501139,C3032,投诉,P1,在线,2026-01-09 04:00:00,2026-01-09 05:47:59,4,1.8,1,0,5,A201
T501140,C1860,投诉,P2,邮件,2026-01-04 10:00:00,2026-01-04 10:30:00,8,0.5,1,0,3,A178
T501141,C2614,退订,P4,App,2026-01-16 06:00:00,2026-01-16 12:33:25,72,6.56,1,0,4,A231
T501142,C1729,故障申报,P1,在线,2026-01-14 03:00:00,2026-01-14 03:30:00,4,0.5,1,0,5,A194
T501143,C1811,其他,P1,App,2026-01-20 03:00:00,2026-01-20 04:41:55,4,1.7,1,0,5,A292
T501144,C1079,其他,P3,邮件,2026-03-05 22:00:00,2026-03-05 22:30:00,24,0.5,1,0,5,A150
T501145,C2208,咨询,P1,在线,2026-01-05 10:00:00,2026-01-05 11:04:35,4,1.08,1,0,5,A277
T501146,C1158,故障申报,P4,在线,2026-04-14 19:00:00,2026-04-15 16:55:44,72,21.93,1,0,5,A219
T501147,C2416,退订,P2,App,2026-01-10 22:00:00,2026-01-10 23:25:47,8,1.43,1,0,3,A169
T501148,C1174,故障申报,P3,App,2026-04-15 17:00:00,2026-04-15 21:39:04,24,4.65,1,0,5,A217
T501149,C2343,其他,P4,热线,2026-03-16 09:00:00,2026-03-17 03:13:49,72,18.23,1,0,4,A159
T501150,C3001,其他,P2,邮件,2026-03-02 17:00:00,2026-03-02 18:56:09,8,1.94,1,0,5,A209
T501151,C2931,其他,P4,邮件,2026-04-13 15:00:00,2026-04-18 07:34:35,72,112.58,0,0,4,A286
T501152,C2862,其他,P2,在线,2026-02-02 02:00:00,2026-02-02 02:59:09,8,0.99,1,0,4,A165
T501153,C3013,业务变更,P2,热线,2026-03-16 02:00:00,2026-03-16 02:30:00,8,0.5,1,0,1,A161
T501154,C2095,其他,P3,热线,2026-04-23 09:00:00,2026-04-23 11:26:03,24,2.43,1,0,4,A285
T501155,C2993,故障申报,P1,在线,2026-01-04 04:00:00,2026-01-04 08:43:04,4,4.72,0,0,4,A199
T501156,C2609,咨询,P3,App,2026-02-02 04:00:00,2026-02-02 06:16:57,24,2.28,1,0,3,A125
T501157,C1022,咨询,P3,热线,2026-01-12 10:00:00,2026-01-12 20:15:57,24,10.27,1,0,5,A139
T501158,C2380,投诉,P2,App,2026-04-11 14:00:00,2026-04-11 21:44:23,8,7.74,1,0,5,A114
T501159,C3704,故障申报,P3,邮件,2026-01-12 14:00:00,2026-01-12 21:38:42,24,7.65,1,0,4,A128
T501160,C3798,退订,P3,热线,2026-04-04 04:00:00,2026-04-04 04:30:00,24,0.5,1,0,5,A107
T501161,C1045,投诉,P4,App,2026-03-26 13:00:00,2026-03-28 22:28:39,72,57.48,1,0,4,A152
T501162,C3343,其他,P4,App,2026-01-05 23:00:00,2026-01-07 20:37:28,72,45.62,1,0,5,A120
T501163,C2651,故障申报,P1,在线,2026-01-23 16:00:00,2026-01-23 17:05:09,4,1.09,1,0,4,A174
T501164,C2164,其他,P2,在线,2026-04-19 10:00:00,2026-04-19 18:40:54,8,8.68,0,0,4,A197
T501165,C3031,退订,P1,在线,2026-02-27 03:00:00,2026-02-27 04:00:09,4,1.0,1,0,4,A125
T501166,C1616,退订,P4,App,2026-04-20 04:00:00,2026-04-21 00:11:51,72,20.2,1,1,2,A202
T501167,C1573,其他,P2,在线,2026-01-18 12:00:00,2026-01-18 12:30:00,8,0.5,1,0,5,A281
T501168,C1502,业务变更,P3,邮件,2026-01-24 18:00:00,2026-01-25 11:12:58,24,17.22,1,0,3,A115
T501169,C3954,投诉,P2,邮件,2026-02-26 16:00:00,2026-02-27 02:39:31,8,10.66,0,0,3,A257
T501170,C2326,故障申报,P4,邮件,2026-01-02 22:00:00,2026-01-07 04:37:16,72,102.62,0,0,4,A254
T501171,C3585,投诉,P3,App,2026-01-24 04:00:00,2026-01-25 00:34:55,24,20.58,1,1,5,A144
T501172,C2342,投诉,P2,热线,2026-04-17 20:00:00,2026-04-18 05:01:58,8,9.03,0,0,3,A243
T501173,C3780,业务变更,P4,邮件,2026-02-23 12:00:00,2026-02-24 04:28:41,72,16.48,1,0,3,A245
T501174,C2527,退订,P1,邮件,2026-04-05 14:00:00,2026-04-05 18:08:55,4,4.15,0,0,4,A195
T501175,C3657,退订,P4,App,2026-01-21 20:00:00,2026-01-23 22:01:10,72,50.02,1,1,5,A168
T501176,C2973,故障申报,P4,邮件,2026-03-23 22:00:00,2026-03-26 04:47:51,72,54.8,1,0,4,A182
T501177,C3340,投诉,P4,App,2026-01-24 09:00:00,2026-01-25 12:44:22,72,27.74,1,0,4,A123
T501178,C1800,故障申报,P2,邮件,2026-03-23 12:00:00,2026-03-23 14:00:21,8,2.01,1,0,5,A154
T501179,C3172,投诉,P4,在线,2026-02-01 01:00:00,2026-02-01 03:38:39,72,2.64,1,0,4,A261
T501180,C1648,业务变更,P1,App,2026-04-07 03:00:00,2026-04-07 04:17:51,4,1.3,1,0,5,A195
T501181,C3883,业务变更,P2,热线,2026-02-14 02:00:00,2026-02-14 05:13:51,8,3.23,1,0,2,A242
T501182,C2142,业务变更,P4,在线,2026-02-23 10:00:00,2026-02-27 23:19:09,72,109.32,0,0,5,A101
T501183,C2749,咨询,P1,在线,2026-03-18 12:00:00,2026-03-18 14:41:21,4,2.69,1,0,4,A149
T501184,C1525,投诉,P1,在线,2026-04-05 18:00:00,2026-04-06 00:18:19,4,6.31,0,0,5,A270
T501185,C1866,投诉,P3,App,2026-01-21 10:00:00,2026-01-23 11:24:38,24,49.41,0,0,5,A139
T501186,C3239,退订,P4,App,2026-01-16 12:00:00,2026-01-19 02:55:33,72,62.93,1,0,3,A178
T501187,C3283,咨询,P2,在线,2026-01-06 13:00:00,2026-01-06 13:30:00,8,0.5,1,0,4,A215
T501188,C1814,其他,P1,邮件,2026-02-04 08:00:00,2026-02-04 10:21:10,4,2.35,1,0,3,A175
T501189,C1193,故障申报,P4,热线,2026-01-07 15:00:00,2026-01-08 23:51:23,72,32.86,1,0,5,A252
T501190,C2655,其他,P1,邮件,2026-01-27 11:00:00,2026-01-27 13:13:59,4,2.23,1,0,3,A232
T501191,C1333,其他,P4,在线,2026-02-04 01:00:00,2026-02-08 17:16:41,72,112.28,0,0,5,A152
T501192,C2581,业务变更,P3,App,2026-04-25 08:00:00,2026-04-25 20:53:57,24,12.9,1,0,3,A148
T501193,C3637,其他,P4,App,2026-01-25 21:00:00,2026-01-26 05:20:16,72,8.34,1,0,4,A222
T501194,C2912,业务变更,P4,App,2026-03-05 00:00:00,2026-03-05 09:34:52,72,9.58,1,0,4,A236
T501195,C1940,业务变更,P3,邮件,2026-03-13 20:00:00,2026-03-14 17:20:16,24,21.34,1,0,5,A296
T501196,C2173,其他,P3,邮件,2026-04-13 23:00:00,2026-04-14 01:34:37,24,2.58,1,0,3,A277
T501197,C2840,其他,P2,邮件,2026-01-21 03:00:00,2026-01-21 03:30:00,8,0.5,1,0,4,A172
T501198,C1396,故障申报,P2,App,2026-01-19 03:00:00,2026-01-19 03:30:00,8,0.5,1,0,5,A159
T501199,C2414,咨询,P3,在线,2026-03-07 08:00:00,2026-03-07 10:06:01,24,2.1,1,0,3,A281
T501200,C3815,业务变更,P1,邮件,2026-02-01 14:00:00,2026-02-01 17:03:11,4,3.05,1,0,5,A180
T501201,C1421,其他,P3,邮件,2026-04-02 23:00:00,2026-04-03 10:56:59,24,11.95,1,0,4,A244
T501202,C3502,故障申报,P4,App,2026-04-01 12:00:00,2026-04-03 21:01:02,72,57.02,1,0,1,A246
T501203,C3701,投诉,P2,邮件,2026-01-07 19:00:00,2026-01-07 19:34:51,8,0.58,1,0,3,A183
T501204,C2249,故障申报,P3,App,2026-04-01 20:00:00,2026-04-02 06:25:14,24,10.42,1,0,4,A240
T501205,C3629,退订,P3,热线,2026-03-07 01:00:00,2026-03-07 04:47:54,24,3.8,1,0,5,A277
T501206,C2914,故障申报,P2,App,2026-03-04 07:00:00,2026-03-05 00:59:37,8,17.99,0,0,4,A188
T501207,C1957,退订,P3,App,2026-03-13 13:00:00,2026-03-14 04:11:29,24,15.19,1,0,4,A134
T501208,C3817,其他,P2,App,2026-02-13 00:00:00,2026-02-13 03:23:40,8,3.39,1,0,3,A136
T501209,C2234,投诉,P1,邮件,2026-03-05 20:00:00,2026-03-05 21:59:57,4,2.0,1,0,4,A191
T501210,C1386,退订,P2,App,2026-02-17 07:00:00,2026-02-17 11:40:49,8,4.68,1,1,4,A262
T501211,C2577,咨询,P4,邮件,2026-02-12 19:00:00,2026-02-17 05:27:31,72,106.46,0,0,4,A202
T501212,C3372,业务变更,P1,热线,2026-04-14 18:00:00,2026-04-14 18:30:00,4,0.5,1,0,4,A185
T501213,C2603,退订,P4,邮件,2026-04-23 19:00:00,2026-04-24 14:24:32,72,19.41,1,0,5,A122
T501214,C2828,业务变更,P4,在线,2026-02-13 01:00:00,2026-02-15 10:06:26,72,57.11,1,0,5,A175
T501215,C1784,退订,P2,App,2026-04-22 00:00:00,2026-04-22 06:15:22,8,6.26,1,0,5,A194
T501216,C3413,投诉,P1,邮件,2026-04-04 06:00:00,2026-04-04 06:37:55,4,0.63,1,0,1,A270
T501217,C3268,业务变更,P4,在线,2026-03-14 05:00:00,2026-03-15 12:58:17,72,31.97,1,1,5,A300
T501218,C2804,咨询,P2,热线,2026-02-16 16:00:00,2026-02-16 16:38:40,8,0.64,1,0,5,A108
T501219,C3301,业务变更,P1,在线,2026-03-10 00:00:00,2026-03-10 05:32:15,4,5.54,0,0,4,A202
T501220,C1148,业务变更,P3,App,2026-04-21 18:00:00,2026-04-24 15:24:47,24,69.41,0,0,3,A240
T501221,C3472,故障申报,P1,在线,2026-03-23 04:00:00,2026-03-23 06:11:08,4,2.19,1,0,5,A217
T501222,C3165,故障申报,P2,App,2026-04-26 11:00:00,2026-04-26 11:30:00,8,0.5,1,0,5,A287
T501223,C3960,故障申报,P2,App,2026-04-09 01:00:00,2026-04-09 01:30:00,8,0.5,1,0,3,A165
T501224,C3899,退订,P1,App,2026-01-17 18:00:00,2026-01-17 18:46:05,4,0.77,1,0,3,A161
T501225,C2885,投诉,P3,App,2026-04-07 23:00:00,2026-04-08 19:49:35,24,20.83,1,0,4,A177
T501226,C1578,投诉,P3,在线,2026-04-25 10:00:00,2026-04-25 11:35:41,24,1.59,1,0,5,A198
T501227,C2913,退订,P4,热线,2026-02-05 12:00:00,2026-02-09 09:50:08,72,93.84,0,0,3,A125
T501228,C2143,其他,P4,App,2026-02-22 12:00:00,2026-02-24 04:38:01,72,40.63,1,0,4,A117
T501229,C2785,退订,P3,在线,2026-02-11 03:00:00,2026-02-12 03:39:18,24,24.66,0,0,4,A276
T501230,C3578,退订,P2,邮件,2026-04-20 03:00:00,2026-04-20 07:08:14,8,4.14,1,0,3,A208
T501231,C3660,退订,P1,热线,2026-01-13 04:00:00,2026-01-13 04:44:06,4,0.74,1,0,5,A159
T501232,C3430,业务变更,P2,App,2026-02-14 14:00:00,2026-02-14 22:34:12,8,8.57,0,0,4,A208
T501233,C1513,业务变更,P4,热线,2026-03-22 10:00:00,2026-03-24 21:21:26,72,59.36,1,1,4,A172
T501234,C3669,故障申报,P4,在线,2026-04-14 04:00:00,2026-04-14 17:30:26,72,13.51,1,0,2,A230
T501235,C1951,退订,P2,在线,2026-04-16 10:00:00,2026-04-16 12:21:47,8,2.36,1,0,4,A182
T501236,C1615,业务变更,P2,App,2026-01-22 09:00:00,2026-01-22 09:58:17,8,0.97,1,0,4,A113
T501237,C1432,其他,P1,在线,2026-02-04 14:00:00,2026-02-04 17:00:57,4,3.02,1,0,4,A203
T501238,C3641,业务变更,P4,邮件,2026-02-21 08:00:00,2026-02-22 22:29:26,72,38.49,1,0,1,A159
T501239,C3795,退订,P1,在线,2026-02-03 06:00:00,2026-02-03 07:07:58,4,1.13,1,1,4,A276
T501240,C1765,投诉,P2,热线,2026-01-03 04:00:00,2026-01-03 04:30:00,8,0.5,1,0,4,A198
T501241,C3568,其他,P1,在线,2026-01-12 10:00:00,2026-01-12 11:11:59,4,1.2,1,0,3,A205
T501242,C3697,退订,P1,在线,2026-03-19 13:00:00,2026-03-19 14:51:33,4,1.86,1,0,5,A278
T501243,C2555,故障申报,P4,邮件,2026-01-12 07:00:00,2026-01-13 12:00:54,72,29.02,1,0,4,A249
T501244,C2275,故障申报,P3,邮件,2026-03-15 14:00:00,2026-03-15 19:43:53,24,5.73,1,0,5,A258
T501245,C3985,其他,P2,邮件,2026-04-01 10:00:00,2026-04-02 09:12:02,8,23.2,0,0,4,A253
T501246,C1836,咨询,P4,热线,2026-02-15 19:00:00,2026-02-16 20:53:02,72,25.88,1,0,3,A254
T501247,C2781,咨询,P3,在线,2026-04-24 09:00:00,2026-04-24 19:05:21,24,10.09,1,0,3,A231
T501248,C3709,退订,P2,邮件,2026-04-16 23:00:00,2026-04-17 11:18:12,8,12.3,0,0,4,A154
T501249,C2407,投诉,P2,邮件,2026-03-22 14:00:00,2026-03-22 18:35:01,8,4.58,1,0,5,A107
T501250,C3243,故障申报,P1,热线,2026-04-03 02:00:00,2026-04-03 03:46:59,4,1.78,1,0,4,A157
T501251,C2144,退订,P4,在线,2026-04-08 08:00:00,2026-04-10 06:37:25,72,46.62,1,0,4,A272
T501252,C3371,业务变更,P2,App,2026-03-01 12:00:00,2026-03-01 12:30:00,8,0.5,1,0,4,A296
T501253,C3141,投诉,P4,在线,2026-04-03 09:00:00,2026-04-03 09:30:00,72,0.5,1,0,4,A128
T501254,C3832,投诉,P3,邮件,2026-01-16 12:00:00,2026-01-17 15:42:14,24,27.7,0,0,3,A115
T501255,C2096,其他,P2,热线,2026-01-25 00:00:00,2026-01-25 00:30:00,8,0.5,1,0,3,A182
T501256,C1394,故障申报,P3,邮件,2026-03-23 08:00:00,2026-03-23 12:38:16,24,4.64,1,0,4,A117
T501257,C3695,投诉,P1,在线,2026-01-14 00:00:00,2026-01-14 05:41:19,4,5.69,0,0,3,A132
T501258,C3045,故障申报,P4,App,2026-03-03 21:00:00,2026-03-04 16:17:32,72,19.29,1,0,4,A184
T501259,C3944,其他,P1,热线,2026-01-08 05:00:00,2026-01-08 07:59:08,4,2.99,1,0,3,A145
T501260,C3591,投诉,P3,热线,2026-02-20 09:00:00,2026-02-20 11:49:21,24,2.82,1,0,1,A273
T501261,C2301,其他,P3,邮件,2026-01-07 11:00:00,2026-01-07 18:45:32,24,7.76,1,0,3,A173
T501262,C3956,咨询,P3,App,2026-01-15 02:00:00,2026-01-15 15:29:04,24,13.48,1,0,4,A293
T501263,C1051,业务变更,P1,在线,2026-02-22 11:00:00,2026-02-22 14:30:06,4,3.5,1,1,4,A231
T501264,C2740,故障申报,P2,在线,2026-04-05 00:00:00,2026-04-05 02:11:53,8,2.2,1,0,3,A137
T501265,C1543,退订,P2,在线,2026-01-14 01:00:00,2026-01-14 04:43:13,8,3.72,1,0,5,A263
T501266,C1405,故障申报,P3,热线,2026-04-17 02:00:00,2026-04-17 03:12:31,24,1.21,1,0,4,A285
T501267,C3383,退订,P3,邮件,2026-04-01 21:00:00,2026-04-02 09:58:16,24,12.97,1,0,4,A247
T501268,C3213,投诉,P3,热线,2026-04-06 18:00:00,2026-04-06 23:45:14,24,5.75,1,0,3,A166
T501269,C3425,投诉,P4,在线,2026-04-25 16:00:00,2026-04-27 07:34:14,72,39.57,1,0,4,A281
T501270,C1263,咨询,P3,热线,2026-02-19 06:00:00,2026-02-20 04:07:36,24,22.13,1,0,5,A159
T501271,C3804,业务变更,P2,App,2026-01-26 20:00:00,2026-01-26 22:10:44,8,2.18,1,0,4,A159
T501272,C2821,故障申报,P2,在线,2026-04-20 12:00:00,2026-04-20 12:38:35,8,0.64,1,0,4,A187
T501273,C1876,其他,P2,热线,2026-01-01 00:00:00,2026-01-01 01:41:27,8,1.69,1,0,5,A112
T501274,C2345,投诉,P1,邮件,2026-01-04 05:00:00,2026-01-04 05:30:00,4,0.5,1,0,4,A142
T501275,C1294,其他,P3,热线,2026-02-02 16:00:00,2026-02-02 18:55:00,24,2.92,1,0,4,A255
T501276,C2260,退订,P3,邮件,2026-03-08 07:00:00,2026-03-08 15:33:47,24,8.56,1,0,5,A266
T501277,C1195,其他,P1,在线,2026-04-24 21:00:00,2026-04-24 23:51:27,4,2.86,1,0,3,A163
T501278,C3731,业务变更,P1,在线,2026-02-13 21:00:00,2026-02-14 00:38:32,4,3.64,1,0,4,A202
T501279,C2623,退订,P1,在线,2026-03-03 12:00:00,2026-03-03 15:37:44,4,3.63,1,0,4,A145
T501280,C3523,业务变更,P3,邮件,2026-03-10 11:00:00,2026-03-10 16:10:49,24,5.18,1,0,4,A272
T501281,C2326,投诉,P4,热线,2026-04-06 08:00:00,2026-04-06 22:16:29,72,14.27,1,0,4,A162
T501282,C2414,业务变更,P3,App,2026-03-21 17:00:00,2026-03-21 17:30:00,24,0.5,1,0,4,A205
T501283,C1500,其他,P2,热线,2026-01-26 09:00:00,2026-01-26 11:50:05,8,2.83,1,0,4,A160
T501284,C1613,投诉,P4,App,2026-02-08 06:00:00,2026-02-12 03:06:39,72,93.11,0,0,4,A146
T501285,C2318,其他,P3,App,2026-01-21 21:00:00,2026-01-23 08:19:58,24,35.33,0,0,3,A297
T501286,C2380,故障申报,P3,App,2026-01-15 11:00:00,2026-01-16 07:05:04,24,20.08,1,0,3,A244
T501287,C2938,投诉,P2,App,2026-04-21 16:00:00,2026-04-21 20:58:02,8,4.97,1,0,5,A216
T501288,C1840,故障申报,P4,热线,2026-01-24 09:00:00,2026-01-24 11:50:08,72,2.84,1,0,3,A149
T501289,C1920,故障申报,P4,App,2026-03-16 05:00:00,2026-03-20 13:04:39,72,104.08,0,0,4,A172
T501290,C3746,咨询,P4,App,2026-03-14 04:00:00,2026-03-15 11:54:36,72,31.91,1,0,4,A214
T501291,C2939,退订,P3,邮件,2026-04-01 13:00:00,2026-04-01 23:34:20,24,10.57,1,1,4,A243
T501292,C2951,业务变更,P2,App,2026-01-13 07:00:00,2026-01-13 07:30:00,8,0.5,1,0,4,A231
T501293,C1697,业务变更,P1,在线,2026-01-13 19:00:00,2026-01-13 22:44:04,4,3.73,1,0,5,A255
T501294,C3465,退订,P1,App,2026-01-16 12:00:00,2026-01-16 18:57:18,4,6.96,0,0,5,A173
T501295,C3538,投诉,P2,App,2026-04-20 01:00:00,2026-04-20 06:00:15,8,5.0,1,0,5,A186
T501296,C2990,故障申报,P3,在线,2026-04-05 22:00:00,2026-04-05 23:21:17,24,1.35,1,0,5,A190
T501297,C3610,故障申报,P2,App,2026-03-01 19:00:00,2026-03-02 02:54:28,8,7.91,1,0,4,A257
T501298,C3076,退订,P2,热线,2026-02-06 08:00:00,2026-02-06 12:38:31,8,4.64,1,0,4,A245
T501299,C3125,退订,P4,邮件,2026-02-20 17:00:00,2026-02-26 20:01:28,72,147.02,0,0,5,A139
T501300,C1180,业务变更,P3,App,2026-03-05 08:00:00,2026-03-05 11:35:03,24,3.58,1,0,3,A108
T501301,C2239,退订,P1,App,2026-01-05 16:00:00,2026-01-05 19:02:11,4,3.04,1,0,3,A146
T501302,C3336,投诉,P4,邮件,2026-03-07 08:00:00,2026-03-07 09:07:20,72,1.12,1,1,4,A165
T501303,C3065,业务变更,P4,App,2026-02-23 11:00:00,2026-02-25 17:19:58,72,54.33,1,0,4,A123
T501304,C3422,退订,P2,热线,2026-02-13 23:00:00,2026-02-14 02:26:25,8,3.44,1,0,4,A231
T501305,C1597,故障申报,P3,App,2026-03-07 00:00:00,2026-03-07 15:38:29,24,15.64,1,0,5,A255
T501306,C3771,退订,P3,邮件,2026-02-02 22:00:00,2026-02-02 23:22:38,24,1.38,1,0,4,A120
T501307,C3437,退订,P3,在线,2026-02-24 12:00:00,2026-02-25 17:49:20,24,29.82,0,0,5,A181
T501308,C1400,业务变更,P2,热线,2026-02-20 20:00:00,2026-02-20 23:05:31,8,3.09,1,0,4,A249
T501309,C2819,故障申报,P4,App,2026-01-09 14:00:00,2026-01-10 19:03:43,72,29.06,1,0,4,A258
T501310,C2496,退订,P1,热线,2026-04-07 22:00:00,2026-04-07 22:37:16,4,0.62,1,0,5,A263
T501311,C3816,业务变更,P4,App,2026-01-17 09:00:00,2026-01-17 09:43:48,72,0.73,1,0,2,A112
T501312,C3969,故障申报,P4,邮件,2026-02-07 08:00:00,2026-02-10 22:40:11,72,86.67,0,0,4,A283
T501313,C2543,咨询,P4,邮件,2026-04-05 22:00:00,2026-04-06 19:07:45,72,21.13,1,0,2,A141
T501314,C1654,咨询,P4,热线,2026-04-13 19:00:00,2026-04-14 13:56:11,72,18.94,1,0,5,A191
T501315,C3005,业务变更,P4,App,2026-04-26 19:00:00,2026-05-03 14:01:56,72,163.03,0,0,5,A263
T501316,C2149,业务变更,P2,在线,2026-01-05 19:00:00,2026-01-05 21:16:27,8,2.27,1,0,4,A149
T501317,C2818,其他,P3,邮件,2026-02-17 02:00:00,2026-02-17 02:30:00,24,0.5,1,0,4,A163
T501318,C3853,咨询,P3,App,2026-04-04 14:00:00,2026-04-05 21:14:02,24,31.23,0,0,3,A225
T501319,C1377,投诉,P4,在线,2026-03-03 15:00:00,2026-03-04 20:09:31,72,29.16,1,0,5,A148
T501320,C1014,投诉,P4,邮件,2026-01-22 12:00:00,2026-01-25 09:42:17,72,69.7,1,0,5,A274
T501321,C1815,业务变更,P4,热线,2026-01-22 08:00:00,2026-01-22 12:08:31,72,4.14,1,0,4,A159
T501322,C1051,业务变更,P2,App,2026-03-17 03:00:00,2026-03-17 03:41:03,8,0.68,1,0,5,A225
T501323,C1742,故障申报,P3,在线,2026-04-27 15:00:00,2026-04-28 05:05:35,24,14.09,1,0,4,A280
T501324,C1243,咨询,P4,热线,2026-01-12 15:00:00,2026-01-13 02:46:05,72,11.77,1,0,3,A179
T501325,C2851,投诉,P2,邮件,2026-04-25 12:00:00,2026-04-25 13:01:39,8,1.03,1,0,4,A142
T501326,C2252,投诉,P2,App,2026-01-26 22:00:00,2026-01-27 02:16:34,8,4.28,1,1,4,A221
T501327,C3322,其他,P1,邮件,2026-02-19 22:00:00,2026-02-20 01:29:28,4,3.49,1,0,4,A268
T501328,C1227,投诉,P4,邮件,2026-02-22 20:00:00,2026-02-23 09:55:44,72,13.93,1,0,2,A283
T501329,C2846,咨询,P3,App,2026-02-01 14:00:00,2026-02-01 19:49:51,24,5.83,1,0,4,A125
T501330,C3139,咨询,P1,热线,2026-03-23 11:00:00,2026-03-23 14:38:45,4,3.65,1,1,4,A211
T501331,C2185,业务变更,P4,邮件,2026-03-10 13:00:00,2026-03-12 17:11:27,72,52.19,1,0,3,A269
T501332,C2297,其他,P4,热线,2026-02-20 10:00:00,2026-02-21 01:06:17,72,15.1,1,0,1,A270
T501333,C2548,故障申报,P1,邮件,2026-02-04 00:00:00,2026-02-04 02:22:34,4,2.38,1,0,4,A298
T501334,C1018,退订,P3,热线,2026-03-07 08:00:00,2026-03-08 08:41:09,24,24.69,0,0,3,A232
T501335,C2470,其他,P3,在线,2026-01-17 07:00:00,2026-01-17 07:30:00,24,0.5,1,0,3,A168
T501336,C1067,故障申报,P3,App,2026-04-23 15:00:00,2026-04-23 23:51:19,24,8.86,1,0,4,A243
T501337,C2729,退订,P2,在线,2026-02-17 09:00:00,2026-02-17 11:13:43,8,2.23,1,0,5,A267
T501338,C1917,业务变更,P2,App,2026-03-16 06:00:00,2026-03-16 07:59:33,8,1.99,1,0,5,A135
T501339,C1471,退订,P4,App,2026-03-19 09:00:00,2026-03-20 09:38:12,72,24.64,1,0,4,A175
T501340,C1207,其他,P1,邮件,2026-01-16 14:00:00,2026-01-16 18:08:43,4,4.15,0,0,4,A289
T501341,C1786,咨询,P3,热线,2026-04-13 20:00:00,2026-04-14 15:22:26,24,19.37,1,0,3,A202
T501342,C1880,投诉,P2,热线,2026-01-08 04:00:00,2026-01-08 06:28:36,8,2.48,1,0,4,A169
T501343,C2771,故障申报,P1,在线,2026-04-16 07:00:00,2026-04-16 08:37:12,4,1.62,1,0,4,A250
T501344,C1323,咨询,P3,热线,2026-01-17 17:00:00,2026-01-17 17:38:22,24,0.64,1,0,4,A152
T501345,C1406,咨询,P2,在线,2026-03-16 07:00:00,2026-03-16 16:29:35,8,9.49,0,0,3,A182
T501346,C3967,故障申报,P2,邮件,2026-01-17 22:00:00,2026-01-18 11:07:40,8,13.13,0,1,4,A227
T501347,C2907,业务变更,P2,热线,2026-03-09 12:00:00,2026-03-09 18:16:27,8,6.27,1,0,2,A195
T501348,C1506,退订,P2,邮件,2026-02-24 13:00:00,2026-02-25 09:35:55,8,20.6,0,1,3,A117
T501349,C2280,其他,P2,在线,2026-04-24 16:00:00,2026-04-25 01:55:40,8,9.93,0,1,4,A210
T501350,C3076,其他,P4,热线,2026-01-25 19:00:00,2026-01-26 03:13:27,72,8.22,1,0,5,A154
T501351,C1291,退订,P2,App,2026-01-16 04:00:00,2026-01-16 04:30:00,8,0.5,1,0,5,A118
T501352,C3045,咨询,P1,邮件,2026-02-20 11:00:00,2026-02-20 13:34:40,4,2.58,1,0,3,A296
T501353,C2395,投诉,P4,在线,2026-01-17 15:00:00,2026-01-17 23:15:52,72,8.26,1,0,2,A175
T501354,C1249,故障申报,P4,热线,2026-02-22 06:00:00,2026-02-23 01:16:33,72,19.28,1,0,4,A140
T501355,C1532,退订,P2,热线,2026-04-05 06:00:00,2026-04-05 06:30:00,8,0.5,1,0,4,A111
T501356,C1608,其他,P2,热线,2026-01-20 01:00:00,2026-01-20 02:01:29,8,1.02,1,0,4,A192
T501357,C3279,咨询,P3,邮件,2026-04-12 23:00:00,2026-04-13 09:45:41,24,10.76,1,0,4,A149
T501358,C1886,退订,P3,邮件,2026-04-16 08:00:00,2026-04-17 14:24:46,24,30.41,0,0,5,A155
T501359,C1987,故障申报,P2,热线,2026-02-25 01:00:00,2026-02-25 09:41:51,8,8.7,0,0,3,A175
T501360,C1786,投诉,P4,App,2026-04-15 07:00:00,2026-04-17 15:48:59,72,56.82,1,0,4,A282
T501361,C3446,故障申报,P4,在线,2026-04-01 09:00:00,2026-04-01 11:29:44,72,2.5,1,0,4,A171
T501362,C2546,其他,P2,App,2026-04-07 06:00:00,2026-04-07 06:45:01,8,0.75,1,1,5,A135
T501363,C2786,故障申报,P3,App,2026-01-17 09:00:00,2026-01-17 23:02:14,24,14.04,1,0,4,A139
T501364,C1531,投诉,P4,App,2026-03-10 13:00:00,2026-03-12 00:02:43,72,35.05,1,0,3,A174
T501365,C2931,咨询,P1,邮件,2026-04-21 05:00:00,2026-04-21 16:01:55,4,11.03,0,0,3,A140
T501366,C1259,咨询,P1,在线,2026-04-10 16:00:00,2026-04-10 17:04:24,4,1.07,1,0,1,A236
T501367,C1454,退订,P2,在线,2026-04-11 16:00:00,2026-04-11 21:40:51,8,5.68,1,0,3,A286
T501368,C3639,投诉,P3,App,2026-04-21 23:00:00,2026-04-22 07:47:04,24,8.78,1,0,4,A146
T501369,C2173,故障申报,P1,App,2026-04-17 05:00:00,2026-04-17 09:59:52,4,5.0,0,0,3,A147
T501370,C2977,故障申报,P2,App,2026-04-06 12:00:00,2026-04-06 15:03:07,8,3.05,1,0,5,A180
T501371,C1586,投诉,P2,邮件,2026-02-19 00:00:00,2026-02-19 04:50:55,8,4.85,1,0,5,A266
T501372,C3232,故障申报,P3,热线,2026-01-18 05:00:00,2026-01-18 13:35:12,24,8.59,1,0,5,A196
T501373,C2508,退订,P2,在线,2026-03-11 04:00:00,2026-03-11 12:19:29,8,8.32,0,0,3,A138
T501374,C2214,投诉,P3,热线,2026-04-09 16:00:00,2026-04-09 21:47:31,24,5.79,1,0,3,A151
T501375,C2559,退订,P2,热线,2026-04-20 04:00:00,2026-04-20 04:31:50,8,0.53,1,0,5,A124
T501376,C3241,故障申报,P4,在线,2026-01-17 15:00:00,2026-01-18 13:07:36,72,22.13,1,0,2,A275
T501377,C3325,退订,P3,App,2026-04-16 17:00:00,2026-04-16 18:30:54,24,1.52,1,0,3,A218
T501378,C2615,故障申报,P1,在线,2026-02-27 19:00:00,2026-02-27 19:30:00,4,0.5,1,0,5,A251
T501379,C2587,故障申报,P2,在线,2026-04-24 02:00:00,2026-04-24 07:14:46,8,5.25,1,0,3,A184
T501380,C3803,退订,P3,邮件,2026-01-07 21:00:00,2026-01-08 12:44:10,24,15.74,1,0,4,A267
T501381,C2165,咨询,P1,热线,2026-02-11 10:00:00,2026-02-11 10:30:00,4,0.5,1,0,5,A121
T501382,C1256,业务变更,P2,App,2026-03-27 14:00:00,2026-03-27 21:38:19,8,7.64,1,0,5,A198
T501383,C1302,其他,P1,App,2026-02-12 02:00:00,2026-02-12 17:42:04,4,15.7,0,0,4,A276
T501384,C3099,其他,P3,在线,2026-01-01 01:00:00,2026-01-01 04:00:12,24,3.0,1,0,3,A271
T501385,C2707,业务变更,P4,在线,2026-01-07 08:00:00,2026-01-09 03:55:21,72,43.92,1,0,4,A139
T501386,C3923,业务变更,P4,在线,2026-02-21 22:00:00,2026-02-22 05:29:39,72,7.49,1,0,5,A107
T501387,C3551,退订,P4,热线,2026-03-26 04:00:00,2026-03-28 03:29:00,72,47.48,1,0,4,A208
T501388,C1485,业务变更,P1,在线,2026-02-13 19:00:00,2026-02-13 20:08:01,4,1.13,1,1,4,A250
T501389,C3824,退订,P2,App,2026-01-19 16:00:00,2026-01-19 19:25:55,8,3.43,1,0,1,A213
T501390,C2595,咨询,P3,热线,2026-01-23 05:00:00,2026-01-23 05:30:00,24,0.5,1,0,4,A138
T501391,C3094,故障申报,P3,热线,2026-01-19 15:00:00,2026-01-19 22:09:15,24,7.15,1,0,4,A208
T501392,C1257,投诉,P4,App,2026-02-01 17:00:00,2026-02-06 11:09:30,72,114.16,0,0,4,A169
T501393,C3762,投诉,P4,热线,2026-02-21 18:00:00,2026-02-22 14:49:17,72,20.82,1,0,4,A204
T501394,C3256,咨询,P4,App,2026-02-16 14:00:00,2026-02-17 02:01:41,72,12.03,1,1,4,A187
T501395,C1124,咨询,P1,邮件,2026-03-21 10:00:00,2026-03-21 13:23:21,4,3.39,1,0,5,A199
T501396,C2281,咨询,P2,热线,2026-04-03 17:00:00,2026-04-04 08:33:14,8,15.55,0,0,4,A114
T501397,C3021,咨询,P1,热线,2026-03-26 08:00:00,2026-03-26 08:35:40,4,0.59,1,0,4,A182
T501398,C1299,故障申报,P2,邮件,2026-04-18 05:00:00,2026-04-18 07:39:24,8,2.66,1,0,2,A110
T501399,C3553,退订,P4,在线,2026-02-19 18:00:00,2026-02-22 19:09:23,72,73.16,0,0,5,A118
T501400,C3908,退订,P3,邮件,2026-02-04 12:00:00,2026-02-08 04:36:24,24,88.61,0,0,4,A219
T501401,C2736,业务变更,P2,邮件,2026-04-13 08:00:00,2026-04-13 12:59:46,8,5.0,1,0,3,A231
T501402,C3772,退订,P2,邮件,2026-03-07 15:00:00,2026-03-08 16:40:16,8,25.67,0,0,4,A285
T501403,C3174,咨询,P4,App,2026-01-05 05:00:00,2026-01-12 18:35:00,72,181.58,0,0,5,A256
T501404,C3388,投诉,P1,热线,2026-04-06 04:00:00,2026-04-06 04:30:00,4,0.5,1,0,5,A279
T501405,C1454,业务变更,P4,App,2026-02-10 04:00:00,2026-02-10 20:34:13,72,16.57,1,0,4,A276
T501406,C1365,其他,P2,在线,2026-02-10 04:00:00,2026-02-10 07:38:13,8,3.64,1,0,2,A223
T501407,C3084,咨询,P3,邮件,2026-04-03 17:00:00,2026-04-04 02:44:01,24,9.73,1,1,5,A144
T501408,C2902,咨询,P2,邮件,2026-02-04 01:00:00,2026-02-04 06:48:47,8,5.81,1,0,5,A291
T501409,C2469,业务变更,P4,App,2026-02-25 15:00:00,2026-02-25 18:43:13,72,3.72,1,0,3,A188
T501410,C3347,咨询,P4,App,2026-02-09 08:00:00,2026-02-09 13:44:26,72,5.74,1,1,5,A158
T501411,C2553,退订,P2,App,2026-01-16 18:00:00,2026-01-17 02:25:13,8,8.42,0,0,3,A227
T501412,C3293,投诉,P1,热线,2026-03-06 01:00:00,2026-03-06 01:30:00,4,0.5,1,0,3,A141
T501413,C3019,故障申报,P1,邮件,2026-03-23 12:00:00,2026-03-23 13:57:36,4,1.96,1,0,2,A160
T501414,C2905,投诉,P3,在线,2026-01-01 17:00:00,2026-01-02 02:46:50,24,9.78,1,0,5,A200
T501415,C1675,咨询,P1,在线,2026-01-26 22:00:00,2026-01-26 22:53:38,4,0.89,1,0,5,A288
T501416,C3034,其他,P4,邮件,2026-02-04 22:00:00,2026-02-06 11:41:56,72,37.7,1,0,5,A281
T501417,C2604,退订,P2,在线,2026-03-08 15:00:00,2026-03-08 22:07:35,8,7.13,1,0,4,A255
T501418,C1178,咨询,P3,在线,2026-03-08 01:00:00,2026-03-08 01:30:00,24,0.5,1,0,3,A103
T501419,C2918,投诉,P3,邮件,2026-01-12 21:00:00,2026-01-13 01:02:03,24,4.03,1,0,4,A233
T501420,C1917,咨询,P2,在线,2026-02-16 04:00:00,2026-02-16 05:14:58,8,1.25,1,0,4,A166
T501421,C2173,业务变更,P1,热线,2026-02-15 10:00:00,2026-02-15 10:56:37,4,0.94,1,0,5,A227
T501422,C3423,业务变更,P2,在线,2026-03-02 01:00:00,2026-03-02 12:15:50,8,11.26,0,0,5,A142
T501423,C3087,投诉,P4,邮件,2026-04-13 21:00:00,2026-04-14 08:52:43,72,11.88,1,0,3,A146
T501424,C3153,咨询,P1,在线,2026-04-20 15:00:00,2026-04-20 15:33:35,4,0.56,1,0,2,A243
T501425,C1708,业务变更,P4,热线,2026-02-17 19:00:00,2026-02-18 15:03:21,72,20.06,1,0,4,A100
T501426,C3090,咨询,P3,在线,2026-02-12 07:00:00,2026-02-13 01:59:42,24,19.0,1,0,4,A188
T501427,C1480,其他,P2,在线,2026-01-19 13:00:00,2026-01-19 18:23:25,8,5.39,1,0,5,A219
T501428,C3009,投诉,P4,热线,2026-03-21 14:00:00,2026-03-23 04:24:13,72,38.4,1,1,2,A163
T501429,C1390,业务变更,P4,邮件,2026-03-25 03:00:00,2026-03-25 06:54:38,72,3.91,1,0,5,A294
T501430,C3402,故障申报,P4,在线,2026-03-05 09:00:00,2026-03-06 14:16:03,72,29.27,1,0,3,A161
T501431,C2833,退订,P3,在线,2026-03-16 21:00:00,2026-03-17 00:31:44,24,3.53,1,0,4,A287
T501432,C3979,业务变更,P4,在线,2026-03-15 10:00:00,2026-03-15 10:56:24,72,0.94,1,0,4,A161
T501433,C2156,投诉,P4,App,2026-04-09 23:00:00,2026-04-11 05:05:21,72,30.09,1,1,5,A156
T501434,C1260,退订,P3,App,2026-01-10 17:00:00,2026-01-12 15:29:36,24,46.49,0,0,4,A262
T501435,C3147,退订,P1,热线,2026-02-23 20:00:00,2026-02-23 21:27:19,4,1.46,1,0,4,A249
T501436,C3717,其他,P3,热线,2026-04-22 12:00:00,2026-04-22 12:53:03,24,0.88,1,0,5,A233
T501437,C1488,故障申报,P2,App,2026-03-18 19:00:00,2026-03-18 19:30:00,8,0.5,1,0,4,A140
T501438,C1453,投诉,P1,热线,2026-01-09 07:00:00,2026-01-09 10:58:58,4,3.98,1,1,4,A107
T501439,C1468,咨询,P3,在线,2026-02-02 15:00:00,2026-02-03 02:24:10,24,11.4,1,1,4,A199
T501440,C3582,其他,P3,App,2026-03-12 04:00:00,2026-03-12 17:59:29,24,13.99,1,0,1,A194
T501441,C1259,咨询,P2,在线,2026-03-25 16:00:00,2026-03-25 19:38:27,8,3.64,1,0,5,A133
T501442,C2539,咨询,P4,在线,2026-02-05 13:00:00,2026-02-08 11:37:28,72,70.62,1,0,4,A108
T501443,C3978,故障申报,P1,App,2026-03-01 17:00:00,2026-03-01 18:24:43,4,1.41,1,0,3,A268
T501444,C3634,咨询,P4,邮件,2026-04-21 09:00:00,2026-04-24 08:32:51,72,71.55,1,0,4,A231
T501445,C3008,投诉,P1,邮件,2026-02-03 19:00:00,2026-02-03 22:52:02,4,3.87,1,0,5,A120
T501446,C1423,投诉,P1,热线,2026-03-17 19:00:00,2026-03-17 21:33:47,4,2.56,1,0,2,A229
T501447,C2872,其他,P2,App,2026-03-01 15:00:00,2026-03-01 17:28:16,8,2.47,1,0,5,A264
T501448,C2042,投诉,P1,邮件,2026-02-09 05:00:00,2026-02-09 06:57:26,4,1.96,1,0,4,A164
T501449,C1826,故障申报,P1,在线,2026-04-04 13:00:00,2026-04-04 13:32:17,4,0.54,1,0,5,A236
T501450,C3561,投诉,P4,热线,2026-02-06 21:00:00,2026-02-08 18:33:20,72,45.56,1,0,4,A149
T501451,C2817,投诉,P3,热线,2026-04-11 06:00:00,2026-04-11 23:22:05,24,17.37,1,0,5,A117
T501452,C2495,咨询,P3,在线,2026-02-06 12:00:00,2026-02-07 12:20:24,24,24.34,0,0,3,A152
T501453,C2606,退订,P3,在线,2026-02-03 23:00:00,2026-02-04 07:19:57,24,8.33,1,0,5,A296
T501454,C3945,业务变更,P4,热线,2026-01-17 21:00:00,2026-01-21 22:50:08,72,97.84,0,0,5,A157
T501455,C2712,咨询,P1,在线,2026-02-27 04:00:00,2026-02-27 04:35:40,4,0.59,1,0,3,A123
T501456,C1582,故障申报,P3,热线,2026-04-12 20:00:00,2026-04-14 00:16:26,24,28.27,0,0,4,A240
T501457,C3098,咨询,P4,在线,2026-01-09 14:00:00,2026-01-10 06:34:47,72,16.58,1,0,4,A211
T501458,C1172,退订,P2,邮件,2026-04-12 09:00:00,2026-04-12 20:01:25,8,11.02,0,0,4,A207
T501459,C2620,退订,P1,在线,2026-02-26 16:00:00,2026-02-26 16:30:00,4,0.5,1,0,4,A104
T501460,C3666,故障申报,P2,App,2026-01-10 17:00:00,2026-01-10 18:32:38,8,1.54,1,0,2,A199
T501461,C1225,业务变更,P2,在线,2026-01-19 03:00:00,2026-01-19 06:35:52,8,3.6,1,0,4,A195
T501462,C3437,故障申报,P1,邮件,2026-02-09 14:00:00,2026-02-09 15:08:07,4,1.14,1,0,4,A209
T501463,C3997,投诉,P1,邮件,2026-02-09 15:00:00,2026-02-09 16:24:48,4,1.41,1,0,5,A266
T501464,C2882,咨询,P2,热线,2026-01-18 20:00:00,2026-01-19 00:23:01,8,4.38,1,0,5,A204
T501465,C3929,咨询,P4,热线,2026-01-09 22:00:00,2026-01-11 03:54:19,72,29.91,1,0,5,A236
T501466,C3847,退订,P3,热线,2026-01-25 22:00:00,2026-01-26 13:47:54,24,15.8,1,0,3,A295
T501467,C3940,其他,P1,邮件,2026-01-07 17:00:00,2026-01-07 19:20:30,4,2.34,1,0,4,A264
T501468,C2122,投诉,P2,App,2026-02-27 05:00:00,2026-02-27 05:32:07,8,0.54,1,0,4,A238
T501469,C1869,业务变更,P3,邮件,2026-04-18 01:00:00,2026-04-18 19:47:12,24,18.79,1,0,4,A168
T501470,C1486,其他,P2,邮件,2026-02-17 23:00:00,2026-02-17 23:30:00,8,0.5,1,0,3,A203
T501471,C1120,业务变更,P2,邮件,2026-04-12 02:00:00,2026-04-12 03:04:31,8,1.08,1,0,4,A221
T501472,C2857,退订,P4,在线,2026-03-06 08:00:00,2026-03-07 22:55:20,72,38.92,1,0,4,A197
T501473,C3782,退订,P3,热线,2026-01-13 17:00:00,2026-01-14 01:24:34,24,8.41,1,0,3,A203
T501474,C3230,故障申报,P1,App,2026-03-19 18:00:00,2026-03-19 18:30:00,4,0.5,1,0,4,A279
T501475,C2859,业务变更,P4,App,2026-04-22 22:00:00,2026-05-03 04:20:51,72,246.35,0,0,3,A160
T501476,C3798,投诉,P2,热线,2026-04-02 11:00:00,2026-04-02 13:19:02,8,2.32,1,0,4,A153
T501477,C3082,其他,P1,App,2026-01-24 22:00:00,2026-01-25 01:08:10,4,3.14,1,0,5,A275
T501478,C3031,故障申报,P1,热线,2026-02-16 00:00:00,2026-02-16 01:28:06,4,1.47,1,0,4,A114
T501479,C1781,故障申报,P2,邮件,2026-02-15 17:00:00,2026-02-15 23:29:26,8,6.49,1,0,4,A171
T501480,C3259,退订,P4,邮件,2026-02-18 03:00:00,2026-02-18 07:37:47,72,4.63,1,0,3,A269
T501481,C2981,业务变更,P4,热线,2026-01-17 07:00:00,2026-01-18 15:25:56,72,32.43,1,0,1,A124
T501482,C2057,投诉,P4,在线,2026-02-17 04:00:00,2026-02-17 08:18:18,72,4.31,1,0,5,A226
T501483,C2339,投诉,P2,在线,2026-02-09 14:00:00,2026-02-09 17:11:07,8,3.19,1,0,4,A294
T501484,C2602,退订,P2,在线,2026-03-05 12:00:00,2026-03-05 20:05:31,8,8.09,0,0,5,A128
T501485,C1944,退订,P1,在线,2026-04-11 14:00:00,2026-04-11 14:30:00,4,0.5,1,0,4,A296
T501486,C1576,其他,P3,热线,2026-02-05 05:00:00,2026-02-07 06:36:39,24,49.61,0,0,5,A248
T501487,C1232,业务变更,P3,在线,2026-04-23 09:00:00,2026-04-23 20:32:41,24,11.54,1,0,3,A252
T501488,C1479,其他,P3,热线,2026-04-01 13:00:00,2026-04-01 21:04:27,24,8.07,1,0,2,A203
T501489,C3785,投诉,P1,热线,2026-01-21 16:00:00,2026-01-21 17:06:18,4,1.11,1,0,4,A123
T501490,C3876,业务变更,P3,邮件,2026-01-17 05:00:00,2026-01-17 14:32:24,24,9.54,1,0,5,A140
T501491,C2754,业务变更,P3,在线,2026-02-27 06:00:00,2026-02-28 00:35:01,24,18.58,1,0,4,A202
T501492,C3573,咨询,P3,邮件,2026-04-19 09:00:00,2026-04-20 12:48:16,24,27.8,0,0,5,A297
T501493,C3975,咨询,P1,在线,2026-03-05 09:00:00,2026-03-05 11:13:10,4,2.22,1,0,5,A236
T501494,C1169,退订,P1,热线,2026-02-25 11:00:00,2026-02-25 16:40:29,4,5.67,0,0,4,A130
T501495,C3339,退订,P1,邮件,2026-04-27 18:00:00,2026-04-27 19:08:57,4,1.15,1,0,3,A298
T501496,C3661,投诉,P2,邮件,2026-04-25 12:00:00,2026-04-25 19:49:02,8,7.82,1,0,4,A221
T501497,C2613,咨询,P2,在线,2026-04-16 16:00:00,2026-04-16 16:30:00,8,0.5,1,0,4,A225
T501498,C2289,退订,P2,在线,2026-01-11 22:00:00,2026-01-12 05:44:07,8,7.74,1,0,2,A211
T501499,C1475,其他,P4,App,2026-03-01 09:00:00,2026-03-04 09:22:16,72,72.37,0,0,4,A142
T501500,C3789,故障申报,P1,在线,2026-01-09 18:00:00,2026-01-09 18:30:00,4,0.5,1,0,4,A182
T501501,C3810,其他,P2,热线,2026-01-12 15:00:00,2026-01-13 10:12:34,8,19.21,0,0,4,A279
T501502,C2462,业务变更,P1,热线,2026-03-12 07:00:00,2026-03-12 08:36:05,4,1.6,1,0,3,A220
T501503,C3723,咨询,P3,邮件,2026-01-20 17:00:00,2026-01-20 19:49:48,24,2.83,1,0,5,A260
T501504,C3891,退订,P1,App,2026-03-22 18:00:00,2026-03-23 01:50:14,4,7.84,0,0,3,A147
T501505,C3714,故障申报,P1,App,2026-02-03 13:00:00,2026-02-03 13:48:01,4,0.8,1,0,3,A196
T501506,C1244,故障申报,P1,在线,2026-04-26 02:00:00,2026-04-26 03:53:17,4,1.89,1,1,5,A189
T501507,C1590,咨询,P4,热线,2026-04-12 17:00:00,2026-04-13 02:10:28,72,9.17,1,0,4,A185
T501508,C3872,故障申报,P4,热线,2026-04-19 23:00:00,2026-04-20 23:08:14,72,24.14,1,0,4,A246
T501509,C3364,故障申报,P3,在线,2026-03-27 01:00:00,2026-03-27 01:44:49,24,0.75,1,0,4,A220
T501510,C3734,故障申报,P1,在线,2026-01-06 12:00:00,2026-01-06 13:04:54,4,1.08,1,0,5,A106
T501511,C3281,投诉,P1,邮件,2026-04-11 13:00:00,2026-04-11 13:30:00,4,0.5,1,0,5,A102
T501512,C1962,退订,P3,邮件,2026-02-19 10:00:00,2026-02-20 11:17:48,24,25.3,0,1,5,A129
T501513,C3359,故障申报,P1,在线,2026-02-24 15:00:00,2026-02-24 15:30:00,4,0.5,1,0,4,A134
T501514,C2296,投诉,P2,热线,2026-02-27 08:00:00,2026-02-27 09:45:09,8,1.75,1,0,5,A285
T501515,C3499,退订,P2,App,2026-03-11 06:00:00,2026-03-11 16:43:33,8,10.73,0,0,5,A252
T501516,C2007,咨询,P2,邮件,2026-02-07 01:00:00,2026-02-07 05:49:11,8,4.82,1,0,4,A111
T501517,C3285,故障申报,P1,邮件,2026-04-06 18:00:00,2026-04-06 19:38:29,4,1.64,1,0,4,A275
T501518,C3241,投诉,P1,在线,2026-02-15 18:00:00,2026-02-16 01:09:22,4,7.16,0,0,4,A261
T501519,C1623,投诉,P1,在线,2026-04-19 17:00:00,2026-04-19 19:58:18,4,2.97,1,0,3,A165
T501520,C1523,其他,P3,App,2026-04-20 22:00:00,2026-04-21 03:56:56,24,5.95,1,0,3,A207
T501521,C1592,业务变更,P3,热线,2026-02-18 05:00:00,2026-02-19 01:09:32,24,20.16,1,0,4,A127
T501522,C2427,故障申报,P4,在线,2026-03-24 19:00:00,2026-03-25 22:29:02,72,27.48,1,0,5,A221
T501523,C3592,退订,P2,邮件,2026-01-23 15:00:00,2026-01-24 00:36:39,8,9.61,0,0,5,A267
T501524,C3304,业务变更,P3,热线,2026-04-11 14:00:00,2026-04-11 15:36:57,24,1.62,1,1,3,A165
T501525,C3372,其他,P4,热线,2026-02-22 02:00:00,2026-02-23 01:20:17,72,23.34,1,0,5,A259
T501526,C1831,故障申报,P4,App,2026-02-25 23:00:00,2026-02-27 08:25:21,72,33.42,1,0,4,A235
T501527,C3597,投诉,P4,App,2026-01-12 11:00:00,2026-01-13 04:55:22,72,17.92,1,0,4,A173
T501528,C3606,退订,P2,在线,2026-02-03 20:00:00,2026-02-03 20:30:00,8,0.5,1,1,1,A159
T501529,C1807,其他,P1,邮件,2026-01-04 09:00:00,2026-01-04 10:32:00,4,1.53,1,0,4,A290
T501530,C3125,咨询,P4,App,2026-04-02 12:00:00,2026-04-05 00:28:20,72,60.47,1,0,4,A176
T501531,C3286,咨询,P1,App,2026-01-07 22:00:00,2026-01-08 01:04:09,4,3.07,1,0,2,A238
T501532,C3230,咨询,P1,App,2026-03-16 11:00:00,2026-03-16 11:30:00,4,0.5,1,0,4,A146
T501533,C1559,故障申报,P4,邮件,2026-01-04 15:00:00,2026-01-07 17:04:23,72,74.07,0,0,5,A220
T501534,C3559,业务变更,P4,热线,2026-03-04 23:00:00,2026-03-06 13:33:36,72,38.56,1,0,4,A226
T501535,C1454,业务变更,P4,邮件,2026-03-15 13:00:00,2026-03-15 16:58:05,72,3.97,1,0,5,A188
T501536,C3116,其他,P2,热线,2026-01-10 09:00:00,2026-01-10 09:51:31,8,0.86,1,0,5,A246
T501537,C1529,退订,P1,邮件,2026-04-26 10:00:00,2026-04-26 18:57:22,4,8.96,0,0,3,A280
T501538,C3551,业务变更,P1,在线,2026-02-15 03:00:00,2026-02-15 03:30:00,4,0.5,1,0,4,A106
T501539,C2666,故障申报,P3,在线,2026-02-19 10:00:00,2026-02-22 10:24:55,24,72.42,0,0,5,A175
T501540,C1557,投诉,P3,App,2026-01-14 20:00:00,2026-01-15 06:56:57,24,10.95,1,0,5,A277
T501541,C1648,业务变更,P4,App,2026-04-14 21:00:00,2026-04-17 18:09:35,72,69.16,1,0,3,A131
T501542,C2555,业务变更,P4,App,2026-01-10 09:00:00,2026-01-11 07:48:56,72,22.82,1,0,3,A145
T501543,C2534,其他,P3,在线,2026-03-18 19:00:00,2026-03-20 12:07:05,24,41.12,0,0,4,A176
T501544,C2104,业务变更,P3,App,2026-01-12 17:00:00,2026-01-13 05:04:11,24,12.07,1,1,4,A233
T501545,C3658,退订,P4,邮件,2026-02-21 02:00:00,2026-02-22 05:08:42,72,27.15,1,0,4,A239
T501546,C3401,投诉,P1,邮件,2026-01-01 23:00:00,2026-01-01 23:59:15,4,0.99,1,0,5,A208
T501547,C3739,咨询,P4,邮件,2026-04-24 08:00:00,2026-04-25 04:13:07,72,20.22,1,0,5,A163
T501548,C3862,故障申报,P2,邮件,2026-02-13 03:00:00,2026-02-13 08:20:12,8,5.34,1,0,4,A142
T501549,C3651,咨询,P1,邮件,2026-04-26 00:00:00,2026-04-26 00:30:00,4,0.5,1,0,4,A155
T501550,C2296,咨询,P4,App,2026-03-03 15:00:00,2026-03-03 17:20:57,72,2.35,1,0,4,A290
T501551,C2158,业务变更,P1,在线,2026-02-05 15:00:00,2026-02-05 16:55:23,4,1.92,1,0,3,A223
T501552,C1791,咨询,P3,邮件,2026-03-11 02:00:00,2026-03-14 01:46:53,24,71.78,0,0,4,A264
T501553,C2663,业务变更,P1,App,2026-04-26 10:00:00,2026-04-26 13:04:36,4,3.08,1,0,5,A278
T501554,C1980,故障申报,P1,App,2026-01-14 02:00:00,2026-01-14 03:48:44,4,1.81,1,0,4,A262
T501555,C2712,其他,P1,App,2026-03-12 07:00:00,2026-03-12 08:32:16,4,1.54,1,1,4,A194
T501556,C3748,退订,P4,App,2026-03-13 20:00:00,2026-03-14 06:37:30,72,10.63,1,0,5,A219
T501557,C2865,其他,P4,邮件,2026-03-20 19:00:00,2026-03-22 02:00:42,72,31.01,1,0,4,A130
T501558,C2846,退订,P2,邮件,2026-01-22 20:00:00,2026-01-22 22:51:50,8,2.86,1,0,1,A234
T501559,C3264,其他,P3,在线,2026-01-06 21:00:00,2026-01-06 22:21:52,24,1.36,1,0,4,A186
T501560,C2738,其他,P2,在线,2026-04-13 01:00:00,2026-04-13 05:02:01,8,4.03,1,0,5,A123
T501561,C1565,咨询,P4,在线,2026-01-05 18:00:00,2026-01-08 11:36:13,72,65.6,1,0,5,A218
T501562,C1518,退订,P4,热线,2026-03-08 18:00:00,2026-03-10 12:14:31,72,42.24,1,0,5,A129
T501563,C3912,投诉,P2,在线,2026-01-22 07:00:00,2026-01-22 08:10:31,8,1.18,1,0,5,A276
T501564,C1507,业务变更,P2,在线,2026-03-12 22:00:00,2026-03-13 06:32:03,8,8.53,0,0,4,A144
T501565,C1533,业务变更,P1,热线,2026-04-05 14:00:00,2026-04-05 15:24:37,4,1.41,1,0,2,A296
T501566,C3947,其他,P4,热线,2026-01-22 04:00:00,2026-01-23 10:32:15,72,30.54,1,0,5,A163
T501567,C1135,咨询,P1,邮件,2026-02-23 21:00:00,2026-02-23 22:07:02,4,1.12,1,0,4,A140
T501568,C1427,业务变更,P1,邮件,2026-02-18 15:00:00,2026-02-18 20:52:44,4,5.88,0,0,4,A124
T501569,C2344,其他,P1,在线,2026-02-12 02:00:00,2026-02-12 03:58:09,4,1.97,1,0,5,A229
T501570,C2969,咨询,P2,邮件,2026-03-21 06:00:00,2026-03-21 11:47:14,8,5.79,1,0,4,A241
T501571,C2762,退订,P2,热线,2026-02-21 03:00:00,2026-02-21 08:37:04,8,5.62,1,0,5,A247
T501572,C2729,投诉,P4,App,2026-01-04 19:00:00,2026-01-05 19:53:43,72,24.9,1,0,5,A109
T501573,C3714,退订,P3,热线,2026-03-21 02:00:00,2026-03-21 03:26:38,24,1.44,1,0,3,A165
T501574,C1172,咨询,P2,在线,2026-01-10 18:00:00,2026-01-11 13:33:23,8,19.56,0,0,3,A165
T501575,C2852,投诉,P2,在线,2026-03-01 09:00:00,2026-03-01 09:37:15,8,0.62,1,0,4,A288
T501576,C2088,投诉,P3,热线,2026-03-04 16:00:00,2026-03-05 09:59:31,24,17.99,1,0,1,A163
T501577,C1460,故障申报,P1,热线,2026-01-16 01:00:00,2026-01-16 02:38:17,4,1.64,1,0,3,A267
T501578,C2513,故障申报,P1,在线,2026-02-17 20:00:00,2026-02-17 22:48:20,4,2.81,1,0,4,A188
T501579,C3038,其他,P4,在线,2026-03-08 15:00:00,2026-03-09 08:41:32,72,17.69,1,0,5,A199
T501580,C3669,咨询,P2,App,2026-04-15 19:00:00,2026-04-15 20:23:53,8,1.4,1,0,4,A225
T501581,C2299,退订,P4,邮件,2026-04-03 23:00:00,2026-04-07 01:14:21,72,74.24,0,0,4,A105
T501582,C3926,咨询,P3,App,2026-04-19 01:00:00,2026-04-19 14:02:08,24,13.04,1,0,5,A218
T501583,C3575,咨询,P4,在线,2026-04-27 20:00:00,2026-04-28 12:17:18,72,16.29,1,0,4,A231
T501584,C2251,业务变更,P2,在线,2026-01-22 04:00:00,2026-01-22 04:59:28,8,0.99,1,0,5,A209
T501585,C1564,故障申报,P3,在线,2026-04-10 03:00:00,2026-04-11 08:37:04,24,29.62,0,0,4,A294
T501586,C2346,故障申报,P4,App,2026-02-17 20:00:00,2026-02-18 03:14:21,72,7.24,1,0,4,A155
T501587,C1779,投诉,P2,App,2026-03-20 18:00:00,2026-03-20 21:57:22,8,3.96,1,0,4,A239
T501588,C2538,业务变更,P4,在线,2026-04-26 11:00:00,2026-04-28 06:25:12,72,43.42,1,0,5,A196
T501589,C1711,咨询,P4,热线,2026-02-15 07:00:00,2026-02-17 18:25:36,72,59.43,1,0,5,A281
T501590,C2902,投诉,P4,在线,2026-02-26 03:00:00,2026-03-05 06:49:51,72,171.83,0,0,3,A171
T501591,C3084,业务变更,P4,热线,2026-04-03 02:00:00,2026-04-03 15:02:14,72,13.04,1,0,3,A191
T501592,C3182,退订,P3,热线,2026-01-12 01:00:00,2026-01-12 04:31:48,24,3.53,1,0,5,A178
T501593,C1298,投诉,P4,邮件,2026-02-18 16:00:00,2026-02-18 16:41:39,72,0.69,1,0,5,A239
T501594,C1379,其他,P4,App,2026-04-16 19:00:00,2026-04-19 06:41:07,72,59.69,1,1,4,A183
T501595,C1931,业务变更,P1,App,2026-01-25 04:00:00,2026-01-25 04:30:00,4,0.5,1,0,5,A273
T501596,C3250,咨询,P1,在线,2026-04-05 16:00:00,2026-04-06 00:54:58,4,8.92,0,0,5,A251
T501597,C1632,咨询,P1,热线,2026-02-23 00:00:00,2026-02-23 02:26:18,4,2.44,1,0,5,A225
T501598,C3328,其他,P4,App,2026-03-19 05:00:00,2026-03-20 20:59:20,72,39.99,1,0,4,A191
T501599,C2978,业务变更,P2,热线,2026-04-13 13:00:00,2026-04-13 13:30:00,8,0.5,1,0,4,A294
T501600,C1845,其他,P3,邮件,2026-01-24 11:00:00,2026-01-25 09:19:49,24,22.33,1,0,4,A185
T501601,C2609,咨询,P2,热线,2026-03-05 12:00:00,2026-03-05 15:25:02,8,3.42,1,0,4,A156
T501602,C1027,故障申报,P4,App,2026-02-01 02:00:00,2026-02-01 05:41:38,72,3.69,1,0,4,A234
T501603,C3878,咨询,P4,在线,2026-01-13 04:00:00,2026-01-20 15:34:37,72,179.58,0,0,4,A129
T501604,C2090,业务变更,P2,App,2026-04-25 06:00:00,2026-04-25 10:19:06,8,4.32,1,0,5,A206
T501605,C2837,退订,P3,热线,2026-04-24 06:00:00,2026-04-24 06:55:19,24,0.92,1,0,4,A269
T501606,C3850,故障申报,P1,邮件,2026-01-19 04:00:00,2026-01-19 04:30:00,4,0.5,1,0,2,A155
T501607,C1597,其他,P4,在线,2026-02-27 16:00:00,2026-02-27 20:22:18,72,4.37,1,0,4,A161
T501608,C1743,咨询,P4,热线,2026-02-17 00:00:00,2026-02-17 07:51:11,72,7.85,1,0,4,A214
T501609,C3427,投诉,P4,App,2026-01-07 03:00:00,2026-01-07 22:56:34,72,19.94,1,0,1,A228
T501610,C1181,业务变更,P2,App,2026-01-12 08:00:00,2026-01-12 10:07:18,8,2.12,1,1,5,A157
T501611,C1149,咨询,P3,邮件,2026-01-18 17:00:00,2026-01-18 20:10:07,24,3.17,1,0,5,A244
T501612,C2713,业务变更,P2,热线,2026-02-10 19:00:00,2026-02-10 21:53:26,8,2.89,1,0,4,A142
T501613,C1733,其他,P4,热线,2026-03-03 12:00:00,2026-03-09 06:35:34,72,138.59,0,1,2,A152
T501614,C2513,故障申报,P2,邮件,2026-02-26 09:00:00,2026-02-26 09:30:00,8,0.5,1,0,5,A273
T501615,C2873,业务变更,P3,App,2026-01-07 04:00:00,2026-01-07 05:58:18,24,1.97,1,0,4,A110
T501616,C1840,咨询,P1,在线,2026-04-14 08:00:00,2026-04-14 09:27:45,4,1.46,1,0,4,A183
T501617,C3752,业务变更,P3,在线,2026-01-01 10:00:00,2026-01-01 22:14:24,24,12.24,1,0,4,A232
T501618,C1967,退订,P4,在线,2026-04-02 23:00:00,2026-04-03 13:27:33,72,14.46,1,0,5,A137
T501619,C3063,投诉,P2,热线,2026-04-05 14:00:00,2026-04-05 16:58:26,8,2.97,1,0,3,A299
T501620,C1847,其他,P4,热线,2026-02-01 03:00:00,2026-02-06 02:17:12,72,119.29,0,0,3,A218
T501621,C3325,故障申报,P3,在线,2026-04-01 00:00:00,2026-04-01 00:30:00,24,0.5,1,0,5,A293
T501622,C3087,咨询,P4,在线,2026-04-17 17:00:00,2026-04-19 05:43:24,72,36.72,1,0,3,A161
T501623,C1317,退订,P4,在线,2026-03-06 07:00:00,2026-03-06 23:33:26,72,16.56,1,1,5,A148
T501624,C1359,故障申报,P2,App,2026-03-08 20:00:00,2026-03-08 20:35:43,8,0.6,1,0,3,A216
T501625,C1147,投诉,P2,在线,2026-02-19 10:00:00,2026-02-19 10:30:00,8,0.5,1,0,4,A182
T501626,C3711,投诉,P4,热线,2026-03-07 18:00:00,2026-03-07 20:58:25,72,2.97,1,0,4,A259
T501627,C2235,投诉,P2,App,2026-04-05 01:00:00,2026-04-05 01:40:23,8,0.67,1,0,4,A231
T501628,C2750,咨询,P4,App,2026-02-26 23:00:00,2026-02-28 02:45:23,72,27.76,1,0,5,A208
T501629,C1744,退订,P2,邮件,2026-04-15 10:00:00,2026-04-16 09:16:18,8,23.27,0,1,4,A240
T501630,C2352,其他,P4,App,2026-01-03 13:00:00,2026-01-05 02:51:32,72,37.86,1,1,5,A243
T501631,C2124,故障申报,P2,App,2026-01-20 07:00:00,2026-01-20 08:12:55,8,1.22,1,0,4,A185
T501632,C3195,故障申报,P4,在线,2026-03-27 07:00:00,2026-04-01 19:27:45,72,132.46,0,0,3,A106
T501633,C2956,其他,P4,App,2026-03-24 05:00:00,2026-03-25 11:03:23,72,30.06,1,0,5,A149
T501634,C2769,投诉,P2,在线,2026-03-05 15:00:00,2026-03-05 15:30:00,8,0.5,1,0,4,A266
T501635,C3194,咨询,P3,热线,2026-04-01 09:00:00,2026-04-01 14:50:31,24,5.84,1,0,1,A109
T501636,C1226,咨询,P4,热线,2026-01-01 18:00:00,2026-01-02 22:12:46,72,28.21,1,0,5,A162
T501637,C3535,故障申报,P1,App,2026-04-09 08:00:00,2026-04-09 14:05:15,4,6.09,0,0,4,A106
T501638,C2449,其他,P2,在线,2026-01-05 03:00:00,2026-01-05 08:20:08,8,5.34,1,1,4,A274
T501639,C3381,其他,P3,热线,2026-04-17 05:00:00,2026-04-17 05:52:05,24,0.87,1,0,5,A213
T501640,C3950,咨询,P1,邮件,2026-03-04 12:00:00,2026-03-04 14:11:31,4,2.19,1,0,2,A253
T501641,C1960,故障申报,P4,热线,2026-03-12 23:00:00,2026-03-14 06:16:02,72,31.27,1,0,5,A230
T501642,C2708,咨询,P4,App,2026-04-13 19:00:00,2026-04-13 19:34:55,72,0.58,1,0,5,A123
T501643,C3230,业务变更,P4,在线,2026-02-10 05:00:00,2026-02-10 10:52:29,72,5.87,1,0,4,A125
T501644,C2711,业务变更,P4,热线,2026-04-24 20:00:00,2026-04-24 23:48:52,72,3.81,1,0,4,A267
T501645,C2596,其他,P3,热线,2026-02-24 17:00:00,2026-02-25 03:42:08,24,10.7,1,0,4,A173
T501646,C2649,故障申报,P2,热线,2026-03-24 10:00:00,2026-03-24 13:56:09,8,3.94,1,0,5,A115
T501647,C1356,投诉,P1,热线,2026-03-09 23:00:00,2026-03-10 03:13:22,4,4.22,0,0,4,A117
T501648,C1163,退订,P3,App,2026-04-22 18:00:00,2026-04-23 06:20:23,24,12.34,1,0,5,A241
T501649,C3739,业务变更,P1,热线,2026-02-05 08:00:00,2026-02-05 08:54:53,4,0.91,1,0,4,A191
T501650,C3607,投诉,P1,邮件,2026-03-24 22:00:00,2026-03-25 00:02:45,4,2.05,1,0,4,A226
T501651,C3528,其他,P4,App,2026-01-19 17:00:00,2026-01-20 17:05:07,72,24.09,1,0,3,A262
T501652,C2614,其他,P4,在线,2026-03-12 21:00:00,2026-03-21 04:59:55,72,200.0,0,0,5,A121
T501653,C1249,故障申报,P2,邮件,2026-04-11 17:00:00,2026-04-11 20:31:50,8,3.53,1,0,3,A124
T501654,C2585,故障申报,P2,在线,2026-01-16 17:00:00,2026-01-16 23:16:28,8,6.27,1,0,4,A275
T501655,C1257,咨询,P4,邮件,2026-02-27 09:00:00,2026-02-28 06:26:51,72,21.45,1,0,2,A173
T501656,C3572,故障申报,P3,在线,2026-04-16 13:00:00,2026-04-17 15:29:38,24,26.49,0,0,5,A136
T501657,C3265,业务变更,P4,在线,2026-04-25 14:00:00,2026-04-26 00:08:50,72,10.15,1,0,3,A196
T501658,C2468,故障申报,P3,邮件,2026-02-18 08:00:00,2026-02-18 22:03:02,24,14.05,1,0,5,A255
T501659,C1437,业务变更,P2,App,2026-03-09 01:00:00,2026-03-09 02:08:20,8,1.14,1,0,4,A235
T501660,C2134,咨询,P3,热线,2026-02-13 09:00:00,2026-02-14 06:17:20,24,21.29,1,0,5,A216
T501661,C1466,故障申报,P4,在线,2026-01-18 07:00:00,2026-01-22 17:16:32,72,106.28,0,0,2,A189
T501662,C3073,其他,P4,App,2026-02-21 04:00:00,2026-02-23 09:56:08,72,53.94,1,1,4,A132
T501663,C2859,业务变更,P4,在线,2026-02-07 01:00:00,2026-02-10 06:39:07,72,77.65,0,0,5,A188
T501664,C1039,业务变更,P1,在线,2026-03-14 19:00:00,2026-03-14 19:32:04,4,0.53,1,0,5,A145
T501665,C3026,咨询,P2,在线,2026-01-01 03:00:00,2026-01-01 04:55:14,8,1.92,1,0,5,A144
T501666,C2314,退订,P1,热线,2026-01-15 07:00:00,2026-01-15 13:13:12,4,6.22,0,0,4,A269
T501667,C3495,故障申报,P1,在线,2026-02-09 15:00:00,2026-02-09 16:50:06,4,1.84,1,0,5,A201
T501668,C2608,业务变更,P3,热线,2026-01-13 16:00:00,2026-01-14 10:14:22,24,18.24,1,0,4,A159
T501669,C1956,故障申报,P1,在线,2026-01-17 08:00:00,2026-01-17 09:20:50,4,1.35,1,0,5,A178
T501670,C1022,业务变更,P4,热线,2026-01-06 21:00:00,2026-01-07 19:39:34,72,22.66,1,0,2,A196
T501671,C2209,其他,P4,App,2026-04-07 07:00:00,2026-04-07 18:52:44,72,11.88,1,1,4,A117
T501672,C2924,退订,P4,在线,2026-04-19 12:00:00,2026-04-20 09:44:15,72,21.74,1,1,5,A276
T501673,C3210,业务变更,P1,在线,2026-04-03 21:00:00,2026-04-03 21:58:47,4,0.98,1,0,4,A276
T501674,C1782,投诉,P1,App,2026-02-01 09:00:00,2026-02-01 09:59:27,4,0.99,1,1,5,A143
T501675,C1108,退订,P3,App,2026-01-23 19:00:00,2026-01-23 22:34:31,24,3.58,1,0,5,A298
T501676,C1516,退订,P2,在线,2026-04-05 19:00:00,2026-04-06 02:30:47,8,7.51,1,0,5,A139
T501677,C3773,退订,P2,热线,2026-04-08 07:00:00,2026-04-08 13:31:39,8,6.53,1,0,5,A175
T501678,C2999,退订,P3,热线,2026-03-09 21:00:00,2026-03-10 04:51:57,24,7.87,1,0,4,A248
T501679,C3215,其他,P1,热线,2026-04-05 19:00:00,2026-04-05 22:05:53,4,3.1,1,0,1,A109
T501680,C3850,咨询,P4,在线,2026-01-20 02:00:00,2026-01-22 05:48:51,72,51.81,1,0,3,A285
T501681,C3968,故障申报,P2,邮件,2026-02-05 19:00:00,2026-02-06 08:41:01,8,13.68,0,0,1,A210
T501682,C1603,故障申报,P2,邮件,2026-03-11 02:00:00,2026-03-11 03:24:21,8,1.41,1,0,4,A166
T501683,C3644,退订,P3,App,2026-04-23 15:00:00,2026-04-23 16:13:59,24,1.23,1,0,4,A163
T501684,C3833,其他,P4,邮件,2026-01-24 07:00:00,2026-01-27 23:07:22,72,88.12,0,1,3,A288
T501685,C2614,投诉,P3,在线,2026-02-06 14:00:00,2026-02-07 04:35:10,24,14.59,1,0,5,A203
T501686,C1324,其他,P4,App,2026-04-13 19:00:00,2026-04-13 19:30:00,72,0.5,1,0,4,A189
T501687,C2178,退订,P3,邮件,2026-02-11 02:00:00,2026-02-11 05:06:23,24,3.11,1,0,3,A103
T501688,C3085,故障申报,P4,邮件,2026-02-05 08:00:00,2026-02-05 08:30:00,72,0.5,1,0,5,A100
T501689,C1310,退订,P3,App,2026-02-20 14:00:00,2026-02-22 19:38:32,24,53.64,0,0,5,A218
T501690,C1095,故障申报,P2,邮件,2026-03-22 07:00:00,2026-03-22 14:06:49,8,7.11,1,0,3,A199
T501691,C3707,退订,P3,热线,2026-01-16 21:00:00,2026-01-16 22:31:30,24,1.53,1,0,1,A131
T501692,C3978,投诉,P2,热线,2026-04-01 08:00:00,2026-04-01 17:10:57,8,9.18,0,0,3,A283
T501693,C3342,投诉,P1,热线,2026-04-27 06:00:00,2026-04-27 06:48:03,4,0.8,1,0,5,A235
T501694,C3757,投诉,P3,在线,2026-02-19 19:00:00,2026-02-20 04:15:15,24,9.25,1,1,1,A266
T501695,C3726,业务变更,P2,在线,2026-01-04 22:00:00,2026-01-05 02:54:26,8,4.91,1,0,4,A182
T501696,C3424,其他,P1,在线,2026-01-20 15:00:00,2026-01-20 23:51:26,4,8.86,0,0,4,A277
T501697,C3040,咨询,P4,热线,2026-03-19 16:00:00,2026-03-20 00:54:17,72,8.9,1,0,4,A160
T501698,C3948,退订,P3,热线,2026-04-20 18:00:00,2026-04-20 19:07:32,24,1.13,1,0,4,A257
T501699,C3293,其他,P4,邮件,2026-03-09 12:00:00,2026-03-09 22:44:35,72,10.74,1,0,5,A232
T501700,C2185,投诉,P4,邮件,2026-03-19 15:00:00,2026-03-19 18:22:23,72,3.37,1,0,4,A199
T501701,C1364,退订,P1,热线,2026-04-04 08:00:00,2026-04-04 08:30:00,4,0.5,1,0,4,A127
T501702,C3831,咨询,P4,App,2026-04-03 00:00:00,2026-04-03 13:37:28,72,13.62,1,0,4,A191
T501703,C3720,投诉,P1,在线,2026-01-18 04:00:00,2026-01-18 06:31:02,4,2.52,1,1,4,A205
T501704,C3592,咨询,P2,App,2026-01-25 10:00:00,2026-01-25 12:59:18,8,2.99,1,0,4,A194
T501705,C2738,业务变更,P2,在线,2026-01-13 06:00:00,2026-01-13 06:30:00,8,0.5,1,1,3,A163
T501706,C1457,咨询,P2,在线,2026-02-03 21:00:00,2026-02-04 04:43:35,8,7.73,1,1,5,A254
T501707,C1391,咨询,P1,邮件,2026-04-10 15:00:00,2026-04-10 16:12:50,4,1.21,1,0,1,A186
T501708,C2256,投诉,P2,在线,2026-01-03 09:00:00,2026-01-03 19:29:56,8,10.5,0,1,4,A267
T501709,C3610,故障申报,P1,在线,2026-02-22 15:00:00,2026-02-22 17:44:31,4,2.74,1,0,5,A121
T501710,C1516,业务变更,P3,App,2026-04-17 01:00:00,2026-04-17 02:25:47,24,1.43,1,0,5,A282
T501711,C2593,投诉,P4,热线,2026-03-27 11:00:00,2026-03-28 02:08:34,72,15.14,1,0,5,A121
T501712,C3954,故障申报,P3,在线,2026-04-07 23:00:00,2026-04-08 20:00:56,24,21.02,1,0,5,A199
T501713,C1655,其他,P4,邮件,2026-04-09 03:00:00,2026-04-10 01:25:31,72,22.43,1,0,4,A220
T501714,C2020,退订,P2,App,2026-02-06 19:00:00,2026-02-06 20:04:34,8,1.08,1,0,5,A281
T501715,C3953,投诉,P4,邮件,2026-03-01 22:00:00,2026-03-02 10:06:56,72,12.12,1,0,5,A263
T501716,C2704,退订,P2,邮件,2026-03-14 22:00:00,2026-03-15 00:06:21,8,2.11,1,0,5,A103
T501717,C3412,故障申报,P1,邮件,2026-04-08 23:00:00,2026-04-09 00:55:42,4,1.93,1,0,2,A254
T501718,C1880,业务变更,P4,App,2026-02-11 01:00:00,2026-02-11 03:56:03,72,2.93,1,0,3,A118
T501719,C3779,投诉,P1,App,2026-02-21 16:00:00,2026-02-21 16:30:00,4,0.5,1,0,5,A114
T501720,C2376,退订,P1,在线,2026-01-06 21:00:00,2026-01-07 00:04:29,4,3.07,1,0,5,A244
T501721,C2311,其他,P3,热线,2026-04-18 05:00:00,2026-04-18 17:07:19,24,12.12,1,0,5,A299
T501722,C2792,投诉,P3,在线,2026-01-20 04:00:00,2026-01-20 20:26:52,24,16.45,1,0,5,A288
T501723,C1737,业务变更,P2,邮件,2026-02-26 14:00:00,2026-02-26 21:12:03,8,7.2,1,0,3,A297
T501724,C3679,退订,P4,App,2026-02-05 08:00:00,2026-02-06 16:05:16,72,32.09,1,0,4,A275
T501725,C1361,故障申报,P4,App,2026-01-16 19:00:00,2026-01-16 23:42:44,72,4.71,1,0,4,A292
T501726,C1103,故障申报,P1,App,2026-02-23 05:00:00,2026-02-23 12:51:47,4,7.86,0,0,5,A223
T501727,C1327,投诉,P1,在线,2026-03-02 23:00:00,2026-03-03 05:47:08,4,6.79,0,0,4,A234
T501728,C1830,业务变更,P2,在线,2026-01-11 01:00:00,2026-01-11 03:21:01,8,2.35,1,0,4,A282
T501729,C1985,咨询,P3,热线,2026-04-09 01:00:00,2026-04-10 07:51:08,24,30.85,0,0,4,A127
T501730,C1422,业务变更,P4,App,2026-04-25 16:00:00,2026-04-28 19:36:01,72,75.6,0,0,3,A128
T501731,C1540,业务变更,P1,在线,2026-01-19 03:00:00,2026-01-19 04:53:39,4,1.89,1,1,5,A192
T501732,C2216,投诉,P3,App,2026-03-09 00:00:00,2026-03-09 06:49:47,24,6.83,1,1,5,A111
T501733,C1175,投诉,P2,邮件,2026-03-01 07:00:00,2026-03-01 12:52:18,8,5.87,1,0,5,A227
T501734,C3988,咨询,P3,邮件,2026-01-05 03:00:00,2026-01-06 14:12:16,24,35.2,0,0,5,A152
T501735,C2911,业务变更,P1,在线,2026-02-11 19:00:00,2026-02-11 19:30:00,4,0.5,1,0,4,A171
T501736,C2099,投诉,P1,App,2026-03-19 08:00:00,2026-03-19 08:30:00,4,0.5,1,1,3,A243
T501737,C1198,其他,P1,App,2026-03-13 00:00:00,2026-03-13 02:46:15,4,2.77,1,0,4,A167
T501738,C3799,咨询,P2,邮件,2026-02-08 00:00:00,2026-02-08 08:52:38,8,8.88,0,0,4,A277
T501739,C2112,咨询,P3,热线,2026-04-22 19:00:00,2026-04-22 22:07:24,24,3.12,1,0,5,A286
T501740,C2102,投诉,P1,App,2026-03-24 09:00:00,2026-03-24 17:57:10,4,8.95,0,0,5,A104
T501741,C2214,其他,P1,App,2026-02-08 23:00:00,2026-02-09 01:20:34,4,2.34,1,0,4,A161
T501742,C3347,业务变更,P2,热线,2026-02-09 18:00:00,2026-02-10 00:40:29,8,6.67,1,0,4,A108
T501743,C3753,退订,P4,邮件,2026-04-08 04:00:00,2026-04-13 22:56:16,72,138.94,0,0,4,A146
T501744,C2152,业务变更,P1,App,2026-02-05 21:00:00,2026-02-05 22:03:11,4,1.05,1,0,5,A137
T501745,C2327,退订,P3,热线,2026-04-11 19:00:00,2026-04-12 03:37:04,24,8.62,1,0,4,A251
T501746,C3225,业务变更,P1,邮件,2026-04-11 18:00:00,2026-04-11 18:30:00,4,0.5,1,0,1,A167
T501747,C1052,退订,P2,热线,2026-01-04 22:00:00,2026-01-05 00:11:52,8,2.2,1,0,3,A151
T501748,C1497,其他,P1,邮件,2026-01-19 07:00:00,2026-01-19 07:38:51,4,0.65,1,0,4,A190
T501749,C2232,退订,P2,邮件,2026-02-06 00:00:00,2026-02-06 03:49:57,8,3.83,1,0,5,A212
T501750,C3585,故障申报,P3,在线,2026-02-02 12:00:00,2026-02-02 23:40:42,24,11.68,1,0,5,A126
T501751,C1272,其他,P2,热线,2026-03-27 14:00:00,2026-03-28 03:42:12,8,13.7,0,0,4,A112
T501752,C1145,业务变更,P3,App,2026-03-15 17:00:00,2026-03-16 13:29:53,24,20.5,1,0,5,A140
T501753,C1470,故障申报,P4,热线,2026-01-26 13:00:00,2026-01-27 14:18:52,72,25.31,1,0,4,A100
T501754,C3981,业务变更,P4,邮件,2026-01-01 17:00:00,2026-01-06 05:10:01,72,108.17,0,0,4,A228
T501755,C1529,其他,P4,在线,2026-03-17 02:00:00,2026-03-17 22:38:50,72,20.65,1,0,1,A273
T501756,C3552,退订,P1,邮件,2026-02-11 03:00:00,2026-02-11 05:09:46,4,2.16,1,0,5,A169
T501757,C1752,退订,P3,App,2026-03-19 12:00:00,2026-03-19 19:02:30,24,7.04,1,0,4,A156
T501758,C1824,故障申报,P1,邮件,2026-04-17 01:00:00,2026-04-17 01:30:00,4,0.5,1,0,4,A288
T501759,C2732,咨询,P3,热线,2026-03-08 17:00:00,2026-03-08 22:25:33,24,5.43,1,0,4,A211
T501760,C1872,退订,P3,热线,2026-03-09 12:00:00,2026-03-09 12:39:23,24,0.66,1,1,5,A249
T501761,C1267,退订,P3,在线,2026-01-01 14:00:00,2026-01-02 07:32:12,24,17.54,1,0,4,A131
T501762,C1729,退订,P4,邮件,2026-03-16 11:00:00,2026-03-19 09:00:22,72,70.01,1,0,5,A298
T501763,C2291,投诉,P3,热线,2026-04-11 20:00:00,2026-04-12 14:41:20,24,18.69,1,0,5,A258
T501764,C3506,退订,P4,App,2026-02-23 08:00:00,2026-02-24 05:52:13,72,21.87,1,0,4,A240
T501765,C3335,投诉,P3,热线,2026-04-10 09:00:00,2026-04-10 14:11:21,24,5.19,1,0,4,A192
T501766,C1156,退订,P2,热线,2026-01-24 13:00:00,2026-01-24 22:37:49,8,9.63,0,0,3,A245
T501767,C3976,退订,P3,热线,2026-02-12 12:00:00,2026-02-12 23:29:10,24,11.49,1,0,5,A287
T501768,C2383,其他,P3,在线,2026-01-14 16:00:00,2026-01-15 05:53:50,24,13.9,1,0,4,A287
T501769,C3068,故障申报,P1,App,2026-04-26 23:00:00,2026-04-27 01:15:45,4,2.26,1,0,4,A263
T501770,C3836,咨询,P4,App,2026-03-18 20:00:00,2026-03-19 04:08:00,72,8.13,1,0,2,A282
T501771,C3289,其他,P2,热线,2026-03-27 04:00:00,2026-03-27 07:11:19,8,3.19,1,0,5,A204
T501772,C3351,投诉,P2,热线,2026-03-16 20:00:00,2026-03-16 22:27:35,8,2.46,1,0,5,A168
T501773,C2587,业务变更,P3,邮件,2026-02-01 00:00:00,2026-02-02 01:26:38,24,25.44,0,0,4,A193
T501774,C2420,咨询,P4,App,2026-04-19 01:00:00,2026-04-19 07:05:30,72,6.09,1,0,2,A215
T501775,C3438,退订,P2,热线,2026-04-11 11:00:00,2026-04-11 11:30:00,8,0.5,1,0,5,A267
T501776,C1443,投诉,P1,在线,2026-02-25 12:00:00,2026-02-25 12:30:00,4,0.5,1,0,1,A104
T501777,C2257,退订,P3,App,2026-03-26 16:00:00,2026-03-27 01:17:57,24,9.3,1,0,4,A268
T501778,C1108,业务变更,P3,邮件,2026-03-19 15:00:00,2026-03-21 04:11:48,24,37.2,0,0,5,A171
T501779,C1447,退订,P2,热线,2026-04-09 03:00:00,2026-04-09 07:51:16,8,4.85,1,0,4,A215
T501780,C2968,故障申报,P1,邮件,2026-01-25 19:00:00,2026-01-25 20:31:32,4,1.53,1,0,4,A213
T501781,C1707,投诉,P4,邮件,2026-04-25 13:00:00,2026-04-26 21:39:53,72,32.66,1,1,4,A274
T501782,C2053,退订,P3,App,2026-03-25 18:00:00,2026-03-26 04:25:58,24,10.43,1,0,4,A156
T501783,C2383,故障申报,P2,App,2026-04-16 06:00:00,2026-04-16 11:18:01,8,5.3,1,0,3,A182
T501784,C2459,其他,P1,在线,2026-02-26 09:00:00,2026-02-26 09:33:27,4,0.56,1,0,5,A269
T501785,C3610,投诉,P4,App,2026-04-08 13:00:00,2026-04-10 11:00:03,72,46.0,1,0,4,A270
T501786,C3242,业务变更,P4,在线,2026-02-18 13:00:00,2026-02-19 03:27:08,72,14.45,1,0,4,A129
T501787,C3513,退订,P3,邮件,2026-04-02 08:00:00,2026-04-02 08:30:00,24,0.5,1,0,1,A288
T501788,C2861,咨询,P4,在线,2026-02-12 03:00:00,2026-02-12 13:14:10,72,10.24,1,0,3,A266
T501789,C3672,退订,P1,在线,2026-02-13 14:00:00,2026-02-13 14:30:00,4,0.5,1,0,5,A207
T501790,C3508,咨询,P2,App,2026-04-03 08:00:00,2026-04-03 11:19:19,8,3.32,1,0,4,A211
T501791,C2979,咨询,P3,热线,2026-01-11 00:00:00,2026-01-11 03:21:29,24,3.36,1,0,5,A224
T501792,C3358,业务变更,P2,邮件,2026-03-15 15:00:00,2026-03-15 17:41:39,8,2.69,1,0,4,A150
T501793,C3669,其他,P1,App,2026-04-17 21:00:00,2026-04-17 22:00:18,4,1.01,1,0,4,A240
T501794,C2608,故障申报,P1,邮件,2026-01-21 22:00:00,2026-01-21 22:56:10,4,0.94,1,0,4,A169
T501795,C3229,咨询,P4,热线,2026-04-25 11:00:00,2026-04-26 16:48:46,72,29.81,1,0,4,A134
T501796,C3276,业务变更,P4,在线,2026-04-12 06:00:00,2026-04-12 22:15:31,72,16.26,1,0,4,A241
T501797,C2674,其他,P3,热线,2026-04-22 12:00:00,2026-04-23 09:47:02,24,21.78,1,0,3,A252
T501798,C1224,投诉,P2,App,2026-04-22 04:00:00,2026-04-23 02:04:03,8,22.07,0,0,1,A254
T501799,C1709,投诉,P2,邮件,2026-03-21 04:00:00,2026-03-21 09:45:50,8,5.76,1,0,3,A181
T501800,C2275,退订,P3,邮件,2026-04-26 15:00:00,2026-04-27 00:09:18,24,9.16,1,0,3,A192
T501801,C1671,故障申报,P1,热线,2026-02-08 20:00:00,2026-02-08 23:27:06,4,3.45,1,1,4,A204
T501802,C3568,咨询,P1,热线,2026-03-17 09:00:00,2026-03-17 09:30:00,4,0.5,1,0,4,A257
T501803,C2555,退订,P3,热线,2026-01-02 10:00:00,2026-01-02 17:32:21,24,7.54,1,0,4,A300
T501804,C1402,退订,P4,邮件,2026-02-20 13:00:00,2026-02-23 10:47:53,72,69.8,1,0,4,A109
T501805,C3831,故障申报,P3,邮件,2026-03-07 16:00:00,2026-03-07 23:39:40,24,7.66,1,0,5,A121
T501806,C1344,咨询,P1,在线,2026-02-24 08:00:00,2026-02-24 09:51:25,4,1.86,1,0,4,A260
T501807,C3653,退订,P2,App,2026-04-13 23:00:00,2026-04-13 23:30:00,8,0.5,1,0,5,A122
T501808,C1990,故障申报,P1,热线,2026-03-11 22:00:00,2026-03-12 00:42:44,4,2.71,1,0,4,A212
T501809,C2989,其他,P3,热线,2026-04-02 11:00:00,2026-04-02 22:04:01,24,11.07,1,0,4,A282
T501810,C2492,故障申报,P3,邮件,2026-02-20 16:00:00,2026-02-21 22:16:32,24,30.28,0,0,1,A208
T501811,C1632,业务变更,P3,邮件,2026-01-10 07:00:00,2026-01-10 15:20:00,24,8.33,1,0,3,A213
T501812,C3260,投诉,P4,邮件,2026-01-13 19:00:00,2026-01-17 03:35:37,72,80.59,0,0,3,A113
T501813,C2692,咨询,P4,热线,2026-03-01 18:00:00,2026-03-03 13:21:33,72,43.36,1,0,5,A140
T501814,C3624,其他,P1,热线,2026-04-05 22:00:00,2026-04-06 03:02:26,4,5.04,0,0,4,A257
T501815,C2870,退订,P2,热线,2026-02-13 20:00:00,2026-02-13 20:30:00,8,0.5,1,0,5,A227
T501816,C2340,退订,P3,在线,2026-04-23 20:00:00,2026-04-24 15:02:33,24,19.04,1,0,4,A271
T501817,C2186,投诉,P3,热线,2026-01-13 04:00:00,2026-01-13 06:05:51,24,2.1,1,0,3,A139
T501818,C1143,退订,P3,在线,2026-04-21 12:00:00,2026-04-21 23:46:16,24,11.77,1,0,5,A269
T501819,C1465,投诉,P2,热线,2026-04-04 08:00:00,2026-04-04 10:22:37,8,2.38,1,0,5,A165
T501820,C3640,其他,P4,App,2026-01-15 00:00:00,2026-01-21 20:14:03,72,164.23,0,0,4,A104
T501821,C1400,故障申报,P1,热线,2026-03-01 15:00:00,2026-03-01 18:22:32,4,3.38,1,0,3,A133
T501822,C3270,退订,P1,App,2026-01-27 01:00:00,2026-01-27 01:30:00,4,0.5,1,0,5,A130
T501823,C1600,故障申报,P3,在线,2026-03-17 04:00:00,2026-03-17 19:21:01,24,15.35,1,0,4,A221
T501824,C3053,故障申报,P2,热线,2026-04-21 13:00:00,2026-04-21 18:31:11,8,5.52,1,0,4,A266
T501825,C1373,退订,P3,在线,2026-02-23 08:00:00,2026-02-23 22:16:30,24,14.28,1,1,5,A189
T501826,C1044,咨询,P1,热线,2026-04-20 09:00:00,2026-04-20 10:13:57,4,1.23,1,0,3,A277
T501827,C3354,退订,P1,App,2026-04-16 19:00:00,2026-04-16 21:26:20,4,2.44,1,0,4,A289
T501828,C3461,咨询,P3,邮件,2026-02-07 07:00:00,2026-02-08 23:29:57,24,40.5,0,0,4,A228
T501829,C3985,投诉,P3,在线,2026-04-14 15:00:00,2026-04-14 20:00:17,24,5.0,1,0,3,A162
T501830,C1094,退订,P2,邮件,2026-04-15 07:00:00,2026-04-15 09:03:37,8,2.06,1,0,4,A113
T501831,C1997,故障申报,P1,邮件,2026-03-09 14:00:00,2026-03-09 19:14:53,4,5.25,0,0,1,A202
T501832,C2917,退订,P4,热线,2026-02-15 02:00:00,2026-02-15 03:39:43,72,1.66,1,0,2,A185
T501833,C3305,业务变更,P1,在线,2026-01-20 11:00:00,2026-01-20 12:43:48,4,1.73,1,1,4,A253
T501834,C2113,故障申报,P3,App,2026-01-21 18:00:00,2026-01-22 15:25:33,24,21.43,1,0,4,A130
T501835,C3135,故障申报,P3,热线,2026-04-14 18:00:00,2026-04-14 18:53:57,24,0.9,1,0,5,A191
T501836,C2421,故障申报,P2,热线,2026-03-25 18:00:00,2026-03-26 00:47:05,8,6.78,1,0,5,A208
T501837,C3970,业务变更,P1,App,2026-04-05 07:00:00,2026-04-05 07:30:00,4,0.5,1,0,5,A132
T501838,C3872,其他,P1,在线,2026-01-18 23:00:00,2026-01-18 23:30:00,4,0.5,1,0,5,A169
T501839,C3281,咨询,P2,App,2026-03-13 22:00:00,2026-03-13 23:44:20,8,1.74,1,0,5,A105
T501840,C2246,咨询,P3,邮件,2026-04-06 09:00:00,2026-04-07 04:09:18,24,19.16,1,0,3,A194
T501841,C2413,其他,P4,热线,2026-02-07 18:00:00,2026-02-08 18:18:24,72,24.31,1,0,5,A254
T501842,C2648,退订,P2,App,2026-03-17 07:00:00,2026-03-17 10:33:51,8,3.56,1,0,5,A212
T501843,C1685,其他,P2,热线,2026-04-19 03:00:00,2026-04-19 16:08:41,8,13.14,0,0,4,A120
T501844,C2888,其他,P2,邮件,2026-01-26 12:00:00,2026-01-26 17:11:29,8,5.19,1,0,5,A248
T501845,C3884,投诉,P2,App,2026-02-23 05:00:00,2026-02-23 07:34:13,8,2.57,1,0,3,A300
T501846,C2657,咨询,P3,热线,2026-02-25 04:00:00,2026-02-25 10:23:53,24,6.4,1,0,4,A140
T501847,C2131,其他,P2,邮件,2026-01-05 16:00:00,2026-01-05 17:04:12,8,1.07,1,0,5,A210
T501848,C2757,咨询,P4,App,2026-04-12 16:00:00,2026-04-13 14:49:09,72,22.82,1,0,4,A151
T501849,C1641,故障申报,P3,在线,2026-02-03 17:00:00,2026-02-04 18:41:05,24,25.68,0,1,4,A187
T501850,C3441,咨询,P4,热线,2026-03-01 12:00:00,2026-03-01 12:30:00,72,0.5,1,0,4,A237
T501851,C2874,咨询,P3,在线,2026-04-07 21:00:00,2026-04-07 23:21:51,24,2.36,1,0,4,A176
T501852,C3441,退订,P3,邮件,2026-04-23 01:00:00,2026-04-23 21:39:29,24,20.66,1,0,4,A243
T501853,C1159,投诉,P4,在线,2026-02-18 08:00:00,2026-02-19 06:10:25,72,22.17,1,0,1,A258
T501854,C2634,投诉,P4,App,2026-01-01 23:00:00,2026-01-02 01:01:40,72,2.03,1,0,5,A184
T501855,C3954,故障申报,P2,热线,2026-01-06 11:00:00,2026-01-06 11:53:38,8,0.89,1,0,4,A226
T501856,C3063,投诉,P3,App,2026-01-05 04:00:00,2026-01-06 02:55:50,24,22.93,1,0,3,A192
T501857,C3503,故障申报,P1,热线,2026-01-25 18:00:00,2026-01-25 18:40:42,4,0.68,1,0,5,A104
T501858,C1882,业务变更,P1,邮件,2026-01-08 13:00:00,2026-01-08 13:30:00,4,0.5,1,0,3,A204
T501859,C3883,咨询,P1,热线,2026-01-09 14:00:00,2026-01-09 14:30:00,4,0.5,1,0,5,A137
T501860,C2951,故障申报,P3,App,2026-04-13 10:00:00,2026-04-14 06:52:53,24,20.88,1,0,4,A155
T501861,C2044,投诉,P2,在线,2026-02-18 08:00:00,2026-02-18 12:55:59,8,4.93,1,0,5,A122
T501862,C1229,投诉,P2,在线,2026-01-05 06:00:00,2026-01-05 13:04:50,8,7.08,1,0,5,A275
T501863,C3672,咨询,P4,App,2026-04-15 16:00:00,2026-04-19 02:16:07,72,82.27,0,0,4,A200
T501864,C2539,退订,P4,热线,2026-04-08 12:00:00,2026-04-11 22:28:59,72,82.48,0,0,4,A157
T501865,C2242,故障申报,P1,App,2026-04-04 22:00:00,2026-04-04 23:55:07,4,1.92,1,0,4,A206
T501866,C1102,业务变更,P1,在线,2026-04-03 16:00:00,2026-04-03 16:30:00,4,0.5,1,0,5,A297
T501867,C1436,退订,P3,App,2026-04-22 20:00:00,2026-04-23 00:02:24,24,4.04,1,0,4,A228
T501868,C3565,故障申报,P2,App,2026-04-12 13:00:00,2026-04-12 13:58:40,8,0.98,1,0,4,A214
T501869,C2183,咨询,P2,邮件,2026-03-15 12:00:00,2026-03-15 17:24:57,8,5.42,1,0,4,A213
T501870,C1136,故障申报,P2,邮件,2026-02-14 14:00:00,2026-02-14 15:25:56,8,1.43,1,0,5,A151
T501871,C2207,其他,P3,邮件,2026-01-05 04:00:00,2026-01-05 12:57:12,24,8.95,1,0,1,A205
T501872,C1690,咨询,P2,热线,2026-03-16 23:00:00,2026-03-17 00:37:38,8,1.63,1,0,5,A198
T501873,C3210,故障申报,P1,在线,2026-03-17 13:00:00,2026-03-17 15:19:44,4,2.33,1,0,4,A270
T501874,C2534,退订,P2,热线,2026-03-21 21:00:00,2026-03-22 12:47:47,8,15.8,0,0,4,A176
T501875,C1547,其他,P2,热线,2026-02-27 07:00:00,2026-02-27 10:08:32,8,3.14,1,0,5,A295
T501876,C3870,其他,P4,在线,2026-02-24 02:00:00,2026-02-25 05:01:33,72,27.03,1,0,2,A179
T501877,C1180,业务变更,P4,邮件,2026-03-06 00:00:00,2026-03-06 10:54:18,72,10.91,1,0,4,A174
T501878,C3319,故障申报,P1,热线,2026-02-06 04:00:00,2026-02-06 05:02:10,4,1.04,1,0,4,A226
T501879,C1579,故障申报,P4,在线,2026-02-25 18:00:00,2026-02-26 23:27:43,72,29.46,1,0,4,A276
T501880,C3718,业务变更,P1,邮件,2026-01-09 15:00:00,2026-01-09 16:22:32,4,1.38,1,0,3,A209
T501881,C3654,业务变更,P3,热线,2026-03-27 20:00:00,2026-03-27 21:04:08,24,1.07,1,0,4,A170
T501882,C3171,故障申报,P3,热线,2026-04-26 09:00:00,2026-04-28 09:47:15,24,48.79,0,0,4,A191
T501883,C1917,退订,P4,在线,2026-03-06 18:00:00,2026-03-08 21:53:57,72,51.9,1,0,4,A182
T501884,C1339,故障申报,P4,App,2026-03-15 02:00:00,2026-03-16 19:03:48,72,41.06,1,0,5,A144
T501885,C2435,咨询,P2,邮件,2026-01-16 07:00:00,2026-01-16 19:04:10,8,12.07,0,0,4,A122
T501886,C2518,业务变更,P1,在线,2026-03-08 02:00:00,2026-03-08 02:30:00,4,0.5,1,0,4,A144
T501887,C2590,退订,P3,在线,2026-04-23 12:00:00,2026-04-27 16:57:35,24,100.96,0,0,4,A260
T501888,C1494,其他,P1,邮件,2026-03-22 12:00:00,2026-03-22 14:36:38,4,2.61,1,0,4,A160
T501889,C1313,业务变更,P3,在线,2026-02-03 02:00:00,2026-02-03 16:26:36,24,14.44,1,0,4,A187
T501890,C3717,故障申报,P1,在线,2026-04-25 11:00:00,2026-04-25 13:59:26,4,2.99,1,0,5,A148
T501891,C3604,退订,P1,热线,2026-02-05 11:00:00,2026-02-05 12:06:23,4,1.11,1,0,4,A148
T501892,C1918,业务变更,P4,在线,2026-01-02 04:00:00,2026-01-04 18:53:25,72,62.89,1,0,5,A228
T501893,C2286,故障申报,P2,App,2026-03-01 17:00:00,2026-03-01 20:27:10,8,3.45,1,0,4,A137
T501894,C1669,投诉,P2,在线,2026-04-21 19:00:00,2026-04-21 21:02:31,8,2.04,1,0,1,A106
T501895,C1801,故障申报,P4,App,2026-03-26 06:00:00,2026-03-28 00:10:38,72,42.18,1,1,3,A284
T501896,C1076,退订,P1,热线,2026-04-24 18:00:00,2026-04-24 18:30:00,4,0.5,1,0,5,A296
T501897,C2230,退订,P4,热线,2026-01-24 07:00:00,2026-01-24 10:50:48,72,3.85,1,0,3,A235
T501898,C2076,业务变更,P3,热线,2026-01-14 15:00:00,2026-01-14 20:38:42,24,5.65,1,0,5,A151
T501899,C3808,故障申报,P1,邮件,2026-02-19 23:00:00,2026-02-19 23:31:28,4,0.52,1,0,4,A141
T501900,C3937,投诉,P4,在线,2026-04-27 20:00:00,2026-04-28 11:14:27,72,15.24,1,0,4,A156
T501901,C1095,咨询,P4,热线,2026-04-02 22:00:00,2026-04-03 11:01:56,72,13.03,1,1,5,A201
T501902,C1552,其他,P4,App,2026-04-14 16:00:00,2026-04-14 21:21:35,72,5.36,1,0,5,A155
T501903,C3909,其他,P3,邮件,2026-04-16 18:00:00,2026-04-16 21:36:47,24,3.61,1,0,3,A253
T501904,C1267,业务变更,P4,在线,2026-03-12 23:00:00,2026-03-13 09:10:58,72,10.18,1,0,5,A224
T501905,C3369,退订,P1,邮件,2026-03-24 06:00:00,2026-03-24 08:35:20,4,2.59,1,0,2,A137
T501906,C2887,故障申报,P2,邮件,2026-04-02 19:00:00,2026-04-03 09:12:14,8,14.2,0,0,5,A236
T501907,C2703,业务变更,P2,App,2026-03-19 07:00:00,2026-03-19 07:49:37,8,0.83,1,0,4,A296
T501908,C2106,故障申报,P1,邮件,2026-01-20 23:00:00,2026-01-21 01:55:09,4,2.92,1,0,1,A290
T501909,C2990,咨询,P1,邮件,2026-01-04 22:00:00,2026-01-05 02:10:24,4,4.17,0,0,5,A129
T501910,C3845,退订,P4,邮件,2026-04-20 19:00:00,2026-04-21 21:56:47,72,26.95,1,0,2,A216
T501911,C3315,咨询,P2,热线,2026-02-05 03:00:00,2026-02-05 03:30:00,8,0.5,1,0,4,A204
T501912,C1938,投诉,P2,邮件,2026-02-05 02:00:00,2026-02-05 05:47:45,8,3.8,1,0,4,A292
T501913,C2722,退订,P1,热线,2026-04-21 05:00:00,2026-04-21 05:30:00,4,0.5,1,0,5,A133
T501914,C1852,咨询,P1,在线,2026-02-16 17:00:00,2026-02-16 20:27:20,4,3.46,1,0,5,A189
T501915,C2708,故障申报,P4,App,2026-03-20 02:00:00,2026-03-22 10:48:51,72,56.81,1,0,4,A176
T501916,C1158,投诉,P4,App,2026-02-21 05:00:00,2026-02-21 11:24:10,72,6.4,1,0,1,A220
T501917,C1397,其他,P1,邮件,2026-03-08 18:00:00,2026-03-08 18:50:53,4,0.85,1,0,5,A239
T501918,C2122,退订,P4,App,2026-01-01 11:00:00,2026-01-01 11:40:26,72,0.67,1,0,5,A117
T501919,C2032,其他,P3,在线,2026-02-11 11:00:00,2026-02-12 03:53:37,24,16.89,1,0,5,A141
T501920,C1018,咨询,P2,在线,2026-01-07 12:00:00,2026-01-07 12:51:02,8,0.85,1,0,1,A288
T501921,C3105,其他,P2,邮件,2026-01-05 11:00:00,2026-01-05 14:54:35,8,3.91,1,0,3,A274
T501922,C3094,业务变更,P4,App,2026-04-20 22:00:00,2026-04-23 10:11:24,72,60.19,1,1,4,A275
T501923,C1743,其他,P1,邮件,2026-03-23 20:00:00,2026-03-23 22:16:19,4,2.27,1,1,4,A120
T501924,C1319,退订,P4,热线,2026-04-13 04:00:00,2026-04-14 17:38:37,72,37.64,1,0,3,A267
T501925,C1612,故障申报,P3,在线,2026-02-05 10:00:00,2026-02-06 12:03:06,24,26.05,0,0,4,A261
T501926,C1448,投诉,P2,热线,2026-02-07 15:00:00,2026-02-08 13:20:38,8,22.34,0,0,1,A185
T501927,C3207,退订,P4,邮件,2026-02-03 11:00:00,2026-02-04 16:59:18,72,29.99,1,0,3,A204
T501928,C3707,咨询,P3,在线,2026-01-01 00:00:00,2026-01-01 05:21:50,24,5.36,1,0,3,A266
T501929,C3873,故障申报,P2,App,2026-04-25 22:00:00,2026-04-25 22:30:00,8,0.5,1,0,5,A271
T501930,C3500,投诉,P1,App,2026-04-09 01:00:00,2026-04-09 02:24:34,4,1.41,1,0,5,A158
T501931,C2484,其他,P2,邮件,2026-04-13 01:00:00,2026-04-13 06:12:38,8,5.21,1,0,5,A131
T501932,C2164,其他,P3,App,2026-01-25 06:00:00,2026-01-25 09:02:06,24,3.04,1,0,5,A199
T501933,C1638,故障申报,P1,热线,2026-04-05 06:00:00,2026-04-05 07:34:27,4,1.57,1,0,4,A242
T501934,C3001,投诉,P2,在线,2026-02-20 17:00:00,2026-02-20 20:22:42,8,3.38,1,0,4,A282
T501935,C2443,投诉,P2,邮件,2026-03-09 14:00:00,2026-03-09 16:05:08,8,2.09,1,0,3,A108
T501936,C2553,故障申报,P3,邮件,2026-02-02 13:00:00,2026-02-03 00:51:43,24,11.86,1,0,5,A257
T501937,C1502,其他,P1,邮件,2026-02-19 18:00:00,2026-02-19 20:05:05,4,2.08,1,0,4,A233
T501938,C3459,业务变更,P4,邮件,2026-04-07 03:00:00,2026-04-08 09:50:38,72,30.84,1,0,2,A291
T501939,C2742,退订,P3,热线,2026-03-13 02:00:00,2026-03-13 05:16:29,24,3.27,1,0,5,A115
T501940,C1956,投诉,P2,邮件,2026-03-24 10:00:00,2026-03-24 10:46:50,8,0.78,1,0,3,A192
T501941,C3535,投诉,P4,在线,2026-02-04 21:00:00,2026-02-05 06:18:40,72,9.31,1,0,4,A290
T501942,C2614,咨询,P2,在线,2026-01-09 14:00:00,2026-01-09 20:26:39,8,6.44,1,0,4,A154
T501943,C2383,投诉,P3,在线,2026-02-11 11:00:00,2026-02-13 03:18:59,24,40.32,0,0,4,A283
T501944,C3331,投诉,P2,热线,2026-04-13 22:00:00,2026-04-14 00:53:54,8,2.9,1,0,1,A174
T501945,C3145,其他,P2,邮件,2026-04-25 10:00:00,2026-04-25 17:38:51,8,7.65,1,0,5,A115
T501946,C3884,退订,P3,邮件,2026-04-25 20:00:00,2026-04-26 23:54:06,24,27.9,0,1,4,A136
T501947,C1988,咨询,P2,在线,2026-04-14 18:00:00,2026-04-14 19:52:21,8,1.87,1,0,4,A111
T501948,C2457,投诉,P1,在线,2026-03-11 04:00:00,2026-03-11 07:43:18,4,3.72,1,0,3,A211
T501949,C3269,退订,P3,在线,2026-02-17 22:00:00,2026-02-19 00:21:55,24,26.37,0,0,3,A186
T501950,C3448,咨询,P2,热线,2026-03-26 04:00:00,2026-03-26 23:35:00,8,19.58,0,0,1,A289
T501951,C2973,故障申报,P4,邮件,2026-01-02 04:00:00,2026-01-08 00:41:15,72,140.69,0,0,5,A291
T501952,C3996,故障申报,P4,热线,2026-04-13 14:00:00,2026-04-13 19:18:49,72,5.31,1,0,4,A294
T501953,C1631,故障申报,P4,热线,2026-02-26 00:00:00,2026-02-26 04:58:02,72,4.97,1,0,4,A227
T501954,C2675,故障申报,P4,邮件,2026-03-21 02:00:00,2026-03-22 05:17:58,72,27.3,1,0,4,A117
T501955,C1877,退订,P2,在线,2026-01-01 18:00:00,2026-01-01 23:59:57,8,6.0,1,0,5,A213
T501956,C3605,咨询,P1,App,2026-01-20 08:00:00,2026-01-20 09:54:28,4,1.91,1,0,4,A155
T501957,C2074,咨询,P1,App,2026-02-08 21:00:00,2026-02-08 21:30:00,4,0.5,1,0,4,A126
T501958,C3338,退订,P1,热线,2026-04-25 22:00:00,2026-04-25 22:30:00,4,0.5,1,0,4,A227
T501959,C1145,故障申报,P2,热线,2026-03-21 00:00:00,2026-03-21 09:16:16,8,9.27,0,0,5,A234
T501960,C3354,投诉,P1,在线,2026-03-09 18:00:00,2026-03-09 19:09:41,4,1.16,1,1,4,A162
T501961,C3114,退订,P1,热线,2026-03-09 16:00:00,2026-03-09 17:51:26,4,1.86,1,0,5,A207
T501962,C1720,咨询,P4,邮件,2026-04-13 17:00:00,2026-04-18 15:47:44,72,118.8,0,0,3,A248
T501963,C2646,业务变更,P1,邮件,2026-02-22 08:00:00,2026-02-22 08:30:00,4,0.5,1,1,5,A220
T501964,C1644,业务变更,P2,热线,2026-02-04 01:00:00,2026-02-04 05:39:48,8,4.66,1,0,3,A199
T501965,C2625,投诉,P4,热线,2026-04-25 10:00:00,2026-04-30 11:55:12,72,121.92,0,0,1,A243
T501966,C1139,其他,P3,在线,2026-04-18 15:00:00,2026-04-18 19:07:18,24,4.12,1,0,3,A220
T501967,C3238,咨询,P3,邮件,2026-02-06 08:00:00,2026-02-06 10:48:05,24,2.8,1,0,4,A276
T501968,C2852,业务变更,P1,邮件,2026-04-24 18:00:00,2026-04-24 18:30:00,4,0.5,1,0,4,A223
T501969,C3592,业务变更,P2,App,2026-02-01 08:00:00,2026-02-01 09:35:48,8,1.6,1,0,5,A296
T501970,C3884,业务变更,P3,邮件,2026-04-12 14:00:00,2026-04-12 18:14:28,24,4.24,1,0,4,A276
T501971,C3667,投诉,P2,热线,2026-01-04 04:00:00,2026-01-04 05:06:22,8,1.11,1,0,4,A268
T501972,C2432,其他,P3,App,2026-04-14 01:00:00,2026-04-14 01:38:36,24,0.64,1,0,3,A229
T501973,C1464,咨询,P1,邮件,2026-01-01 02:00:00,2026-01-01 02:30:00,4,0.5,1,0,5,A212
T501974,C1227,退订,P1,邮件,2026-04-13 16:00:00,2026-04-13 16:41:35,4,0.69,1,0,5,A252
T501975,C3119,业务变更,P1,在线,2026-03-14 16:00:00,2026-03-14 21:20:17,4,5.34,0,0,3,A285
T501976,C1410,业务变更,P3,热线,2026-03-08 09:00:00,2026-03-09 01:38:14,24,16.64,1,0,5,A251
T501977,C2206,业务变更,P1,在线,2026-01-20 13:00:00,2026-01-20 14:37:41,4,1.63,1,0,4,A287
T501978,C1816,故障申报,P3,在线,2026-01-10 00:00:00,2026-01-10 20:25:24,24,20.42,1,0,5,A152
T501979,C3382,投诉,P1,邮件,2026-04-17 09:00:00,2026-04-17 10:49:59,4,1.83,1,0,5,A283
T501980,C3160,其他,P2,App,2026-03-08 02:00:00,2026-03-08 04:48:58,8,2.82,1,0,3,A254
T501981,C3786,退订,P1,App,2026-02-11 19:00:00,2026-02-11 19:30:00,4,0.5,1,0,4,A291
T501982,C1769,故障申报,P4,在线,2026-01-11 10:00:00,2026-01-13 02:25:03,72,40.42,1,0,5,A148
T501983,C3537,咨询,P3,热线,2026-04-02 20:00:00,2026-04-03 11:21:19,24,15.36,1,0,5,A268
T501984,C3302,其他,P4,App,2026-03-09 13:00:00,2026-03-10 11:48:42,72,22.81,1,0,4,A245
T501985,C1983,业务变更,P2,在线,2026-02-06 00:00:00,2026-02-06 07:43:37,8,7.73,1,0,3,A174
T501986,C2326,咨询,P2,在线,2026-03-09 11:00:00,2026-03-09 15:57:02,8,4.95,1,0,3,A213
T501987,C3889,退订,P1,在线,2026-01-12 01:00:00,2026-01-12 01:30:00,4,0.5,1,0,5,A251
T501988,C3634,退订,P3,在线,2026-02-14 03:00:00,2026-02-15 04:53:20,24,25.89,0,0,3,A236
T501989,C1967,咨询,P3,热线,2026-03-03 12:00:00,2026-03-03 15:01:50,24,3.03,1,0,5,A223
T501990,C3552,退订,P4,邮件,2026-01-23 09:00:00,2026-01-24 02:01:41,72,17.03,1,0,4,A113
T501991,C1566,投诉,P2,在线,2026-04-01 04:00:00,2026-04-01 06:10:46,8,2.18,1,0,4,A279
T501992,C1179,其他,P3,在线,2026-02-08 21:00:00,2026-02-09 11:25:02,24,14.42,1,0,3,A294
T501993,C3895,退订,P3,邮件,2026-02-25 14:00:00,2026-02-27 01:08:01,24,35.13,0,0,5,A161
T501994,C1647,业务变更,P1,App,2026-04-12 17:00:00,2026-04-12 17:30:00,4,0.5,1,0,2,A259
T501995,C3740,业务变更,P3,热线,2026-01-03 10:00:00,2026-01-04 00:12:05,24,14.2,1,0,5,A228
T501996,C2796,故障申报,P3,邮件,2026-03-19 17:00:00,2026-03-20 00:07:45,24,7.13,1,0,3,A135
T501997,C2587,退订,P4,App,2026-01-14 11:00:00,2026-01-15 21:14:58,72,34.25,1,0,4,A193
T501998,C4000,业务变更,P3,热线,2026-01-22 11:00:00,2026-01-23 03:21:06,24,16.35,1,0,1,A124
T501999,C2396,业务变更,P3,App,2026-01-15 16:00:00,2026-01-16 00:49:25,24,8.82,1,0,5,A256
