station_id,station_name,line,date,hour,is_weekend,is_holiday,passenger_count
ST000,站点-000,L4号线,2026-04-01,7,0,0,43616
ST000,站点-000,L4号线,2026-04-01,8,0,0,41978
ST000,站点-000,L4号线,2026-04-01,9,0,0,18461
ST000,站点-000,L4号线,2026-04-01,12,0,0,16042
ST000,站点-000,L4号线,2026-04-01,18,0,0,39224
ST000,站点-000,L4号线,2026-04-01,19,0,0,45527
ST000,站点-000,L4号线,2026-04-01,20,0,0,14449
ST000,站点-000,L4号线,2026-04-02,7,0,0,42105
ST000,站点-000,L4号线,2026-04-02,8,0,0,43034
ST000,站点-000,L4号线,2026-04-02,9,0,0,17723
ST000,站点-000,L4号线,2026-04-02,12,0,0,14986
ST000,站点-000,L4号线,2026-04-02,18,0,0,37640
ST000,站点-000,L4号线,2026-04-02,19,0,0,43399
ST000,站点-000,L4号线,2026-04-02,20,0,0,14578
ST000,站点-000,L4号线,2026-04-03,7,0,0,43025
ST000,站点-000,L4号线,2026-04-03,8,0,0,39168
ST000,站点-000,L4号线,2026-04-03,9,0,0,14496
ST000,站点-000,L4号线,2026-04-03,12,0,0,15750
ST000,站点-000,L4号线,2026-04-03,18,0,0,36020
ST000,站点-000,L4号线,2026-04-03,19,0,0,43767
ST000,站点-000,L4号线,2026-04-03,20,0,0,18089
ST000,站点-000,L4号线,2026-04-04,7,1,0,27302
ST000,站点-000,L4号线,2026-04-04,8,1,0,29967
ST000,站点-000,L4号线,2026-04-04,9,1,0,10200
ST000,站点-000,L4号线,2026-04-04,12,1,0,13309
ST000,站点-000,L4号线,2026-04-04,18,1,0,30056
ST000,站点-000,L4号线,2026-04-04,19,1,0,29340
ST000,站点-000,L4号线,2026-04-04,20,1,0,12406
ST000,站点-000,L4号线,2026-04-05,7,1,0,29909
ST000,站点-000,L4号线,2026-04-05,8,1,0,30498
ST000,站点-000,L4号线,2026-04-05,9,1,0,10959
ST000,站点-000,L4号线,2026-04-05,12,1,0,12780
ST000,站点-000,L4号线,2026-04-05,18,1,0,29331
ST000,站点-000,L4号线,2026-04-05,19,1,0,28291
ST000,站点-000,L4号线,2026-04-05,20,1,0,10897
ST000,站点-000,L4号线,2026-04-06,7,0,0,37656
ST000,站点-000,L4号线,2026-04-06,8,0,0,45092
ST000,站点-000,L4号线,2026-04-06,9,0,0,14919
ST000,站点-000,L4号线,2026-04-06,12,0,0,15736
ST000,站点-000,L4号线,2026-04-06,18,0,0,45759
ST000,站点-000,L4号线,2026-04-06,19,0,0,37956
ST000,站点-000,L4号线,2026-04-06,20,0,0,14685
ST000,站点-000,L4号线,2026-04-07,7,0,0,36581
ST000,站点-000,L4号线,2026-04-07,8,0,0,40867
ST000,站点-000,L4号线,2026-04-07,9,0,0,15971
ST000,站点-000,L4号线,2026-04-07,12,0,0,16264
ST000,站点-000,L4号线,2026-04-07,18,0,0,35663
ST000,站点-000,L4号线,2026-04-07,19,0,0,40805
ST000,站点-000,L4号线,2026-04-07,20,0,0,18321
ST000,站点-000,L4号线,2026-04-08,7,0,0,44127
ST000,站点-000,L4号线,2026-04-08,8,0,0,43085
ST000,站点-000,L4号线,2026-04-08,9,0,0,17955
ST000,站点-000,L4号线,2026-04-08,12,0,0,18471
ST000,站点-000,L4号线,2026-04-08,18,0,0,39062
ST000,站点-000,L4号线,2026-04-08,19,0,0,42414
ST000,站点-000,L4号线,2026-04-08,20,0,0,16310
ST000,站点-000,L4号线,2026-04-09,7,0,0,35919
ST000,站点-000,L4号线,2026-04-09,8,0,0,43673
ST000,站点-000,L4号线,2026-04-09,9,0,0,14438
ST000,站点-000,L4号线,2026-04-09,12,0,0,16318
ST000,站点-000,L4号线,2026-04-09,18,0,0,47454
ST000,站点-000,L4号线,2026-04-09,19,0,0,39348
ST000,站点-000,L4号线,2026-04-09,20,0,0,14619
ST000,站点-000,L4号线,2026-04-10,7,0,0,40272
ST000,站点-000,L4号线,2026-04-10,8,0,0,40678
ST000,站点-000,L4号线,2026-04-10,9,0,0,15863
ST000,站点-000,L4号线,2026-04-10,12,0,0,19075
ST000,站点-000,L4号线,2026-04-10,18,0,0,40478
ST000,站点-000,L4号线,2026-04-10,19,0,0,44894
ST000,站点-000,L4号线,2026-04-10,20,0,0,18678
ST000,站点-000,L4号线,2026-04-11,7,1,0,28692
ST000,站点-000,L4号线,2026-04-11,8,1,0,26313
ST000,站点-000,L4号线,2026-04-11,9,1,0,11541
ST000,站点-000,L4号线,2026-04-11,12,1,0,13059
ST000,站点-000,L4号线,2026-04-11,18,1,0,25316
ST000,站点-000,L4号线,2026-04-11,19,1,0,27788
ST000,站点-000,L4号线,2026-04-11,20,1,0,12908
ST000,站点-000,L4号线,2026-04-12,7,1,0,25803
ST000,站点-000,L4号线,2026-04-12,8,1,0,28393
ST000,站点-000,L4号线,2026-04-12,9,1,0,11154
ST000,站点-000,L4号线,2026-04-12,12,1,0,10318
ST000,站点-000,L4号线,2026-04-12,18,1,0,25831
ST000,站点-000,L4号线,2026-04-12,19,1,0,32991
ST000,站点-000,L4号线,2026-04-12,20,1,0,10141
ST000,站点-000,L4号线,2026-04-13,7,0,0,41759
ST000,站点-000,L4号线,2026-04-13,8,0,0,36456
ST000,站点-000,L4号线,2026-04-13,9,0,0,18735
ST000,站点-000,L4号线,2026-04-13,12,0,0,18553
ST000,站点-000,L4号线,2026-04-13,18,0,0,44072
ST000,站点-000,L4号线,2026-04-13,19,0,0,45583
ST000,站点-000,L4号线,2026-04-13,20,0,0,14607
ST000,站点-000,L4号线,2026-04-14,7,0,0,42626
ST000,站点-000,L4号线,2026-04-14,8,0,0,41299
ST000,站点-000,L4号线,2026-04-14,9,0,0,14706
ST000,站点-000,L4号线,2026-04-14,12,0,0,15168
ST000,站点-000,L4号线,2026-04-14,18,0,0,37424
ST000,站点-000,L4号线,2026-04-14,19,0,0,43681
ST000,站点-000,L4号线,2026-04-14,20,0,0,15603
ST000,站点-000,L4号线,2026-04-15,7,0,1,36452
ST000,站点-000,L4号线,2026-04-15,8,0,1,42175
ST000,站点-000,L4号线,2026-04-15,9,0,1,16412
ST000,站点-000,L4号线,2026-04-15,12,0,1,15176
ST000,站点-000,L4号线,2026-04-15,18,0,1,40343
ST000,站点-000,L4号线,2026-04-15,19,0,1,38660
ST000,站点-000,L4号线,2026-04-15,20,0,1,18216
ST000,站点-000,L4号线,2026-04-16,7,0,0,38878
ST000,站点-000,L4号线,2026-04-16,8,0,0,41136
ST000,站点-000,L4号线,2026-04-16,9,0,0,14814
ST000,站点-000,L4号线,2026-04-16,12,0,0,17232
ST000,站点-000,L4号线,2026-04-16,18,0,0,45035
ST000,站点-000,L4号线,2026-04-16,19,0,0,37637
ST000,站点-000,L4号线,2026-04-16,20,0,0,14454
ST000,站点-000,L4号线,2026-04-17,7,0,0,39430
ST000,站点-000,L4号线,2026-04-17,8,0,0,45848
ST000,站点-000,L4号线,2026-04-17,9,0,0,17619
ST000,站点-000,L4号线,2026-04-17,12,0,0,17794
ST000,站点-000,L4号线,2026-04-17,18,0,0,40102
ST000,站点-000,L4号线,2026-04-17,19,0,0,37240
ST000,站点-000,L4号线,2026-04-17,20,0,0,17228
ST000,站点-000,L4号线,2026-04-18,7,1,0,28600
ST000,站点-000,L4号线,2026-04-18,8,1,0,33249
ST000,站点-000,L4号线,2026-04-18,9,1,0,9917
ST000,站点-000,L4号线,2026-04-18,12,1,0,11554
ST000,站点-000,L4号线,2026-04-18,18,1,0,25258
ST000,站点-000,L4号线,2026-04-18,19,1,0,26358
ST000,站点-000,L4号线,2026-04-18,20,1,0,13053
ST000,站点-000,L4号线,2026-04-19,7,1,0,28708
ST000,站点-000,L4号线,2026-04-19,8,1,0,29328
ST000,站点-000,L4号线,2026-04-19,9,1,0,11532
ST000,站点-000,L4号线,2026-04-19,12,1,0,11420
ST000,站点-000,L4号线,2026-04-19,18,1,0,28931
ST000,站点-000,L4号线,2026-04-19,19,1,0,30284
ST000,站点-000,L4号线,2026-04-19,20,1,0,11910
ST000,站点-000,L4号线,2026-04-20,7,0,0,36978
ST000,站点-000,L4号线,2026-04-20,8,0,0,44779
ST000,站点-000,L4号线,2026-04-20,9,0,0,17248
ST000,站点-000,L4号线,2026-04-20,12,0,0,14553
ST000,站点-000,L4号线,2026-04-20,18,0,0,45274
ST000,站点-000,L4号线,2026-04-20,19,0,0,40109
ST000,站点-000,L4号线,2026-04-20,20,0,0,17368
ST000,站点-000,L4号线,2026-04-21,7,0,0,42872
ST000,站点-000,L4号线,2026-04-21,8,0,0,42190
ST000,站点-000,L4号线,2026-04-21,9,0,0,15368
ST000,站点-000,L4号线,2026-04-21,12,0,0,18736
ST000,站点-000,L4号线,2026-04-21,18,0,0,43759
ST000,站点-000,L4号线,2026-04-21,19,0,0,46680
ST000,站点-000,L4号线,2026-04-21,20,0,0,15961
ST000,站点-000,L4号线,2026-04-22,7,0,0,42085
ST000,站点-000,L4号线,2026-04-22,8,0,0,40741
ST000,站点-000,L4号线,2026-04-22,9,0,0,16967
ST000,站点-000,L4号线,2026-04-22,12,0,0,17416
ST000,站点-000,L4号线,2026-04-22,18,0,0,45804
ST000,站点-000,L4号线,2026-04-22,19,0,0,45692
ST000,站点-000,L4号线,2026-04-22,20,0,0,18117
ST000,站点-000,L4号线,2026-04-23,7,0,0,36749
ST000,站点-000,L4号线,2026-04-23,8,0,0,43026
ST000,站点-000,L4号线,2026-04-23,9,0,0,17048
ST000,站点-000,L4号线,2026-04-23,12,0,0,18877
ST000,站点-000,L4号线,2026-04-23,18,0,0,36708
ST000,站点-000,L4号线,2026-04-23,19,0,0,38950
ST000,站点-000,L4号线,2026-04-23,20,0,0,15593
ST000,站点-000,L4号线,2026-04-24,7,0,0,46706
ST000,站点-000,L4号线,2026-04-24,8,0,0,37021
ST000,站点-000,L4号线,2026-04-24,9,0,0,16601
ST000,站点-000,L4号线,2026-04-24,12,0,0,18354
ST000,站点-000,L4号线,2026-04-24,18,0,0,36436
ST000,站点-000,L4号线,2026-04-24,19,0,0,45986
ST000,站点-000,L4号线,2026-04-24,20,0,0,14206
ST000,站点-000,L4号线,2026-04-25,7,1,0,25106
ST000,站点-000,L4号线,2026-04-25,8,1,0,29636
ST000,站点-000,L4号线,2026-04-25,9,1,0,13049
ST000,站点-000,L4号线,2026-04-25,12,1,0,10495
ST000,站点-000,L4号线,2026-04-25,18,1,0,32242
ST000,站点-000,L4号线,2026-04-25,19,1,0,31153
ST000,站点-000,L4号线,2026-04-25,20,1,0,12619
ST000,站点-000,L4号线,2026-04-26,7,1,0,26111
ST000,站点-000,L4号线,2026-04-26,8,1,0,29593
ST000,站点-000,L4号线,2026-04-26,9,1,0,11124
ST000,站点-000,L4号线,2026-04-26,12,1,0,12940
ST000,站点-000,L4号线,2026-04-26,18,1,0,30233
ST000,站点-000,L4号线,2026-04-26,19,1,0,26065
ST000,站点-000,L4号线,2026-04-26,20,1,0,12936
ST000,站点-000,L4号线,2026-04-27,7,0,0,39663
ST000,站点-000,L4号线,2026-04-27,8,0,0,42808
ST000,站点-000,L4号线,2026-04-27,9,0,0,18829
ST000,站点-000,L4号线,2026-04-27,12,0,0,17774
ST000,站点-000,L4号线,2026-04-27,18,0,0,41367
ST000,站点-000,L4号线,2026-04-27,19,0,0,43716
ST000,站点-000,L4号线,2026-04-27,20,0,0,15981
ST000,站点-000,L4号线,2026-04-28,7,0,0,45154
ST000,站点-000,L4号线,2026-04-28,8,0,0,39425
ST000,站点-000,L4号线,2026-04-28,9,0,0,18947
ST000,站点-000,L4号线,2026-04-28,12,0,0,15887
ST000,站点-000,L4号线,2026-04-28,18,0,0,44131
ST000,站点-000,L4号线,2026-04-28,19,0,0,41886
ST000,站点-000,L4号线,2026-04-28,20,0,0,18961
ST000,站点-000,L4号线,2026-04-29,7,0,0,45167
ST000,站点-000,L4号线,2026-04-29,8,0,0,46036
ST000,站点-000,L4号线,2026-04-29,9,0,0,17216
ST000,站点-000,L4号线,2026-04-29,12,0,0,14229
ST000,站点-000,L4号线,2026-04-29,18,0,0,44016
ST000,站点-000,L4号线,2026-04-29,19,0,0,43651
ST000,站点-000,L4号线,2026-04-29,20,0,0,18762
ST000,站点-000,L4号线,2026-04-30,7,0,0,43632
ST000,站点-000,L4号线,2026-04-30,8,0,0,37925
ST000,站点-000,L4号线,2026-04-30,9,0,0,18889
ST000,站点-000,L4号线,2026-04-30,12,0,0,16421
ST000,站点-000,L4号线,2026-04-30,18,0,0,45322
ST000,站点-000,L4号线,2026-04-30,19,0,0,40125
ST000,站点-000,L4号线,2026-04-30,20,0,0,17212
ST001,站点-001,L10号线,2026-04-01,7,0,0,19304
ST001,站点-001,L10号线,2026-04-01,8,0,0,19703
ST001,站点-001,L10号线,2026-04-01,9,0,0,9696
ST001,站点-001,L10号线,2026-04-01,12,0,0,9093
ST001,站点-001,L10号线,2026-04-01,18,0,0,23055
ST001,站点-001,L10号线,2026-04-01,19,0,0,23157
ST001,站点-001,L10号线,2026-04-01,20,0,0,9156
ST001,站点-001,L10号线,2026-04-02,7,0,0,24781
ST001,站点-001,L10号线,2026-04-02,8,0,0,19917
ST001,站点-001,L10号线,2026-04-02,9,0,0,9263
ST001,站点-001,L10号线,2026-04-02,12,0,0,9874
ST001,站点-001,L10号线,2026-04-02,18,0,0,24108
ST001,站点-001,L10号线,2026-04-02,19,0,0,21500
ST001,站点-001,L10号线,2026-04-02,20,0,0,8201
ST001,站点-001,L10号线,2026-04-03,7,0,0,24749
ST001,站点-001,L10号线,2026-04-03,8,0,0,21063
ST001,站点-001,L10号线,2026-04-03,9,0,0,9595
ST001,站点-001,L10号线,2026-04-03,12,0,0,8742
ST001,站点-001,L10号线,2026-04-03,18,0,0,22268
ST001,站点-001,L10号线,2026-04-03,19,0,0,24975
ST001,站点-001,L10号线,2026-04-03,20,0,0,9713
ST001,站点-001,L10号线,2026-04-04,7,1,0,14047
ST001,站点-001,L10号线,2026-04-04,8,1,0,17017
ST001,站点-001,L10号线,2026-04-04,9,1,0,6609
ST001,站点-001,L10号线,2026-04-04,12,1,0,6972
ST001,站点-001,L10号线,2026-04-04,18,1,0,13858
ST001,站点-001,L10号线,2026-04-04,19,1,0,15266
ST001,站点-001,L10号线,2026-04-04,20,1,0,6914
ST001,站点-001,L10号线,2026-04-05,7,1,0,16707
ST001,站点-001,L10号线,2026-04-05,8,1,0,14281
ST001,站点-001,L10号线,2026-04-05,9,1,0,6628
ST001,站点-001,L10号线,2026-04-05,12,1,0,6223
ST001,站点-001,L10号线,2026-04-05,18,1,0,14378
ST001,站点-001,L10号线,2026-04-05,19,1,0,17413
ST001,站点-001,L10号线,2026-04-05,20,1,0,5284
ST001,站点-001,L10号线,2026-04-06,7,0,0,19857
ST001,站点-001,L10号线,2026-04-06,8,0,0,18765
ST001,站点-001,L10号线,2026-04-06,9,0,0,7521
ST001,站点-001,L10号线,2026-04-06,12,0,0,9594
ST001,站点-001,L10号线,2026-04-06,18,0,0,22715
ST001,站点-001,L10号线,2026-04-06,19,0,0,19355
ST001,站点-001,L10号线,2026-04-06,20,0,0,9247
ST001,站点-001,L10号线,2026-04-07,7,0,0,24199
ST001,站点-001,L10号线,2026-04-07,8,0,0,20512
ST001,站点-001,L10号线,2026-04-07,9,0,0,9429
ST001,站点-001,L10号线,2026-04-07,12,0,0,7638
ST001,站点-001,L10号线,2026-04-07,18,0,0,20085
ST001,站点-001,L10号线,2026-04-07,19,0,0,22992
ST001,站点-001,L10号线,2026-04-07,20,0,0,9977
ST001,站点-001,L10号线,2026-04-08,7,0,0,21462
ST001,站点-001,L10号线,2026-04-08,8,0,0,21457
ST001,站点-001,L10号线,2026-04-08,9,0,0,9977
ST001,站点-001,L10号线,2026-04-08,12,0,0,9196
ST001,站点-001,L10号线,2026-04-08,18,0,0,23007
ST001,站点-001,L10号线,2026-04-08,19,0,0,25154
ST001,站点-001,L10号线,2026-04-08,20,0,0,8557
ST001,站点-001,L10号线,2026-04-09,7,0,0,24091
ST001,站点-001,L10号线,2026-04-09,8,0,0,21845
ST001,站点-001,L10号线,2026-04-09,9,0,0,9765
ST001,站点-001,L10号线,2026-04-09,12,0,0,8183
ST001,站点-001,L10号线,2026-04-09,18,0,0,24271
ST001,站点-001,L10号线,2026-04-09,19,0,0,22173
ST001,站点-001,L10号线,2026-04-09,20,0,0,9289
ST001,站点-001,L10号线,2026-04-10,7,0,0,23929
ST001,站点-001,L10号线,2026-04-10,8,0,0,21673
ST001,站点-001,L10号线,2026-04-10,9,0,0,9022
ST001,站点-001,L10号线,2026-04-10,12,0,0,9583
ST001,站点-001,L10号线,2026-04-10,18,0,0,23158
ST001,站点-001,L10号线,2026-04-10,19,0,0,20187
ST001,站点-001,L10号线,2026-04-10,20,0,0,9036
ST001,站点-001,L10号线,2026-04-11,7,1,0,16477
ST001,站点-001,L10号线,2026-04-11,8,1,0,13208
ST001,站点-001,L10号线,2026-04-11,9,1,0,5669
ST001,站点-001,L10号线,2026-04-11,12,1,0,5975
ST001,站点-001,L10号线,2026-04-11,18,1,0,13918
ST001,站点-001,L10号线,2026-04-11,19,1,0,16335
ST001,站点-001,L10号线,2026-04-11,20,1,0,5324
ST001,站点-001,L10号线,2026-04-12,7,1,0,15013
ST001,站点-001,L10号线,2026-04-12,8,1,0,16095
ST001,站点-001,L10号线,2026-04-12,9,1,0,6684
ST001,站点-001,L10号线,2026-04-12,12,1,0,6830
ST001,站点-001,L10号线,2026-04-12,18,1,0,15260
ST001,站点-001,L10号线,2026-04-12,19,1,0,13248
ST001,站点-001,L10号线,2026-04-12,20,1,0,6305
ST001,站点-001,L10号线,2026-04-13,7,0,0,19234
ST001,站点-001,L10号线,2026-04-13,8,0,0,25118
ST001,站点-001,L10号线,2026-04-13,9,0,0,8864
ST001,站点-001,L10号线,2026-04-13,12,0,0,8183
ST001,站点-001,L10号线,2026-04-13,18,0,0,21938
ST001,站点-001,L10号线,2026-04-13,19,0,0,19180
ST001,站点-001,L10号线,2026-04-13,20,0,0,7657
ST001,站点-001,L10号线,2026-04-14,7,0,0,21935
ST001,站点-001,L10号线,2026-04-14,8,0,0,20270
ST001,站点-001,L10号线,2026-04-14,9,0,0,9134
ST001,站点-001,L10号线,2026-04-14,12,0,0,9995
ST001,站点-001,L10号线,2026-04-14,18,0,0,22750
ST001,站点-001,L10号线,2026-04-14,19,0,0,19653
ST001,站点-001,L10号线,2026-04-14,20,0,0,7950
ST001,站点-001,L10号线,2026-04-15,7,0,1,24053
ST001,站点-001,L10号线,2026-04-15,8,0,1,22312
ST001,站点-001,L10号线,2026-04-15,9,0,1,9292
ST001,站点-001,L10号线,2026-04-15,12,0,1,7815
ST001,站点-001,L10号线,2026-04-15,18,0,1,20859
ST001,站点-001,L10号线,2026-04-15,19,0,1,24716
ST001,站点-001,L10号线,2026-04-15,20,0,1,8480
ST001,站点-001,L10号线,2026-04-16,7,0,0,24261
ST001,站点-001,L10号线,2026-04-16,8,0,0,24955
ST001,站点-001,L10号线,2026-04-16,9,0,0,9467
ST001,站点-001,L10号线,2026-04-16,12,0,0,7578
ST001,站点-001,L10号线,2026-04-16,18,0,0,24049
ST001,站点-001,L10号线,2026-04-16,19,0,0,21137
ST001,站点-001,L10号线,2026-04-16,20,0,0,8661
ST001,站点-001,L10号线,2026-04-17,7,0,0,20101
ST001,站点-001,L10号线,2026-04-17,8,0,0,22958
ST001,站点-001,L10号线,2026-04-17,9,0,0,8870
ST001,站点-001,L10号线,2026-04-17,12,0,0,10053
ST001,站点-001,L10号线,2026-04-17,18,0,0,19067
ST001,站点-001,L10号线,2026-04-17,19,0,0,20542
ST001,站点-001,L10号线,2026-04-17,20,0,0,8319
ST001,站点-001,L10号线,2026-04-18,7,1,0,17112
ST001,站点-001,L10号线,2026-04-18,8,1,0,13353
ST001,站点-001,L10号线,2026-04-18,9,1,0,6449
ST001,站点-001,L10号线,2026-04-18,12,1,0,5444
ST001,站点-001,L10号线,2026-04-18,18,1,0,16620
ST001,站点-001,L10号线,2026-04-18,19,1,0,17482
ST001,站点-001,L10号线,2026-04-18,20,1,0,6151
ST001,站点-001,L10号线,2026-04-19,7,1,0,15348
ST001,站点-001,L10号线,2026-04-19,8,1,0,14341
ST001,站点-001,L10号线,2026-04-19,9,1,0,6310
ST001,站点-001,L10号线,2026-04-19,12,1,0,5837
ST001,站点-001,L10号线,2026-04-19,18,1,0,13463
ST001,站点-001,L10号线,2026-04-19,19,1,0,16642
ST001,站点-001,L10号线,2026-04-19,20,1,0,5693
ST001,站点-001,L10号线,2026-04-20,7,0,0,21387
ST001,站点-001,L10号线,2026-04-20,8,0,0,20269
ST001,站点-001,L10号线,2026-04-20,9,0,0,8076
ST001,站点-001,L10号线,2026-04-20,12,0,0,10128
ST001,站点-001,L10号线,2026-04-20,18,0,0,23443
ST001,站点-001,L10号线,2026-04-20,19,0,0,21558
ST001,站点-001,L10号线,2026-04-20,20,0,0,8731
ST001,站点-001,L10号线,2026-04-21,7,0,0,21849
ST001,站点-001,L10号线,2026-04-21,8,0,0,18823
ST001,站点-001,L10号线,2026-04-21,9,0,0,8751
ST001,站点-001,L10号线,2026-04-21,12,0,0,8760
ST001,站点-001,L10号线,2026-04-21,18,0,0,21792
ST001,站点-001,L10号线,2026-04-21,19,0,0,23582
ST001,站点-001,L10号线,2026-04-21,20,0,0,9534
ST001,站点-001,L10号线,2026-04-22,7,0,0,22942
ST001,站点-001,L10号线,2026-04-22,8,0,0,25104
ST001,站点-001,L10号线,2026-04-22,9,0,0,9920
ST001,站点-001,L10号线,2026-04-22,12,0,0,8152
ST001,站点-001,L10号线,2026-04-22,18,0,0,22562
ST001,站点-001,L10号线,2026-04-22,19,0,0,23141
ST001,站点-001,L10号线,2026-04-22,20,0,0,9298
ST001,站点-001,L10号线,2026-04-23,7,0,0,25265
ST001,站点-001,L10号线,2026-04-23,8,0,0,21689
ST001,站点-001,L10号线,2026-04-23,9,0,0,9098
ST001,站点-001,L10号线,2026-04-23,12,0,0,9248
ST001,站点-001,L10号线,2026-04-23,18,0,0,22500
ST001,站点-001,L10号线,2026-04-23,19,0,0,21131
ST001,站点-001,L10号线,2026-04-23,20,0,0,7587
ST001,站点-001,L10号线,2026-04-24,7,0,0,22081
ST001,站点-001,L10号线,2026-04-24,8,0,0,20761
ST001,站点-001,L10号线,2026-04-24,9,0,0,8377
ST001,站点-001,L10号线,2026-04-24,12,0,0,9408
ST001,站点-001,L10号线,2026-04-24,18,0,0,19223
ST001,站点-001,L10号线,2026-04-24,19,0,0,22175
ST001,站点-001,L10号线,2026-04-24,20,0,0,8141
ST001,站点-001,L10号线,2026-04-25,7,1,0,15848
ST001,站点-001,L10号线,2026-04-25,8,1,0,15629
ST001,站点-001,L10号线,2026-04-25,9,1,0,5574
ST001,站点-001,L10号线,2026-04-25,12,1,0,5360
ST001,站点-001,L10号线,2026-04-25,18,1,0,14341
ST001,站点-001,L10号线,2026-04-25,19,1,0,13930
ST001,站点-001,L10号线,2026-04-25,20,1,0,6813
ST001,站点-001,L10号线,2026-04-26,7,1,0,14254
ST001,站点-001,L10号线,2026-04-26,8,1,0,14696
ST001,站点-001,L10号线,2026-04-26,9,1,0,5991
ST001,站点-001,L10号线,2026-04-26,12,1,0,7005
ST001,站点-001,L10号线,2026-04-26,18,1,0,15974
ST001,站点-001,L10号线,2026-04-26,19,1,0,15154
ST001,站点-001,L10号线,2026-04-26,20,1,0,7002
ST001,站点-001,L10号线,2026-04-27,7,0,0,18870
ST001,站点-001,L10号线,2026-04-27,8,0,0,23649
ST001,站点-001,L10号线,2026-04-27,9,0,0,9634
ST001,站点-001,L10号线,2026-04-27,12,0,0,8890
ST001,站点-001,L10号线,2026-04-27,18,0,0,20782
ST001,站点-001,L10号线,2026-04-27,19,0,0,25292
ST001,站点-001,L10号线,2026-04-27,20,0,0,8525
ST001,站点-001,L10号线,2026-04-28,7,0,0,19895
ST001,站点-001,L10号线,2026-04-28,8,0,0,21419
ST001,站点-001,L10号线,2026-04-28,9,0,0,7602
ST001,站点-001,L10号线,2026-04-28,12,0,0,9393
ST001,站点-001,L10号线,2026-04-28,18,0,0,24598
ST001,站点-001,L10号线,2026-04-28,19,0,0,19843
ST001,站点-001,L10号线,2026-04-28,20,0,0,9077
ST001,站点-001,L10号线,2026-04-29,7,0,0,23865
ST001,站点-001,L10号线,2026-04-29,8,0,0,21250
ST001,站点-001,L10号线,2026-04-29,9,0,0,7724
ST001,站点-001,L10号线,2026-04-29,12,0,0,7924
ST001,站点-001,L10号线,2026-04-29,18,0,0,24792
ST001,站点-001,L10号线,2026-04-29,19,0,0,20131
ST001,站点-001,L10号线,2026-04-29,20,0,0,8285
ST001,站点-001,L10号线,2026-04-30,7,0,0,23837
ST001,站点-001,L10号线,2026-04-30,8,0,0,20352
ST001,站点-001,L10号线,2026-04-30,9,0,0,7684
ST001,站点-001,L10号线,2026-04-30,12,0,0,8114
ST001,站点-001,L10号线,2026-04-30,18,0,0,24422
ST001,站点-001,L10号线,2026-04-30,19,0,0,19883
ST001,站点-001,L10号线,2026-04-30,20,0,0,7875
ST002,站点-002,L10号线,2026-04-01,7,0,0,13877
ST002,站点-002,L10号线,2026-04-01,8,0,0,11661
ST002,站点-002,L10号线,2026-04-01,9,0,0,5801
ST002,站点-002,L10号线,2026-04-01,12,0,0,4382
ST002,站点-002,L10号线,2026-04-01,18,0,0,13813
ST002,站点-002,L10号线,2026-04-01,19,0,0,13240
ST002,站点-002,L10号线,2026-04-01,20,0,0,5395
ST002,站点-002,L10号线,2026-04-02,7,0,0,12794
ST002,站点-002,L10号线,2026-04-02,8,0,0,13704
ST002,站点-002,L10号线,2026-04-02,9,0,0,4496
ST002,站点-002,L10号线,2026-04-02,12,0,0,4906
ST002,站点-002,L10号线,2026-04-02,18,0,0,13701
ST002,站点-002,L10号线,2026-04-02,19,0,0,12605
ST002,站点-002,L10号线,2026-04-02,20,0,0,5290
ST002,站点-002,L10号线,2026-04-03,7,0,0,13749
ST002,站点-002,L10号线,2026-04-03,8,0,0,11373
ST002,站点-002,L10号线,2026-04-03,9,0,0,5291
ST002,站点-002,L10号线,2026-04-03,12,0,0,5771
ST002,站点-002,L10号线,2026-04-03,18,0,0,11191
ST002,站点-002,L10号线,2026-04-03,19,0,0,13805
ST002,站点-002,L10号线,2026-04-03,20,0,0,5736
ST002,站点-002,L10号线,2026-04-04,7,1,0,9078
ST002,站点-002,L10号线,2026-04-04,8,1,0,9974
ST002,站点-002,L10号线,2026-04-04,9,1,0,3902
ST002,站点-002,L10号线,2026-04-04,12,1,0,3953
ST002,站点-002,L10号线,2026-04-04,18,1,0,10024
ST002,站点-002,L10号线,2026-04-04,19,1,0,8922
ST002,站点-002,L10号线,2026-04-04,20,1,0,3676
ST002,站点-002,L10号线,2026-04-05,7,1,0,8731
ST002,站点-002,L10号线,2026-04-05,8,1,0,9476
ST002,站点-002,L10号线,2026-04-05,9,1,0,3845
ST002,站点-002,L10号线,2026-04-05,12,1,0,3235
ST002,站点-002,L10号线,2026-04-05,18,1,0,9372
ST002,站点-002,L10号线,2026-04-05,19,1,0,7688
ST002,站点-002,L10号线,2026-04-05,20,1,0,3258
ST002,站点-002,L10号线,2026-04-06,7,0,0,14299
ST002,站点-002,L10号线,2026-04-06,8,0,0,14481
ST002,站点-002,L10号线,2026-04-06,9,0,0,4548
ST002,站点-002,L10号线,2026-04-06,12,0,0,5327
ST002,站点-002,L10号线,2026-04-06,18,0,0,12301
ST002,站点-002,L10号线,2026-04-06,19,0,0,13433
ST002,站点-002,L10号线,2026-04-06,20,0,0,5860
ST002,站点-002,L10号线,2026-04-07,7,0,0,14269
ST002,站点-002,L10号线,2026-04-07,8,0,0,12570
ST002,站点-002,L10号线,2026-04-07,9,0,0,5092
ST002,站点-002,L10号线,2026-04-07,12,0,0,5302
ST002,站点-002,L10号线,2026-04-07,18,0,0,12379
ST002,站点-002,L10号线,2026-04-07,19,0,0,14785
ST002,站点-002,L10号线,2026-04-07,20,0,0,4571
ST002,站点-002,L10号线,2026-04-08,7,0,0,11783
ST002,站点-002,L10号线,2026-04-08,8,0,0,12123
ST002,站点-002,L10号线,2026-04-08,9,0,0,5132
ST002,站点-002,L10号线,2026-04-08,12,0,0,5622
ST002,站点-002,L10号线,2026-04-08,18,0,0,14340
ST002,站点-002,L10号线,2026-04-08,19,0,0,14512
ST002,站点-002,L10号线,2026-04-08,20,0,0,5721
ST002,站点-002,L10号线,2026-04-09,7,0,0,13628
ST002,站点-002,L10号线,2026-04-09,8,0,0,10989
ST002,站点-002,L10号线,2026-04-09,9,0,0,5589
ST002,站点-002,L10号线,2026-04-09,12,0,0,5170
ST002,站点-002,L10号线,2026-04-09,18,0,0,11967
ST002,站点-002,L10号线,2026-04-09,19,0,0,11361
ST002,站点-002,L10号线,2026-04-09,20,0,0,5210
ST002,站点-002,L10号线,2026-04-10,7,0,0,12788
ST002,站点-002,L10号线,2026-04-10,8,0,0,14299
ST002,站点-002,L10号线,2026-04-10,9,0,0,4405
ST002,站点-002,L10号线,2026-04-10,12,0,0,5098
ST002,站点-002,L10号线,2026-04-10,18,0,0,11826
ST002,站点-002,L10号线,2026-04-10,19,0,0,11652
ST002,站点-002,L10号线,2026-04-10,20,0,0,5092
ST002,站点-002,L10号线,2026-04-11,7,1,0,8019
ST002,站点-002,L10号线,2026-04-11,8,1,0,9655
ST002,站点-002,L10号线,2026-04-11,9,1,0,3691
ST002,站点-002,L10号线,2026-04-11,12,1,0,3155
ST002,站点-002,L10号线,2026-04-11,18,1,0,9292
ST002,站点-002,L10号线,2026-04-11,19,1,0,9534
ST002,站点-002,L10号线,2026-04-11,20,1,0,3384
ST002,站点-002,L10号线,2026-04-12,7,1,0,8122
ST002,站点-002,L10号线,2026-04-12,8,1,0,9153
ST002,站点-002,L10号线,2026-04-12,9,1,0,3818
ST002,站点-002,L10号线,2026-04-12,12,1,0,3276
ST002,站点-002,L10号线,2026-04-12,18,1,0,10109
ST002,站点-002,L10号线,2026-04-12,19,1,0,8418
ST002,站点-002,L10号线,2026-04-12,20,1,0,3915
ST002,站点-002,L10号线,2026-04-13,7,0,0,12636
ST002,站点-002,L10号线,2026-04-13,8,0,0,11739
ST002,站点-002,L10号线,2026-04-13,9,0,0,4541
ST002,站点-002,L10号线,2026-04-13,12,0,0,5205
ST002,站点-002,L10号线,2026-04-13,18,0,0,12044
ST002,站点-002,L10号线,2026-04-13,19,0,0,13906
ST002,站点-002,L10号线,2026-04-13,20,0,0,4507
ST002,站点-002,L10号线,2026-04-14,7,0,0,11314
ST002,站点-002,L10号线,2026-04-14,8,0,0,11459
ST002,站点-002,L10号线,2026-04-14,9,0,0,4737
ST002,站点-002,L10号线,2026-04-14,12,0,0,4918
ST002,站点-002,L10号线,2026-04-14,18,0,0,11528
ST002,站点-002,L10号线,2026-04-14,19,0,0,11568
ST002,站点-002,L10号线,2026-04-14,20,0,0,5798
ST002,站点-002,L10号线,2026-04-15,7,0,1,12096
ST002,站点-002,L10号线,2026-04-15,8,0,1,14189
ST002,站点-002,L10号线,2026-04-15,9,0,1,4504
ST002,站点-002,L10号线,2026-04-15,12,0,1,4822
ST002,站点-002,L10号线,2026-04-15,18,0,1,11171
ST002,站点-002,L10号线,2026-04-15,19,0,1,13567
ST002,站点-002,L10号线,2026-04-15,20,0,1,5295
ST002,站点-002,L10号线,2026-04-16,7,0,0,13085
ST002,站点-002,L10号线,2026-04-16,8,0,0,12233
ST002,站点-002,L10号线,2026-04-16,9,0,0,4515
ST002,站点-002,L10号线,2026-04-16,12,0,0,4503
ST002,站点-002,L10号线,2026-04-16,18,0,0,14778
ST002,站点-002,L10号线,2026-04-16,19,0,0,11188
ST002,站点-002,L10号线,2026-04-16,20,0,0,5685
ST002,站点-002,L10号线,2026-04-17,7,0,0,12166
ST002,站点-002,L10号线,2026-04-17,8,0,0,13290
ST002,站点-002,L10号线,2026-04-17,9,0,0,5068
ST002,站点-002,L10号线,2026-04-17,12,0,0,4571
ST002,站点-002,L10号线,2026-04-17,18,0,0,14682
ST002,站点-002,L10号线,2026-04-17,19,0,0,13706
ST002,站点-002,L10号线,2026-04-17,20,0,0,5296
ST002,站点-002,L10号线,2026-04-18,7,1,0,7695
ST002,站点-002,L10号线,2026-04-18,8,1,0,7954
ST002,站点-002,L10号线,2026-04-18,9,1,0,4086
ST002,站点-002,L10号线,2026-04-18,12,1,0,3960
ST002,站点-002,L10号线,2026-04-18,18,1,0,9859
ST002,站点-002,L10号线,2026-04-18,19,1,0,8569
ST002,站点-002,L10号线,2026-04-18,20,1,0,3586
ST002,站点-002,L10号线,2026-04-19,7,1,0,8123
ST002,站点-002,L10号线,2026-04-19,8,1,0,9599
ST002,站点-002,L10号线,2026-04-19,9,1,0,3829
ST002,站点-002,L10号线,2026-04-19,12,1,0,3337
ST002,站点-002,L10号线,2026-04-19,18,1,0,7945
ST002,站点-002,L10号线,2026-04-19,19,1,0,8326
ST002,站点-002,L10号线,2026-04-19,20,1,0,4147
ST002,站点-002,L10号线,2026-04-20,7,0,0,14814
ST002,站点-002,L10号线,2026-04-20,8,0,0,12828
ST002,站点-002,L10号线,2026-04-20,9,0,0,5744
ST002,站点-002,L10号线,2026-04-20,12,0,0,5667
ST002,站点-002,L10号线,2026-04-20,18,0,0,14754
ST002,站点-002,L10号线,2026-04-20,19,0,0,14154
ST002,站点-002,L10号线,2026-04-20,20,0,0,4856
ST002,站点-002,L10号线,2026-04-21,7,0,0,13728
ST002,站点-002,L10号线,2026-04-21,8,0,0,11593
ST002,站点-002,L10号线,2026-04-21,9,0,0,5662
ST002,站点-002,L10号线,2026-04-21,12,0,0,5506
ST002,站点-002,L10号线,2026-04-21,18,0,0,12488
ST002,站点-002,L10号线,2026-04-21,19,0,0,13483
ST002,站点-002,L10号线,2026-04-21,20,0,0,5497
ST002,站点-002,L10号线,2026-04-22,7,0,0,14226
ST002,站点-002,L10号线,2026-04-22,8,0,0,12335
ST002,站点-002,L10号线,2026-04-22,9,0,0,4772
ST002,站点-002,L10号线,2026-04-22,12,0,0,5685
ST002,站点-002,L10号线,2026-04-22,18,0,0,11106
ST002,站点-002,L10号线,2026-04-22,19,0,0,13829
ST002,站点-002,L10号线,2026-04-22,20,0,0,5226
ST002,站点-002,L10号线,2026-04-23,7,0,0,13116
ST002,站点-002,L10号线,2026-04-23,8,0,0,11555
ST002,站点-002,L10号线,2026-04-23,9,0,0,5652
ST002,站点-002,L10号线,2026-04-23,12,0,0,4651
ST002,站点-002,L10号线,2026-04-23,18,0,0,13913
ST002,站点-002,L10号线,2026-04-23,19,0,0,11781
ST002,站点-002,L10号线,2026-04-23,20,0,0,5336
ST002,站点-002,L10号线,2026-04-24,7,0,0,14549
ST002,站点-002,L10号线,2026-04-24,8,0,0,12855
ST002,站点-002,L10号线,2026-04-24,9,0,0,5433
ST002,站点-002,L10号线,2026-04-24,12,0,0,4880
ST002,站点-002,L10号线,2026-04-24,18,0,0,13214
ST002,站点-002,L10号线,2026-04-24,19,0,0,14645
ST002,站点-002,L10号线,2026-04-24,20,0,0,4696
ST002,站点-002,L10号线,2026-04-25,7,1,0,9953
ST002,站点-002,L10号线,2026-04-25,8,1,0,8221
ST002,站点-002,L10号线,2026-04-25,9,1,0,3184
ST002,站点-002,L10号线,2026-04-25,12,1,0,4119
ST002,站点-002,L10号线,2026-04-25,18,1,0,8932
ST002,站点-002,L10号线,2026-04-25,19,1,0,9698
ST002,站点-002,L10号线,2026-04-25,20,1,0,3372
ST002,站点-002,L10号线,2026-04-26,7,1,0,10290
ST002,站点-002,L10号线,2026-04-26,8,1,0,8634
ST002,站点-002,L10号线,2026-04-26,9,1,0,3905
ST002,站点-002,L10号线,2026-04-26,12,1,0,3830
ST002,站点-002,L10号线,2026-04-26,18,1,0,8074
ST002,站点-002,L10号线,2026-04-26,19,1,0,9582
ST002,站点-002,L10号线,2026-04-26,20,1,0,3350
ST002,站点-002,L10号线,2026-04-27,7,0,0,12082
ST002,站点-002,L10号线,2026-04-27,8,0,0,12437
ST002,站点-002,L10号线,2026-04-27,9,0,0,4783
ST002,站点-002,L10号线,2026-04-27,12,0,0,5550
ST002,站点-002,L10号线,2026-04-27,18,0,0,12813
ST002,站点-002,L10号线,2026-04-27,19,0,0,14656
ST002,站点-002,L10号线,2026-04-27,20,0,0,5726
ST002,站点-002,L10号线,2026-04-28,7,0,0,11405
ST002,站点-002,L10号线,2026-04-28,8,0,0,13218
ST002,站点-002,L10号线,2026-04-28,9,0,0,4918
ST002,站点-002,L10号线,2026-04-28,12,0,0,5078
ST002,站点-002,L10号线,2026-04-28,18,0,0,12378
ST002,站点-002,L10号线,2026-04-28,19,0,0,13152
ST002,站点-002,L10号线,2026-04-28,20,0,0,4435
ST002,站点-002,L10号线,2026-04-29,7,0,0,12698
ST002,站点-002,L10号线,2026-04-29,8,0,0,11337
ST002,站点-002,L10号线,2026-04-29,9,0,0,4895
ST002,站点-002,L10号线,2026-04-29,12,0,0,5633
ST002,站点-002,L10号线,2026-04-29,18,0,0,14181
ST002,站点-002,L10号线,2026-04-29,19,0,0,14489
ST002,站点-002,L10号线,2026-04-29,20,0,0,4448
ST002,站点-002,L10号线,2026-04-30,7,0,0,11485
ST002,站点-002,L10号线,2026-04-30,8,0,0,14705
ST002,站点-002,L10号线,2026-04-30,9,0,0,4879
ST002,站点-002,L10号线,2026-04-30,12,0,0,4448
ST002,站点-002,L10号线,2026-04-30,18,0,0,14708
ST002,站点-002,L10号线,2026-04-30,19,0,0,13011
ST002,站点-002,L10号线,2026-04-30,20,0,0,4867
ST003,站点-003,L8号线,2026-04-01,7,0,0,8388
ST003,站点-003,L8号线,2026-04-01,8,0,0,6770
ST003,站点-003,L8号线,2026-04-01,9,0,0,2576
ST003,站点-003,L8号线,2026-04-01,12,0,0,2925
ST003,站点-003,L8号线,2026-04-01,18,0,0,7094
ST003,站点-003,L8号线,2026-04-01,19,0,0,7860
ST003,站点-003,L8号线,2026-04-01,20,0,0,2571
ST003,站点-003,L8号线,2026-04-02,7,0,0,6513
ST003,站点-003,L8号线,2026-04-02,8,0,0,8159
ST003,站点-003,L8号线,2026-04-02,9,0,0,2956
ST003,站点-003,L8号线,2026-04-02,12,0,0,3073
ST003,站点-003,L8号线,2026-04-02,18,0,0,8051
ST003,站点-003,L8号线,2026-04-02,19,0,0,8019
ST003,站点-003,L8号线,2026-04-02,20,0,0,2606
ST003,站点-003,L8号线,2026-04-03,7,0,0,6336
ST003,站点-003,L8号线,2026-04-03,8,0,0,7796
ST003,站点-003,L8号线,2026-04-03,9,0,0,3218
ST003,站点-003,L8号线,2026-04-03,12,0,0,2640
ST003,站点-003,L8号线,2026-04-03,18,0,0,8465
ST003,站点-003,L8号线,2026-04-03,19,0,0,6893
ST003,站点-003,L8号线,2026-04-03,20,0,0,3235
ST003,站点-003,L8号线,2026-04-04,7,1,0,5616
ST003,站点-003,L8号线,2026-04-04,8,1,0,5786
ST003,站点-003,L8号线,2026-04-04,9,1,0,2001
ST003,站点-003,L8号线,2026-04-04,12,1,0,2243
ST003,站点-003,L8号线,2026-04-04,18,1,0,5023
ST003,站点-003,L8号线,2026-04-04,19,1,0,5091
ST003,站点-003,L8号线,2026-04-04,20,1,0,2207
ST003,站点-003,L8号线,2026-04-05,7,1,0,4467
ST003,站点-003,L8号线,2026-04-05,8,1,0,4798
ST003,站点-003,L8号线,2026-04-05,9,1,0,2299
ST003,站点-003,L8号线,2026-04-05,12,1,0,2141
ST003,站点-003,L8号线,2026-04-05,18,1,0,5253
ST003,站点-003,L8号线,2026-04-05,19,1,0,5761
ST003,站点-003,L8号线,2026-04-05,20,1,0,2011
ST003,站点-003,L8号线,2026-04-06,7,0,0,6944
ST003,站点-003,L8号线,2026-04-06,8,0,0,8402
ST003,站点-003,L8号线,2026-04-06,9,0,0,2828
ST003,站点-003,L8号线,2026-04-06,12,0,0,2679
ST003,站点-003,L8号线,2026-04-06,18,0,0,7909
ST003,站点-003,L8号线,2026-04-06,19,0,0,7535
ST003,站点-003,L8号线,2026-04-06,20,0,0,2771
ST003,站点-003,L8号线,2026-04-07,7,0,0,7952
ST003,站点-003,L8号线,2026-04-07,8,0,0,8476
ST003,站点-003,L8号线,2026-04-07,9,0,0,2798
ST003,站点-003,L8号线,2026-04-07,12,0,0,3409
ST003,站点-003,L8号线,2026-04-07,18,0,0,6995
ST003,站点-003,L8号线,2026-04-07,19,0,0,7392
ST003,站点-003,L8号线,2026-04-07,20,0,0,3331
ST003,站点-003,L8号线,2026-04-08,7,0,0,8115
ST003,站点-003,L8号线,2026-04-08,8,0,0,7512
ST003,站点-003,L8号线,2026-04-08,9,0,0,3135
ST003,站点-003,L8号线,2026-04-08,12,0,0,3222
ST003,站点-003,L8号线,2026-04-08,18,0,0,8375
ST003,站点-003,L8号线,2026-04-08,19,0,0,7965
ST003,站点-003,L8号线,2026-04-08,20,0,0,3137
ST003,站点-003,L8号线,2026-04-09,7,0,0,6896
ST003,站点-003,L8号线,2026-04-09,8,0,0,7968
ST003,站点-003,L8号线,2026-04-09,9,0,0,2645
ST003,站点-003,L8号线,2026-04-09,12,0,0,3168
ST003,站点-003,L8号线,2026-04-09,18,0,0,7574
ST003,站点-003,L8号线,2026-04-09,19,0,0,6548
ST003,站点-003,L8号线,2026-04-09,20,0,0,3034
ST003,站点-003,L8号线,2026-04-10,7,0,0,7101
ST003,站点-003,L8号线,2026-04-10,8,0,0,8292
ST003,站点-003,L8号线,2026-04-10,9,0,0,3396
ST003,站点-003,L8号线,2026-04-10,12,0,0,3270
ST003,站点-003,L8号线,2026-04-10,18,0,0,7709
ST003,站点-003,L8号线,2026-04-10,19,0,0,7965
ST003,站点-003,L8号线,2026-04-10,20,0,0,2568
ST003,站点-003,L8号线,2026-04-11,7,1,0,4743
ST003,站点-003,L8号线,2026-04-11,8,1,0,5413
ST003,站点-003,L8号线,2026-04-11,9,1,0,2218
ST003,站点-003,L8号线,2026-04-11,12,1,0,1827
ST003,站点-003,L8号线,2026-04-11,18,1,0,4469
ST003,站点-003,L8号线,2026-04-11,19,1,0,4840
ST003,站点-003,L8号线,2026-04-11,20,1,0,2212
ST003,站点-003,L8号线,2026-04-12,7,1,0,4799
ST003,站点-003,L8号线,2026-04-12,8,1,0,5125
ST003,站点-003,L8号线,2026-04-12,9,1,0,2217
ST003,站点-003,L8号线,2026-04-12,12,1,0,1829
ST003,站点-003,L8号线,2026-04-12,18,1,0,5660
ST003,站点-003,L8号线,2026-04-12,19,1,0,5773
ST003,站点-003,L8号线,2026-04-12,20,1,0,1991
ST003,站点-003,L8号线,2026-04-13,7,0,0,7425
ST003,站点-003,L8号线,2026-04-13,8,0,0,6596
ST003,站点-003,L8号线,2026-04-13,9,0,0,2866
ST003,站点-003,L8号线,2026-04-13,12,0,0,2965
ST003,站点-003,L8号线,2026-04-13,18,0,0,7389
ST003,站点-003,L8号线,2026-04-13,19,0,0,7430
ST003,站点-003,L8号线,2026-04-13,20,0,0,2808
ST003,站点-003,L8号线,2026-04-14,7,0,0,8397
ST003,站点-003,L8号线,2026-04-14,8,0,0,7907
ST003,站点-003,L8号线,2026-04-14,9,0,0,3371
ST003,站点-003,L8号线,2026-04-14,12,0,0,3394
ST003,站点-003,L8号线,2026-04-14,18,0,0,7091
ST003,站点-003,L8号线,2026-04-14,19,0,0,8255
ST003,站点-003,L8号线,2026-04-14,20,0,0,2743
ST003,站点-003,L8号线,2026-04-15,7,0,1,6508
ST003,站点-003,L8号线,2026-04-15,8,0,1,7544
ST003,站点-003,L8号线,2026-04-15,9,0,1,2583
ST003,站点-003,L8号线,2026-04-15,12,0,1,2673
ST003,站点-003,L8号线,2026-04-15,18,0,1,8249
ST003,站点-003,L8号线,2026-04-15,19,0,1,8028
ST003,站点-003,L8号线,2026-04-15,20,0,1,3405
ST003,站点-003,L8号线,2026-04-16,7,0,0,8302
ST003,站点-003,L8号线,2026-04-16,8,0,0,6788
ST003,站点-003,L8号线,2026-04-16,9,0,0,3045
ST003,站点-003,L8号线,2026-04-16,12,0,0,2642
ST003,站点-003,L8号线,2026-04-16,18,0,0,7470
ST003,站点-003,L8号线,2026-04-16,19,0,0,7952
ST003,站点-003,L8号线,2026-04-16,20,0,0,2660
ST003,站点-003,L8号线,2026-04-17,7,0,0,7029
ST003,站点-003,L8号线,2026-04-17,8,0,0,8313
ST003,站点-003,L8号线,2026-04-17,9,0,0,3150
ST003,站点-003,L8号线,2026-04-17,12,0,0,2753
ST003,站点-003,L8号线,2026-04-17,18,0,0,8317
ST003,站点-003,L8号线,2026-04-17,19,0,0,8167
ST003,站点-003,L8号线,2026-04-17,20,0,0,3064
ST003,站点-003,L8号线,2026-04-18,7,1,0,4922
ST003,站点-003,L8号线,2026-04-18,8,1,0,5157
ST003,站点-003,L8号线,2026-04-18,9,1,0,2284
ST003,站点-003,L8号线,2026-04-18,12,1,0,2280
ST003,站点-003,L8号线,2026-04-18,18,1,0,4563
ST003,站点-003,L8号线,2026-04-18,19,1,0,5423
ST003,站点-003,L8号线,2026-04-18,20,1,0,2233
ST003,站点-003,L8号线,2026-04-19,7,1,0,4573
ST003,站点-003,L8号线,2026-04-19,8,1,0,4980
ST003,站点-003,L8号线,2026-04-19,9,1,0,2058
ST003,站点-003,L8号线,2026-04-19,12,1,0,2160
ST003,站点-003,L8号线,2026-04-19,18,1,0,5724
ST003,站点-003,L8号线,2026-04-19,19,1,0,4902
ST003,站点-003,L8号线,2026-04-19,20,1,0,2331
ST003,站点-003,L8号线,2026-04-20,7,0,0,7704
ST003,站点-003,L8号线,2026-04-20,8,0,0,7388
ST003,站点-003,L8号线,2026-04-20,9,0,0,2618
ST003,站点-003,L8号线,2026-04-20,12,0,0,2640
ST003,站点-003,L8号线,2026-04-20,18,0,0,7127
ST003,站点-003,L8号线,2026-04-20,19,0,0,7153
ST003,站点-003,L8号线,2026-04-20,20,0,0,2764
ST003,站点-003,L8号线,2026-04-21,7,0,0,7290
ST003,站点-003,L8号线,2026-04-21,8,0,0,6881
ST003,站点-003,L8号线,2026-04-21,9,0,0,2973
ST003,站点-003,L8号线,2026-04-21,12,0,0,3103
ST003,站点-003,L8号线,2026-04-21,18,0,0,8552
ST003,站点-003,L8号线,2026-04-21,19,0,0,7910
ST003,站点-003,L8号线,2026-04-21,20,0,0,2811
ST003,站点-003,L8号线,2026-04-22,7,0,0,7995
ST003,站点-003,L8号线,2026-04-22,8,0,0,8197
ST003,站点-003,L8号线,2026-04-22,9,0,0,2889
ST003,站点-003,L8号线,2026-04-22,12,0,0,2729
ST003,站点-003,L8号线,2026-04-22,18,0,0,6767
ST003,站点-003,L8号线,2026-04-22,19,0,0,7039
ST003,站点-003,L8号线,2026-04-22,20,0,0,2542
ST003,站点-003,L8号线,2026-04-23,7,0,0,7194
ST003,站点-003,L8号线,2026-04-23,8,0,0,8358
ST003,站点-003,L8号线,2026-04-23,9,0,0,2646
ST003,站点-003,L8号线,2026-04-23,12,0,0,2922
ST003,站点-003,L8号线,2026-04-23,18,0,0,7362
ST003,站点-003,L8号线,2026-04-23,19,0,0,6884
ST003,站点-003,L8号线,2026-04-23,20,0,0,2996
ST003,站点-003,L8号线,2026-04-24,7,0,0,8103
ST003,站点-003,L8号线,2026-04-24,8,0,0,6623
ST003,站点-003,L8号线,2026-04-24,9,0,0,2689
ST003,站点-003,L8号线,2026-04-24,12,0,0,2883
ST003,站点-003,L8号线,2026-04-24,18,0,0,8426
ST003,站点-003,L8号线,2026-04-24,19,0,0,6613
ST003,站点-003,L8号线,2026-04-24,20,0,0,2929
ST003,站点-003,L8号线,2026-04-25,7,1,0,5004
ST003,站点-003,L8号线,2026-04-25,8,1,0,5378
ST003,站点-003,L8号线,2026-04-25,9,1,0,1962
ST003,站点-003,L8号线,2026-04-25,12,1,0,2240
ST003,站点-003,L8号线,2026-04-25,18,1,0,4458
ST003,站点-003,L8号线,2026-04-25,19,1,0,5738
ST003,站点-003,L8号线,2026-04-25,20,1,0,1880
ST003,站点-003,L8号线,2026-04-26,7,1,0,4982
ST003,站点-003,L8号线,2026-04-26,8,1,0,5517
ST003,站点-003,L8号线,2026-04-26,9,1,0,2206
ST003,站点-003,L8号线,2026-04-26,12,1,0,2231
ST003,站点-003,L8号线,2026-04-26,18,1,0,5419
ST003,站点-003,L8号线,2026-04-26,19,1,0,5216
ST003,站点-003,L8号线,2026-04-26,20,1,0,2208
ST003,站点-003,L8号线,2026-04-27,7,0,0,7147
ST003,站点-003,L8号线,2026-04-27,8,0,0,7408
ST003,站点-003,L8号线,2026-04-27,9,0,0,2715
ST003,站点-003,L8号线,2026-04-27,12,0,0,3354
ST003,站点-003,L8号线,2026-04-27,18,0,0,7338
ST003,站点-003,L8号线,2026-04-27,19,0,0,8201
ST003,站点-003,L8号线,2026-04-27,20,0,0,3080
ST003,站点-003,L8号线,2026-04-28,7,0,0,7394
ST003,站点-003,L8号线,2026-04-28,8,0,0,7411
ST003,站点-003,L8号线,2026-04-28,9,0,0,3417
ST003,站点-003,L8号线,2026-04-28,12,0,0,3156
ST003,站点-003,L8号线,2026-04-28,18,0,0,7993
ST003,站点-003,L8号线,2026-04-28,19,0,0,8001
ST003,站点-003,L8号线,2026-04-28,20,0,0,3128
ST003,站点-003,L8号线,2026-04-29,7,0,0,7015
ST003,站点-003,L8号线,2026-04-29,8,0,0,7042
ST003,站点-003,L8号线,2026-04-29,9,0,0,3348
ST003,站点-003,L8号线,2026-04-29,12,0,0,3170
ST003,站点-003,L8号线,2026-04-29,18,0,0,6908
ST003,站点-003,L8号线,2026-04-29,19,0,0,7180
ST003,站点-003,L8号线,2026-04-29,20,0,0,3381
ST003,站点-003,L8号线,2026-04-30,7,0,0,7639
ST003,站点-003,L8号线,2026-04-30,8,0,0,7427
ST003,站点-003,L8号线,2026-04-30,9,0,0,3270
ST003,站点-003,L8号线,2026-04-30,12,0,0,3207
ST003,站点-003,L8号线,2026-04-30,18,0,0,6580
ST003,站点-003,L8号线,2026-04-30,19,0,0,7065
ST003,站点-003,L8号线,2026-04-30,20,0,0,2612
ST004,站点-004,L4号线,2026-04-01,7,0,0,12771
ST004,站点-004,L4号线,2026-04-01,8,0,0,11212
ST004,站点-004,L4号线,2026-04-01,9,0,0,4538
ST004,站点-004,L4号线,2026-04-01,12,0,0,4904
ST004,站点-004,L4号线,2026-04-01,18,0,0,13294
ST004,站点-004,L4号线,2026-04-01,19,0,0,11827
ST004,站点-004,L4号线,2026-04-01,20,0,0,5384
ST004,站点-004,L4号线,2026-04-02,7,0,0,13197
ST004,站点-004,L4号线,2026-04-02,8,0,0,10895
ST004,站点-004,L4号线,2026-04-02,9,0,0,5150
ST004,站点-004,L4号线,2026-04-02,12,0,0,5042
ST004,站点-004,L4号线,2026-04-02,18,0,0,12528
ST004,站点-004,L4号线,2026-04-02,19,0,0,11495
ST004,站点-004,L4号线,2026-04-02,20,0,0,4453
ST004,站点-004,L4号线,2026-04-03,7,0,0,12150
ST004,站点-004,L4号线,2026-04-03,8,0,0,13067
ST004,站点-004,L4号线,2026-04-03,9,0,0,4825
ST004,站点-004,L4号线,2026-04-03,12,0,0,4339
ST004,站点-004,L4号线,2026-04-03,18,0,0,11509
ST004,站点-004,L4号线,2026-04-03,19,0,0,11868
ST004,站点-004,L4号线,2026-04-03,20,0,0,4823
ST004,站点-004,L4号线,2026-04-04,7,1,0,9707
ST004,站点-004,L4号线,2026-04-04,8,1,0,8107
ST004,站点-004,L4号线,2026-04-04,9,1,0,3500
ST004,站点-004,L4号线,2026-04-04,12,1,0,3627
ST004,站点-004,L4号线,2026-04-04,18,1,0,9185
ST004,站点-004,L4号线,2026-04-04,19,1,0,9679
ST004,站点-004,L4号线,2026-04-04,20,1,0,3244
ST004,站点-004,L4号线,2026-04-05,7,1,0,8653
ST004,站点-004,L4号线,2026-04-05,8,1,0,8277
ST004,站点-004,L4号线,2026-04-05,9,1,0,3748
ST004,站点-004,L4号线,2026-04-05,12,1,0,2937
ST004,站点-004,L4号线,2026-04-05,18,1,0,8596
ST004,站点-004,L4号线,2026-04-05,19,1,0,9144
ST004,站点-004,L4号线,2026-04-05,20,1,0,3869
ST004,站点-004,L4号线,2026-04-06,7,0,0,10940
ST004,站点-004,L4号线,2026-04-06,8,0,0,12129
ST004,站点-004,L4号线,2026-04-06,9,0,0,5039
ST004,站点-004,L4号线,2026-04-06,12,0,0,5334
ST004,站点-004,L4号线,2026-04-06,18,0,0,12543
ST004,站点-004,L4号线,2026-04-06,19,0,0,12522
ST004,站点-004,L4号线,2026-04-06,20,0,0,4738
ST004,站点-004,L4号线,2026-04-07,7,0,0,13258
ST004,站点-004,L4号线,2026-04-07,8,0,0,13452
ST004,站点-004,L4号线,2026-04-07,9,0,0,5184
ST004,站点-004,L4号线,2026-04-07,12,0,0,5365
ST004,站点-004,L4号线,2026-04-07,18,0,0,11091
ST004,站点-004,L4号线,2026-04-07,19,0,0,10883
ST004,站点-004,L4号线,2026-04-07,20,0,0,4362
ST004,站点-004,L4号线,2026-04-08,7,0,0,13772
ST004,站点-004,L4号线,2026-04-08,8,0,0,12393
ST004,站点-004,L4号线,2026-04-08,9,0,0,4188
ST004,站点-004,L4号线,2026-04-08,12,0,0,4841
ST004,站点-004,L4号线,2026-04-08,18,0,0,13180
ST004,站点-004,L4号线,2026-04-08,19,0,0,13250
ST004,站点-004,L4号线,2026-04-08,20,0,0,5137
ST004,站点-004,L4号线,2026-04-09,7,0,0,13435
ST004,站点-004,L4号线,2026-04-09,8,0,0,11144
ST004,站点-004,L4号线,2026-04-09,9,0,0,4449
ST004,站点-004,L4号线,2026-04-09,12,0,0,4378
ST004,站点-004,L4号线,2026-04-09,18,0,0,10758
ST004,站点-004,L4号线,2026-04-09,19,0,0,12356
ST004,站点-004,L4号线,2026-04-09,20,0,0,5123
ST004,站点-004,L4号线,2026-04-10,7,0,0,13701
ST004,站点-004,L4号线,2026-04-10,8,0,0,12442
ST004,站点-004,L4号线,2026-04-10,9,0,0,4217
ST004,站点-004,L4号线,2026-04-10,12,0,0,4964
ST004,站点-004,L4号线,2026-04-10,18,0,0,11328
ST004,站点-004,L4号线,2026-04-10,19,0,0,11972
ST004,站点-004,L4号线,2026-04-10,20,0,0,4331
ST004,站点-004,L4号线,2026-04-11,7,1,0,9651
ST004,站点-004,L4号线,2026-04-11,8,1,0,7322
ST004,站点-004,L4号线,2026-04-11,9,1,0,3778
ST004,站点-004,L4号线,2026-04-11,12,1,0,3363
ST004,站点-004,L4号线,2026-04-11,18,1,0,8774
ST004,站点-004,L4号线,2026-04-11,19,1,0,9711
ST004,站点-004,L4号线,2026-04-11,20,1,0,3899
ST004,站点-004,L4号线,2026-04-12,7,1,0,8828
ST004,站点-004,L4号线,2026-04-12,8,1,0,7406
ST004,站点-004,L4号线,2026-04-12,9,1,0,3617
ST004,站点-004,L4号线,2026-04-12,12,1,0,3668
ST004,站点-004,L4号线,2026-04-12,18,1,0,8901
ST004,站点-004,L4号线,2026-04-12,19,1,0,7326
ST004,站点-004,L4号线,2026-04-12,20,1,0,3794
ST004,站点-004,L4号线,2026-04-13,7,0,0,11420
ST004,站点-004,L4号线,2026-04-13,8,0,0,10668
ST004,站点-004,L4号线,2026-04-13,9,0,0,5186
ST004,站点-004,L4号线,2026-04-13,12,0,0,4774
ST004,站点-004,L4号线,2026-04-13,18,0,0,10759
ST004,站点-004,L4号线,2026-04-13,19,0,0,10761
ST004,站点-004,L4号线,2026-04-13,20,0,0,5439
ST004,站点-004,L4号线,2026-04-14,7,0,0,10854
ST004,站点-004,L4号线,2026-04-14,8,0,0,10568
ST004,站点-004,L4号线,2026-04-14,9,0,0,4388
ST004,站点-004,L4号线,2026-04-14,12,0,0,4411
ST004,站点-004,L4号线,2026-04-14,18,0,0,12929
ST004,站点-004,L4号线,2026-04-14,19,0,0,13141
ST004,站点-004,L4号线,2026-04-14,20,0,0,5125
ST004,站点-004,L4号线,2026-04-15,7,0,1,12031
ST004,站点-004,L4号线,2026-04-15,8,0,1,10765
ST004,站点-004,L4号线,2026-04-15,9,0,1,4336
ST004,站点-004,L4号线,2026-04-15,12,0,1,4454
ST004,站点-004,L4号线,2026-04-15,18,0,1,12176
ST004,站点-004,L4号线,2026-04-15,19,0,1,12522
ST004,站点-004,L4号线,2026-04-15,20,0,1,4975
ST004,站点-004,L4号线,2026-04-16,7,0,0,11413
ST004,站点-004,L4号线,2026-04-16,8,0,0,11874
ST004,站点-004,L4号线,2026-04-16,9,0,0,4839
ST004,站点-004,L4号线,2026-04-16,12,0,0,4282
ST004,站点-004,L4号线,2026-04-16,18,0,0,13016
ST004,站点-004,L4号线,2026-04-16,19,0,0,11564
ST004,站点-004,L4号线,2026-04-16,20,0,0,4904
ST004,站点-004,L4号线,2026-04-17,7,0,0,10418
ST004,站点-004,L4号线,2026-04-17,8,0,0,13289
ST004,站点-004,L4号线,2026-04-17,9,0,0,5175
ST004,站点-004,L4号线,2026-04-17,12,0,0,4156
ST004,站点-004,L4号线,2026-04-17,18,0,0,13479
ST004,站点-004,L4号线,2026-04-17,19,0,0,12906
ST004,站点-004,L4号线,2026-04-17,20,0,0,4672
ST004,站点-004,L4号线,2026-04-18,7,1,0,8541
ST004,站点-004,L4号线,2026-04-18,8,1,0,7950
ST004,站点-004,L4号线,2026-04-18,9,1,0,3486
ST004,站点-004,L4号线,2026-04-18,12,1,0,3845
ST004,站点-004,L4号线,2026-04-18,18,1,0,8575
ST004,站点-004,L4号线,2026-04-18,19,1,0,7444
ST004,站点-004,L4号线,2026-04-18,20,1,0,3659
ST004,站点-004,L4号线,2026-04-19,7,1,0,7715
ST004,站点-004,L4号线,2026-04-19,8,1,0,7609
ST004,站点-004,L4号线,2026-04-19,9,1,0,3518
ST004,站点-004,L4号线,2026-04-19,12,1,0,3001
ST004,站点-004,L4号线,2026-04-19,18,1,0,8779
ST004,站点-004,L4号线,2026-04-19,19,1,0,8802
ST004,站点-004,L4号线,2026-04-19,20,1,0,3198
ST004,站点-004,L4号线,2026-04-20,7,0,0,13222
ST004,站点-004,L4号线,2026-04-20,8,0,0,12345
ST004,站点-004,L4号线,2026-04-20,9,0,0,4336
ST004,站点-004,L4号线,2026-04-20,12,0,0,5395
ST004,站点-004,L4号线,2026-04-20,18,0,0,12667
ST004,站点-004,L4号线,2026-04-20,19,0,0,13333
ST004,站点-004,L4号线,2026-04-20,20,0,0,4940
ST004,站点-004,L4号线,2026-04-21,7,0,0,12392
ST004,站点-004,L4号线,2026-04-21,8,0,0,12912
ST004,站点-004,L4号线,2026-04-21,9,0,0,4902
ST004,站点-004,L4号线,2026-04-21,12,0,0,4206
ST004,站点-004,L4号线,2026-04-21,18,0,0,12020
ST004,站点-004,L4号线,2026-04-21,19,0,0,11024
ST004,站点-004,L4号线,2026-04-21,20,0,0,5229
ST004,站点-004,L4号线,2026-04-22,7,0,0,11094
ST004,站点-004,L4号线,2026-04-22,8,0,0,12951
ST004,站点-004,L4号线,2026-04-22,9,0,0,4865
ST004,站点-004,L4号线,2026-04-22,12,0,0,4238
ST004,站点-004,L4号线,2026-04-22,18,0,0,12799
ST004,站点-004,L4号线,2026-04-22,19,0,0,12500
ST004,站点-004,L4号线,2026-04-22,20,0,0,4255
ST004,站点-004,L4号线,2026-04-23,7,0,0,13771
ST004,站点-004,L4号线,2026-04-23,8,0,0,11720
ST004,站点-004,L4号线,2026-04-23,9,0,0,4507
ST004,站点-004,L4号线,2026-04-23,12,0,0,5105
ST004,站点-004,L4号线,2026-04-23,18,0,0,11235
ST004,站点-004,L4号线,2026-04-23,19,0,0,10525
ST004,站点-004,L4号线,2026-04-23,20,0,0,4681
ST004,站点-004,L4号线,2026-04-24,7,0,0,12627
ST004,站点-004,L4号线,2026-04-24,8,0,0,11521
ST004,站点-004,L4号线,2026-04-24,9,0,0,4859
ST004,站点-004,L4号线,2026-04-24,12,0,0,4196
ST004,站点-004,L4号线,2026-04-24,18,0,0,12883
ST004,站点-004,L4号线,2026-04-24,19,0,0,13124
ST004,站点-004,L4号线,2026-04-24,20,0,0,5385
ST004,站点-004,L4号线,2026-04-25,7,1,0,8486
ST004,站点-004,L4号线,2026-04-25,8,1,0,9469
ST004,站点-004,L4号线,2026-04-25,9,1,0,3356
ST004,站点-004,L4号线,2026-04-25,12,1,0,2971
ST004,站点-004,L4号线,2026-04-25,18,1,0,9461
ST004,站点-004,L4号线,2026-04-25,19,1,0,9427
ST004,站点-004,L4号线,2026-04-25,20,1,0,3250
ST004,站点-004,L4号线,2026-04-26,7,1,0,8256
ST004,站点-004,L4号线,2026-04-26,8,1,0,7297
ST004,站点-004,L4号线,2026-04-26,9,1,0,2932
ST004,站点-004,L4号线,2026-04-26,12,1,0,3477
ST004,站点-004,L4号线,2026-04-26,18,1,0,7383
ST004,站点-004,L4号线,2026-04-26,19,1,0,7418
ST004,站点-004,L4号线,2026-04-26,20,1,0,3325
ST004,站点-004,L4号线,2026-04-27,7,0,0,10958
ST004,站点-004,L4号线,2026-04-27,8,0,0,13380
ST004,站点-004,L4号线,2026-04-27,9,0,0,5484
ST004,站点-004,L4号线,2026-04-27,12,0,0,5130
ST004,站点-004,L4号线,2026-04-27,18,0,0,11683
ST004,站点-004,L4号线,2026-04-27,19,0,0,13719
ST004,站点-004,L4号线,2026-04-27,20,0,0,4199
ST004,站点-004,L4号线,2026-04-28,7,0,0,12156
ST004,站点-004,L4号线,2026-04-28,8,0,0,12143
ST004,站点-004,L4号线,2026-04-28,9,0,0,4698
ST004,站点-004,L4号线,2026-04-28,12,0,0,5105
ST004,站点-004,L4号线,2026-04-28,18,0,0,10589
ST004,站点-004,L4号线,2026-04-28,19,0,0,12843
ST004,站点-004,L4号线,2026-04-28,20,0,0,4451
ST004,站点-004,L4号线,2026-04-29,7,0,0,10623
ST004,站点-004,L4号线,2026-04-29,8,0,0,11919
ST004,站点-004,L4号线,2026-04-29,9,0,0,4947
ST004,站点-004,L4号线,2026-04-29,12,0,0,4349
ST004,站点-004,L4号线,2026-04-29,18,0,0,12932
ST004,站点-004,L4号线,2026-04-29,19,0,0,10499
ST004,站点-004,L4号线,2026-04-29,20,0,0,5442
ST004,站点-004,L4号线,2026-04-30,7,0,0,10905
ST004,站点-004,L4号线,2026-04-30,8,0,0,10714
ST004,站点-004,L4号线,2026-04-30,9,0,0,5206
ST004,站点-004,L4号线,2026-04-30,12,0,0,4996
ST004,站点-004,L4号线,2026-04-30,18,0,0,13475
ST004,站点-004,L4号线,2026-04-30,19,0,0,12828
ST004,站点-004,L4号线,2026-04-30,20,0,0,5205
ST005,站点-005,L5号线,2026-04-01,7,0,0,19322
ST005,站点-005,L5号线,2026-04-01,8,0,0,21668
ST005,站点-005,L5号线,2026-04-01,9,0,0,7687
ST005,站点-005,L5号线,2026-04-01,12,0,0,7903
ST005,站点-005,L5号线,2026-04-01,18,0,0,20735
ST005,站点-005,L5号线,2026-04-01,19,0,0,17298
ST005,站点-005,L5号线,2026-04-01,20,0,0,8498
ST005,站点-005,L5号线,2026-04-02,7,0,0,20931
ST005,站点-005,L5号线,2026-04-02,8,0,0,16732
ST005,站点-005,L5号线,2026-04-02,9,0,0,7702
ST005,站点-005,L5号线,2026-04-02,12,0,0,8045
ST005,站点-005,L5号线,2026-04-02,18,0,0,19193
ST005,站点-005,L5号线,2026-04-02,19,0,0,20467
ST005,站点-005,L5号线,2026-04-02,20,0,0,7708
ST005,站点-005,L5号线,2026-04-03,7,0,0,18587
ST005,站点-005,L5号线,2026-04-03,8,0,0,20555
ST005,站点-005,L5号线,2026-04-03,9,0,0,8439
ST005,站点-005,L5号线,2026-04-03,12,0,0,7518
ST005,站点-005,L5号线,2026-04-03,18,0,0,20317
ST005,站点-005,L5号线,2026-04-03,19,0,0,21162
ST005,站点-005,L5号线,2026-04-03,20,0,0,7979
ST005,站点-005,L5号线,2026-04-04,7,1,0,11495
ST005,站点-005,L5号线,2026-04-04,8,1,0,13775
ST005,站点-005,L5号线,2026-04-04,9,1,0,4796
ST005,站点-005,L5号线,2026-04-04,12,1,0,5416
ST005,站点-005,L5号线,2026-04-04,18,1,0,14687
ST005,站点-005,L5号线,2026-04-04,19,1,0,13707
ST005,站点-005,L5号线,2026-04-04,20,1,0,5956
ST005,站点-005,L5号线,2026-04-05,7,1,0,13247
ST005,站点-005,L5号线,2026-04-05,8,1,0,14490
ST005,站点-005,L5号线,2026-04-05,9,1,0,5604
ST005,站点-005,L5号线,2026-04-05,12,1,0,4817
ST005,站点-005,L5号线,2026-04-05,18,1,0,13842
ST005,站点-005,L5号线,2026-04-05,19,1,0,13481
ST005,站点-005,L5号线,2026-04-05,20,1,0,5434
ST005,站点-005,L5号线,2026-04-06,7,0,0,17060
ST005,站点-005,L5号线,2026-04-06,8,0,0,19915
ST005,站点-005,L5号线,2026-04-06,9,0,0,6994
ST005,站点-005,L5号线,2026-04-06,12,0,0,8350
ST005,站点-005,L5号线,2026-04-06,18,0,0,19653
ST005,站点-005,L5号线,2026-04-06,19,0,0,16517
ST005,站点-005,L5号线,2026-04-06,20,0,0,7526
ST005,站点-005,L5号线,2026-04-07,7,0,0,20215
ST005,站点-005,L5号线,2026-04-07,8,0,0,19426
ST005,站点-005,L5号线,2026-04-07,9,0,0,6841
ST005,站点-005,L5号线,2026-04-07,12,0,0,6586
ST005,站点-005,L5号线,2026-04-07,18,0,0,19435
ST005,站点-005,L5号线,2026-04-07,19,0,0,18712
ST005,站点-005,L5号线,2026-04-07,20,0,0,8148
ST005,站点-005,L5号线,2026-04-08,7,0,0,18728
ST005,站点-005,L5号线,2026-04-08,8,0,0,20922
ST005,站点-005,L5号线,2026-04-08,9,0,0,8740
ST005,站点-005,L5号线,2026-04-08,12,0,0,7503
ST005,站点-005,L5号线,2026-04-08,18,0,0,20799
ST005,站点-005,L5号线,2026-04-08,19,0,0,19167
ST005,站点-005,L5号线,2026-04-08,20,0,0,7730
ST005,站点-005,L5号线,2026-04-09,7,0,0,17842
ST005,站点-005,L5号线,2026-04-09,8,0,0,16474
ST005,站点-005,L5号线,2026-04-09,9,0,0,6723
ST005,站点-005,L5号线,2026-04-09,12,0,0,6808
ST005,站点-005,L5号线,2026-04-09,18,0,0,21922
ST005,站点-005,L5号线,2026-04-09,19,0,0,18059
ST005,站点-005,L5号线,2026-04-09,20,0,0,7328
ST005,站点-005,L5号线,2026-04-10,7,0,0,21739
ST005,站点-005,L5号线,2026-04-10,8,0,0,18634
ST005,站点-005,L5号线,2026-04-10,9,0,0,7236
ST005,站点-005,L5号线,2026-04-10,12,0,0,6870
ST005,站点-005,L5号线,2026-04-10,18,0,0,20808
ST005,站点-005,L5号线,2026-04-10,19,0,0,19302
ST005,站点-005,L5号线,2026-04-10,20,0,0,8181
ST005,站点-005,L5号线,2026-04-11,7,1,0,15072
ST005,站点-005,L5号线,2026-04-11,8,1,0,13058
ST005,站点-005,L5号线,2026-04-11,9,1,0,4937
ST005,站点-005,L5号线,2026-04-11,12,1,0,5687
ST005,站点-005,L5号线,2026-04-11,18,1,0,13586
ST005,站点-005,L5号线,2026-04-11,19,1,0,13837
ST005,站点-005,L5号线,2026-04-11,20,1,0,5704
ST005,站点-005,L5号线,2026-04-12,7,1,0,13401
ST005,站点-005,L5号线,2026-04-12,8,1,0,11888
ST005,站点-005,L5号线,2026-04-12,9,1,0,5356
ST005,站点-005,L5号线,2026-04-12,12,1,0,5719
ST005,站点-005,L5号线,2026-04-12,18,1,0,13431
ST005,站点-005,L5号线,2026-04-12,19,1,0,14054
ST005,站点-005,L5号线,2026-04-12,20,1,0,5701
ST005,站点-005,L5号线,2026-04-13,7,0,0,20577
ST005,站点-005,L5号线,2026-04-13,8,0,0,17608
ST005,站点-005,L5号线,2026-04-13,9,0,0,7803
ST005,站点-005,L5号线,2026-04-13,12,0,0,6756
ST005,站点-005,L5号线,2026-04-13,18,0,0,20364
ST005,站点-005,L5号线,2026-04-13,19,0,0,19807
ST005,站点-005,L5号线,2026-04-13,20,0,0,7320
ST005,站点-005,L5号线,2026-04-14,7,0,0,21028
ST005,站点-005,L5号线,2026-04-14,8,0,0,21043
ST005,站点-005,L5号线,2026-04-14,9,0,0,6737
ST005,站点-005,L5号线,2026-04-14,12,0,0,6783
ST005,站点-005,L5号线,2026-04-14,18,0,0,17862
ST005,站点-005,L5号线,2026-04-14,19,0,0,16696
ST005,站点-005,L5号线,2026-04-14,20,0,0,8128
ST005,站点-005,L5号线,2026-04-15,7,0,1,18614
ST005,站点-005,L5号线,2026-04-15,8,0,1,20211
ST005,站点-005,L5号线,2026-04-15,9,0,1,7706
ST005,站点-005,L5号线,2026-04-15,12,0,1,7161
ST005,站点-005,L5号线,2026-04-15,18,0,1,19767
ST005,站点-005,L5号线,2026-04-15,19,0,1,16439
ST005,站点-005,L5号线,2026-04-15,20,0,1,6740
ST005,站点-005,L5号线,2026-04-16,7,0,0,16889
ST005,站点-005,L5号线,2026-04-16,8,0,0,19948
ST005,站点-005,L5号线,2026-04-16,9,0,0,6834
ST005,站点-005,L5号线,2026-04-16,12,0,0,7281
ST005,站点-005,L5号线,2026-04-16,18,0,0,18548
ST005,站点-005,L5号线,2026-04-16,19,0,0,20430
ST005,站点-005,L5号线,2026-04-16,20,0,0,7994
ST005,站点-005,L5号线,2026-04-17,7,0,0,16831
ST005,站点-005,L5号线,2026-04-17,8,0,0,16708
ST005,站点-005,L5号线,2026-04-17,9,0,0,8010
ST005,站点-005,L5号线,2026-04-17,12,0,0,7280
ST005,站点-005,L5号线,2026-04-17,18,0,0,17410
ST005,站点-005,L5号线,2026-04-17,19,0,0,18863
ST005,站点-005,L5号线,2026-04-17,20,0,0,8603
ST005,站点-005,L5号线,2026-04-18,7,1,0,14588
ST005,站点-005,L5号线,2026-04-18,8,1,0,14760
ST005,站点-005,L5号线,2026-04-18,9,1,0,5838
ST005,站点-005,L5号线,2026-04-18,12,1,0,5989
ST005,站点-005,L5号线,2026-04-18,18,1,0,11393
ST005,站点-005,L5号线,2026-04-18,19,1,0,12537
ST005,站点-005,L5号线,2026-04-18,20,1,0,4745
ST005,站点-005,L5号线,2026-04-19,7,1,0,12324
ST005,站点-005,L5号线,2026-04-19,8,1,0,12244
ST005,站点-005,L5号线,2026-04-19,9,1,0,6023
ST005,站点-005,L5号线,2026-04-19,12,1,0,6157
ST005,站点-005,L5号线,2026-04-19,18,1,0,13540
ST005,站点-005,L5号线,2026-04-19,19,1,0,12572
ST005,站点-005,L5号线,2026-04-19,20,1,0,5660
ST005,站点-005,L5号线,2026-04-20,7,0,0,18874
ST005,站点-005,L5号线,2026-04-20,8,0,0,20675
ST005,站点-005,L5号线,2026-04-20,9,0,0,7801
ST005,站点-005,L5号线,2026-04-20,12,0,0,7793
ST005,站点-005,L5号线,2026-04-20,18,0,0,17093
ST005,站点-005,L5号线,2026-04-20,19,0,0,20737
ST005,站点-005,L5号线,2026-04-20,20,0,0,8712
ST005,站点-005,L5号线,2026-04-21,7,0,0,20882
ST005,站点-005,L5号线,2026-04-21,8,0,0,19062
ST005,站点-005,L5号线,2026-04-21,9,0,0,8174
ST005,站点-005,L5号线,2026-04-21,12,0,0,8785
ST005,站点-005,L5号线,2026-04-21,18,0,0,20953
ST005,站点-005,L5号线,2026-04-21,19,0,0,17735
ST005,站点-005,L5号线,2026-04-21,20,0,0,8534
ST005,站点-005,L5号线,2026-04-22,7,0,0,16613
ST005,站点-005,L5号线,2026-04-22,8,0,0,20256
ST005,站点-005,L5号线,2026-04-22,9,0,0,7018
ST005,站点-005,L5号线,2026-04-22,12,0,0,7536
ST005,站点-005,L5号线,2026-04-22,18,0,0,20770
ST005,站点-005,L5号线,2026-04-22,19,0,0,21526
ST005,站点-005,L5号线,2026-04-22,20,0,0,6939
ST005,站点-005,L5号线,2026-04-23,7,0,0,18629
ST005,站点-005,L5号线,2026-04-23,8,0,0,17565
ST005,站点-005,L5号线,2026-04-23,9,0,0,7176
ST005,站点-005,L5号线,2026-04-23,12,0,0,8757
ST005,站点-005,L5号线,2026-04-23,18,0,0,20240
ST005,站点-005,L5号线,2026-04-23,19,0,0,16717
ST005,站点-005,L5号线,2026-04-23,20,0,0,7304
ST005,站点-005,L5号线,2026-04-24,7,0,0,19668
ST005,站点-005,L5号线,2026-04-24,8,0,0,19350
ST005,站点-005,L5号线,2026-04-24,9,0,0,7287
ST005,站点-005,L5号线,2026-04-24,12,0,0,7392
ST005,站点-005,L5号线,2026-04-24,18,0,0,21116
ST005,站点-005,L5号线,2026-04-24,19,0,0,21754
ST005,站点-005,L5号线,2026-04-24,20,0,0,6598
ST005,站点-005,L5号线,2026-04-25,7,1,0,13744
ST005,站点-005,L5号线,2026-04-25,8,1,0,13291
ST005,站点-005,L5号线,2026-04-25,9,1,0,4830
ST005,站点-005,L5号线,2026-04-25,12,1,0,5609
ST005,站点-005,L5号线,2026-04-25,18,1,0,12812
ST005,站点-005,L5号线,2026-04-25,19,1,0,12263
ST005,站点-005,L5号线,2026-04-25,20,1,0,5804
ST005,站点-005,L5号线,2026-04-26,7,1,0,15270
ST005,站点-005,L5号线,2026-04-26,8,1,0,13015
ST005,站点-005,L5号线,2026-04-26,9,1,0,4857
ST005,站点-005,L5号线,2026-04-26,12,1,0,5750
ST005,站点-005,L5号线,2026-04-26,18,1,0,12705
ST005,站点-005,L5号线,2026-04-26,19,1,0,11966
ST005,站点-005,L5号线,2026-04-26,20,1,0,5223
ST005,站点-005,L5号线,2026-04-27,7,0,0,20497
ST005,站点-005,L5号线,2026-04-27,8,0,0,19388
ST005,站点-005,L5号线,2026-04-27,9,0,0,8326
ST005,站点-005,L5号线,2026-04-27,12,0,0,6953
ST005,站点-005,L5号线,2026-04-27,18,0,0,17950
ST005,站点-005,L5号线,2026-04-27,19,0,0,21371
ST005,站点-005,L5号线,2026-04-27,20,0,0,7703
ST005,站点-005,L5号线,2026-04-28,7,0,0,19722
ST005,站点-005,L5号线,2026-04-28,8,0,0,18780
ST005,站点-005,L5号线,2026-04-28,9,0,0,8095
ST005,站点-005,L5号线,2026-04-28,12,0,0,8277
ST005,站点-005,L5号线,2026-04-28,18,0,0,17419
ST005,站点-005,L5号线,2026-04-28,19,0,0,21372
ST005,站点-005,L5号线,2026-04-28,20,0,0,7370
ST005,站点-005,L5号线,2026-04-29,7,0,0,20377
ST005,站点-005,L5号线,2026-04-29,8,0,0,18700
ST005,站点-005,L5号线,2026-04-29,9,0,0,8420
ST005,站点-005,L5号线,2026-04-29,12,0,0,8407
ST005,站点-005,L5号线,2026-04-29,18,0,0,17457
ST005,站点-005,L5号线,2026-04-29,19,0,0,18921
ST005,站点-005,L5号线,2026-04-29,20,0,0,7043
ST005,站点-005,L5号线,2026-04-30,7,0,0,20613
ST005,站点-005,L5号线,2026-04-30,8,0,0,20235
ST005,站点-005,L5号线,2026-04-30,9,0,0,7817
ST005,站点-005,L5号线,2026-04-30,12,0,0,7417
ST005,站点-005,L5号线,2026-04-30,18,0,0,17040
ST005,站点-005,L5号线,2026-04-30,19,0,0,18030
ST005,站点-005,L5号线,2026-04-30,20,0,0,7334
ST006,站点-006,L4号线,2026-04-01,7,0,0,8157
ST006,站点-006,L4号线,2026-04-01,8,0,0,7249
ST006,站点-006,L4号线,2026-04-01,9,0,0,3257
ST006,站点-006,L4号线,2026-04-01,12,0,0,3559
ST006,站点-006,L4号线,2026-04-01,18,0,0,9537
ST006,站点-006,L4号线,2026-04-01,19,0,0,7942
ST006,站点-006,L4号线,2026-04-01,20,0,0,3048
ST006,站点-006,L4号线,2026-04-02,7,0,0,8203
ST006,站点-006,L4号线,2026-04-02,8,0,0,7921
ST006,站点-006,L4号线,2026-04-02,9,0,0,3679
ST006,站点-006,L4号线,2026-04-02,12,0,0,3815
ST006,站点-006,L4号线,2026-04-02,18,0,0,8767
ST006,站点-006,L4号线,2026-04-02,19,0,0,9462
ST006,站点-006,L4号线,2026-04-02,20,0,0,3527
ST006,站点-006,L4号线,2026-04-03,7,0,0,7480
ST006,站点-006,L4号线,2026-04-03,8,0,0,9369
ST006,站点-006,L4号线,2026-04-03,9,0,0,3346
ST006,站点-006,L4号线,2026-04-03,12,0,0,3821
ST006,站点-006,L4号线,2026-04-03,18,0,0,8674
ST006,站点-006,L4号线,2026-04-03,19,0,0,8344
ST006,站点-006,L4号线,2026-04-03,20,0,0,3618
ST006,站点-006,L4号线,2026-04-04,7,1,0,5296
ST006,站点-006,L4号线,2026-04-04,8,1,0,5638
ST006,站点-006,L4号线,2026-04-04,9,1,0,2662
ST006,站点-006,L4号线,2026-04-04,12,1,0,2328
ST006,站点-006,L4号线,2026-04-04,18,1,0,5266
ST006,站点-006,L4号线,2026-04-04,19,1,0,5482
ST006,站点-006,L4号线,2026-04-04,20,1,0,2314
ST006,站点-006,L4号线,2026-04-05,7,1,0,6447
ST006,站点-006,L4号线,2026-04-05,8,1,0,6683
ST006,站点-006,L4号线,2026-04-05,9,1,0,2592
ST006,站点-006,L4号线,2026-04-05,12,1,0,2279
ST006,站点-006,L4号线,2026-04-05,18,1,0,6585
ST006,站点-006,L4号线,2026-04-05,19,1,0,5374
ST006,站点-006,L4号线,2026-04-05,20,1,0,2412
ST006,站点-006,L4号线,2026-04-06,7,0,0,9043
ST006,站点-006,L4号线,2026-04-06,8,0,0,9421
ST006,站点-006,L4号线,2026-04-06,9,0,0,3503
ST006,站点-006,L4号线,2026-04-06,12,0,0,3739
ST006,站点-006,L4号线,2026-04-06,18,0,0,7598
ST006,站点-006,L4号线,2026-04-06,19,0,0,9027
ST006,站点-006,L4号线,2026-04-06,20,0,0,3088
ST006,站点-006,L4号线,2026-04-07,7,0,0,9296
ST006,站点-006,L4号线,2026-04-07,8,0,0,8684
ST006,站点-006,L4号线,2026-04-07,9,0,0,2984
ST006,站点-006,L4号线,2026-04-07,12,0,0,3449
ST006,站点-006,L4号线,2026-04-07,18,0,0,8625
ST006,站点-006,L4号线,2026-04-07,19,0,0,9677
ST006,站点-006,L4号线,2026-04-07,20,0,0,2971
ST006,站点-006,L4号线,2026-04-08,7,0,0,8547
ST006,站点-006,L4号线,2026-04-08,8,0,0,8398
ST006,站点-006,L4号线,2026-04-08,9,0,0,3447
ST006,站点-006,L4号线,2026-04-08,12,0,0,3227
ST006,站点-006,L4号线,2026-04-08,18,0,0,8565
ST006,站点-006,L4号线,2026-04-08,19,0,0,8318
ST006,站点-006,L4号线,2026-04-08,20,0,0,3321
ST006,站点-006,L4号线,2026-04-09,7,0,0,7756
ST006,站点-006,L4号线,2026-04-09,8,0,0,8965
ST006,站点-006,L4号线,2026-04-09,9,0,0,3495
ST006,站点-006,L4号线,2026-04-09,12,0,0,3255
ST006,站点-006,L4号线,2026-04-09,18,0,0,7422
ST006,站点-006,L4号线,2026-04-09,19,0,0,8366
ST006,站点-006,L4号线,2026-04-09,20,0,0,2981
ST006,站点-006,L4号线,2026-04-10,7,0,0,8566
ST006,站点-006,L4号线,2026-04-10,8,0,0,8870
ST006,站点-006,L4号线,2026-04-10,9,0,0,2961
ST006,站点-006,L4号线,2026-04-10,12,0,0,2938
ST006,站点-006,L4号线,2026-04-10,18,0,0,9199
ST006,站点-006,L4号线,2026-04-10,19,0,0,7952
ST006,站点-006,L4号线,2026-04-10,20,0,0,3105
ST006,站点-006,L4号线,2026-04-11,7,1,0,6617
ST006,站点-006,L4号线,2026-04-11,8,1,0,6373
ST006,站点-006,L4号线,2026-04-11,9,1,0,2027
ST006,站点-006,L4号线,2026-04-11,12,1,0,2492
ST006,站点-006,L4号线,2026-04-11,18,1,0,5083
ST006,站点-006,L4号线,2026-04-11,19,1,0,5769
ST006,站点-006,L4号线,2026-04-11,20,1,0,2145
ST006,站点-006,L4号线,2026-04-12,7,1,0,5963
ST006,站点-006,L4号线,2026-04-12,8,1,0,6494
ST006,站点-006,L4号线,2026-04-12,9,1,0,2679
ST006,站点-006,L4号线,2026-04-12,12,1,0,2296
ST006,站点-006,L4号线,2026-04-12,18,1,0,5315
ST006,站点-006,L4号线,2026-04-12,19,1,0,5384
ST006,站点-006,L4号线,2026-04-12,20,1,0,2506
ST006,站点-006,L4号线,2026-04-13,7,0,0,7339
ST006,站点-006,L4号线,2026-04-13,8,0,0,8617
ST006,站点-006,L4号线,2026-04-13,9,0,0,3022
ST006,站点-006,L4号线,2026-04-13,12,0,0,3241
ST006,站点-006,L4号线,2026-04-13,18,0,0,9180
ST006,站点-006,L4号线,2026-04-13,19,0,0,8812
ST006,站点-006,L4号线,2026-04-13,20,0,0,2916
ST006,站点-006,L4号线,2026-04-14,7,0,0,7774
ST006,站点-006,L4号线,2026-04-14,8,0,0,7630
ST006,站点-006,L4号线,2026-04-14,9,0,0,3220
ST006,站点-006,L4号线,2026-04-14,12,0,0,3871
ST006,站点-006,L4号线,2026-04-14,18,0,0,7666
ST006,站点-006,L4号线,2026-04-14,19,0,0,9002
ST006,站点-006,L4号线,2026-04-14,20,0,0,2978
ST006,站点-006,L4号线,2026-04-15,7,0,1,7326
ST006,站点-006,L4号线,2026-04-15,8,0,1,8524
ST006,站点-006,L4号线,2026-04-15,9,0,1,3560
ST006,站点-006,L4号线,2026-04-15,12,0,1,3425
ST006,站点-006,L4号线,2026-04-15,18,0,1,9206
ST006,站点-006,L4号线,2026-04-15,19,0,1,8319
ST006,站点-006,L4号线,2026-04-15,20,0,1,3538
ST006,站点-006,L4号线,2026-04-16,7,0,0,7255
ST006,站点-006,L4号线,2026-04-16,8,0,0,7258
ST006,站点-006,L4号线,2026-04-16,9,0,0,2896
ST006,站点-006,L4号线,2026-04-16,12,0,0,3329
ST006,站点-006,L4号线,2026-04-16,18,0,0,8369
ST006,站点-006,L4号线,2026-04-16,19,0,0,8631
ST006,站点-006,L4号线,2026-04-16,20,0,0,3702
ST006,站点-006,L4号线,2026-04-17,7,0,0,7452
ST006,站点-006,L4号线,2026-04-17,8,0,0,8259
ST006,站点-006,L4号线,2026-04-17,9,0,0,3602
ST006,站点-006,L4号线,2026-04-17,12,0,0,3165
ST006,站点-006,L4号线,2026-04-17,18,0,0,8312
ST006,站点-006,L4号线,2026-04-17,19,0,0,8960
ST006,站点-006,L4号线,2026-04-17,20,0,0,3017
ST006,站点-006,L4号线,2026-04-18,7,1,0,5075
ST006,站点-006,L4号线,2026-04-18,8,1,0,6693
ST006,站点-006,L4号线,2026-04-18,9,1,0,2457
ST006,站点-006,L4号线,2026-04-18,12,1,0,2362
ST006,站点-006,L4号线,2026-04-18,18,1,0,6757
ST006,站点-006,L4号线,2026-04-18,19,1,0,6504
ST006,站点-006,L4号线,2026-04-18,20,1,0,2498
ST006,站点-006,L4号线,2026-04-19,7,1,0,6653
ST006,站点-006,L4号线,2026-04-19,8,1,0,6180
ST006,站点-006,L4号线,2026-04-19,9,1,0,2077
ST006,站点-006,L4号线,2026-04-19,12,1,0,2627
ST006,站点-006,L4号线,2026-04-19,18,1,0,5787
ST006,站点-006,L4号线,2026-04-19,19,1,0,6387
ST006,站点-006,L4号线,2026-04-19,20,1,0,2403
ST006,站点-006,L4号线,2026-04-20,7,0,0,9574
ST006,站点-006,L4号线,2026-04-20,8,0,0,9280
ST006,站点-006,L4号线,2026-04-20,9,0,0,3755
ST006,站点-006,L4号线,2026-04-20,12,0,0,3073
ST006,站点-006,L4号线,2026-04-20,18,0,0,8710
ST006,站点-006,L4号线,2026-04-20,19,0,0,8195
ST006,站点-006,L4号线,2026-04-20,20,0,0,3272
ST006,站点-006,L4号线,2026-04-21,7,0,0,9639
ST006,站点-006,L4号线,2026-04-21,8,0,0,8898
ST006,站点-006,L4号线,2026-04-21,9,0,0,3241
ST006,站点-006,L4号线,2026-04-21,12,0,0,3763
ST006,站点-006,L4号线,2026-04-21,18,0,0,9561
ST006,站点-006,L4号线,2026-04-21,19,0,0,7942
ST006,站点-006,L4号线,2026-04-21,20,0,0,3362
ST006,站点-006,L4号线,2026-04-22,7,0,0,8194
ST006,站点-006,L4号线,2026-04-22,8,0,0,9092
ST006,站点-006,L4号线,2026-04-22,9,0,0,3289
ST006,站点-006,L4号线,2026-04-22,12,0,0,2926
ST006,站点-006,L4号线,2026-04-22,18,0,0,9051
ST006,站点-006,L4号线,2026-04-22,19,0,0,8735
ST006,站点-006,L4号线,2026-04-22,20,0,0,3696
ST006,站点-006,L4号线,2026-04-23,7,0,0,9486
ST006,站点-006,L4号线,2026-04-23,8,0,0,7278
ST006,站点-006,L4号线,2026-04-23,9,0,0,3687
ST006,站点-006,L4号线,2026-04-23,12,0,0,3102
ST006,站点-006,L4号线,2026-04-23,18,0,0,8567
ST006,站点-006,L4号线,2026-04-23,19,0,0,8455
ST006,站点-006,L4号线,2026-04-23,20,0,0,3774
ST006,站点-006,L4号线,2026-04-24,7,0,0,9321
ST006,站点-006,L4号线,2026-04-24,8,0,0,8844
ST006,站点-006,L4号线,2026-04-24,9,0,0,3234
ST006,站点-006,L4号线,2026-04-24,12,0,0,3123
ST006,站点-006,L4号线,2026-04-24,18,0,0,8798
ST006,站点-006,L4号线,2026-04-24,19,0,0,9181
ST006,站点-006,L4号线,2026-04-24,20,0,0,3535
ST006,站点-006,L4号线,2026-04-25,7,1,0,6055
ST006,站点-006,L4号线,2026-04-25,8,1,0,5048
ST006,站点-006,L4号线,2026-04-25,9,1,0,2267
ST006,站点-006,L4号线,2026-04-25,12,1,0,2106
ST006,站点-006,L4号线,2026-04-25,18,1,0,6317
ST006,站点-006,L4号线,2026-04-25,19,1,0,5362
ST006,站点-006,L4号线,2026-04-25,20,1,0,2653
ST006,站点-006,L4号线,2026-04-26,7,1,0,5196
ST006,站点-006,L4号线,2026-04-26,8,1,0,6463
ST006,站点-006,L4号线,2026-04-26,9,1,0,2626
ST006,站点-006,L4号线,2026-04-26,12,1,0,2673
ST006,站点-006,L4号线,2026-04-26,18,1,0,6072
ST006,站点-006,L4号线,2026-04-26,19,1,0,6794
ST006,站点-006,L4号线,2026-04-26,20,1,0,2118
ST006,站点-006,L4号线,2026-04-27,7,0,0,8036
ST006,站点-006,L4号线,2026-04-27,8,0,0,7520
ST006,站点-006,L4号线,2026-04-27,9,0,0,3801
ST006,站点-006,L4号线,2026-04-27,12,0,0,3127
ST006,站点-006,L4号线,2026-04-27,18,0,0,7718
ST006,站点-006,L4号线,2026-04-27,19,0,0,7711
ST006,站点-006,L4号线,2026-04-27,20,0,0,3051
ST006,站点-006,L4号线,2026-04-28,7,0,0,8468
ST006,站点-006,L4号线,2026-04-28,8,0,0,8169
ST006,站点-006,L4号线,2026-04-28,9,0,0,3088
ST006,站点-006,L4号线,2026-04-28,12,0,0,3389
ST006,站点-006,L4号线,2026-04-28,18,0,0,7698
ST006,站点-006,L4号线,2026-04-28,19,0,0,8248
ST006,站点-006,L4号线,2026-04-28,20,0,0,3588
ST006,站点-006,L4号线,2026-04-29,7,0,0,9443
ST006,站点-006,L4号线,2026-04-29,8,0,0,9209
ST006,站点-006,L4号线,2026-04-29,9,0,0,3341
ST006,站点-006,L4号线,2026-04-29,12,0,0,3698
ST006,站点-006,L4号线,2026-04-29,18,0,0,7769
ST006,站点-006,L4号线,2026-04-29,19,0,0,8978
ST006,站点-006,L4号线,2026-04-29,20,0,0,2935
ST006,站点-006,L4号线,2026-04-30,7,0,0,9023
ST006,站点-006,L4号线,2026-04-30,8,0,0,8498
ST006,站点-006,L4号线,2026-04-30,9,0,0,3115
ST006,站点-006,L4号线,2026-04-30,12,0,0,3411
ST006,站点-006,L4号线,2026-04-30,18,0,0,8731
ST006,站点-006,L4号线,2026-04-30,19,0,0,8258
ST006,站点-006,L4号线,2026-04-30,20,0,0,3810
ST007,站点-007,L7号线,2026-04-01,7,0,0,36031
ST007,站点-007,L7号线,2026-04-01,8,0,0,39727
ST007,站点-007,L7号线,2026-04-01,9,0,0,17971
ST007,站点-007,L7号线,2026-04-01,12,0,0,15972
ST007,站点-007,L7号线,2026-04-01,18,0,0,35767
ST007,站点-007,L7号线,2026-04-01,19,0,0,42551
ST007,站点-007,L7号线,2026-04-01,20,0,0,18102
ST007,站点-007,L7号线,2026-04-02,7,0,0,45889
ST007,站点-007,L7号线,2026-04-02,8,0,0,42521
ST007,站点-007,L7号线,2026-04-02,9,0,0,17449
ST007,站点-007,L7号线,2026-04-02,12,0,0,16118
ST007,站点-007,L7号线,2026-04-02,18,0,0,42382
ST007,站点-007,L7号线,2026-04-02,19,0,0,41175
ST007,站点-007,L7号线,2026-04-02,20,0,0,18408
ST007,站点-007,L7号线,2026-04-03,7,0,0,40232
ST007,站点-007,L7号线,2026-04-03,8,0,0,47669
ST007,站点-007,L7号线,2026-04-03,9,0,0,17236
ST007,站点-007,L7号线,2026-04-03,12,0,0,17518
ST007,站点-007,L7号线,2026-04-03,18,0,0,40651
ST007,站点-007,L7号线,2026-04-03,19,0,0,48002
ST007,站点-007,L7号线,2026-04-03,20,0,0,14912
ST007,站点-007,L7号线,2026-04-04,7,1,0,32001
ST007,站点-007,L7号线,2026-04-04,8,1,0,32022
ST007,站点-007,L7号线,2026-04-04,9,1,0,12755
ST007,站点-007,L7号线,2026-04-04,12,1,0,11932
ST007,站点-007,L7号线,2026-04-04,18,1,0,28703
ST007,站点-007,L7号线,2026-04-04,19,1,0,30223
ST007,站点-007,L7号线,2026-04-04,20,1,0,11545
ST007,站点-007,L7号线,2026-04-05,7,1,0,26210
ST007,站点-007,L7号线,2026-04-05,8,1,0,25599
ST007,站点-007,L7号线,2026-04-05,9,1,0,10345
ST007,站点-007,L7号线,2026-04-05,12,1,0,11678
ST007,站点-007,L7号线,2026-04-05,18,1,0,28546
ST007,站点-007,L7号线,2026-04-05,19,1,0,29964
ST007,站点-007,L7号线,2026-04-05,20,1,0,11411
ST007,站点-007,L7号线,2026-04-06,7,0,0,45635
ST007,站点-007,L7号线,2026-04-06,8,0,0,46012
ST007,站点-007,L7号线,2026-04-06,9,0,0,17672
ST007,站点-007,L7号线,2026-04-06,12,0,0,15292
ST007,站点-007,L7号线,2026-04-06,18,0,0,41178
ST007,站点-007,L7号线,2026-04-06,19,0,0,43904
ST007,站点-007,L7号线,2026-04-06,20,0,0,16701
ST007,站点-007,L7号线,2026-04-07,7,0,0,43234
ST007,站点-007,L7号线,2026-04-07,8,0,0,36872
ST007,站点-007,L7号线,2026-04-07,9,0,0,14725
ST007,站点-007,L7号线,2026-04-07,12,0,0,14940
ST007,站点-007,L7号线,2026-04-07,18,0,0,42100
ST007,站点-007,L7号线,2026-04-07,19,0,0,45029
ST007,站点-007,L7号线,2026-04-07,20,0,0,18094
ST007,站点-007,L7号线,2026-04-08,7,0,0,44126
ST007,站点-007,L7号线,2026-04-08,8,0,0,41455
ST007,站点-007,L7号线,2026-04-08,9,0,0,16695
ST007,站点-007,L7号线,2026-04-08,12,0,0,14615
ST007,站点-007,L7号线,2026-04-08,18,0,0,39477
ST007,站点-007,L7号线,2026-04-08,19,0,0,37158
ST007,站点-007,L7号线,2026-04-08,20,0,0,14508
ST007,站点-007,L7号线,2026-04-09,7,0,0,43965
ST007,站点-007,L7号线,2026-04-09,8,0,0,41395
ST007,站点-007,L7号线,2026-04-09,9,0,0,16633
ST007,站点-007,L7号线,2026-04-09,12,0,0,15231
ST007,站点-007,L7号线,2026-04-09,18,0,0,46386
ST007,站点-007,L7号线,2026-04-09,19,0,0,37624
ST007,站点-007,L7号线,2026-04-09,20,0,0,15006
ST007,站点-007,L7号线,2026-04-10,7,0,0,40305
ST007,站点-007,L7号线,2026-04-10,8,0,0,46668
ST007,站点-007,L7号线,2026-04-10,9,0,0,18979
ST007,站点-007,L7号线,2026-04-10,12,0,0,18553
ST007,站点-007,L7号线,2026-04-10,18,0,0,41396
ST007,站点-007,L7号线,2026-04-10,19,0,0,39267
ST007,站点-007,L7号线,2026-04-10,20,0,0,17250
ST007,站点-007,L7号线,2026-04-11,7,1,0,25488
ST007,站点-007,L7号线,2026-04-11,8,1,0,27433
ST007,站点-007,L7号线,2026-04-11,9,1,0,12302
ST007,站点-007,L7号线,2026-04-11,12,1,0,12667
ST007,站点-007,L7号线,2026-04-11,18,1,0,27778
ST007,站点-007,L7号线,2026-04-11,19,1,0,27646
ST007,站点-007,L7号线,2026-04-11,20,1,0,11854
ST007,站点-007,L7号线,2026-04-12,7,1,0,27069
ST007,站点-007,L7号线,2026-04-12,8,1,0,29903
ST007,站点-007,L7号线,2026-04-12,9,1,0,10805
ST007,站点-007,L7号线,2026-04-12,12,1,0,12112
ST007,站点-007,L7号线,2026-04-12,18,1,0,28598
ST007,站点-007,L7号线,2026-04-12,19,1,0,32407
ST007,站点-007,L7号线,2026-04-12,20,1,0,12844
ST007,站点-007,L7号线,2026-04-13,7,0,0,39764
ST007,站点-007,L7号线,2026-04-13,8,0,0,36278
ST007,站点-007,L7号线,2026-04-13,9,0,0,17994
ST007,站点-007,L7号线,2026-04-13,12,0,0,15488
ST007,站点-007,L7号线,2026-04-13,18,0,0,46335
ST007,站点-007,L7号线,2026-04-13,19,0,0,47531
ST007,站点-007,L7号线,2026-04-13,20,0,0,14647
ST007,站点-007,L7号线,2026-04-14,7,0,0,40915
ST007,站点-007,L7号线,2026-04-14,8,0,0,37998
ST007,站点-007,L7号线,2026-04-14,9,0,0,17105
ST007,站点-007,L7号线,2026-04-14,12,0,0,16889
ST007,站点-007,L7号线,2026-04-14,18,0,0,36182
ST007,站点-007,L7号线,2026-04-14,19,0,0,47834
ST007,站点-007,L7号线,2026-04-14,20,0,0,14546
ST007,站点-007,L7号线,2026-04-15,7,0,1,47854
ST007,站点-007,L7号线,2026-04-15,8,0,1,42689
ST007,站点-007,L7号线,2026-04-15,9,0,1,17574
ST007,站点-007,L7号线,2026-04-15,12,0,1,17943
ST007,站点-007,L7号线,2026-04-15,18,0,1,35527
ST007,站点-007,L7号线,2026-04-15,19,0,1,37532
ST007,站点-007,L7号线,2026-04-15,20,0,1,16944
ST007,站点-007,L7号线,2026-04-16,7,0,0,39763
ST007,站点-007,L7号线,2026-04-16,8,0,0,44311
ST007,站点-007,L7号线,2026-04-16,9,0,0,16620
ST007,站点-007,L7号线,2026-04-16,12,0,0,15947
ST007,站点-007,L7号线,2026-04-16,18,0,0,45811
ST007,站点-007,L7号线,2026-04-16,19,0,0,40008
ST007,站点-007,L7号线,2026-04-16,20,0,0,18940
ST007,站点-007,L7号线,2026-04-17,7,0,0,39512
ST007,站点-007,L7号线,2026-04-17,8,0,0,44969
ST007,站点-007,L7号线,2026-04-17,9,0,0,18237
ST007,站点-007,L7号线,2026-04-17,12,0,0,17473
ST007,站点-007,L7号线,2026-04-17,18,0,0,47866
ST007,站点-007,L7号线,2026-04-17,19,0,0,38007
ST007,站点-007,L7号线,2026-04-17,20,0,0,15294
ST007,站点-007,L7号线,2026-04-18,7,1,0,33331
ST007,站点-007,L7号线,2026-04-18,8,1,0,33413
ST007,站点-007,L7号线,2026-04-18,9,1,0,9963
ST007,站点-007,L7号线,2026-04-18,12,1,0,13237
ST007,站点-007,L7号线,2026-04-18,18,1,0,24887
ST007,站点-007,L7号线,2026-04-18,19,1,0,28407
ST007,站点-007,L7号线,2026-04-18,20,1,0,10872
ST007,站点-007,L7号线,2026-04-19,7,1,0,30699
ST007,站点-007,L7号线,2026-04-19,8,1,0,32890
ST007,站点-007,L7号线,2026-04-19,9,1,0,12866
ST007,站点-007,L7号线,2026-04-19,12,1,0,12897
ST007,站点-007,L7号线,2026-04-19,18,1,0,25999
ST007,站点-007,L7号线,2026-04-19,19,1,0,27890
ST007,站点-007,L7号线,2026-04-19,20,1,0,10301
ST007,站点-007,L7号线,2026-04-20,7,0,0,45082
ST007,站点-007,L7号线,2026-04-20,8,0,0,37623
ST007,站点-007,L7号线,2026-04-20,9,0,0,16041
ST007,站点-007,L7号线,2026-04-20,12,0,0,18255
ST007,站点-007,L7号线,2026-04-20,18,0,0,36724
ST007,站点-007,L7号线,2026-04-20,19,0,0,35915
ST007,站点-007,L7号线,2026-04-20,20,0,0,15562
ST007,站点-007,L7号线,2026-04-21,7,0,0,47379
ST007,站点-007,L7号线,2026-04-21,8,0,0,46157
ST007,站点-007,L7号线,2026-04-21,9,0,0,16493
ST007,站点-007,L7号线,2026-04-21,12,0,0,17889
ST007,站点-007,L7号线,2026-04-21,18,0,0,38687
ST007,站点-007,L7号线,2026-04-21,19,0,0,44882
ST007,站点-007,L7号线,2026-04-21,20,0,0,16607
ST007,站点-007,L7号线,2026-04-22,7,0,0,45291
ST007,站点-007,L7号线,2026-04-22,8,0,0,35878
ST007,站点-007,L7号线,2026-04-22,9,0,0,16545
ST007,站点-007,L7号线,2026-04-22,12,0,0,14614
ST007,站点-007,L7号线,2026-04-22,18,0,0,36089
ST007,站点-007,L7号线,2026-04-22,19,0,0,44207
ST007,站点-007,L7号线,2026-04-22,20,0,0,15118
ST007,站点-007,L7号线,2026-04-23,7,0,0,37339
ST007,站点-007,L7号线,2026-04-23,8,0,0,45084
ST007,站点-007,L7号线,2026-04-23,9,0,0,17028
ST007,站点-007,L7号线,2026-04-23,12,0,0,17694
ST007,站点-007,L7号线,2026-04-23,18,0,0,43971
ST007,站点-007,L7号线,2026-04-23,19,0,0,37123
ST007,站点-007,L7号线,2026-04-23,20,0,0,14727
ST007,站点-007,L7号线,2026-04-24,7,0,0,37390
ST007,站点-007,L7号线,2026-04-24,8,0,0,44218
ST007,站点-007,L7号线,2026-04-24,9,0,0,15776
ST007,站点-007,L7号线,2026-04-24,12,0,0,18724
ST007,站点-007,L7号线,2026-04-24,18,0,0,44945
ST007,站点-007,L7号线,2026-04-24,19,0,0,42265
ST007,站点-007,L7号线,2026-04-24,20,0,0,17909
ST007,站点-007,L7号线,2026-04-25,7,1,0,31539
ST007,站点-007,L7号线,2026-04-25,8,1,0,32578
ST007,站点-007,L7号线,2026-04-25,9,1,0,13381
ST007,站点-007,L7号线,2026-04-25,12,1,0,12120
ST007,站点-007,L7号线,2026-04-25,18,1,0,26851
ST007,站点-007,L7号线,2026-04-25,19,1,0,33126
ST007,站点-007,L7号线,2026-04-25,20,1,0,12469
ST007,站点-007,L7号线,2026-04-26,7,1,0,32164
ST007,站点-007,L7号线,2026-04-26,8,1,0,25284
ST007,站点-007,L7号线,2026-04-26,9,1,0,10277
ST007,站点-007,L7号线,2026-04-26,12,1,0,9962
ST007,站点-007,L7号线,2026-04-26,18,1,0,26031
ST007,站点-007,L7号线,2026-04-26,19,1,0,25096
ST007,站点-007,L7号线,2026-04-26,20,1,0,10848
ST007,站点-007,L7号线,2026-04-27,7,0,0,39800
ST007,站点-007,L7号线,2026-04-27,8,0,0,37159
ST007,站点-007,L7号线,2026-04-27,9,0,0,14987
ST007,站点-007,L7号线,2026-04-27,12,0,0,15353
ST007,站点-007,L7号线,2026-04-27,18,0,0,46548
ST007,站点-007,L7号线,2026-04-27,19,0,0,38250
ST007,站点-007,L7号线,2026-04-27,20,0,0,16008
ST007,站点-007,L7号线,2026-04-28,7,0,0,41350
ST007,站点-007,L7号线,2026-04-28,8,0,0,37446
ST007,站点-007,L7号线,2026-04-28,9,0,0,16695
ST007,站点-007,L7号线,2026-04-28,12,0,0,14933
ST007,站点-007,L7号线,2026-04-28,18,0,0,40206
ST007,站点-007,L7号线,2026-04-28,19,0,0,45243
ST007,站点-007,L7号线,2026-04-28,20,0,0,16485
ST007,站点-007,L7号线,2026-04-29,7,0,0,38456
ST007,站点-007,L7号线,2026-04-29,8,0,0,41217
ST007,站点-007,L7号线,2026-04-29,9,0,0,14678
ST007,站点-007,L7号线,2026-04-29,12,0,0,16319
ST007,站点-007,L7号线,2026-04-29,18,0,0,47378
ST007,站点-007,L7号线,2026-04-29,19,0,0,47674
ST007,站点-007,L7号线,2026-04-29,20,0,0,18821
ST007,站点-007,L7号线,2026-04-30,7,0,0,41475
ST007,站点-007,L7号线,2026-04-30,8,0,0,43486
ST007,站点-007,L7号线,2026-04-30,9,0,0,14585
ST007,站点-007,L7号线,2026-04-30,12,0,0,15803
ST007,站点-007,L7号线,2026-04-30,18,0,0,37637
ST007,站点-007,L7号线,2026-04-30,19,0,0,35564
ST007,站点-007,L7号线,2026-04-30,20,0,0,15642
ST008,站点-008,L6号线,2026-04-01,7,0,0,30283
ST008,站点-008,L6号线,2026-04-01,8,0,0,27476
ST008,站点-008,L6号线,2026-04-01,9,0,0,13345
ST008,站点-008,L6号线,2026-04-01,12,0,0,11702
ST008,站点-008,L6号线,2026-04-01,18,0,0,28310
ST008,站点-008,L6号线,2026-04-01,19,0,0,28951
ST008,站点-008,L6号线,2026-04-01,20,0,0,11699
ST008,站点-008,L6号线,2026-04-02,7,0,0,29504
ST008,站点-008,L6号线,2026-04-02,8,0,0,26792
ST008,站点-008,L6号线,2026-04-02,9,0,0,11155
ST008,站点-008,L6号线,2026-04-02,12,0,0,14131
ST008,站点-008,L6号线,2026-04-02,18,0,0,32863
ST008,站点-008,L6号线,2026-04-02,19,0,0,27133
ST008,站点-008,L6号线,2026-04-02,20,0,0,11759
ST008,站点-008,L6号线,2026-04-03,7,0,0,28962
ST008,站点-008,L6号线,2026-04-03,8,0,0,33466
ST008,站点-008,L6号线,2026-04-03,9,0,0,13311
ST008,站点-008,L6号线,2026-04-03,12,0,0,11080
ST008,站点-008,L6号线,2026-04-03,18,0,0,26999
ST008,站点-008,L6号线,2026-04-03,19,0,0,28090
ST008,站点-008,L6号线,2026-04-03,20,0,0,12548
ST008,站点-008,L6号线,2026-04-04,7,1,0,23071
ST008,站点-008,L6号线,2026-04-04,8,1,0,21140
ST008,站点-008,L6号线,2026-04-04,9,1,0,9020
ST008,站点-008,L6号线,2026-04-04,12,1,0,8572
ST008,站点-008,L6号线,2026-04-04,18,1,0,18573
ST008,站点-008,L6号线,2026-04-04,19,1,0,19990
ST008,站点-008,L6号线,2026-04-04,20,1,0,9276
ST008,站点-008,L6号线,2026-04-05,7,1,0,21304
ST008,站点-008,L6号线,2026-04-05,8,1,0,19049
ST008,站点-008,L6号线,2026-04-05,9,1,0,7575
ST008,站点-008,L6号线,2026-04-05,12,1,0,8160
ST008,站点-008,L6号线,2026-04-05,18,1,0,23583
ST008,站点-008,L6号线,2026-04-05,19,1,0,19564
ST008,站点-008,L6号线,2026-04-05,20,1,0,7847
ST008,站点-008,L6号线,2026-04-06,7,0,0,33696
ST008,站点-008,L6号线,2026-04-06,8,0,0,31093
ST008,站点-008,L6号线,2026-04-06,9,0,0,13110
ST008,站点-008,L6号线,2026-04-06,12,0,0,11442
ST008,站点-008,L6号线,2026-04-06,18,0,0,33111
ST008,站点-008,L6号线,2026-04-06,19,0,0,32386
ST008,站点-008,L6号线,2026-04-06,20,0,0,12333
ST008,站点-008,L6号线,2026-04-07,7,0,0,31028
ST008,站点-008,L6号线,2026-04-07,8,0,0,32563
ST008,站点-008,L6号线,2026-04-07,9,0,0,12326
ST008,站点-008,L6号线,2026-04-07,12,0,0,13187
ST008,站点-008,L6号线,2026-04-07,18,0,0,28789
ST008,站点-008,L6号线,2026-04-07,19,0,0,28009
ST008,站点-008,L6号线,2026-04-07,20,0,0,12584
ST008,站点-008,L6号线,2026-04-08,7,0,0,28706
ST008,站点-008,L6号线,2026-04-08,8,0,0,33723
ST008,站点-008,L6号线,2026-04-08,9,0,0,12197
ST008,站点-008,L6号线,2026-04-08,12,0,0,11877
ST008,站点-008,L6号线,2026-04-08,18,0,0,34021
ST008,站点-008,L6号线,2026-04-08,19,0,0,27950
ST008,站点-008,L6号线,2026-04-08,20,0,0,12129
ST008,站点-008,L6号线,2026-04-09,7,0,0,33434
ST008,站点-008,L6号线,2026-04-09,8,0,0,30499
ST008,站点-008,L6号线,2026-04-09,9,0,0,13027
ST008,站点-008,L6号线,2026-04-09,12,0,0,11035
ST008,站点-008,L6号线,2026-04-09,18,0,0,26538
ST008,站点-008,L6号线,2026-04-09,19,0,0,31741
ST008,站点-008,L6号线,2026-04-09,20,0,0,12161
ST008,站点-008,L6号线,2026-04-10,7,0,0,34377
ST008,站点-008,L6号线,2026-04-10,8,0,0,26610
ST008,站点-008,L6号线,2026-04-10,9,0,0,11946
ST008,站点-008,L6号线,2026-04-10,12,0,0,13084
ST008,站点-008,L6号线,2026-04-10,18,0,0,32483
ST008,站点-008,L6号线,2026-04-10,19,0,0,33911
ST008,站点-008,L6号线,2026-04-10,20,0,0,12822
ST008,站点-008,L6号线,2026-04-11,7,1,0,23841
ST008,站点-008,L6号线,2026-04-11,8,1,0,21151
ST008,站点-008,L6号线,2026-04-11,9,1,0,9003
ST008,站点-008,L6号线,2026-04-11,12,1,0,7881
ST008,站点-008,L6号线,2026-04-11,18,1,0,23292
ST008,站点-008,L6号线,2026-04-11,19,1,0,21222
ST008,站点-008,L6号线,2026-04-11,20,1,0,7785
ST008,站点-008,L6号线,2026-04-12,7,1,0,20601
ST008,站点-008,L6号线,2026-04-12,8,1,0,21142
ST008,站点-008,L6号线,2026-04-12,9,1,0,9866
ST008,站点-008,L6号线,2026-04-12,12,1,0,8556
ST008,站点-008,L6号线,2026-04-12,18,1,0,22966
ST008,站点-008,L6号线,2026-04-12,19,1,0,22469
ST008,站点-008,L6号线,2026-04-12,20,1,0,8158
ST008,站点-008,L6号线,2026-04-13,7,0,0,30699
ST008,站点-008,L6号线,2026-04-13,8,0,0,32035
ST008,站点-008,L6号线,2026-04-13,9,0,0,11931
ST008,站点-008,L6号线,2026-04-13,12,0,0,11204
ST008,站点-008,L6号线,2026-04-13,18,0,0,32226
ST008,站点-008,L6号线,2026-04-13,19,0,0,34576
ST008,站点-008,L6号线,2026-04-13,20,0,0,12574
ST008,站点-008,L6号线,2026-04-14,7,0,0,28468
ST008,站点-008,L6号线,2026-04-14,8,0,0,27344
ST008,站点-008,L6号线,2026-04-14,9,0,0,11244
ST008,站点-008,L6号线,2026-04-14,12,0,0,10643
ST008,站点-008,L6号线,2026-04-14,18,0,0,30631
ST008,站点-008,L6号线,2026-04-14,19,0,0,30661
ST008,站点-008,L6号线,2026-04-14,20,0,0,13176
ST008,站点-008,L6号线,2026-04-15,7,0,1,28661
ST008,站点-008,L6号线,2026-04-15,8,0,1,27454
ST008,站点-008,L6号线,2026-04-15,9,0,1,13235
ST008,站点-008,L6号线,2026-04-15,12,0,1,12004
ST008,站点-008,L6号线,2026-04-15,18,0,1,30137
ST008,站点-008,L6号线,2026-04-15,19,0,1,28737
ST008,站点-008,L6号线,2026-04-15,20,0,1,12335
ST008,站点-008,L6号线,2026-04-16,7,0,0,30818
ST008,站点-008,L6号线,2026-04-16,8,0,0,35011
ST008,站点-008,L6号线,2026-04-16,9,0,0,10761
ST008,站点-008,L6号线,2026-04-16,12,0,0,13146
ST008,站点-008,L6号线,2026-04-16,18,0,0,33717
ST008,站点-008,L6号线,2026-04-16,19,0,0,33312
ST008,站点-008,L6号线,2026-04-16,20,0,0,10653
ST008,站点-008,L6号线,2026-04-17,7,0,0,34415
ST008,站点-008,L6号线,2026-04-17,8,0,0,29150
ST008,站点-008,L6号线,2026-04-17,9,0,0,13077
ST008,站点-008,L6号线,2026-04-17,12,0,0,11586
ST008,站点-008,L6号线,2026-04-17,18,0,0,26557
ST008,站点-008,L6号线,2026-04-17,19,0,0,32003
ST008,站点-008,L6号线,2026-04-17,20,0,0,11899
ST008,站点-008,L6号线,2026-04-18,7,1,0,21721
ST008,站点-008,L6号线,2026-04-18,8,1,0,23571
ST008,站点-008,L6号线,2026-04-18,9,1,0,8215
ST008,站点-008,L6号线,2026-04-18,12,1,0,8779
ST008,站点-008,L6号线,2026-04-18,18,1,0,19647
ST008,站点-008,L6号线,2026-04-18,19,1,0,24880
ST008,站点-008,L6号线,2026-04-18,20,1,0,8837
ST008,站点-008,L6号线,2026-04-19,7,1,0,23091
ST008,站点-008,L6号线,2026-04-19,8,1,0,24532
ST008,站点-008,L6号线,2026-04-19,9,1,0,9410
ST008,站点-008,L6号线,2026-04-19,12,1,0,8638
ST008,站点-008,L6号线,2026-04-19,18,1,0,24746
ST008,站点-008,L6号线,2026-04-19,19,1,0,25066
ST008,站点-008,L6号线,2026-04-19,20,1,0,9366
ST008,站点-008,L6号线,2026-04-20,7,0,0,26668
ST008,站点-008,L6号线,2026-04-20,8,0,0,30036
ST008,站点-008,L6号线,2026-04-20,9,0,0,12509
ST008,站点-008,L6号线,2026-04-20,12,0,0,10892
ST008,站点-008,L6号线,2026-04-20,18,0,0,29323
ST008,站点-008,L6号线,2026-04-20,19,0,0,28400
ST008,站点-008,L6号线,2026-04-20,20,0,0,11063
ST008,站点-008,L6号线,2026-04-21,7,0,0,26606
ST008,站点-008,L6号线,2026-04-21,8,0,0,28931
ST008,站点-008,L6号线,2026-04-21,9,0,0,13422
ST008,站点-008,L6号线,2026-04-21,12,0,0,12132
ST008,站点-008,L6号线,2026-04-21,18,0,0,27405
ST008,站点-008,L6号线,2026-04-21,19,0,0,30120
ST008,站点-008,L6号线,2026-04-21,20,0,0,12754
ST008,站点-008,L6号线,2026-04-22,7,0,0,31353
ST008,站点-008,L6号线,2026-04-22,8,0,0,32941
ST008,站点-008,L6号线,2026-04-22,9,0,0,11448
ST008,站点-008,L6号线,2026-04-22,12,0,0,11565
ST008,站点-008,L6号线,2026-04-22,18,0,0,32809
ST008,站点-008,L6号线,2026-04-22,19,0,0,29233
ST008,站点-008,L6号线,2026-04-22,20,0,0,14077
ST008,站点-008,L6号线,2026-04-23,7,0,0,30329
ST008,站点-008,L6号线,2026-04-23,8,0,0,27869
ST008,站点-008,L6号线,2026-04-23,9,0,0,11124
ST008,站点-008,L6号线,2026-04-23,12,0,0,13996
ST008,站点-008,L6号线,2026-04-23,18,0,0,29243
ST008,站点-008,L6号线,2026-04-23,19,0,0,30285
ST008,站点-008,L6号线,2026-04-23,20,0,0,11758
ST008,站点-008,L6号线,2026-04-24,7,0,0,30278
ST008,站点-008,L6号线,2026-04-24,8,0,0,31486
ST008,站点-008,L6号线,2026-04-24,9,0,0,13792
ST008,站点-008,L6号线,2026-04-24,12,0,0,11458
ST008,站点-008,L6号线,2026-04-24,18,0,0,27251
ST008,站点-008,L6号线,2026-04-24,19,0,0,35798
ST008,站点-008,L6号线,2026-04-24,20,0,0,13715
ST008,站点-008,L6号线,2026-04-25,7,1,0,22322
ST008,站点-008,L6号线,2026-04-25,8,1,0,20351
ST008,站点-008,L6号线,2026-04-25,9,1,0,7885
ST008,站点-008,L6号线,2026-04-25,12,1,0,7644
ST008,站点-008,L6号线,2026-04-25,18,1,0,20302
ST008,站点-008,L6号线,2026-04-25,19,1,0,20086
ST008,站点-008,L6号线,2026-04-25,20,1,0,8800
ST008,站点-008,L6号线,2026-04-26,7,1,0,20767
ST008,站点-008,L6号线,2026-04-26,8,1,0,24090
ST008,站点-008,L6号线,2026-04-26,9,1,0,8271
ST008,站点-008,L6号线,2026-04-26,12,1,0,9631
ST008,站点-008,L6号线,2026-04-26,18,1,0,19644
ST008,站点-008,L6号线,2026-04-26,19,1,0,20314
ST008,站点-008,L6号线,2026-04-26,20,1,0,9594
ST008,站点-008,L6号线,2026-04-27,7,0,0,33455
ST008,站点-008,L6号线,2026-04-27,8,0,0,34617
ST008,站点-008,L6号线,2026-04-27,9,0,0,11759
ST008,站点-008,L6号线,2026-04-27,12,0,0,11128
ST008,站点-008,L6号线,2026-04-27,18,0,0,28561
ST008,站点-008,L6号线,2026-04-27,19,0,0,32591
ST008,站点-008,L6号线,2026-04-27,20,0,0,12465
ST008,站点-008,L6号线,2026-04-28,7,0,0,29746
ST008,站点-008,L6号线,2026-04-28,8,0,0,26752
ST008,站点-008,L6号线,2026-04-28,9,0,0,10910
ST008,站点-008,L6号线,2026-04-28,12,0,0,12158
ST008,站点-008,L6号线,2026-04-28,18,0,0,35005
ST008,站点-008,L6号线,2026-04-28,19,0,0,34102
ST008,站点-008,L6号线,2026-04-28,20,0,0,14071
ST008,站点-008,L6号线,2026-04-29,7,0,0,29911
ST008,站点-008,L6号线,2026-04-29,8,0,0,35835
ST008,站点-008,L6号线,2026-04-29,9,0,0,10889
ST008,站点-008,L6号线,2026-04-29,12,0,0,14114
ST008,站点-008,L6号线,2026-04-29,18,0,0,26758
ST008,站点-008,L6号线,2026-04-29,19,0,0,34189
ST008,站点-008,L6号线,2026-04-29,20,0,0,13504
ST008,站点-008,L6号线,2026-04-30,7,0,0,34944
ST008,站点-008,L6号线,2026-04-30,8,0,0,33991
ST008,站点-008,L6号线,2026-04-30,9,0,0,13127
ST008,站点-008,L6号线,2026-04-30,12,0,0,13311
ST008,站点-008,L6号线,2026-04-30,18,0,0,32528
ST008,站点-008,L6号线,2026-04-30,19,0,0,33473
ST008,站点-008,L6号线,2026-04-30,20,0,0,11433
ST009,站点-009,L4号线,2026-04-01,7,0,0,16286
ST009,站点-009,L4号线,2026-04-01,8,0,0,14292
ST009,站点-009,L4号线,2026-04-01,9,0,0,6774
ST009,站点-009,L4号线,2026-04-01,12,0,0,6745
ST009,站点-009,L4号线,2026-04-01,18,0,0,16559
ST009,站点-009,L4号线,2026-04-01,19,0,0,14729
ST009,站点-009,L4号线,2026-04-01,20,0,0,6768
ST009,站点-009,L4号线,2026-04-02,7,0,0,16741
ST009,站点-009,L4号线,2026-04-02,8,0,0,14428
ST009,站点-009,L4号线,2026-04-02,9,0,0,7064
ST009,站点-009,L4号线,2026-04-02,12,0,0,6065
ST009,站点-009,L4号线,2026-04-02,18,0,0,15728
ST009,站点-009,L4号线,2026-04-02,19,0,0,15241
ST009,站点-009,L4号线,2026-04-02,20,0,0,6676
ST009,站点-009,L4号线,2026-04-03,7,0,0,15749
ST009,站点-009,L4号线,2026-04-03,8,0,0,15348
ST009,站点-009,L4号线,2026-04-03,9,0,0,6959
ST009,站点-009,L4号线,2026-04-03,12,0,0,5618
ST009,站点-009,L4号线,2026-04-03,18,0,0,16624
ST009,站点-009,L4号线,2026-04-03,19,0,0,16832
ST009,站点-009,L4号线,2026-04-03,20,0,0,7383
ST009,站点-009,L4号线,2026-04-04,7,1,0,12886
ST009,站点-009,L4号线,2026-04-04,8,1,0,10406
ST009,站点-009,L4号线,2026-04-04,9,1,0,4249
ST009,站点-009,L4号线,2026-04-04,12,1,0,4752
ST009,站点-009,L4号线,2026-04-04,18,1,0,12813
ST009,站点-009,L4号线,2026-04-04,19,1,0,12863
ST009,站点-009,L4号线,2026-04-04,20,1,0,4133
ST009,站点-009,L4号线,2026-04-05,7,1,0,10201
ST009,站点-009,L4号线,2026-04-05,8,1,0,13000
ST009,站点-009,L4号线,2026-04-05,9,1,0,5200
ST009,站点-009,L4号线,2026-04-05,12,1,0,3936
ST009,站点-009,L4号线,2026-04-05,18,1,0,10727
ST009,站点-009,L4号线,2026-04-05,19,1,0,11924
ST009,站点-009,L4号线,2026-04-05,20,1,0,4314
ST009,站点-009,L4号线,2026-04-06,7,0,0,16605
ST009,站点-009,L4号线,2026-04-06,8,0,0,15610
ST009,站点-009,L4号线,2026-04-06,9,0,0,7394
ST009,站点-009,L4号线,2026-04-06,12,0,0,7474
ST009,站点-009,L4号线,2026-04-06,18,0,0,16048
ST009,站点-009,L4号线,2026-04-06,19,0,0,16038
ST009,站点-009,L4号线,2026-04-06,20,0,0,6598
ST009,站点-009,L4号线,2026-04-07,7,0,0,13951
ST009,站点-009,L4号线,2026-04-07,8,0,0,17723
ST009,站点-009,L4号线,2026-04-07,9,0,0,7275
ST009,站点-009,L4号线,2026-04-07,12,0,0,5550
ST009,站点-009,L4号线,2026-04-07,18,0,0,16629
ST009,站点-009,L4号线,2026-04-07,19,0,0,15502
ST009,站点-009,L4号线,2026-04-07,20,0,0,6969
ST009,站点-009,L4号线,2026-04-08,7,0,0,18494
ST009,站点-009,L4号线,2026-04-08,8,0,0,18555
ST009,站点-009,L4号线,2026-04-08,9,0,0,7303
ST009,站点-009,L4号线,2026-04-08,12,0,0,5613
ST009,站点-009,L4号线,2026-04-08,18,0,0,18658
ST009,站点-009,L4号线,2026-04-08,19,0,0,17568
ST009,站点-009,L4号线,2026-04-08,20,0,0,6462
ST009,站点-009,L4号线,2026-04-09,7,0,0,15190
ST009,站点-009,L4号线,2026-04-09,8,0,0,17300
ST009,站点-009,L4号线,2026-04-09,9,0,0,7160
ST009,站点-009,L4号线,2026-04-09,12,0,0,5577
ST009,站点-009,L4号线,2026-04-09,18,0,0,16424
ST009,站点-009,L4号线,2026-04-09,19,0,0,16883
ST009,站点-009,L4号线,2026-04-09,20,0,0,5912
ST009,站点-009,L4号线,2026-04-10,7,0,0,17961
ST009,站点-009,L4号线,2026-04-10,8,0,0,15860
ST009,站点-009,L4号线,2026-04-10,9,0,0,5667
ST009,站点-009,L4号线,2026-04-10,12,0,0,7378
ST009,站点-009,L4号线,2026-04-10,18,0,0,17514
ST009,站点-009,L4号线,2026-04-10,19,0,0,17032
ST009,站点-009,L4号线,2026-04-10,20,0,0,6461
ST009,站点-009,L4号线,2026-04-11,7,1,0,11032
ST009,站点-009,L4号线,2026-04-11,8,1,0,10067
ST009,站点-009,L4号线,2026-04-11,9,1,0,4289
ST009,站点-009,L4号线,2026-04-11,12,1,0,4243
ST009,站点-009,L4号线,2026-04-11,18,1,0,9927
ST009,站点-009,L4号线,2026-04-11,19,1,0,10597
ST009,站点-009,L4号线,2026-04-11,20,1,0,4387
ST009,站点-009,L4号线,2026-04-12,7,1,0,10948
ST009,站点-009,L4号线,2026-04-12,8,1,0,11242
ST009,站点-009,L4号线,2026-04-12,9,1,0,5057
ST009,站点-009,L4号线,2026-04-12,12,1,0,4399
ST009,站点-009,L4号线,2026-04-12,18,1,0,10760
ST009,站点-009,L4号线,2026-04-12,19,1,0,10661
ST009,站点-009,L4号线,2026-04-12,20,1,0,5069
ST009,站点-009,L4号线,2026-04-13,7,0,0,16367
ST009,站点-009,L4号线,2026-04-13,8,0,0,14091
ST009,站点-009,L4号线,2026-04-13,9,0,0,6026
ST009,站点-009,L4号线,2026-04-13,12,0,0,5863
ST009,站点-009,L4号线,2026-04-13,18,0,0,18090
ST009,站点-009,L4号线,2026-04-13,19,0,0,14314
ST009,站点-009,L4号线,2026-04-13,20,0,0,7072
ST009,站点-009,L4号线,2026-04-14,7,0,0,14907
ST009,站点-009,L4号线,2026-04-14,8,0,0,14346
ST009,站点-009,L4号线,2026-04-14,9,0,0,6998
ST009,站点-009,L4号线,2026-04-14,12,0,0,6296
ST009,站点-009,L4号线,2026-04-14,18,0,0,18018
ST009,站点-009,L4号线,2026-04-14,19,0,0,15866
ST009,站点-009,L4号线,2026-04-14,20,0,0,6727
ST009,站点-009,L4号线,2026-04-15,7,0,1,14634
ST009,站点-009,L4号线,2026-04-15,8,0,1,13998
ST009,站点-009,L4号线,2026-04-15,9,0,1,6482
ST009,站点-009,L4号线,2026-04-15,12,0,1,5561
ST009,站点-009,L4号线,2026-04-15,18,0,1,18744
ST009,站点-009,L4号线,2026-04-15,19,0,1,16211
ST009,站点-009,L4号线,2026-04-15,20,0,1,7442
ST009,站点-009,L4号线,2026-04-16,7,0,0,14993
ST009,站点-009,L4号线,2026-04-16,8,0,0,13995
ST009,站点-009,L4号线,2026-04-16,9,0,0,6069
ST009,站点-009,L4号线,2026-04-16,12,0,0,6098
ST009,站点-009,L4号线,2026-04-16,18,0,0,13861
ST009,站点-009,L4号线,2026-04-16,19,0,0,15355
ST009,站点-009,L4号线,2026-04-16,20,0,0,6112
ST009,站点-009,L4号线,2026-04-17,7,0,0,15233
ST009,站点-009,L4号线,2026-04-17,8,0,0,18678
ST009,站点-009,L4号线,2026-04-17,9,0,0,6209
ST009,站点-009,L4号线,2026-04-17,12,0,0,6499
ST009,站点-009,L4号线,2026-04-17,18,0,0,17014
ST009,站点-009,L4号线,2026-04-17,19,0,0,16773
ST009,站点-009,L4号线,2026-04-17,20,0,0,6687
ST009,站点-009,L4号线,2026-04-18,7,1,0,10799
ST009,站点-009,L4号线,2026-04-18,8,1,0,11089
ST009,站点-009,L4号线,2026-04-18,9,1,0,4175
ST009,站点-009,L4号线,2026-04-18,12,1,0,3952
ST009,站点-009,L4号线,2026-04-18,18,1,0,10355
ST009,站点-009,L4号线,2026-04-18,19,1,0,12706
ST009,站点-009,L4号线,2026-04-18,20,1,0,4849
ST009,站点-009,L4号线,2026-04-19,7,1,0,11301
ST009,站点-009,L4号线,2026-04-19,8,1,0,10421
ST009,站点-009,L4号线,2026-04-19,9,1,0,4479
ST009,站点-009,L4号线,2026-04-19,12,1,0,4939
ST009,站点-009,L4号线,2026-04-19,18,1,0,10599
ST009,站点-009,L4号线,2026-04-19,19,1,0,11268
ST009,站点-009,L4号线,2026-04-19,20,1,0,5184
ST009,站点-009,L4号线,2026-04-20,7,0,0,15910
ST009,站点-009,L4号线,2026-04-20,8,0,0,16287
ST009,站点-009,L4号线,2026-04-20,9,0,0,7138
ST009,站点-009,L4号线,2026-04-20,12,0,0,5757
ST009,站点-009,L4号线,2026-04-20,18,0,0,17794
ST009,站点-009,L4号线,2026-04-20,19,0,0,14808
ST009,站点-009,L4号线,2026-04-20,20,0,0,6367
ST009,站点-009,L4号线,2026-04-21,7,0,0,16560
ST009,站点-009,L4号线,2026-04-21,8,0,0,14901
ST009,站点-009,L4号线,2026-04-21,9,0,0,7038
ST009,站点-009,L4号线,2026-04-21,12,0,0,6766
ST009,站点-009,L4号线,2026-04-21,18,0,0,15276
ST009,站点-009,L4号线,2026-04-21,19,0,0,16563
ST009,站点-009,L4号线,2026-04-21,20,0,0,7371
ST009,站点-009,L4号线,2026-04-22,7,0,0,17962
ST009,站点-009,L4号线,2026-04-22,8,0,0,17813
ST009,站点-009,L4号线,2026-04-22,9,0,0,6456
ST009,站点-009,L4号线,2026-04-22,12,0,0,6301
ST009,站点-009,L4号线,2026-04-22,18,0,0,17153
ST009,站点-009,L4号线,2026-04-22,19,0,0,15801
ST009,站点-009,L4号线,2026-04-22,20,0,0,6636
ST009,站点-009,L4号线,2026-04-23,7,0,0,17399
ST009,站点-009,L4号线,2026-04-23,8,0,0,17537
ST009,站点-009,L4号线,2026-04-23,9,0,0,6018
ST009,站点-009,L4号线,2026-04-23,12,0,0,5831
ST009,站点-009,L4号线,2026-04-23,18,0,0,18213
ST009,站点-009,L4号线,2026-04-23,19,0,0,13995
ST009,站点-009,L4号线,2026-04-23,20,0,0,7235
ST009,站点-009,L4号线,2026-04-24,7,0,0,14386
ST009,站点-009,L4号线,2026-04-24,8,0,0,18261
ST009,站点-009,L4号线,2026-04-24,9,0,0,7495
ST009,站点-009,L4号线,2026-04-24,12,0,0,5911
ST009,站点-009,L4号线,2026-04-24,18,0,0,14556
ST009,站点-009,L4号线,2026-04-24,19,0,0,14818
ST009,站点-009,L4号线,2026-04-24,20,0,0,5636
ST009,站点-009,L4号线,2026-04-25,7,1,0,10110
ST009,站点-009,L4号线,2026-04-25,8,1,0,10008
ST009,站点-009,L4号线,2026-04-25,9,1,0,4088
ST009,站点-009,L4号线,2026-04-25,12,1,0,4402
ST009,站点-009,L4号线,2026-04-25,18,1,0,10785
ST009,站点-009,L4号线,2026-04-25,19,1,0,11860
ST009,站点-009,L4号线,2026-04-25,20,1,0,4610
ST009,站点-009,L4号线,2026-04-26,7,1,0,12274
ST009,站点-009,L4号线,2026-04-26,8,1,0,10770
ST009,站点-009,L4号线,2026-04-26,9,1,0,4417
ST009,站点-009,L4号线,2026-04-26,12,1,0,4765
ST009,站点-009,L4号线,2026-04-26,18,1,0,12677
ST009,站点-009,L4号线,2026-04-26,19,1,0,10939
ST009,站点-009,L4号线,2026-04-26,20,1,0,4016
ST009,站点-009,L4号线,2026-04-27,7,0,0,15039
ST009,站点-009,L4号线,2026-04-27,8,0,0,17394
ST009,站点-009,L4号线,2026-04-27,9,0,0,7430
ST009,站点-009,L4号线,2026-04-27,12,0,0,5753
ST009,站点-009,L4号线,2026-04-27,18,0,0,16088
ST009,站点-009,L4号线,2026-04-27,19,0,0,16638
ST009,站点-009,L4号线,2026-04-27,20,0,0,6434
ST009,站点-009,L4号线,2026-04-28,7,0,0,17929
ST009,站点-009,L4号线,2026-04-28,8,0,0,14173
ST009,站点-009,L4号线,2026-04-28,9,0,0,5752
ST009,站点-009,L4号线,2026-04-28,12,0,0,6742
ST009,站点-009,L4号线,2026-04-28,18,0,0,14903
ST009,站点-009,L4号线,2026-04-28,19,0,0,15501
ST009,站点-009,L4号线,2026-04-28,20,0,0,6576
ST009,站点-009,L4号线,2026-04-29,7,0,0,16587
ST009,站点-009,L4号线,2026-04-29,8,0,0,15786
ST009,站点-009,L4号线,2026-04-29,9,0,0,7489
ST009,站点-009,L4号线,2026-04-29,12,0,0,6684
ST009,站点-009,L4号线,2026-04-29,18,0,0,17607
ST009,站点-009,L4号线,2026-04-29,19,0,0,16290
ST009,站点-009,L4号线,2026-04-29,20,0,0,7302
ST009,站点-009,L4号线,2026-04-30,7,0,0,14842
ST009,站点-009,L4号线,2026-04-30,8,0,0,17263
ST009,站点-009,L4号线,2026-04-30,9,0,0,6238
ST009,站点-009,L4号线,2026-04-30,12,0,0,6580
ST009,站点-009,L4号线,2026-04-30,18,0,0,14578
ST009,站点-009,L4号线,2026-04-30,19,0,0,16349
ST009,站点-009,L4号线,2026-04-30,20,0,0,7437
ST010,站点-010,L6号线,2026-04-01,7,0,0,41981
ST010,站点-010,L6号线,2026-04-01,8,0,0,40097
ST010,站点-010,L6号线,2026-04-01,9,0,0,18460
ST010,站点-010,L6号线,2026-04-01,12,0,0,18411
ST010,站点-010,L6号线,2026-04-01,18,0,0,43414
ST010,站点-010,L6号线,2026-04-01,19,0,0,36029
ST010,站点-010,L6号线,2026-04-01,20,0,0,17741
ST010,站点-010,L6号线,2026-04-02,7,0,0,38582
ST010,站点-010,L6号线,2026-04-02,8,0,0,37150
ST010,站点-010,L6号线,2026-04-02,9,0,0,17312
ST010,站点-010,L6号线,2026-04-02,12,0,0,17841
ST010,站点-010,L6号线,2026-04-02,18,0,0,37056
ST010,站点-010,L6号线,2026-04-02,19,0,0,35562
ST010,站点-010,L6号线,2026-04-02,20,0,0,18662
ST010,站点-010,L6号线,2026-04-03,7,0,0,38872
ST010,站点-010,L6号线,2026-04-03,8,0,0,41082
ST010,站点-010,L6号线,2026-04-03,9,0,0,17599
ST010,站点-010,L6号线,2026-04-03,12,0,0,17430
ST010,站点-010,L6号线,2026-04-03,18,0,0,37237
ST010,站点-010,L6号线,2026-04-03,19,0,0,46242
ST010,站点-010,L6号线,2026-04-03,20,0,0,18128
ST010,站点-010,L6号线,2026-04-04,7,1,0,32650
ST010,站点-010,L6号线,2026-04-04,8,1,0,31601
ST010,站点-010,L6号线,2026-04-04,9,1,0,12406
ST010,站点-010,L6号线,2026-04-04,12,1,0,12063
ST010,站点-010,L6号线,2026-04-04,18,1,0,32828
ST010,站点-010,L6号线,2026-04-04,19,1,0,31113
ST010,站点-010,L6号线,2026-04-04,20,1,0,10740
ST010,站点-010,L6号线,2026-04-05,7,1,0,27112
ST010,站点-010,L6号线,2026-04-05,8,1,0,30224
ST010,站点-010,L6号线,2026-04-05,9,1,0,13037
ST010,站点-010,L6号线,2026-04-05,12,1,0,12537
ST010,站点-010,L6号线,2026-04-05,18,1,0,25821
ST010,站点-010,L6号线,2026-04-05,19,1,0,24720
ST010,站点-010,L6号线,2026-04-05,20,1,0,11576
ST010,站点-010,L6号线,2026-04-06,7,0,0,37711
ST010,站点-010,L6号线,2026-04-06,8,0,0,39842
ST010,站点-010,L6号线,2026-04-06,9,0,0,14843
ST010,站点-010,L6号线,2026-04-06,12,0,0,16042
ST010,站点-010,L6号线,2026-04-06,18,0,0,39945
ST010,站点-010,L6号线,2026-04-06,19,0,0,38209
ST010,站点-010,L6号线,2026-04-06,20,0,0,16266
ST010,站点-010,L6号线,2026-04-07,7,0,0,38759
ST010,站点-010,L6号线,2026-04-07,8,0,0,38694
ST010,站点-010,L6号线,2026-04-07,9,0,0,18233
ST010,站点-010,L6号线,2026-04-07,12,0,0,14513
ST010,站点-010,L6号线,2026-04-07,18,0,0,46001
ST010,站点-010,L6号线,2026-04-07,19,0,0,45261
ST010,站点-010,L6号线,2026-04-07,20,0,0,16894
ST010,站点-010,L6号线,2026-04-08,7,0,0,37439
ST010,站点-010,L6号线,2026-04-08,8,0,0,38532
ST010,站点-010,L6号线,2026-04-08,9,0,0,18866
ST010,站点-010,L6号线,2026-04-08,12,0,0,14067
ST010,站点-010,L6号线,2026-04-08,18,0,0,35015
ST010,站点-010,L6号线,2026-04-08,19,0,0,40595
ST010,站点-010,L6号线,2026-04-08,20,0,0,18014
ST010,站点-010,L6号线,2026-04-09,7,0,0,39233
ST010,站点-010,L6号线,2026-04-09,8,0,0,37168
ST010,站点-010,L6号线,2026-04-09,9,0,0,16530
ST010,站点-010,L6号线,2026-04-09,12,0,0,16299
ST010,站点-010,L6号线,2026-04-09,18,0,0,38408
ST010,站点-010,L6号线,2026-04-09,19,0,0,43887
ST010,站点-010,L6号线,2026-04-09,20,0,0,16626
ST010,站点-010,L6号线,2026-04-10,7,0,0,44409
ST010,站点-010,L6号线,2026-04-10,8,0,0,36777
ST010,站点-010,L6号线,2026-04-10,9,0,0,14941
ST010,站点-010,L6号线,2026-04-10,12,0,0,15126
ST010,站点-010,L6号线,2026-04-10,18,0,0,41073
ST010,站点-010,L6号线,2026-04-10,19,0,0,45950
ST010,站点-010,L6号线,2026-04-10,20,0,0,15045
ST010,站点-010,L6号线,2026-04-11,7,1,0,26798
ST010,站点-010,L6号线,2026-04-11,8,1,0,30829
ST010,站点-010,L6号线,2026-04-11,9,1,0,12111
ST010,站点-010,L6号线,2026-04-11,12,1,0,11676
ST010,站点-010,L6号线,2026-04-11,18,1,0,28571
ST010,站点-010,L6号线,2026-04-11,19,1,0,30219
ST010,站点-010,L6号线,2026-04-11,20,1,0,11486
ST010,站点-010,L6号线,2026-04-12,7,1,0,24603
ST010,站点-010,L6号线,2026-04-12,8,1,0,30332
ST010,站点-010,L6号线,2026-04-12,9,1,0,12029
ST010,站点-010,L6号线,2026-04-12,12,1,0,9848
ST010,站点-010,L6号线,2026-04-12,18,1,0,24629
ST010,站点-010,L6号线,2026-04-12,19,1,0,29991
ST010,站点-010,L6号线,2026-04-12,20,1,0,10056
ST010,站点-010,L6号线,2026-04-13,7,0,0,46663
ST010,站点-010,L6号线,2026-04-13,8,0,0,39688
ST010,站点-010,L6号线,2026-04-13,9,0,0,18756
ST010,站点-010,L6号线,2026-04-13,12,0,0,16472
ST010,站点-010,L6号线,2026-04-13,18,0,0,46843
ST010,站点-010,L6号线,2026-04-13,19,0,0,46988
ST010,站点-010,L6号线,2026-04-13,20,0,0,17323
ST010,站点-010,L6号线,2026-04-14,7,0,0,38434
ST010,站点-010,L6号线,2026-04-14,8,0,0,38320
ST010,站点-010,L6号线,2026-04-14,9,0,0,14030
ST010,站点-010,L6号线,2026-04-14,12,0,0,17732
ST010,站点-010,L6号线,2026-04-14,18,0,0,41063
ST010,站点-010,L6号线,2026-04-14,19,0,0,42604
ST010,站点-010,L6号线,2026-04-14,20,0,0,16467
ST010,站点-010,L6号线,2026-04-15,7,0,1,39463
ST010,站点-010,L6号线,2026-04-15,8,0,1,45672
ST010,站点-010,L6号线,2026-04-15,9,0,1,14875
ST010,站点-010,L6号线,2026-04-15,12,0,1,15130
ST010,站点-010,L6号线,2026-04-15,18,0,1,35852
ST010,站点-010,L6号线,2026-04-15,19,0,1,43378
ST010,站点-010,L6号线,2026-04-15,20,0,1,15880
ST010,站点-010,L6号线,2026-04-16,7,0,0,41079
ST010,站点-010,L6号线,2026-04-16,8,0,0,41197
ST010,站点-010,L6号线,2026-04-16,9,0,0,18107
ST010,站点-010,L6号线,2026-04-16,12,0,0,18581
ST010,站点-010,L6号线,2026-04-16,18,0,0,40840
ST010,站点-010,L6号线,2026-04-16,19,0,0,43583
ST010,站点-010,L6号线,2026-04-16,20,0,0,17241
ST010,站点-010,L6号线,2026-04-17,7,0,0,37023
ST010,站点-010,L6号线,2026-04-17,8,0,0,37081
ST010,站点-010,L6号线,2026-04-17,9,0,0,16424
ST010,站点-010,L6号线,2026-04-17,12,0,0,14671
ST010,站点-010,L6号线,2026-04-17,18,0,0,35222
ST010,站点-010,L6号线,2026-04-17,19,0,0,44435
ST010,站点-010,L6号线,2026-04-17,20,0,0,15094
ST010,站点-010,L6号线,2026-04-18,7,1,0,31126
ST010,站点-010,L6号线,2026-04-18,8,1,0,30901
ST010,站点-010,L6号线,2026-04-18,9,1,0,11382
ST010,站点-010,L6号线,2026-04-18,12,1,0,12989
ST010,站点-010,L6号线,2026-04-18,18,1,0,31765
ST010,站点-010,L6号线,2026-04-18,19,1,0,32183
ST010,站点-010,L6号线,2026-04-18,20,1,0,10380
ST010,站点-010,L6号线,2026-04-19,7,1,0,29131
ST010,站点-010,L6号线,2026-04-19,8,1,0,27643
ST010,站点-010,L6号线,2026-04-19,9,1,0,11065
ST010,站点-010,L6号线,2026-04-19,12,1,0,10307
ST010,站点-010,L6号线,2026-04-19,18,1,0,29924
ST010,站点-010,L6号线,2026-04-19,19,1,0,30799
ST010,站点-010,L6号线,2026-04-19,20,1,0,10737
ST010,站点-010,L6号线,2026-04-20,7,0,0,40115
ST010,站点-010,L6号线,2026-04-20,8,0,0,42526
ST010,站点-010,L6号线,2026-04-20,9,0,0,18478
ST010,站点-010,L6号线,2026-04-20,12,0,0,17215
ST010,站点-010,L6号线,2026-04-20,18,0,0,41672
ST010,站点-010,L6号线,2026-04-20,19,0,0,36150
ST010,站点-010,L6号线,2026-04-20,20,0,0,15821
ST010,站点-010,L6号线,2026-04-21,7,0,0,38814
ST010,站点-010,L6号线,2026-04-21,8,0,0,47027
ST010,站点-010,L6号线,2026-04-21,9,0,0,15947
ST010,站点-010,L6号线,2026-04-21,12,0,0,16652
ST010,站点-010,L6号线,2026-04-21,18,0,0,38579
ST010,站点-010,L6号线,2026-04-21,19,0,0,46319
ST010,站点-010,L6号线,2026-04-21,20,0,0,16308
ST010,站点-010,L6号线,2026-04-22,7,0,0,43331
ST010,站点-010,L6号线,2026-04-22,8,0,0,43900
ST010,站点-010,L6号线,2026-04-22,9,0,0,18384
ST010,站点-010,L6号线,2026-04-22,12,0,0,16400
ST010,站点-010,L6号线,2026-04-22,18,0,0,44159
ST010,站点-010,L6号线,2026-04-22,19,0,0,41827
ST010,站点-010,L6号线,2026-04-22,20,0,0,18150
ST010,站点-010,L6号线,2026-04-23,7,0,0,45216
ST010,站点-010,L6号线,2026-04-23,8,0,0,36480
ST010,站点-010,L6号线,2026-04-23,9,0,0,15865
ST010,站点-010,L6号线,2026-04-23,12,0,0,16953
ST010,站点-010,L6号线,2026-04-23,18,0,0,36167
ST010,站点-010,L6号线,2026-04-23,19,0,0,40822
ST010,站点-010,L6号线,2026-04-23,20,0,0,15247
ST010,站点-010,L6号线,2026-04-24,7,0,0,40152
ST010,站点-010,L6号线,2026-04-24,8,0,0,43213
ST010,站点-010,L6号线,2026-04-24,9,0,0,18521
ST010,站点-010,L6号线,2026-04-24,12,0,0,17530
ST010,站点-010,L6号线,2026-04-24,18,0,0,40673
ST010,站点-010,L6号线,2026-04-24,19,0,0,45552
ST010,站点-010,L6号线,2026-04-24,20,0,0,18026
ST010,站点-010,L6号线,2026-04-25,7,1,0,32849
ST010,站点-010,L6号线,2026-04-25,8,1,0,26092
ST010,站点-010,L6号线,2026-04-25,9,1,0,9774
ST010,站点-010,L6号线,2026-04-25,12,1,0,11437
ST010,站点-010,L6号线,2026-04-25,18,1,0,25489
ST010,站点-010,L6号线,2026-04-25,19,1,0,27837
ST010,站点-010,L6号线,2026-04-25,20,1,0,11340
ST010,站点-010,L6号线,2026-04-26,7,1,0,32040
ST010,站点-010,L6号线,2026-04-26,8,1,0,32744
ST010,站点-010,L6号线,2026-04-26,9,1,0,11916
ST010,站点-010,L6号线,2026-04-26,12,1,0,13133
ST010,站点-010,L6号线,2026-04-26,18,1,0,28612
ST010,站点-010,L6号线,2026-04-26,19,1,0,27699
ST010,站点-010,L6号线,2026-04-26,20,1,0,11739
ST010,站点-010,L6号线,2026-04-27,7,0,0,43603
ST010,站点-010,L6号线,2026-04-27,8,0,0,39215
ST010,站点-010,L6号线,2026-04-27,9,0,0,17971
ST010,站点-010,L6号线,2026-04-27,12,0,0,17773
ST010,站点-010,L6号线,2026-04-27,18,0,0,46853
ST010,站点-010,L6号线,2026-04-27,19,0,0,39081
ST010,站点-010,L6号线,2026-04-27,20,0,0,15481
ST010,站点-010,L6号线,2026-04-28,7,0,0,36302
ST010,站点-010,L6号线,2026-04-28,8,0,0,46241
ST010,站点-010,L6号线,2026-04-28,9,0,0,16292
ST010,站点-010,L6号线,2026-04-28,12,0,0,14911
ST010,站点-010,L6号线,2026-04-28,18,0,0,35232
ST010,站点-010,L6号线,2026-04-28,19,0,0,44913
ST010,站点-010,L6号线,2026-04-28,20,0,0,16461
ST010,站点-010,L6号线,2026-04-29,7,0,0,45124
ST010,站点-010,L6号线,2026-04-29,8,0,0,36909
ST010,站点-010,L6号线,2026-04-29,9,0,0,14327
ST010,站点-010,L6号线,2026-04-29,12,0,0,14062
ST010,站点-010,L6号线,2026-04-29,18,0,0,37751
ST010,站点-010,L6号线,2026-04-29,19,0,0,38627
ST010,站点-010,L6号线,2026-04-29,20,0,0,15357
ST010,站点-010,L6号线,2026-04-30,7,0,0,44222
ST010,站点-010,L6号线,2026-04-30,8,0,0,35799
ST010,站点-010,L6号线,2026-04-30,9,0,0,16621
ST010,站点-010,L6号线,2026-04-30,12,0,0,16833
ST010,站点-010,L6号线,2026-04-30,18,0,0,40466
ST010,站点-010,L6号线,2026-04-30,19,0,0,37896
ST010,站点-010,L6号线,2026-04-30,20,0,0,14013
ST011,站点-011,L1号线,2026-04-01,7,0,0,34606
ST011,站点-011,L1号线,2026-04-01,8,0,0,30838
ST011,站点-011,L1号线,2026-04-01,9,0,0,11404
ST011,站点-011,L1号线,2026-04-01,12,0,0,13135
ST011,站点-011,L1号线,2026-04-01,18,0,0,31100
ST011,站点-011,L1号线,2026-04-01,19,0,0,31540
ST011,站点-011,L1号线,2026-04-01,20,0,0,12089
ST011,站点-011,L1号线,2026-04-02,7,0,0,31914
ST011,站点-011,L1号线,2026-04-02,8,0,0,28577
ST011,站点-011,L1号线,2026-04-02,9,0,0,13081
ST011,站点-011,L1号线,2026-04-02,12,0,0,12071
ST011,站点-011,L1号线,2026-04-02,18,0,0,34656
ST011,站点-011,L1号线,2026-04-02,19,0,0,32832
ST011,站点-011,L1号线,2026-04-02,20,0,0,15226
ST011,站点-011,L1号线,2026-04-03,7,0,0,37494
ST011,站点-011,L1号线,2026-04-03,8,0,0,35683
ST011,站点-011,L1号线,2026-04-03,9,0,0,12443
ST011,站点-011,L1号线,2026-04-03,12,0,0,13948
ST011,站点-011,L1号线,2026-04-03,18,0,0,33215
ST011,站点-011,L1号线,2026-04-03,19,0,0,28743
ST011,站点-011,L1号线,2026-04-03,20,0,0,14702
ST011,站点-011,L1号线,2026-04-04,7,1,0,24061
ST011,站点-011,L1号线,2026-04-04,8,1,0,26053
ST011,站点-011,L1号线,2026-04-04,9,1,0,10450
ST011,站点-011,L1号线,2026-04-04,12,1,0,10574
ST011,站点-011,L1号线,2026-04-04,18,1,0,23548
ST011,站点-011,L1号线,2026-04-04,19,1,0,22076
ST011,站点-011,L1号线,2026-04-04,20,1,0,10675
ST011,站点-011,L1号线,2026-04-05,7,1,0,24832
ST011,站点-011,L1号线,2026-04-05,8,1,0,20715
ST011,站点-011,L1号线,2026-04-05,9,1,0,9299
ST011,站点-011,L1号线,2026-04-05,12,1,0,10230
ST011,站点-011,L1号线,2026-04-05,18,1,0,21014
ST011,站点-011,L1号线,2026-04-05,19,1,0,21246
ST011,站点-011,L1号线,2026-04-05,20,1,0,8498
ST011,站点-011,L1号线,2026-04-06,7,0,0,35297
ST011,站点-011,L1号线,2026-04-06,8,0,0,36615
ST011,站点-011,L1号线,2026-04-06,9,0,0,13738
ST011,站点-011,L1号线,2026-04-06,12,0,0,12994
ST011,站点-011,L1号线,2026-04-06,18,0,0,29793
ST011,站点-011,L1号线,2026-04-06,19,0,0,35028
ST011,站点-011,L1号线,2026-04-06,20,0,0,15186
ST011,站点-011,L1号线,2026-04-07,7,0,0,33703
ST011,站点-011,L1号线,2026-04-07,8,0,0,37072
ST011,站点-011,L1号线,2026-04-07,9,0,0,14727
ST011,站点-011,L1号线,2026-04-07,12,0,0,13243
ST011,站点-011,L1号线,2026-04-07,18,0,0,37548
ST011,站点-011,L1号线,2026-04-07,19,0,0,36081
ST011,站点-011,L1号线,2026-04-07,20,0,0,15167
ST011,站点-011,L1号线,2026-04-08,7,0,0,31990
ST011,站点-011,L1号线,2026-04-08,8,0,0,37566
ST011,站点-011,L1号线,2026-04-08,9,0,0,13311
ST011,站点-011,L1号线,2026-04-08,12,0,0,13652
ST011,站点-011,L1号线,2026-04-08,18,0,0,37134
ST011,站点-011,L1号线,2026-04-08,19,0,0,29043
ST011,站点-011,L1号线,2026-04-08,20,0,0,13758
ST011,站点-011,L1号线,2026-04-09,7,0,0,32690
ST011,站点-011,L1号线,2026-04-09,8,0,0,38164
ST011,站点-011,L1号线,2026-04-09,9,0,0,11874
ST011,站点-011,L1号线,2026-04-09,12,0,0,12034
ST011,站点-011,L1号线,2026-04-09,18,0,0,32579
ST011,站点-011,L1号线,2026-04-09,19,0,0,29657
ST011,站点-011,L1号线,2026-04-09,20,0,0,13199
ST011,站点-011,L1号线,2026-04-10,7,0,0,34611
ST011,站点-011,L1号线,2026-04-10,8,0,0,37172
ST011,站点-011,L1号线,2026-04-10,9,0,0,13431
ST011,站点-011,L1号线,2026-04-10,12,0,0,14879
ST011,站点-011,L1号线,2026-04-10,18,0,0,29127
ST011,站点-011,L1号线,2026-04-10,19,0,0,34076
ST011,站点-011,L1号线,2026-04-10,20,0,0,15272
ST011,站点-011,L1号线,2026-04-11,7,1,0,23142
ST011,站点-011,L1号线,2026-04-11,8,1,0,22988
ST011,站点-011,L1号线,2026-04-11,9,1,0,10367
ST011,站点-011,L1号线,2026-04-11,12,1,0,10607
ST011,站点-011,L1号线,2026-04-11,18,1,0,20814
ST011,站点-011,L1号线,2026-04-11,19,1,0,20583
ST011,站点-011,L1号线,2026-04-11,20,1,0,8305
ST011,站点-011,L1号线,2026-04-12,7,1,0,25575
ST011,站点-011,L1号线,2026-04-12,8,1,0,26665
ST011,站点-011,L1号线,2026-04-12,9,1,0,8332
ST011,站点-011,L1号线,2026-04-12,12,1,0,8645
ST011,站点-011,L1号线,2026-04-12,18,1,0,21212
ST011,站点-011,L1号线,2026-04-12,19,1,0,25839
ST011,站点-011,L1号线,2026-04-12,20,1,0,8771
ST011,站点-011,L1号线,2026-04-13,7,0,0,32820
ST011,站点-011,L1号线,2026-04-13,8,0,0,34523
ST011,站点-011,L1号线,2026-04-13,9,0,0,14445
ST011,站点-011,L1号线,2026-04-13,12,0,0,14282
ST011,站点-011,L1号线,2026-04-13,18,0,0,36975
ST011,站点-011,L1号线,2026-04-13,19,0,0,34978
ST011,站点-011,L1号线,2026-04-13,20,0,0,15211
ST011,站点-011,L1号线,2026-04-14,7,0,0,37205
ST011,站点-011,L1号线,2026-04-14,8,0,0,32532
ST011,站点-011,L1号线,2026-04-14,9,0,0,13317
ST011,站点-011,L1号线,2026-04-14,12,0,0,13360
ST011,站点-011,L1号线,2026-04-14,18,0,0,29891
ST011,站点-011,L1号线,2026-04-14,19,0,0,37502
ST011,站点-011,L1号线,2026-04-14,20,0,0,15061
ST011,站点-011,L1号线,2026-04-15,7,0,1,37199
ST011,站点-011,L1号线,2026-04-15,8,0,1,33124
ST011,站点-011,L1号线,2026-04-15,9,0,1,14341
ST011,站点-011,L1号线,2026-04-15,12,0,1,14961
ST011,站点-011,L1号线,2026-04-15,18,0,1,31039
ST011,站点-011,L1号线,2026-04-15,19,0,1,36639
ST011,站点-011,L1号线,2026-04-15,20,0,1,13282
ST011,站点-011,L1号线,2026-04-16,7,0,0,33912
ST011,站点-011,L1号线,2026-04-16,8,0,0,28257
ST011,站点-011,L1号线,2026-04-16,9,0,0,14494
ST011,站点-011,L1号线,2026-04-16,12,0,0,15037
ST011,站点-011,L1号线,2026-04-16,18,0,0,28916
ST011,站点-011,L1号线,2026-04-16,19,0,0,29005
ST011,站点-011,L1号线,2026-04-16,20,0,0,14813
ST011,站点-011,L1号线,2026-04-17,7,0,0,35656
ST011,站点-011,L1号线,2026-04-17,8,0,0,36543
ST011,站点-011,L1号线,2026-04-17,9,0,0,12222
ST011,站点-011,L1号线,2026-04-17,12,0,0,12918
ST011,站点-011,L1号线,2026-04-17,18,0,0,34210
ST011,站点-011,L1号线,2026-04-17,19,0,0,29256
ST011,站点-011,L1号线,2026-04-17,20,0,0,13891
ST011,站点-011,L1号线,2026-04-18,7,1,0,24480
ST011,站点-011,L1号线,2026-04-18,8,1,0,23167
ST011,站点-011,L1号线,2026-04-18,9,1,0,9219
ST011,站点-011,L1号线,2026-04-18,12,1,0,7992
ST011,站点-011,L1号线,2026-04-18,18,1,0,22307
ST011,站点-011,L1号线,2026-04-18,19,1,0,22364
ST011,站点-011,L1号线,2026-04-18,20,1,0,9820
ST011,站点-011,L1号线,2026-04-19,7,1,0,22829
ST011,站点-011,L1号线,2026-04-19,8,1,0,25421
ST011,站点-011,L1号线,2026-04-19,9,1,0,8527
ST011,站点-011,L1号线,2026-04-19,12,1,0,9918
ST011,站点-011,L1号线,2026-04-19,18,1,0,25758
ST011,站点-011,L1号线,2026-04-19,19,1,0,26206
ST011,站点-011,L1号线,2026-04-19,20,1,0,8283
ST011,站点-011,L1号线,2026-04-20,7,0,0,36027
ST011,站点-011,L1号线,2026-04-20,8,0,0,28529
ST011,站点-011,L1号线,2026-04-20,9,0,0,13393
ST011,站点-011,L1号线,2026-04-20,12,0,0,12799
ST011,站点-011,L1号线,2026-04-20,18,0,0,29414
ST011,站点-011,L1号线,2026-04-20,19,0,0,37200
ST011,站点-011,L1号线,2026-04-20,20,0,0,11698
ST011,站点-011,L1号线,2026-04-21,7,0,0,28999
ST011,站点-011,L1号线,2026-04-21,8,0,0,37765
ST011,站点-011,L1号线,2026-04-21,9,0,0,14839
ST011,站点-011,L1号线,2026-04-21,12,0,0,14945
ST011,站点-011,L1号线,2026-04-21,18,0,0,31242
ST011,站点-011,L1号线,2026-04-21,19,0,0,35846
ST011,站点-011,L1号线,2026-04-21,20,0,0,15233
ST011,站点-011,L1号线,2026-04-22,7,0,0,32725
ST011,站点-011,L1号线,2026-04-22,8,0,0,32451
ST011,站点-011,L1号线,2026-04-22,9,0,0,15260
ST011,站点-011,L1号线,2026-04-22,12,0,0,11926
ST011,站点-011,L1号线,2026-04-22,18,0,0,36174
ST011,站点-011,L1号线,2026-04-22,19,0,0,31469
ST011,站点-011,L1号线,2026-04-22,20,0,0,14903
ST011,站点-011,L1号线,2026-04-23,7,0,0,35137
ST011,站点-011,L1号线,2026-04-23,8,0,0,35715
ST011,站点-011,L1号线,2026-04-23,9,0,0,12881
ST011,站点-011,L1号线,2026-04-23,12,0,0,15064
ST011,站点-011,L1号线,2026-04-23,18,0,0,28641
ST011,站点-011,L1号线,2026-04-23,19,0,0,37040
ST011,站点-011,L1号线,2026-04-23,20,0,0,12678
ST011,站点-011,L1号线,2026-04-24,7,0,0,30439
ST011,站点-011,L1号线,2026-04-24,8,0,0,31768
ST011,站点-011,L1号线,2026-04-24,9,0,0,13019
ST011,站点-011,L1号线,2026-04-24,12,0,0,12827
ST011,站点-011,L1号线,2026-04-24,18,0,0,38144
ST011,站点-011,L1号线,2026-04-24,19,0,0,34313
ST011,站点-011,L1号线,2026-04-24,20,0,0,11615
ST011,站点-011,L1号线,2026-04-25,7,1,0,21106
ST011,站点-011,L1号线,2026-04-25,8,1,0,25382
ST011,站点-011,L1号线,2026-04-25,9,1,0,10207
ST011,站点-011,L1号线,2026-04-25,12,1,0,9670
ST011,站点-011,L1号线,2026-04-25,18,1,0,24868
ST011,站点-011,L1号线,2026-04-25,19,1,0,22933
ST011,站点-011,L1号线,2026-04-25,20,1,0,10594
ST011,站点-011,L1号线,2026-04-26,7,1,0,20605
ST011,站点-011,L1号线,2026-04-26,8,1,0,24529
ST011,站点-011,L1号线,2026-04-26,9,1,0,8302
ST011,站点-011,L1号线,2026-04-26,12,1,0,9143
ST011,站点-011,L1号线,2026-04-26,18,1,0,21411
ST011,站点-011,L1号线,2026-04-26,19,1,0,23468
ST011,站点-011,L1号线,2026-04-26,20,1,0,10505
ST011,站点-011,L1号线,2026-04-27,7,0,0,32617
ST011,站点-011,L1号线,2026-04-27,8,0,0,30878
ST011,站点-011,L1号线,2026-04-27,9,0,0,14776
ST011,站点-011,L1号线,2026-04-27,12,0,0,14422
ST011,站点-011,L1号线,2026-04-27,18,0,0,34337
ST011,站点-011,L1号线,2026-04-27,19,0,0,32842
ST011,站点-011,L1号线,2026-04-27,20,0,0,14978
ST011,站点-011,L1号线,2026-04-28,7,0,0,34466
ST011,站点-011,L1号线,2026-04-28,8,0,0,31884
ST011,站点-011,L1号线,2026-04-28,9,0,0,11981
ST011,站点-011,L1号线,2026-04-28,12,0,0,11439
ST011,站点-011,L1号线,2026-04-28,18,0,0,31878
ST011,站点-011,L1号线,2026-04-28,19,0,0,37813
ST011,站点-011,L1号线,2026-04-28,20,0,0,12291
ST011,站点-011,L1号线,2026-04-29,7,0,0,29474
ST011,站点-011,L1号线,2026-04-29,8,0,0,32546
ST011,站点-011,L1号线,2026-04-29,9,0,0,12523
ST011,站点-011,L1号线,2026-04-29,12,0,0,13305
ST011,站点-011,L1号线,2026-04-29,18,0,0,29119
ST011,站点-011,L1号线,2026-04-29,19,0,0,37996
ST011,站点-011,L1号线,2026-04-29,20,0,0,11577
ST011,站点-011,L1号线,2026-04-30,7,0,0,36772
ST011,站点-011,L1号线,2026-04-30,8,0,0,28964
ST011,站点-011,L1号线,2026-04-30,9,0,0,13326
ST011,站点-011,L1号线,2026-04-30,12,0,0,15016
ST011,站点-011,L1号线,2026-04-30,18,0,0,33583
ST011,站点-011,L1号线,2026-04-30,19,0,0,32333
ST011,站点-011,L1号线,2026-04-30,20,0,0,11842
ST012,站点-012,L6号线,2026-04-01,7,0,0,7110
ST012,站点-012,L6号线,2026-04-01,8,0,0,6208
ST012,站点-012,L6号线,2026-04-01,9,0,0,2794
ST012,站点-012,L6号线,2026-04-01,12,0,0,3038
ST012,站点-012,L6号线,2026-04-01,18,0,0,7512
ST012,站点-012,L6号线,2026-04-01,19,0,0,6626
ST012,站点-012,L6号线,2026-04-01,20,0,0,2474
ST012,站点-012,L6号线,2026-04-02,7,0,0,6898
ST012,站点-012,L6号线,2026-04-02,8,0,0,7304
ST012,站点-012,L6号线,2026-04-02,9,0,0,2769
ST012,站点-012,L6号线,2026-04-02,12,0,0,2988
ST012,站点-012,L6号线,2026-04-02,18,0,0,7124
ST012,站点-012,L6号线,2026-04-02,19,0,0,6742
ST012,站点-012,L6号线,2026-04-02,20,0,0,2600
ST012,站点-012,L6号线,2026-04-03,7,0,0,6830
ST012,站点-012,L6号线,2026-04-03,8,0,0,7036
ST012,站点-012,L6号线,2026-04-03,9,0,0,2985
ST012,站点-012,L6号线,2026-04-03,12,0,0,2930
ST012,站点-012,L6号线,2026-04-03,18,0,0,6067
ST012,站点-012,L6号线,2026-04-03,19,0,0,6023
ST012,站点-012,L6号线,2026-04-03,20,0,0,2579
ST012,站点-012,L6号线,2026-04-04,7,1,0,5595
ST012,站点-012,L6号线,2026-04-04,8,1,0,4671
ST012,站点-012,L6号线,2026-04-04,9,1,0,1810
ST012,站点-012,L6号线,2026-04-04,12,1,0,1958
ST012,站点-012,L6号线,2026-04-04,18,1,0,4230
ST012,站点-012,L6号线,2026-04-04,19,1,0,4749
ST012,站点-012,L6号线,2026-04-04,20,1,0,1710
ST012,站点-012,L6号线,2026-04-05,7,1,0,4966
ST012,站点-012,L6号线,2026-04-05,8,1,0,4303
ST012,站点-012,L6号线,2026-04-05,9,1,0,2075
ST012,站点-012,L6号线,2026-04-05,12,1,0,2169
ST012,站点-012,L6号线,2026-04-05,18,1,0,4604
ST012,站点-012,L6号线,2026-04-05,19,1,0,5487
ST012,站点-012,L6号线,2026-04-05,20,1,0,2189
ST012,站点-012,L6号线,2026-04-06,7,0,0,6618
ST012,站点-012,L6号线,2026-04-06,8,0,0,6655
ST012,站点-012,L6号线,2026-04-06,9,0,0,2623
ST012,站点-012,L6号线,2026-04-06,12,0,0,2758
ST012,站点-012,L6号线,2026-04-06,18,0,0,7266
ST012,站点-012,L6号线,2026-04-06,19,0,0,8024
ST012,站点-012,L6号线,2026-04-06,20,0,0,3143
ST012,站点-012,L6号线,2026-04-07,7,0,0,7513
ST012,站点-012,L6号线,2026-04-07,8,0,0,7266
ST012,站点-012,L6号线,2026-04-07,9,0,0,3196
ST012,站点-012,L6号线,2026-04-07,12,0,0,3018
ST012,站点-012,L6号线,2026-04-07,18,0,0,7276
ST012,站点-012,L6号线,2026-04-07,19,0,0,6435
ST012,站点-012,L6号线,2026-04-07,20,0,0,3121
ST012,站点-012,L6号线,2026-04-08,7,0,0,6868
ST012,站点-012,L6号线,2026-04-08,8,0,0,7692
ST012,站点-012,L6号线,2026-04-08,9,0,0,3115
ST012,站点-012,L6号线,2026-04-08,12,0,0,2441
ST012,站点-012,L6号线,2026-04-08,18,0,0,7123
ST012,站点-012,L6号线,2026-04-08,19,0,0,7434
ST012,站点-012,L6号线,2026-04-08,20,0,0,3209
ST012,站点-012,L6号线,2026-04-09,7,0,0,6669
ST012,站点-012,L6号线,2026-04-09,8,0,0,6245
ST012,站点-012,L6号线,2026-04-09,9,0,0,2617
ST012,站点-012,L6号线,2026-04-09,12,0,0,2995
ST012,站点-012,L6号线,2026-04-09,18,0,0,7790
ST012,站点-012,L6号线,2026-04-09,19,0,0,7738
ST012,站点-012,L6号线,2026-04-09,20,0,0,2464
ST012,站点-012,L6号线,2026-04-10,7,0,0,7725
ST012,站点-012,L6号线,2026-04-10,8,0,0,8099
ST012,站点-012,L6号线,2026-04-10,9,0,0,2833
ST012,站点-012,L6号线,2026-04-10,12,0,0,2485
ST012,站点-012,L6号线,2026-04-10,18,0,0,7524
ST012,站点-012,L6号线,2026-04-10,19,0,0,7897
ST012,站点-012,L6号线,2026-04-10,20,0,0,2584
ST012,站点-012,L6号线,2026-04-11,7,1,0,4751
ST012,站点-012,L6号线,2026-04-11,8,1,0,5336
ST012,站点-012,L6号线,2026-04-11,9,1,0,2236
ST012,站点-012,L6号线,2026-04-11,12,1,0,1849
ST012,站点-012,L6号线,2026-04-11,18,1,0,4562
ST012,站点-012,L6号线,2026-04-11,19,1,0,4837
ST012,站点-012,L6号线,2026-04-11,20,1,0,1921
ST012,站点-012,L6号线,2026-04-12,7,1,0,4707
ST012,站点-012,L6号线,2026-04-12,8,1,0,4402
ST012,站点-012,L6号线,2026-04-12,9,1,0,1947
ST012,站点-012,L6号线,2026-04-12,12,1,0,1809
ST012,站点-012,L6号线,2026-04-12,18,1,0,4671
ST012,站点-012,L6号线,2026-04-12,19,1,0,4402
ST012,站点-012,L6号线,2026-04-12,20,1,0,2030
ST012,站点-012,L6号线,2026-04-13,7,0,0,7928
ST012,站点-012,L6号线,2026-04-13,8,0,0,7847
ST012,站点-012,L6号线,2026-04-13,9,0,0,3012
ST012,站点-012,L6号线,2026-04-13,12,0,0,3128
ST012,站点-012,L6号线,2026-04-13,18,0,0,6458
ST012,站点-012,L6号线,2026-04-13,19,0,0,7267
ST012,站点-012,L6号线,2026-04-13,20,0,0,2953
ST012,站点-012,L6号线,2026-04-14,7,0,0,7949
ST012,站点-012,L6号线,2026-04-14,8,0,0,6280
ST012,站点-012,L6号线,2026-04-14,9,0,0,3084
ST012,站点-012,L6号线,2026-04-14,12,0,0,3106
ST012,站点-012,L6号线,2026-04-14,18,0,0,7832
ST012,站点-012,L6号线,2026-04-14,19,0,0,6157
ST012,站点-012,L6号线,2026-04-14,20,0,0,2799
ST012,站点-012,L6号线,2026-04-15,7,0,1,6409
ST012,站点-012,L6号线,2026-04-15,8,0,1,6039
ST012,站点-012,L6号线,2026-04-15,9,0,1,2718
ST012,站点-012,L6号线,2026-04-15,12,0,1,2966
ST012,站点-012,L6号线,2026-04-15,18,0,1,6071
ST012,站点-012,L6号线,2026-04-15,19,0,1,7404
ST012,站点-012,L6号线,2026-04-15,20,0,1,2644
ST012,站点-012,L6号线,2026-04-16,7,0,0,6262
ST012,站点-012,L6号线,2026-04-16,8,0,0,7304
ST012,站点-012,L6号线,2026-04-16,9,0,0,2516
ST012,站点-012,L6号线,2026-04-16,12,0,0,2937
ST012,站点-012,L6号线,2026-04-16,18,0,0,7415
ST012,站点-012,L6号线,2026-04-16,19,0,0,6041
ST012,站点-012,L6号线,2026-04-16,20,0,0,2597
ST012,站点-012,L6号线,2026-04-17,7,0,0,6895
ST012,站点-012,L6号线,2026-04-17,8,0,0,6286
ST012,站点-012,L6号线,2026-04-17,9,0,0,2536
ST012,站点-012,L6号线,2026-04-17,12,0,0,2847
ST012,站点-012,L6号线,2026-04-17,18,0,0,7326
ST012,站点-012,L6号线,2026-04-17,19,0,0,6764
ST012,站点-012,L6号线,2026-04-17,20,0,0,2957
ST012,站点-012,L6号线,2026-04-18,7,1,0,5669
ST012,站点-012,L6号线,2026-04-18,8,1,0,4328
ST012,站点-012,L6号线,2026-04-18,9,1,0,2010
ST012,站点-012,L6号线,2026-04-18,12,1,0,1844
ST012,站点-012,L6号线,2026-04-18,18,1,0,5226
ST012,站点-012,L6号线,2026-04-18,19,1,0,5640
ST012,站点-012,L6号线,2026-04-18,20,1,0,1812
ST012,站点-012,L6号线,2026-04-19,7,1,0,5597
ST012,站点-012,L6号线,2026-04-19,8,1,0,4883
ST012,站点-012,L6号线,2026-04-19,9,1,0,1959
ST012,站点-012,L6号线,2026-04-19,12,1,0,1911
ST012,站点-012,L6号线,2026-04-19,18,1,0,5328
ST012,站点-012,L6号线,2026-04-19,19,1,0,5520
ST012,站点-012,L6号线,2026-04-19,20,1,0,1811
ST012,站点-012,L6号线,2026-04-20,7,0,0,7473
ST012,站点-012,L6号线,2026-04-20,8,0,0,6459
ST012,站点-012,L6号线,2026-04-20,9,0,0,2888
ST012,站点-012,L6号线,2026-04-20,12,0,0,2778
ST012,站点-012,L6号线,2026-04-20,18,0,0,7294
ST012,站点-012,L6号线,2026-04-20,19,0,0,6190
ST012,站点-012,L6号线,2026-04-20,20,0,0,2606
ST012,站点-012,L6号线,2026-04-21,7,0,0,7900
ST012,站点-012,L6号线,2026-04-21,8,0,0,6827
ST012,站点-012,L6号线,2026-04-21,9,0,0,2808
ST012,站点-012,L6号线,2026-04-21,12,0,0,2519
ST012,站点-012,L6号线,2026-04-21,18,0,0,6956
ST012,站点-012,L6号线,2026-04-21,19,0,0,6030
ST012,站点-012,L6号线,2026-04-21,20,0,0,2602
ST012,站点-012,L6号线,2026-04-22,7,0,0,6221
ST012,站点-012,L6号线,2026-04-22,8,0,0,6906
ST012,站点-012,L6号线,2026-04-22,9,0,0,2424
ST012,站点-012,L6号线,2026-04-22,12,0,0,2495
ST012,站点-012,L6号线,2026-04-22,18,0,0,6445
ST012,站点-012,L6号线,2026-04-22,19,0,0,6682
ST012,站点-012,L6号线,2026-04-22,20,0,0,3140
ST012,站点-012,L6号线,2026-04-23,7,0,0,7978
ST012,站点-012,L6号线,2026-04-23,8,0,0,5999
ST012,站点-012,L6号线,2026-04-23,9,0,0,3205
ST012,站点-012,L6号线,2026-04-23,12,0,0,3036
ST012,站点-012,L6号线,2026-04-23,18,0,0,7638
ST012,站点-012,L6号线,2026-04-23,19,0,0,7558
ST012,站点-012,L6号线,2026-04-23,20,0,0,3185
ST012,站点-012,L6号线,2026-04-24,7,0,0,6745
ST012,站点-012,L6号线,2026-04-24,8,0,0,6687
ST012,站点-012,L6号线,2026-04-24,9,0,0,2659
ST012,站点-012,L6号线,2026-04-24,12,0,0,2989
ST012,站点-012,L6号线,2026-04-24,18,0,0,6424
ST012,站点-012,L6号线,2026-04-24,19,0,0,6546
ST012,站点-012,L6号线,2026-04-24,20,0,0,2403
ST012,站点-012,L6号线,2026-04-25,7,1,0,4735
ST012,站点-012,L6号线,2026-04-25,8,1,0,4771
ST012,站点-012,L6号线,2026-04-25,9,1,0,2075
ST012,站点-012,L6号线,2026-04-25,12,1,0,1927
ST012,站点-012,L6号线,2026-04-25,18,1,0,4315
ST012,站点-012,L6号线,2026-04-25,19,1,0,4745
ST012,站点-012,L6号线,2026-04-25,20,1,0,2236
ST012,站点-012,L6号线,2026-04-26,7,1,0,4918
ST012,站点-012,L6号线,2026-04-26,8,1,0,5620
ST012,站点-012,L6号线,2026-04-26,9,1,0,2021
ST012,站点-012,L6号线,2026-04-26,12,1,0,2132
ST012,站点-012,L6号线,2026-04-26,18,1,0,5536
ST012,站点-012,L6号线,2026-04-26,19,1,0,4447
ST012,站点-012,L6号线,2026-04-26,20,1,0,2183
ST012,站点-012,L6号线,2026-04-27,7,0,0,8027
ST012,站点-012,L6号线,2026-04-27,8,0,0,7325
ST012,站点-012,L6号线,2026-04-27,9,0,0,2762
ST012,站点-012,L6号线,2026-04-27,12,0,0,2979
ST012,站点-012,L6号线,2026-04-27,18,0,0,7120
ST012,站点-012,L6号线,2026-04-27,19,0,0,6703
ST012,站点-012,L6号线,2026-04-27,20,0,0,3153
ST012,站点-012,L6号线,2026-04-28,7,0,0,7231
ST012,站点-012,L6号线,2026-04-28,8,0,0,6806
ST012,站点-012,L6号线,2026-04-28,9,0,0,2397
ST012,站点-012,L6号线,2026-04-28,12,0,0,2590
ST012,站点-012,L6号线,2026-04-28,18,0,0,6282
ST012,站点-012,L6号线,2026-04-28,19,0,0,7602
ST012,站点-012,L6号线,2026-04-28,20,0,0,2770
ST012,站点-012,L6号线,2026-04-29,7,0,0,6741
ST012,站点-012,L6号线,2026-04-29,8,0,0,7498
ST012,站点-012,L6号线,2026-04-29,9,0,0,2502
ST012,站点-012,L6号线,2026-04-29,12,0,0,2746
ST012,站点-012,L6号线,2026-04-29,18,0,0,7295
ST012,站点-012,L6号线,2026-04-29,19,0,0,6390
ST012,站点-012,L6号线,2026-04-29,20,0,0,2785
ST012,站点-012,L6号线,2026-04-30,7,0,0,7131
ST012,站点-012,L6号线,2026-04-30,8,0,0,7689
ST012,站点-012,L6号线,2026-04-30,9,0,0,3030
ST012,站点-012,L6号线,2026-04-30,12,0,0,2978
ST012,站点-012,L6号线,2026-04-30,18,0,0,6880
ST012,站点-012,L6号线,2026-04-30,19,0,0,7277
ST012,站点-012,L6号线,2026-04-30,20,0,0,3030
ST013,站点-013,L7号线,2026-04-01,7,0,0,27367
ST013,站点-013,L7号线,2026-04-01,8,0,0,22336
ST013,站点-013,L7号线,2026-04-01,9,0,0,10001
ST013,站点-013,L7号线,2026-04-01,12,0,0,10184
ST013,站点-013,L7号线,2026-04-01,18,0,0,26022
ST013,站点-013,L7号线,2026-04-01,19,0,0,26945
ST013,站点-013,L7号线,2026-04-01,20,0,0,8379
ST013,站点-013,L7号线,2026-04-02,7,0,0,21674
ST013,站点-013,L7号线,2026-04-02,8,0,0,26956
ST013,站点-013,L7号线,2026-04-02,9,0,0,10029
ST013,站点-013,L7号线,2026-04-02,12,0,0,9248
ST013,站点-013,L7号线,2026-04-02,18,0,0,27191
ST013,站点-013,L7号线,2026-04-02,19,0,0,22907
ST013,站点-013,L7号线,2026-04-02,20,0,0,9915
ST013,站点-013,L7号线,2026-04-03,7,0,0,25038
ST013,站点-013,L7号线,2026-04-03,8,0,0,20405
ST013,站点-013,L7号线,2026-04-03,9,0,0,9871
ST013,站点-013,L7号线,2026-04-03,12,0,0,10686
ST013,站点-013,L7号线,2026-04-03,18,0,0,23219
ST013,站点-013,L7号线,2026-04-03,19,0,0,25338
ST013,站点-013,L7号线,2026-04-03,20,0,0,9264
ST013,站点-013,L7号线,2026-04-04,7,1,0,16258
ST013,站点-013,L7号线,2026-04-04,8,1,0,14685
ST013,站点-013,L7号线,2026-04-04,9,1,0,6564
ST013,站点-013,L7号线,2026-04-04,12,1,0,6445
ST013,站点-013,L7号线,2026-04-04,18,1,0,14988
ST013,站点-013,L7号线,2026-04-04,19,1,0,17597
ST013,站点-013,L7号线,2026-04-04,20,1,0,5991
ST013,站点-013,L7号线,2026-04-05,7,1,0,16183
ST013,站点-013,L7号线,2026-04-05,8,1,0,17821
ST013,站点-013,L7号线,2026-04-05,9,1,0,6232
ST013,站点-013,L7号线,2026-04-05,12,1,0,7335
ST013,站点-013,L7号线,2026-04-05,18,1,0,19175
ST013,站点-013,L7号线,2026-04-05,19,1,0,18759
ST013,站点-013,L7号线,2026-04-05,20,1,0,6255
ST013,站点-013,L7号线,2026-04-06,7,0,0,25736
ST013,站点-013,L7号线,2026-04-06,8,0,0,26802
ST013,站点-013,L7号线,2026-04-06,9,0,0,9381
ST013,站点-013,L7号线,2026-04-06,12,0,0,10766
ST013,站点-013,L7号线,2026-04-06,18,0,0,25044
ST013,站点-013,L7号线,2026-04-06,19,0,0,22390
ST013,站点-013,L7号线,2026-04-06,20,0,0,8698
ST013,站点-013,L7号线,2026-04-07,7,0,0,27114
ST013,站点-013,L7号线,2026-04-07,8,0,0,24796
ST013,站点-013,L7号线,2026-04-07,9,0,0,8565
ST013,站点-013,L7号线,2026-04-07,12,0,0,9101
ST013,站点-013,L7号线,2026-04-07,18,0,0,21058
ST013,站点-013,L7号线,2026-04-07,19,0,0,23141
ST013,站点-013,L7号线,2026-04-07,20,0,0,8756
ST013,站点-013,L7号线,2026-04-08,7,0,0,26182
ST013,站点-013,L7号线,2026-04-08,8,0,0,25903
ST013,站点-013,L7号线,2026-04-08,9,0,0,8979
ST013,站点-013,L7号线,2026-04-08,12,0,0,8800
ST013,站点-013,L7号线,2026-04-08,18,0,0,25524
ST013,站点-013,L7号线,2026-04-08,19,0,0,23828
ST013,站点-013,L7号线,2026-04-08,20,0,0,10473
ST013,站点-013,L7号线,2026-04-09,7,0,0,26129
ST013,站点-013,L7号线,2026-04-09,8,0,0,24922
ST013,站点-013,L7号线,2026-04-09,9,0,0,10494
ST013,站点-013,L7号线,2026-04-09,12,0,0,10277
ST013,站点-013,L7号线,2026-04-09,18,0,0,25033
ST013,站点-013,L7号线,2026-04-09,19,0,0,26869
ST013,站点-013,L7号线,2026-04-09,20,0,0,9693
ST013,站点-013,L7号线,2026-04-10,7,0,0,20460
ST013,站点-013,L7号线,2026-04-10,8,0,0,27491
ST013,站点-013,L7号线,2026-04-10,9,0,0,10763
ST013,站点-013,L7号线,2026-04-10,12,0,0,8626
ST013,站点-013,L7号线,2026-04-10,18,0,0,26378
ST013,站点-013,L7号线,2026-04-10,19,0,0,23697
ST013,站点-013,L7号线,2026-04-10,20,0,0,10208
ST013,站点-013,L7号线,2026-04-11,7,1,0,18941
ST013,站点-013,L7号线,2026-04-11,8,1,0,18805
ST013,站点-013,L7号线,2026-04-11,9,1,0,6949
ST013,站点-013,L7号线,2026-04-11,12,1,0,7379
ST013,站点-013,L7号线,2026-04-11,18,1,0,17897
ST013,站点-013,L7号线,2026-04-11,19,1,0,16119
ST013,站点-013,L7号线,2026-04-11,20,1,0,7554
ST013,站点-013,L7号线,2026-04-12,7,1,0,17860
ST013,站点-013,L7号线,2026-04-12,8,1,0,16392
ST013,站点-013,L7号线,2026-04-12,9,1,0,7556
ST013,站点-013,L7号线,2026-04-12,12,1,0,6284
ST013,站点-013,L7号线,2026-04-12,18,1,0,15819
ST013,站点-013,L7号线,2026-04-12,19,1,0,16912
ST013,站点-013,L7号线,2026-04-12,20,1,0,6859
ST013,站点-013,L7号线,2026-04-13,7,0,0,24566
ST013,站点-013,L7号线,2026-04-13,8,0,0,21967
ST013,站点-013,L7号线,2026-04-13,9,0,0,10807
ST013,站点-013,L7号线,2026-04-13,12,0,0,8684
ST013,站点-013,L7号线,2026-04-13,18,0,0,23242
ST013,站点-013,L7号线,2026-04-13,19,0,0,22189
ST013,站点-013,L7号线,2026-04-13,20,0,0,10739
ST013,站点-013,L7号线,2026-04-14,7,0,0,20535
ST013,站点-013,L7号线,2026-04-14,8,0,0,22675
ST013,站点-013,L7号线,2026-04-14,9,0,0,9375
ST013,站点-013,L7号线,2026-04-14,12,0,0,8188
ST013,站点-013,L7号线,2026-04-14,18,0,0,26231
ST013,站点-013,L7号线,2026-04-14,19,0,0,27293
ST013,站点-013,L7号线,2026-04-14,20,0,0,9566
ST013,站点-013,L7号线,2026-04-15,7,0,1,21542
ST013,站点-013,L7号线,2026-04-15,8,0,1,21066
ST013,站点-013,L7号线,2026-04-15,9,0,1,10995
ST013,站点-013,L7号线,2026-04-15,12,0,1,10644
ST013,站点-013,L7号线,2026-04-15,18,0,1,22823
ST013,站点-013,L7号线,2026-04-15,19,0,1,21366
ST013,站点-013,L7号线,2026-04-15,20,0,1,9154
ST013,站点-013,L7号线,2026-04-16,7,0,0,23909
ST013,站点-013,L7号线,2026-04-16,8,0,0,27024
ST013,站点-013,L7号线,2026-04-16,9,0,0,10882
ST013,站点-013,L7号线,2026-04-16,12,0,0,9558
ST013,站点-013,L7号线,2026-04-16,18,0,0,24834
ST013,站点-013,L7号线,2026-04-16,19,0,0,20640
ST013,站点-013,L7号线,2026-04-16,20,0,0,9305
ST013,站点-013,L7号线,2026-04-17,7,0,0,22366
ST013,站点-013,L7号线,2026-04-17,8,0,0,24578
ST013,站点-013,L7号线,2026-04-17,9,0,0,10551
ST013,站点-013,L7号线,2026-04-17,12,0,0,10449
ST013,站点-013,L7号线,2026-04-17,18,0,0,25439
ST013,站点-013,L7号线,2026-04-17,19,0,0,23480
ST013,站点-013,L7号线,2026-04-17,20,0,0,8727
ST013,站点-013,L7号线,2026-04-18,7,1,0,14847
ST013,站点-013,L7号线,2026-04-18,8,1,0,18391
ST013,站点-013,L7号线,2026-04-18,9,1,0,6842
ST013,站点-013,L7号线,2026-04-18,12,1,0,6356
ST013,站点-013,L7号线,2026-04-18,18,1,0,15156
ST013,站点-013,L7号线,2026-04-18,19,1,0,14443
ST013,站点-013,L7号线,2026-04-18,20,1,0,6577
ST013,站点-013,L7号线,2026-04-19,7,1,0,18059
ST013,站点-013,L7号线,2026-04-19,8,1,0,16327
ST013,站点-013,L7号线,2026-04-19,9,1,0,7420
ST013,站点-013,L7号线,2026-04-19,12,1,0,7672
ST013,站点-013,L7号线,2026-04-19,18,1,0,16140
ST013,站点-013,L7号线,2026-04-19,19,1,0,18603
ST013,站点-013,L7号线,2026-04-19,20,1,0,7242
ST013,站点-013,L7号线,2026-04-20,7,0,0,25727
ST013,站点-013,L7号线,2026-04-20,8,0,0,25585
ST013,站点-013,L7号线,2026-04-20,9,0,0,10744
ST013,站点-013,L7号线,2026-04-20,12,0,0,9111
ST013,站点-013,L7号线,2026-04-20,18,0,0,20760
ST013,站点-013,L7号线,2026-04-20,19,0,0,27103
ST013,站点-013,L7号线,2026-04-20,20,0,0,9608
ST013,站点-013,L7号线,2026-04-21,7,0,0,23755
ST013,站点-013,L7号线,2026-04-21,8,0,0,26115
ST013,站点-013,L7号线,2026-04-21,9,0,0,9366
ST013,站点-013,L7号线,2026-04-21,12,0,0,10136
ST013,站点-013,L7号线,2026-04-21,18,0,0,20425
ST013,站点-013,L7号线,2026-04-21,19,0,0,23554
ST013,站点-013,L7号线,2026-04-21,20,0,0,8359
ST013,站点-013,L7号线,2026-04-22,7,0,0,22126
ST013,站点-013,L7号线,2026-04-22,8,0,0,22377
ST013,站点-013,L7号线,2026-04-22,9,0,0,9453
ST013,站点-013,L7号线,2026-04-22,12,0,0,9681
ST013,站点-013,L7号线,2026-04-22,18,0,0,26348
ST013,站点-013,L7号线,2026-04-22,19,0,0,26163
ST013,站点-013,L7号线,2026-04-22,20,0,0,9941
ST013,站点-013,L7号线,2026-04-23,7,0,0,23517
ST013,站点-013,L7号线,2026-04-23,8,0,0,21175
ST013,站点-013,L7号线,2026-04-23,9,0,0,10042
ST013,站点-013,L7号线,2026-04-23,12,0,0,9183
ST013,站点-013,L7号线,2026-04-23,18,0,0,25472
ST013,站点-013,L7号线,2026-04-23,19,0,0,27161
ST013,站点-013,L7号线,2026-04-23,20,0,0,10827
ST013,站点-013,L7号线,2026-04-24,7,0,0,27020
ST013,站点-013,L7号线,2026-04-24,8,0,0,27412
ST013,站点-013,L7号线,2026-04-24,9,0,0,10316
ST013,站点-013,L7号线,2026-04-24,12,0,0,10320
ST013,站点-013,L7号线,2026-04-24,18,0,0,23374
ST013,站点-013,L7号线,2026-04-24,19,0,0,20829
ST013,站点-013,L7号线,2026-04-24,20,0,0,8237
ST013,站点-013,L7号线,2026-04-25,7,1,0,14818
ST013,站点-013,L7号线,2026-04-25,8,1,0,14234
ST013,站点-013,L7号线,2026-04-25,9,1,0,5757
ST013,站点-013,L7号线,2026-04-25,12,1,0,6817
ST013,站点-013,L7号线,2026-04-25,18,1,0,16737
ST013,站点-013,L7号线,2026-04-25,19,1,0,17143
ST013,站点-013,L7号线,2026-04-25,20,1,0,7353
ST013,站点-013,L7号线,2026-04-26,7,1,0,15193
ST013,站点-013,L7号线,2026-04-26,8,1,0,15847
ST013,站点-013,L7号线,2026-04-26,9,1,0,7378
ST013,站点-013,L7号线,2026-04-26,12,1,0,7676
ST013,站点-013,L7号线,2026-04-26,18,1,0,17880
ST013,站点-013,L7号线,2026-04-26,19,1,0,18932
ST013,站点-013,L7号线,2026-04-26,20,1,0,7377
ST013,站点-013,L7号线,2026-04-27,7,0,0,25843
ST013,站点-013,L7号线,2026-04-27,8,0,0,27349
ST013,站点-013,L7号线,2026-04-27,9,0,0,10706
ST013,站点-013,L7号线,2026-04-27,12,0,0,8302
ST013,站点-013,L7号线,2026-04-27,18,0,0,22977
ST013,站点-013,L7号线,2026-04-27,19,0,0,25479
ST013,站点-013,L7号线,2026-04-27,20,0,0,9279
ST013,站点-013,L7号线,2026-04-28,7,0,0,24218
ST013,站点-013,L7号线,2026-04-28,8,0,0,24376
ST013,站点-013,L7号线,2026-04-28,9,0,0,8635
ST013,站点-013,L7号线,2026-04-28,12,0,0,8546
ST013,站点-013,L7号线,2026-04-28,18,0,0,24211
ST013,站点-013,L7号线,2026-04-28,19,0,0,21566
ST013,站点-013,L7号线,2026-04-28,20,0,0,8918
ST013,站点-013,L7号线,2026-04-29,7,0,0,26233
ST013,站点-013,L7号线,2026-04-29,8,0,0,22146
ST013,站点-013,L7号线,2026-04-29,9,0,0,9522
ST013,站点-013,L7号线,2026-04-29,12,0,0,10772
ST013,站点-013,L7号线,2026-04-29,18,0,0,23998
ST013,站点-013,L7号线,2026-04-29,19,0,0,26241
ST013,站点-013,L7号线,2026-04-29,20,0,0,9855
ST013,站点-013,L7号线,2026-04-30,7,0,0,24911
ST013,站点-013,L7号线,2026-04-30,8,0,0,24595
ST013,站点-013,L7号线,2026-04-30,9,0,0,10722
ST013,站点-013,L7号线,2026-04-30,12,0,0,10644
ST013,站点-013,L7号线,2026-04-30,18,0,0,21533
ST013,站点-013,L7号线,2026-04-30,19,0,0,23890
ST013,站点-013,L7号线,2026-04-30,20,0,0,8143
ST014,站点-014,L6号线,2026-04-01,7,0,0,36142
ST014,站点-014,L6号线,2026-04-01,8,0,0,31570
ST014,站点-014,L6号线,2026-04-01,9,0,0,15857
ST014,站点-014,L6号线,2026-04-01,12,0,0,13770
ST014,站点-014,L6号线,2026-04-01,18,0,0,35028
ST014,站点-014,L6号线,2026-04-01,19,0,0,34905
ST014,站点-014,L6号线,2026-04-01,20,0,0,13609
ST014,站点-014,L6号线,2026-04-02,7,0,0,37659
ST014,站点-014,L6号线,2026-04-02,8,0,0,35432
ST014,站点-014,L6号线,2026-04-02,9,0,0,15988
ST014,站点-014,L6号线,2026-04-02,12,0,0,11956
ST014,站点-014,L6号线,2026-04-02,18,0,0,32244
ST014,站点-014,L6号线,2026-04-02,19,0,0,30602
ST014,站点-014,L6号线,2026-04-02,20,0,0,15939
ST014,站点-014,L6号线,2026-04-03,7,0,0,39414
ST014,站点-014,L6号线,2026-04-03,8,0,0,35391
ST014,站点-014,L6号线,2026-04-03,9,0,0,15289
ST014,站点-014,L6号线,2026-04-03,12,0,0,15576
ST014,站点-014,L6号线,2026-04-03,18,0,0,35966
ST014,站点-014,L6号线,2026-04-03,19,0,0,38153
ST014,站点-014,L6号线,2026-04-03,20,0,0,13621
ST014,站点-014,L6号线,2026-04-04,7,1,0,27119
ST014,站点-014,L6号线,2026-04-04,8,1,0,24440
ST014,站点-014,L6号线,2026-04-04,9,1,0,10896
ST014,站点-014,L6号线,2026-04-04,12,1,0,9615
ST014,站点-014,L6号线,2026-04-04,18,1,0,26219
ST014,站点-014,L6号线,2026-04-04,19,1,0,27090
ST014,站点-014,L6号线,2026-04-04,20,1,0,10513
ST014,站点-014,L6号线,2026-04-05,7,1,0,21593
ST014,站点-014,L6号线,2026-04-05,8,1,0,26100
ST014,站点-014,L6号线,2026-04-05,9,1,0,10905
ST014,站点-014,L6号线,2026-04-05,12,1,0,8622
ST014,站点-014,L6号线,2026-04-05,18,1,0,23417
ST014,站点-014,L6号线,2026-04-05,19,1,0,22024
ST014,站点-014,L6号线,2026-04-05,20,1,0,9385
ST014,站点-014,L6号线,2026-04-06,7,0,0,38613
ST014,站点-014,L6号线,2026-04-06,8,0,0,35129
ST014,站点-014,L6号线,2026-04-06,9,0,0,13759
ST014,站点-014,L6号线,2026-04-06,12,0,0,14999
ST014,站点-014,L6号线,2026-04-06,18,0,0,39922
ST014,站点-014,L6号线,2026-04-06,19,0,0,34018
ST014,站点-014,L6号线,2026-04-06,20,0,0,14724
ST014,站点-014,L6号线,2026-04-07,7,0,0,37049
ST014,站点-014,L6号线,2026-04-07,8,0,0,34576
ST014,站点-014,L6号线,2026-04-07,9,0,0,14356
ST014,站点-014,L6号线,2026-04-07,12,0,0,15897
ST014,站点-014,L6号线,2026-04-07,18,0,0,32811
ST014,站点-014,L6号线,2026-04-07,19,0,0,37927
ST014,站点-014,L6号线,2026-04-07,20,0,0,14858
ST014,站点-014,L6号线,2026-04-08,7,0,0,33237
ST014,站点-014,L6号线,2026-04-08,8,0,0,37686
ST014,站点-014,L6号线,2026-04-08,9,0,0,14794
ST014,站点-014,L6号线,2026-04-08,12,0,0,13583
ST014,站点-014,L6号线,2026-04-08,18,0,0,32914
ST014,站点-014,L6号线,2026-04-08,19,0,0,35655
ST014,站点-014,L6号线,2026-04-08,20,0,0,15346
ST014,站点-014,L6号线,2026-04-09,7,0,0,32775
ST014,站点-014,L6号线,2026-04-09,8,0,0,36696
ST014,站点-014,L6号线,2026-04-09,9,0,0,15932
ST014,站点-014,L6号线,2026-04-09,12,0,0,12913
ST014,站点-014,L6号线,2026-04-09,18,0,0,37139
ST014,站点-014,L6号线,2026-04-09,19,0,0,38493
ST014,站点-014,L6号线,2026-04-09,20,0,0,12848
ST014,站点-014,L6号线,2026-04-10,7,0,0,31443
ST014,站点-014,L6号线,2026-04-10,8,0,0,38480
ST014,站点-014,L6号线,2026-04-10,9,0,0,12536
ST014,站点-014,L6号线,2026-04-10,12,0,0,14251
ST014,站点-014,L6号线,2026-04-10,18,0,0,35979
ST014,站点-014,L6号线,2026-04-10,19,0,0,32878
ST014,站点-014,L6号线,2026-04-10,20,0,0,12180
ST014,站点-014,L6号线,2026-04-11,7,1,0,26132
ST014,站点-014,L6号线,2026-04-11,8,1,0,27942
ST014,站点-014,L6号线,2026-04-11,9,1,0,8640
ST014,站点-014,L6号线,2026-04-11,12,1,0,8581
ST014,站点-014,L6号线,2026-04-11,18,1,0,26922
ST014,站点-014,L6号线,2026-04-11,19,1,0,25851
ST014,站点-014,L6号线,2026-04-11,20,1,0,8720
ST014,站点-014,L6号线,2026-04-12,7,1,0,21192
ST014,站点-014,L6号线,2026-04-12,8,1,0,21242
ST014,站点-014,L6号线,2026-04-12,9,1,0,9818
ST014,站点-014,L6号线,2026-04-12,12,1,0,9100
ST014,站点-014,L6号线,2026-04-12,18,1,0,23604
ST014,站点-014,L6号线,2026-04-12,19,1,0,26774
ST014,站点-014,L6号线,2026-04-12,20,1,0,10704
ST014,站点-014,L6号线,2026-04-13,7,0,0,30321
ST014,站点-014,L6号线,2026-04-13,8,0,0,35568
ST014,站点-014,L6号线,2026-04-13,9,0,0,13258
ST014,站点-014,L6号线,2026-04-13,12,0,0,13450
ST014,站点-014,L6号线,2026-04-13,18,0,0,37752
ST014,站点-014,L6号线,2026-04-13,19,0,0,34838
ST014,站点-014,L6号线,2026-04-13,20,0,0,13793
ST014,站点-014,L6号线,2026-04-14,7,0,0,36722
ST014,站点-014,L6号线,2026-04-14,8,0,0,35335
ST014,站点-014,L6号线,2026-04-14,9,0,0,12031
ST014,站点-014,L6号线,2026-04-14,12,0,0,13465
ST014,站点-014,L6号线,2026-04-14,18,0,0,32370
ST014,站点-014,L6号线,2026-04-14,19,0,0,35282
ST014,站点-014,L6号线,2026-04-14,20,0,0,13508
ST014,站点-014,L6号线,2026-04-15,7,0,1,32037
ST014,站点-014,L6号线,2026-04-15,8,0,1,34686
ST014,站点-014,L6号线,2026-04-15,9,0,1,14103
ST014,站点-014,L6号线,2026-04-15,12,0,1,12140
ST014,站点-014,L6号线,2026-04-15,18,0,1,30691
ST014,站点-014,L6号线,2026-04-15,19,0,1,31276
ST014,站点-014,L6号线,2026-04-15,20,0,1,12506
ST014,站点-014,L6号线,2026-04-16,7,0,0,32102
ST014,站点-014,L6号线,2026-04-16,8,0,0,30928
ST014,站点-014,L6号线,2026-04-16,9,0,0,14044
ST014,站点-014,L6号线,2026-04-16,12,0,0,11879
ST014,站点-014,L6号线,2026-04-16,18,0,0,30188
ST014,站点-014,L6号线,2026-04-16,19,0,0,38582
ST014,站点-014,L6号线,2026-04-16,20,0,0,15132
ST014,站点-014,L6号线,2026-04-17,7,0,0,34131
ST014,站点-014,L6号线,2026-04-17,8,0,0,34662
ST014,站点-014,L6号线,2026-04-17,9,0,0,13220
ST014,站点-014,L6号线,2026-04-17,12,0,0,14942
ST014,站点-014,L6号线,2026-04-17,18,0,0,38791
ST014,站点-014,L6号线,2026-04-17,19,0,0,35072
ST014,站点-014,L6号线,2026-04-17,20,0,0,14211
ST014,站点-014,L6号线,2026-04-18,7,1,0,21220
ST014,站点-014,L6号线,2026-04-18,8,1,0,22546
ST014,站点-014,L6号线,2026-04-18,9,1,0,10952
ST014,站点-014,L6号线,2026-04-18,12,1,0,10537
ST014,站点-014,L6号线,2026-04-18,18,1,0,25066
ST014,站点-014,L6号线,2026-04-18,19,1,0,24868
ST014,站点-014,L6号线,2026-04-18,20,1,0,10020
ST014,站点-014,L6号线,2026-04-19,7,1,0,28004
ST014,站点-014,L6号线,2026-04-19,8,1,0,22315
ST014,站点-014,L6号线,2026-04-19,9,1,0,9074
ST014,站点-014,L6号线,2026-04-19,12,1,0,8912
ST014,站点-014,L6号线,2026-04-19,18,1,0,22949
ST014,站点-014,L6号线,2026-04-19,19,1,0,25052
ST014,站点-014,L6号线,2026-04-19,20,1,0,9547
ST014,站点-014,L6号线,2026-04-20,7,0,0,32089
ST014,站点-014,L6号线,2026-04-20,8,0,0,39813
ST014,站点-014,L6号线,2026-04-20,9,0,0,15721
ST014,站点-014,L6号线,2026-04-20,12,0,0,12824
ST014,站点-014,L6号线,2026-04-20,18,0,0,30025
ST014,站点-014,L6号线,2026-04-20,19,0,0,33078
ST014,站点-014,L6号线,2026-04-20,20,0,0,15562
ST014,站点-014,L6号线,2026-04-21,7,0,0,35488
ST014,站点-014,L6号线,2026-04-21,8,0,0,36932
ST014,站点-014,L6号线,2026-04-21,9,0,0,13209
ST014,站点-014,L6号线,2026-04-21,12,0,0,15499
ST014,站点-014,L6号线,2026-04-21,18,0,0,36351
ST014,站点-014,L6号线,2026-04-21,19,0,0,31249
ST014,站点-014,L6号线,2026-04-21,20,0,0,12469
ST014,站点-014,L6号线,2026-04-22,7,0,0,30755
ST014,站点-014,L6号线,2026-04-22,8,0,0,35553
ST014,站点-014,L6号线,2026-04-22,9,0,0,14897
ST014,站点-014,L6号线,2026-04-22,12,0,0,15306
ST014,站点-014,L6号线,2026-04-22,18,0,0,34492
ST014,站点-014,L6号线,2026-04-22,19,0,0,30633
ST014,站点-014,L6号线,2026-04-22,20,0,0,13473
ST014,站点-014,L6号线,2026-04-23,7,0,0,33974
ST014,站点-014,L6号线,2026-04-23,8,0,0,39436
ST014,站点-014,L6号线,2026-04-23,9,0,0,13750
ST014,站点-014,L6号线,2026-04-23,12,0,0,12170
ST014,站点-014,L6号线,2026-04-23,18,0,0,38760
ST014,站点-014,L6号线,2026-04-23,19,0,0,30238
ST014,站点-014,L6号线,2026-04-23,20,0,0,15099
ST014,站点-014,L6号线,2026-04-24,7,0,0,34703
ST014,站点-014,L6号线,2026-04-24,8,0,0,29648
ST014,站点-014,L6号线,2026-04-24,9,0,0,15630
ST014,站点-014,L6号线,2026-04-24,12,0,0,15663
ST014,站点-014,L6号线,2026-04-24,18,0,0,34914
ST014,站点-014,L6号线,2026-04-24,19,0,0,31657
ST014,站点-014,L6号线,2026-04-24,20,0,0,12490
ST014,站点-014,L6号线,2026-04-25,7,1,0,26921
ST014,站点-014,L6号线,2026-04-25,8,1,0,25367
ST014,站点-014,L6号线,2026-04-25,9,1,0,10368
ST014,站点-014,L6号线,2026-04-25,12,1,0,9339
ST014,站点-014,L6号线,2026-04-25,18,1,0,26272
ST014,站点-014,L6号线,2026-04-25,19,1,0,27157
ST014,站点-014,L6号线,2026-04-25,20,1,0,10804
ST014,站点-014,L6号线,2026-04-26,7,1,0,22739
ST014,站点-014,L6号线,2026-04-26,8,1,0,23845
ST014,站点-014,L6号线,2026-04-26,9,1,0,10632
ST014,站点-014,L6号线,2026-04-26,12,1,0,10066
ST014,站点-014,L6号线,2026-04-26,18,1,0,26142
ST014,站点-014,L6号线,2026-04-26,19,1,0,26141
ST014,站点-014,L6号线,2026-04-26,20,1,0,10624
ST014,站点-014,L6号线,2026-04-27,7,0,0,35095
ST014,站点-014,L6号线,2026-04-27,8,0,0,30859
ST014,站点-014,L6号线,2026-04-27,9,0,0,13756
ST014,站点-014,L6号线,2026-04-27,12,0,0,12042
ST014,站点-014,L6号线,2026-04-27,18,0,0,34420
ST014,站点-014,L6号线,2026-04-27,19,0,0,38007
ST014,站点-014,L6号线,2026-04-27,20,0,0,15075
ST014,站点-014,L6号线,2026-04-28,7,0,0,30292
ST014,站点-014,L6号线,2026-04-28,8,0,0,37939
ST014,站点-014,L6号线,2026-04-28,9,0,0,14381
ST014,站点-014,L6号线,2026-04-28,12,0,0,14644
ST014,站点-014,L6号线,2026-04-28,18,0,0,33622
ST014,站点-014,L6号线,2026-04-28,19,0,0,31079
ST014,站点-014,L6号线,2026-04-28,20,0,0,14410
ST014,站点-014,L6号线,2026-04-29,7,0,0,31399
ST014,站点-014,L6号线,2026-04-29,8,0,0,33306
ST014,站点-014,L6号线,2026-04-29,9,0,0,13553
ST014,站点-014,L6号线,2026-04-29,12,0,0,14103
ST014,站点-014,L6号线,2026-04-29,18,0,0,36514
ST014,站点-014,L6号线,2026-04-29,19,0,0,34701
ST014,站点-014,L6号线,2026-04-29,20,0,0,15734
ST014,站点-014,L6号线,2026-04-30,7,0,0,35721
ST014,站点-014,L6号线,2026-04-30,8,0,0,32749
ST014,站点-014,L6号线,2026-04-30,9,0,0,14199
ST014,站点-014,L6号线,2026-04-30,12,0,0,12106
ST014,站点-014,L6号线,2026-04-30,18,0,0,30314
ST014,站点-014,L6号线,2026-04-30,19,0,0,31937
ST014,站点-014,L6号线,2026-04-30,20,0,0,11909
ST015,站点-015,L8号线,2026-04-01,7,0,0,22903
ST015,站点-015,L8号线,2026-04-01,8,0,0,22788
ST015,站点-015,L8号线,2026-04-01,9,0,0,7728
ST015,站点-015,L8号线,2026-04-01,12,0,0,7906
ST015,站点-015,L8号线,2026-04-01,18,0,0,21093
ST015,站点-015,L8号线,2026-04-01,19,0,0,20770
ST015,站点-015,L8号线,2026-04-01,20,0,0,7788
ST015,站点-015,L8号线,2026-04-02,7,0,0,20685
ST015,站点-015,L8号线,2026-04-02,8,0,0,22377
ST015,站点-015,L8号线,2026-04-02,9,0,0,9027
ST015,站点-015,L8号线,2026-04-02,12,0,0,8556
ST015,站点-015,L8号线,2026-04-02,18,0,0,20413
ST015,站点-015,L8号线,2026-04-02,19,0,0,23347
ST015,站点-015,L8号线,2026-04-02,20,0,0,9086
ST015,站点-015,L8号线,2026-04-03,7,0,0,18753
ST015,站点-015,L8号线,2026-04-03,8,0,0,21730
ST015,站点-015,L8号线,2026-04-03,9,0,0,8388
ST015,站点-015,L8号线,2026-04-03,12,0,0,7743
ST015,站点-015,L8号线,2026-04-03,18,0,0,22632
ST015,站点-015,L8号线,2026-04-03,19,0,0,22851
ST015,站点-015,L8号线,2026-04-03,20,0,0,7526
ST015,站点-015,L8号线,2026-04-04,7,1,0,16428
ST015,站点-015,L8号线,2026-04-04,8,1,0,12905
ST015,站点-015,L8号线,2026-04-04,9,1,0,5655
ST015,站点-015,L8号线,2026-04-04,12,1,0,5009
ST015,站点-015,L8号线,2026-04-04,18,1,0,13812
ST015,站点-015,L8号线,2026-04-04,19,1,0,15426
ST015,站点-015,L8号线,2026-04-04,20,1,0,6068
ST015,站点-015,L8号线,2026-04-05,7,1,0,13181
ST015,站点-015,L8号线,2026-04-05,8,1,0,15897
ST015,站点-015,L8号线,2026-04-05,9,1,0,6328
ST015,站点-015,L8号线,2026-04-05,12,1,0,5927
ST015,站点-015,L8号线,2026-04-05,18,1,0,15356
ST015,站点-015,L8号线,2026-04-05,19,1,0,15375
ST015,站点-015,L8号线,2026-04-05,20,1,0,5354
ST015,站点-015,L8号线,2026-04-06,7,0,0,17694
ST015,站点-015,L8号线,2026-04-06,8,0,0,20536
ST015,站点-015,L8号线,2026-04-06,9,0,0,7708
ST015,站点-015,L8号线,2026-04-06,12,0,0,8040
ST015,站点-015,L8号线,2026-04-06,18,0,0,21886
ST015,站点-015,L8号线,2026-04-06,19,0,0,20824
ST015,站点-015,L8号线,2026-04-06,20,0,0,9206
ST015,站点-015,L8号线,2026-04-07,7,0,0,18439
ST015,站点-015,L8号线,2026-04-07,8,0,0,19233
ST015,站点-015,L8号线,2026-04-07,9,0,0,8759
ST015,站点-015,L8号线,2026-04-07,12,0,0,7497
ST015,站点-015,L8号线,2026-04-07,18,0,0,22290
ST015,站点-015,L8号线,2026-04-07,19,0,0,17788
ST015,站点-015,L8号线,2026-04-07,20,0,0,6979
ST015,站点-015,L8号线,2026-04-08,7,0,0,20545
ST015,站点-015,L8号线,2026-04-08,8,0,0,22962
ST015,站点-015,L8号线,2026-04-08,9,0,0,9359
ST015,站点-015,L8号线,2026-04-08,12,0,0,8302
ST015,站点-015,L8号线,2026-04-08,18,0,0,20776
ST015,站点-015,L8号线,2026-04-08,19,0,0,22326
ST015,站点-015,L8号线,2026-04-08,20,0,0,7405
ST015,站点-015,L8号线,2026-04-09,7,0,0,22104
ST015,站点-015,L8号线,2026-04-09,8,0,0,19869
ST015,站点-015,L8号线,2026-04-09,9,0,0,7104
ST015,站点-015,L8号线,2026-04-09,12,0,0,8883
ST015,站点-015,L8号线,2026-04-09,18,0,0,22570
ST015,站点-015,L8号线,2026-04-09,19,0,0,22778
ST015,站点-015,L8号线,2026-04-09,20,0,0,8048
ST015,站点-015,L8号线,2026-04-10,7,0,0,18489
ST015,站点-015,L8号线,2026-04-10,8,0,0,19856
ST015,站点-015,L8号线,2026-04-10,9,0,0,7925
ST015,站点-015,L8号线,2026-04-10,12,0,0,8121
ST015,站点-015,L8号线,2026-04-10,18,0,0,23245
ST015,站点-015,L8号线,2026-04-10,19,0,0,23452
ST015,站点-015,L8号线,2026-04-10,20,0,0,7856
ST015,站点-015,L8号线,2026-04-11,7,1,0,16372
ST015,站点-015,L8号线,2026-04-11,8,1,0,14453
ST015,站点-015,L8号线,2026-04-11,9,1,0,5359
ST015,站点-015,L8号线,2026-04-11,12,1,0,6580
ST015,站点-015,L8号线,2026-04-11,18,1,0,13780
ST015,站点-015,L8号线,2026-04-11,19,1,0,16258
ST015,站点-015,L8号线,2026-04-11,20,1,0,5972
ST015,站点-015,L8号线,2026-04-12,7,1,0,15318
ST015,站点-015,L8号线,2026-04-12,8,1,0,13822
ST015,站点-015,L8号线,2026-04-12,9,1,0,6518
ST015,站点-015,L8号线,2026-04-12,12,1,0,6352
ST015,站点-015,L8号线,2026-04-12,18,1,0,15559
ST015,站点-015,L8号线,2026-04-12,19,1,0,13534
ST015,站点-015,L8号线,2026-04-12,20,1,0,5750
ST015,站点-015,L8号线,2026-04-13,7,0,0,23398
ST015,站点-015,L8号线,2026-04-13,8,0,0,17472
ST015,站点-015,L8号线,2026-04-13,9,0,0,8528
ST015,站点-015,L8号线,2026-04-13,12,0,0,9316
ST015,站点-015,L8号线,2026-04-13,18,0,0,18720
ST015,站点-015,L8号线,2026-04-13,19,0,0,21769
ST015,站点-015,L8号线,2026-04-13,20,0,0,7786
ST015,站点-015,L8号线,2026-04-14,7,0,0,21877
ST015,站点-015,L8号线,2026-04-14,8,0,0,18029
ST015,站点-015,L8号线,2026-04-14,9,0,0,8478
ST015,站点-015,L8号线,2026-04-14,12,0,0,6976
ST015,站点-015,L8号线,2026-04-14,18,0,0,17962
ST015,站点-015,L8号线,2026-04-14,19,0,0,21665
ST015,站点-015,L8号线,2026-04-14,20,0,0,8270
ST015,站点-015,L8号线,2026-04-15,7,0,1,20442
ST015,站点-015,L8号线,2026-04-15,8,0,1,20642
ST015,站点-015,L8号线,2026-04-15,9,0,1,6958
ST015,站点-015,L8号线,2026-04-15,12,0,1,8356
ST015,站点-015,L8号线,2026-04-15,18,0,1,19601
ST015,站点-015,L8号线,2026-04-15,19,0,1,17692
ST015,站点-015,L8号线,2026-04-15,20,0,1,8077
ST015,站点-015,L8号线,2026-04-16,7,0,0,21915
ST015,站点-015,L8号线,2026-04-16,8,0,0,19417
ST015,站点-015,L8号线,2026-04-16,9,0,0,8085
ST015,站点-015,L8号线,2026-04-16,12,0,0,6995
ST015,站点-015,L8号线,2026-04-16,18,0,0,17568
ST015,站点-015,L8号线,2026-04-16,19,0,0,22889
ST015,站点-015,L8号线,2026-04-16,20,0,0,8639
ST015,站点-015,L8号线,2026-04-17,7,0,0,20025
ST015,站点-015,L8号线,2026-04-17,8,0,0,23072
ST015,站点-015,L8号线,2026-04-17,9,0,0,7866
ST015,站点-015,L8号线,2026-04-17,12,0,0,8458
ST015,站点-015,L8号线,2026-04-17,18,0,0,22797
ST015,站点-015,L8号线,2026-04-17,19,0,0,21043
ST015,站点-015,L8号线,2026-04-17,20,0,0,7074
ST015,站点-015,L8号线,2026-04-18,7,1,0,15596
ST015,站点-015,L8号线,2026-04-18,8,1,0,13964
ST015,站点-015,L8号线,2026-04-18,9,1,0,5559
ST015,站点-015,L8号线,2026-04-18,12,1,0,5000
ST015,站点-015,L8号线,2026-04-18,18,1,0,16293
ST015,站点-015,L8号线,2026-04-18,19,1,0,15008
ST015,站点-015,L8号线,2026-04-18,20,1,0,6178
ST015,站点-015,L8号线,2026-04-19,7,1,0,14240
ST015,站点-015,L8号线,2026-04-19,8,1,0,12850
ST015,站点-015,L8号线,2026-04-19,9,1,0,6151
ST015,站点-015,L8号线,2026-04-19,12,1,0,6311
ST015,站点-015,L8号线,2026-04-19,18,1,0,16281
ST015,站点-015,L8号线,2026-04-19,19,1,0,16188
ST015,站点-015,L8号线,2026-04-19,20,1,0,5677
ST015,站点-015,L8号线,2026-04-20,7,0,0,21765
ST015,站点-015,L8号线,2026-04-20,8,0,0,23440
ST015,站点-015,L8号线,2026-04-20,9,0,0,7278
ST015,站点-015,L8号线,2026-04-20,12,0,0,8032
ST015,站点-015,L8号线,2026-04-20,18,0,0,23222
ST015,站点-015,L8号线,2026-04-20,19,0,0,22625
ST015,站点-015,L8号线,2026-04-20,20,0,0,9106
ST015,站点-015,L8号线,2026-04-21,7,0,0,23081
ST015,站点-015,L8号线,2026-04-21,8,0,0,20587
ST015,站点-015,L8号线,2026-04-21,9,0,0,7883
ST015,站点-015,L8号线,2026-04-21,12,0,0,8330
ST015,站点-015,L8号线,2026-04-21,18,0,0,19978
ST015,站点-015,L8号线,2026-04-21,19,0,0,17508
ST015,站点-015,L8号线,2026-04-21,20,0,0,7827
ST015,站点-015,L8号线,2026-04-22,7,0,0,21901
ST015,站点-015,L8号线,2026-04-22,8,0,0,19827
ST015,站点-015,L8号线,2026-04-22,9,0,0,8356
ST015,站点-015,L8号线,2026-04-22,12,0,0,8656
ST015,站点-015,L8号线,2026-04-22,18,0,0,18195
ST015,站点-015,L8号线,2026-04-22,19,0,0,21695
ST015,站点-015,L8号线,2026-04-22,20,0,0,7526
ST015,站点-015,L8号线,2026-04-23,7,0,0,19583
ST015,站点-015,L8号线,2026-04-23,8,0,0,18597
ST015,站点-015,L8号线,2026-04-23,9,0,0,7470
ST015,站点-015,L8号线,2026-04-23,12,0,0,8642
ST015,站点-015,L8号线,2026-04-23,18,0,0,20666
ST015,站点-015,L8号线,2026-04-23,19,0,0,19291
ST015,站点-015,L8号线,2026-04-23,20,0,0,8425
ST015,站点-015,L8号线,2026-04-24,7,0,0,22227
ST015,站点-015,L8号线,2026-04-24,8,0,0,17640
ST015,站点-015,L8号线,2026-04-24,9,0,0,7831
ST015,站点-015,L8号线,2026-04-24,12,0,0,9385
ST015,站点-015,L8号线,2026-04-24,18,0,0,19798
ST015,站点-015,L8号线,2026-04-24,19,0,0,21639
ST015,站点-015,L8号线,2026-04-24,20,0,0,8692
ST015,站点-015,L8号线,2026-04-25,7,1,0,13721
ST015,站点-015,L8号线,2026-04-25,8,1,0,15696
ST015,站点-015,L8号线,2026-04-25,9,1,0,4988
ST015,站点-015,L8号线,2026-04-25,12,1,0,5412
ST015,站点-015,L8号线,2026-04-25,18,1,0,15787
ST015,站点-015,L8号线,2026-04-25,19,1,0,15776
ST015,站点-015,L8号线,2026-04-25,20,1,0,5016
ST015,站点-015,L8号线,2026-04-26,7,1,0,15581
ST015,站点-015,L8号线,2026-04-26,8,1,0,12518
ST015,站点-015,L8号线,2026-04-26,9,1,0,5742
ST015,站点-015,L8号线,2026-04-26,12,1,0,6492
ST015,站点-015,L8号线,2026-04-26,18,1,0,14700
ST015,站点-015,L8号线,2026-04-26,19,1,0,14058
ST015,站点-015,L8号线,2026-04-26,20,1,0,5032
ST015,站点-015,L8号线,2026-04-27,7,0,0,18458
ST015,站点-015,L8号线,2026-04-27,8,0,0,18027
ST015,站点-015,L8号线,2026-04-27,9,0,0,7253
ST015,站点-015,L8号线,2026-04-27,12,0,0,8397
ST015,站点-015,L8号线,2026-04-27,18,0,0,21319
ST015,站点-015,L8号线,2026-04-27,19,0,0,18341
ST015,站点-015,L8号线,2026-04-27,20,0,0,9345
ST015,站点-015,L8号线,2026-04-28,7,0,0,21388
ST015,站点-015,L8号线,2026-04-28,8,0,0,18043
ST015,站点-015,L8号线,2026-04-28,9,0,0,9092
ST015,站点-015,L8号线,2026-04-28,12,0,0,8378
ST015,站点-015,L8号线,2026-04-28,18,0,0,20463
ST015,站点-015,L8号线,2026-04-28,19,0,0,18921
ST015,站点-015,L8号线,2026-04-28,20,0,0,7191
ST015,站点-015,L8号线,2026-04-29,7,0,0,23132
ST015,站点-015,L8号线,2026-04-29,8,0,0,19225
ST015,站点-015,L8号线,2026-04-29,9,0,0,7561
ST015,站点-015,L8号线,2026-04-29,12,0,0,7773
ST015,站点-015,L8号线,2026-04-29,18,0,0,18690
ST015,站点-015,L8号线,2026-04-29,19,0,0,21200
ST015,站点-015,L8号线,2026-04-29,20,0,0,8542
ST015,站点-015,L8号线,2026-04-30,7,0,0,20456
ST015,站点-015,L8号线,2026-04-30,8,0,0,21873
ST015,站点-015,L8号线,2026-04-30,9,0,0,7735
ST015,站点-015,L8号线,2026-04-30,12,0,0,8803
ST015,站点-015,L8号线,2026-04-30,18,0,0,17812
ST015,站点-015,L8号线,2026-04-30,19,0,0,21560
ST015,站点-015,L8号线,2026-04-30,20,0,0,7235
ST016,站点-016,L7号线,2026-04-01,7,0,0,9669
ST016,站点-016,L7号线,2026-04-01,8,0,0,10011
ST016,站点-016,L7号线,2026-04-01,9,0,0,3501
ST016,站点-016,L7号线,2026-04-01,12,0,0,4122
ST016,站点-016,L7号线,2026-04-01,18,0,0,10529
ST016,站点-016,L7号线,2026-04-01,19,0,0,8893
ST016,站点-016,L7号线,2026-04-01,20,0,0,3882
ST016,站点-016,L7号线,2026-04-02,7,0,0,9543
ST016,站点-016,L7号线,2026-04-02,8,0,0,9127
ST016,站点-016,L7号线,2026-04-02,9,0,0,3812
ST016,站点-016,L7号线,2026-04-02,12,0,0,3550
ST016,站点-016,L7号线,2026-04-02,18,0,0,9679
ST016,站点-016,L7号线,2026-04-02,19,0,0,9612
ST016,站点-016,L7号线,2026-04-02,20,0,0,3995
ST016,站点-016,L7号线,2026-04-03,7,0,0,10155
ST016,站点-016,L7号线,2026-04-03,8,0,0,9128
ST016,站点-016,L7号线,2026-04-03,9,0,0,4131
ST016,站点-016,L7号线,2026-04-03,12,0,0,3395
ST016,站点-016,L7号线,2026-04-03,18,0,0,9744
ST016,站点-016,L7号线,2026-04-03,19,0,0,9392
ST016,站点-016,L7号线,2026-04-03,20,0,0,4121
ST016,站点-016,L7号线,2026-04-04,7,1,0,7451
ST016,站点-016,L7号线,2026-04-04,8,1,0,7090
ST016,站点-016,L7号线,2026-04-04,9,1,0,2962
ST016,站点-016,L7号线,2026-04-04,12,1,0,2935
ST016,站点-016,L7号线,2026-04-04,18,1,0,7523
ST016,站点-016,L7号线,2026-04-04,19,1,0,6060
ST016,站点-016,L7号线,2026-04-04,20,1,0,2395
ST016,站点-016,L7号线,2026-04-05,7,1,0,7111
ST016,站点-016,L7号线,2026-04-05,8,1,0,7479
ST016,站点-016,L7号线,2026-04-05,9,1,0,2808
ST016,站点-016,L7号线,2026-04-05,12,1,0,2646
ST016,站点-016,L7号线,2026-04-05,18,1,0,7639
ST016,站点-016,L7号线,2026-04-05,19,1,0,6473
ST016,站点-016,L7号线,2026-04-05,20,1,0,2562
ST016,站点-016,L7号线,2026-04-06,7,0,0,10114
ST016,站点-016,L7号线,2026-04-06,8,0,0,9290
ST016,站点-016,L7号线,2026-04-06,9,0,0,4122
ST016,站点-016,L7号线,2026-04-06,12,0,0,4508
ST016,站点-016,L7号线,2026-04-06,18,0,0,8809
ST016,站点-016,L7号线,2026-04-06,19,0,0,8663
ST016,站点-016,L7号线,2026-04-06,20,0,0,4275
ST016,站点-016,L7号线,2026-04-07,7,0,0,9599
ST016,站点-016,L7号线,2026-04-07,8,0,0,8886
ST016,站点-016,L7号线,2026-04-07,9,0,0,4378
ST016,站点-016,L7号线,2026-04-07,12,0,0,4426
ST016,站点-016,L7号线,2026-04-07,18,0,0,11297
ST016,站点-016,L7号线,2026-04-07,19,0,0,10050
ST016,站点-016,L7号线,2026-04-07,20,0,0,3513
ST016,站点-016,L7号线,2026-04-08,7,0,0,8528
ST016,站点-016,L7号线,2026-04-08,8,0,0,11071
ST016,站点-016,L7号线,2026-04-08,9,0,0,4290
ST016,站点-016,L7号线,2026-04-08,12,0,0,4453
ST016,站点-016,L7号线,2026-04-08,18,0,0,9687
ST016,站点-016,L7号线,2026-04-08,19,0,0,9791
ST016,站点-016,L7号线,2026-04-08,20,0,0,4110
ST016,站点-016,L7号线,2026-04-09,7,0,0,10064
ST016,站点-016,L7号线,2026-04-09,8,0,0,10900
ST016,站点-016,L7号线,2026-04-09,9,0,0,3843
ST016,站点-016,L7号线,2026-04-09,12,0,0,4081
ST016,站点-016,L7号线,2026-04-09,18,0,0,10329
ST016,站点-016,L7号线,2026-04-09,19,0,0,8607
ST016,站点-016,L7号线,2026-04-09,20,0,0,4303
ST016,站点-016,L7号线,2026-04-10,7,0,0,8437
ST016,站点-016,L7号线,2026-04-10,8,0,0,10942
ST016,站点-016,L7号线,2026-04-10,9,0,0,4505
ST016,站点-016,L7号线,2026-04-10,12,0,0,4197
ST016,站点-016,L7号线,2026-04-10,18,0,0,9167
ST016,站点-016,L7号线,2026-04-10,19,0,0,9650
ST016,站点-016,L7号线,2026-04-10,20,0,0,3388
ST016,站点-016,L7号线,2026-04-11,7,1,0,7948
ST016,站点-016,L7号线,2026-04-11,8,1,0,6695
ST016,站点-016,L7号线,2026-04-11,9,1,0,2854
ST016,站点-016,L7号线,2026-04-11,12,1,0,3135
ST016,站点-016,L7号线,2026-04-11,18,1,0,7110
ST016,站点-016,L7号线,2026-04-11,19,1,0,6807
ST016,站点-016,L7号线,2026-04-11,20,1,0,2950
ST016,站点-016,L7号线,2026-04-12,7,1,0,6274
ST016,站点-016,L7号线,2026-04-12,8,1,0,6753
ST016,站点-016,L7号线,2026-04-12,9,1,0,2951
ST016,站点-016,L7号线,2026-04-12,12,1,0,2717
ST016,站点-016,L7号线,2026-04-12,18,1,0,7419
ST016,站点-016,L7号线,2026-04-12,19,1,0,7531
ST016,站点-016,L7号线,2026-04-12,20,1,0,2948
ST016,站点-016,L7号线,2026-04-13,7,0,0,8545
ST016,站点-016,L7号线,2026-04-13,8,0,0,11029
ST016,站点-016,L7号线,2026-04-13,9,0,0,4314
ST016,站点-016,L7号线,2026-04-13,12,0,0,3475
ST016,站点-016,L7号线,2026-04-13,18,0,0,10252
ST016,站点-016,L7号线,2026-04-13,19,0,0,11403
ST016,站点-016,L7号线,2026-04-13,20,0,0,3806
ST016,站点-016,L7号线,2026-04-14,7,0,0,10183
ST016,站点-016,L7号线,2026-04-14,8,0,0,8743
ST016,站点-016,L7号线,2026-04-14,9,0,0,3780
ST016,站点-016,L7号线,2026-04-14,12,0,0,3621
ST016,站点-016,L7号线,2026-04-14,18,0,0,9156
ST016,站点-016,L7号线,2026-04-14,19,0,0,9533
ST016,站点-016,L7号线,2026-04-14,20,0,0,3931
ST016,站点-016,L7号线,2026-04-15,7,0,1,10779
ST016,站点-016,L7号线,2026-04-15,8,0,1,9669
ST016,站点-016,L7号线,2026-04-15,9,0,1,3887
ST016,站点-016,L7号线,2026-04-15,12,0,1,3477
ST016,站点-016,L7号线,2026-04-15,18,0,1,9621
ST016,站点-016,L7号线,2026-04-15,19,0,1,10506
ST016,站点-016,L7号线,2026-04-15,20,0,1,3504
ST016,站点-016,L7号线,2026-04-16,7,0,0,10166
ST016,站点-016,L7号线,2026-04-16,8,0,0,10472
ST016,站点-016,L7号线,2026-04-16,9,0,0,4126
ST016,站点-016,L7号线,2026-04-16,12,0,0,3895
ST016,站点-016,L7号线,2026-04-16,18,0,0,9780
ST016,站点-016,L7号线,2026-04-16,19,0,0,9916
ST016,站点-016,L7号线,2026-04-16,20,0,0,4371
ST016,站点-016,L7号线,2026-04-17,7,0,0,11195
ST016,站点-016,L7号线,2026-04-17,8,0,0,9344
ST016,站点-016,L7号线,2026-04-17,9,0,0,3866
ST016,站点-016,L7号线,2026-04-17,12,0,0,4454
ST016,站点-016,L7号线,2026-04-17,18,0,0,9431
ST016,站点-016,L7号线,2026-04-17,19,0,0,9273
ST016,站点-016,L7号线,2026-04-17,20,0,0,4295
ST016,站点-016,L7号线,2026-04-18,7,1,0,7695
ST016,站点-016,L7号线,2026-04-18,8,1,0,6263
ST016,站点-016,L7号线,2026-04-18,9,1,0,3124
ST016,站点-016,L7号线,2026-04-18,12,1,0,2729
ST016,站点-016,L7号线,2026-04-18,18,1,0,7446
ST016,站点-016,L7号线,2026-04-18,19,1,0,6129
ST016,站点-016,L7号线,2026-04-18,20,1,0,2707
ST016,站点-016,L7号线,2026-04-19,7,1,0,6084
ST016,站点-016,L7号线,2026-04-19,8,1,0,7924
ST016,站点-016,L7号线,2026-04-19,9,1,0,2992
ST016,站点-016,L7号线,2026-04-19,12,1,0,3012
ST016,站点-016,L7号线,2026-04-19,18,1,0,7604
ST016,站点-016,L7号线,2026-04-19,19,1,0,7310
ST016,站点-016,L7号线,2026-04-19,20,1,0,2671
ST016,站点-016,L7号线,2026-04-20,7,0,0,10616
ST016,站点-016,L7号线,2026-04-20,8,0,0,8918
ST016,站点-016,L7号线,2026-04-20,9,0,0,4074
ST016,站点-016,L7号线,2026-04-20,12,0,0,4011
ST016,站点-016,L7号线,2026-04-20,18,0,0,9661
ST016,站点-016,L7号线,2026-04-20,19,0,0,10933
ST016,站点-016,L7号线,2026-04-20,20,0,0,3657
ST016,站点-016,L7号线,2026-04-21,7,0,0,11054
ST016,站点-016,L7号线,2026-04-21,8,0,0,9195
ST016,站点-016,L7号线,2026-04-21,9,0,0,4082
ST016,站点-016,L7号线,2026-04-21,12,0,0,4346
ST016,站点-016,L7号线,2026-04-21,18,0,0,10990
ST016,站点-016,L7号线,2026-04-21,19,0,0,9558
ST016,站点-016,L7号线,2026-04-21,20,0,0,4197
ST016,站点-016,L7号线,2026-04-22,7,0,0,10972
ST016,站点-016,L7号线,2026-04-22,8,0,0,10101
ST016,站点-016,L7号线,2026-04-22,9,0,0,3743
ST016,站点-016,L7号线,2026-04-22,12,0,0,4259
ST016,站点-016,L7号线,2026-04-22,18,0,0,9558
ST016,站点-016,L7号线,2026-04-22,19,0,0,10051
ST016,站点-016,L7号线,2026-04-22,20,0,0,4357
ST016,站点-016,L7号线,2026-04-23,7,0,0,10779
ST016,站点-016,L7号线,2026-04-23,8,0,0,9534
ST016,站点-016,L7号线,2026-04-23,9,0,0,4311
ST016,站点-016,L7号线,2026-04-23,12,0,0,3471
ST016,站点-016,L7号线,2026-04-23,18,0,0,8667
ST016,站点-016,L7号线,2026-04-23,19,0,0,8791
ST016,站点-016,L7号线,2026-04-23,20,0,0,3480
ST016,站点-016,L7号线,2026-04-24,7,0,0,9363
ST016,站点-016,L7号线,2026-04-24,8,0,0,10189
ST016,站点-016,L7号线,2026-04-24,9,0,0,4014
ST016,站点-016,L7号线,2026-04-24,12,0,0,4150
ST016,站点-016,L7号线,2026-04-24,18,0,0,8725
ST016,站点-016,L7号线,2026-04-24,19,0,0,9575
ST016,站点-016,L7号线,2026-04-24,20,0,0,3597
ST016,站点-016,L7号线,2026-04-25,7,1,0,7413
ST016,站点-016,L7号线,2026-04-25,8,1,0,7839
ST016,站点-016,L7号线,2026-04-25,9,1,0,2436
ST016,站点-016,L7号线,2026-04-25,12,1,0,2481
ST016,站点-016,L7号线,2026-04-25,18,1,0,6851
ST016,站点-016,L7号线,2026-04-25,19,1,0,7068
ST016,站点-016,L7号线,2026-04-25,20,1,0,2836
ST016,站点-016,L7号线,2026-04-26,7,1,0,6157
ST016,站点-016,L7号线,2026-04-26,8,1,0,6363
ST016,站点-016,L7号线,2026-04-26,9,1,0,2824
ST016,站点-016,L7号线,2026-04-26,12,1,0,2993
ST016,站点-016,L7号线,2026-04-26,18,1,0,7652
ST016,站点-016,L7号线,2026-04-26,19,1,0,7176
ST016,站点-016,L7号线,2026-04-26,20,1,0,2435
ST016,站点-016,L7号线,2026-04-27,7,0,0,10295
ST016,站点-016,L7号线,2026-04-27,8,0,0,10028
ST016,站点-016,L7号线,2026-04-27,9,0,0,3788
ST016,站点-016,L7号线,2026-04-27,12,0,0,3970
ST016,站点-016,L7号线,2026-04-27,18,0,0,9280
ST016,站点-016,L7号线,2026-04-27,19,0,0,11373
ST016,站点-016,L7号线,2026-04-27,20,0,0,3788
ST016,站点-016,L7号线,2026-04-28,7,0,0,10203
ST016,站点-016,L7号线,2026-04-28,8,0,0,10325
ST016,站点-016,L7号线,2026-04-28,9,0,0,4128
ST016,站点-016,L7号线,2026-04-28,12,0,0,4346
ST016,站点-016,L7号线,2026-04-28,18,0,0,10234
ST016,站点-016,L7号线,2026-04-28,19,0,0,9160
ST016,站点-016,L7号线,2026-04-28,20,0,0,3967
ST016,站点-016,L7号线,2026-04-29,7,0,0,11224
ST016,站点-016,L7号线,2026-04-29,8,0,0,10563
ST016,站点-016,L7号线,2026-04-29,9,0,0,4310
ST016,站点-016,L7号线,2026-04-29,12,0,0,3584
ST016,站点-016,L7号线,2026-04-29,18,0,0,10810
ST016,站点-016,L7号线,2026-04-29,19,0,0,10311
ST016,站点-016,L7号线,2026-04-29,20,0,0,3771
ST016,站点-016,L7号线,2026-04-30,7,0,0,10368
ST016,站点-016,L7号线,2026-04-30,8,0,0,10849
ST016,站点-016,L7号线,2026-04-30,9,0,0,3744
ST016,站点-016,L7号线,2026-04-30,12,0,0,3917
ST016,站点-016,L7号线,2026-04-30,18,0,0,11067
ST016,站点-016,L7号线,2026-04-30,19,0,0,9414
ST016,站点-016,L7号线,2026-04-30,20,0,0,3392
ST017,站点-017,L3号线,2026-04-01,7,0,0,28043
ST017,站点-017,L3号线,2026-04-01,8,0,0,23404
ST017,站点-017,L3号线,2026-04-01,9,0,0,9463
ST017,站点-017,L3号线,2026-04-01,12,0,0,8993
ST017,站点-017,L3号线,2026-04-01,18,0,0,27802
ST017,站点-017,L3号线,2026-04-01,19,0,0,29724
ST017,站点-017,L3号线,2026-04-01,20,0,0,11259
ST017,站点-017,L3号线,2026-04-02,7,0,0,23993
ST017,站点-017,L3号线,2026-04-02,8,0,0,28166
ST017,站点-017,L3号线,2026-04-02,9,0,0,10480
ST017,站点-017,L3号线,2026-04-02,12,0,0,9247
ST017,站点-017,L3号线,2026-04-02,18,0,0,28650
ST017,站点-017,L3号线,2026-04-02,19,0,0,25772
ST017,站点-017,L3号线,2026-04-02,20,0,0,8996
ST017,站点-017,L3号线,2026-04-03,7,0,0,26224
ST017,站点-017,L3号线,2026-04-03,8,0,0,28755
ST017,站点-017,L3号线,2026-04-03,9,0,0,10164
ST017,站点-017,L3号线,2026-04-03,12,0,0,10549
ST017,站点-017,L3号线,2026-04-03,18,0,0,22575
ST017,站点-017,L3号线,2026-04-03,19,0,0,29822
ST017,站点-017,L3号线,2026-04-03,20,0,0,10249
ST017,站点-017,L3号线,2026-04-04,7,1,0,20824
ST017,站点-017,L3号线,2026-04-04,8,1,0,17032
ST017,站点-017,L3号线,2026-04-04,9,1,0,7220
ST017,站点-017,L3号线,2026-04-04,12,1,0,6933
ST017,站点-017,L3号线,2026-04-04,18,1,0,15783
ST017,站点-017,L3号线,2026-04-04,19,1,0,17753
ST017,站点-017,L3号线,2026-04-04,20,1,0,6733
ST017,站点-017,L3号线,2026-04-05,7,1,0,17796
ST017,站点-017,L3号线,2026-04-05,8,1,0,19785
ST017,站点-017,L3号线,2026-04-05,9,1,0,7570
ST017,站点-017,L3号线,2026-04-05,12,1,0,7103
ST017,站点-017,L3号线,2026-04-05,18,1,0,18576
ST017,站点-017,L3号线,2026-04-05,19,1,0,19600
ST017,站点-017,L3号线,2026-04-05,20,1,0,7308
ST017,站点-017,L3号线,2026-04-06,7,0,0,23411
ST017,站点-017,L3号线,2026-04-06,8,0,0,22228
ST017,站点-017,L3号线,2026-04-06,9,0,0,9342
ST017,站点-017,L3号线,2026-04-06,12,0,0,10160
ST017,站点-017,L3号线,2026-04-06,18,0,0,25195
ST017,站点-017,L3号线,2026-04-06,19,0,0,24076
ST017,站点-017,L3号线,2026-04-06,20,0,0,11409
ST017,站点-017,L3号线,2026-04-07,7,0,0,25634
ST017,站点-017,L3号线,2026-04-07,8,0,0,28391
ST017,站点-017,L3号线,2026-04-07,9,0,0,11726
ST017,站点-017,L3号线,2026-04-07,12,0,0,9307
ST017,站点-017,L3号线,2026-04-07,18,0,0,26091
ST017,站点-017,L3号线,2026-04-07,19,0,0,27171
ST017,站点-017,L3号线,2026-04-07,20,0,0,11003
ST017,站点-017,L3号线,2026-04-08,7,0,0,26853
ST017,站点-017,L3号线,2026-04-08,8,0,0,23610
ST017,站点-017,L3号线,2026-04-08,9,0,0,10889
ST017,站点-017,L3号线,2026-04-08,12,0,0,11352
ST017,站点-017,L3号线,2026-04-08,18,0,0,22848
ST017,站点-017,L3号线,2026-04-08,19,0,0,27593
ST017,站点-017,L3号线,2026-04-08,20,0,0,10321
ST017,站点-017,L3号线,2026-04-09,7,0,0,28012
ST017,站点-017,L3号线,2026-04-09,8,0,0,26881
ST017,站点-017,L3号线,2026-04-09,9,0,0,11591
ST017,站点-017,L3号线,2026-04-09,12,0,0,10947
ST017,站点-017,L3号线,2026-04-09,18,0,0,24965
ST017,站点-017,L3号线,2026-04-09,19,0,0,25926
ST017,站点-017,L3号线,2026-04-09,20,0,0,10513
ST017,站点-017,L3号线,2026-04-10,7,0,0,27559
ST017,站点-017,L3号线,2026-04-10,8,0,0,25948
ST017,站点-017,L3号线,2026-04-10,9,0,0,10284
ST017,站点-017,L3号线,2026-04-10,12,0,0,10732
ST017,站点-017,L3号线,2026-04-10,18,0,0,27656
ST017,站点-017,L3号线,2026-04-10,19,0,0,28429
ST017,站点-017,L3号线,2026-04-10,20,0,0,9203
ST017,站点-017,L3号线,2026-04-11,7,1,0,16023
ST017,站点-017,L3号线,2026-04-11,8,1,0,19833
ST017,站点-017,L3号线,2026-04-11,9,1,0,6505
ST017,站点-017,L3号线,2026-04-11,12,1,0,7118
ST017,站点-017,L3号线,2026-04-11,18,1,0,20693
ST017,站点-017,L3号线,2026-04-11,19,1,0,20031
ST017,站点-017,L3号线,2026-04-11,20,1,0,6854
ST017,站点-017,L3号线,2026-04-12,7,1,0,15869
ST017,站点-017,L3号线,2026-04-12,8,1,0,19331
ST017,站点-017,L3号线,2026-04-12,9,1,0,6831
ST017,站点-017,L3号线,2026-04-12,12,1,0,6910
ST017,站点-017,L3号线,2026-04-12,18,1,0,18578
ST017,站点-017,L3号线,2026-04-12,19,1,0,19726
ST017,站点-017,L3号线,2026-04-12,20,1,0,8321
ST017,站点-017,L3号线,2026-04-13,7,0,0,27510
ST017,站点-017,L3号线,2026-04-13,8,0,0,28458
ST017,站点-017,L3号线,2026-04-13,9,0,0,9068
ST017,站点-017,L3号线,2026-04-13,12,0,0,10090
ST017,站点-017,L3号线,2026-04-13,18,0,0,29333
ST017,站点-017,L3号线,2026-04-13,19,0,0,25862
ST017,站点-017,L3号线,2026-04-13,20,0,0,11127
ST017,站点-017,L3号线,2026-04-14,7,0,0,28706
ST017,站点-017,L3号线,2026-04-14,8,0,0,26035
ST017,站点-017,L3号线,2026-04-14,9,0,0,9406
ST017,站点-017,L3号线,2026-04-14,12,0,0,10861
ST017,站点-017,L3号线,2026-04-14,18,0,0,26577
ST017,站点-017,L3号线,2026-04-14,19,0,0,22633
ST017,站点-017,L3号线,2026-04-14,20,0,0,11486
ST017,站点-017,L3号线,2026-04-15,7,0,1,24240
ST017,站点-017,L3号线,2026-04-15,8,0,1,22688
ST017,站点-017,L3号线,2026-04-15,9,0,1,10704
ST017,站点-017,L3号线,2026-04-15,12,0,1,9167
ST017,站点-017,L3号线,2026-04-15,18,0,1,29747
ST017,站点-017,L3号线,2026-04-15,19,0,1,22711
ST017,站点-017,L3号线,2026-04-15,20,0,1,11794
ST017,站点-017,L3号线,2026-04-16,7,0,0,23500
ST017,站点-017,L3号线,2026-04-16,8,0,0,29558
ST017,站点-017,L3号线,2026-04-16,9,0,0,9090
ST017,站点-017,L3号线,2026-04-16,12,0,0,11349
ST017,站点-017,L3号线,2026-04-16,18,0,0,28035
ST017,站点-017,L3号线,2026-04-16,19,0,0,27525
ST017,站点-017,L3号线,2026-04-16,20,0,0,10414
ST017,站点-017,L3号线,2026-04-17,7,0,0,29199
ST017,站点-017,L3号线,2026-04-17,8,0,0,26500
ST017,站点-017,L3号线,2026-04-17,9,0,0,9330
ST017,站点-017,L3号线,2026-04-17,12,0,0,10580
ST017,站点-017,L3号线,2026-04-17,18,0,0,22159
ST017,站点-017,L3号线,2026-04-17,19,0,0,29168
ST017,站点-017,L3号线,2026-04-17,20,0,0,9826
ST017,站点-017,L3号线,2026-04-18,7,1,0,15508
ST017,站点-017,L3号线,2026-04-18,8,1,0,17577
ST017,站点-017,L3号线,2026-04-18,9,1,0,6364
ST017,站点-017,L3号线,2026-04-18,12,1,0,7853
ST017,站点-017,L3号线,2026-04-18,18,1,0,18542
ST017,站点-017,L3号线,2026-04-18,19,1,0,16099
ST017,站点-017,L3号线,2026-04-18,20,1,0,7888
ST017,站点-017,L3号线,2026-04-19,7,1,0,20099
ST017,站点-017,L3号线,2026-04-19,8,1,0,18391
ST017,站点-017,L3号线,2026-04-19,9,1,0,7552
ST017,站点-017,L3号线,2026-04-19,12,1,0,7397
ST017,站点-017,L3号线,2026-04-19,18,1,0,19782
ST017,站点-017,L3号线,2026-04-19,19,1,0,20563
ST017,站点-017,L3号线,2026-04-19,20,1,0,6490
ST017,站点-017,L3号线,2026-04-20,7,0,0,29616
ST017,站点-017,L3号线,2026-04-20,8,0,0,26282
ST017,站点-017,L3号线,2026-04-20,9,0,0,8950
ST017,站点-017,L3号线,2026-04-20,12,0,0,9415
ST017,站点-017,L3号线,2026-04-20,18,0,0,24811
ST017,站点-017,L3号线,2026-04-20,19,0,0,25589
ST017,站点-017,L3号线,2026-04-20,20,0,0,10450
ST017,站点-017,L3号线,2026-04-21,7,0,0,26949
ST017,站点-017,L3号线,2026-04-21,8,0,0,26958
ST017,站点-017,L3号线,2026-04-21,9,0,0,9513
ST017,站点-017,L3号线,2026-04-21,12,0,0,9014
ST017,站点-017,L3号线,2026-04-21,18,0,0,24513
ST017,站点-017,L3号线,2026-04-21,19,0,0,23473
ST017,站点-017,L3号线,2026-04-21,20,0,0,9881
ST017,站点-017,L3号线,2026-04-22,7,0,0,26678
ST017,站点-017,L3号线,2026-04-22,8,0,0,29779
ST017,站点-017,L3号线,2026-04-22,9,0,0,9057
ST017,站点-017,L3号线,2026-04-22,12,0,0,10969
ST017,站点-017,L3号线,2026-04-22,18,0,0,26587
ST017,站点-017,L3号线,2026-04-22,19,0,0,25868
ST017,站点-017,L3号线,2026-04-22,20,0,0,11803
ST017,站点-017,L3号线,2026-04-23,7,0,0,24898
ST017,站点-017,L3号线,2026-04-23,8,0,0,23969
ST017,站点-017,L3号线,2026-04-23,9,0,0,10627
ST017,站点-017,L3号线,2026-04-23,12,0,0,11215
ST017,站点-017,L3号线,2026-04-23,18,0,0,23350
ST017,站点-017,L3号线,2026-04-23,19,0,0,24500
ST017,站点-017,L3号线,2026-04-23,20,0,0,8912
ST017,站点-017,L3号线,2026-04-24,7,0,0,24891
ST017,站点-017,L3号线,2026-04-24,8,0,0,24065
ST017,站点-017,L3号线,2026-04-24,9,0,0,11088
ST017,站点-017,L3号线,2026-04-24,12,0,0,11778
ST017,站点-017,L3号线,2026-04-24,18,0,0,24964
ST017,站点-017,L3号线,2026-04-24,19,0,0,24503
ST017,站点-017,L3号线,2026-04-24,20,0,0,9082
ST017,站点-017,L3号线,2026-04-25,7,1,0,18320
ST017,站点-017,L3号线,2026-04-25,8,1,0,19775
ST017,站点-017,L3号线,2026-04-25,9,1,0,7761
ST017,站点-017,L3号线,2026-04-25,12,1,0,6242
ST017,站点-017,L3号线,2026-04-25,18,1,0,20522
ST017,站点-017,L3号线,2026-04-25,19,1,0,16878
ST017,站点-017,L3号线,2026-04-25,20,1,0,6459
ST017,站点-017,L3号线,2026-04-26,7,1,0,18531
ST017,站点-017,L3号线,2026-04-26,8,1,0,18590
ST017,站点-017,L3号线,2026-04-26,9,1,0,7562
ST017,站点-017,L3号线,2026-04-26,12,1,0,7234
ST017,站点-017,L3号线,2026-04-26,18,1,0,20822
ST017,站点-017,L3号线,2026-04-26,19,1,0,19924
ST017,站点-017,L3号线,2026-04-26,20,1,0,6614
ST017,站点-017,L3号线,2026-04-27,7,0,0,25712
ST017,站点-017,L3号线,2026-04-27,8,0,0,22628
ST017,站点-017,L3号线,2026-04-27,9,0,0,9456
ST017,站点-017,L3号线,2026-04-27,12,0,0,10074
ST017,站点-017,L3号线,2026-04-27,18,0,0,23327
ST017,站点-017,L3号线,2026-04-27,19,0,0,26021
ST017,站点-017,L3号线,2026-04-27,20,0,0,10173
ST017,站点-017,L3号线,2026-04-28,7,0,0,26148
ST017,站点-017,L3号线,2026-04-28,8,0,0,23866
ST017,站点-017,L3号线,2026-04-28,9,0,0,10372
ST017,站点-017,L3号线,2026-04-28,12,0,0,11103
ST017,站点-017,L3号线,2026-04-28,18,0,0,24351
ST017,站点-017,L3号线,2026-04-28,19,0,0,25914
ST017,站点-017,L3号线,2026-04-28,20,0,0,10683
ST017,站点-017,L3号线,2026-04-29,7,0,0,25882
ST017,站点-017,L3号线,2026-04-29,8,0,0,25380
ST017,站点-017,L3号线,2026-04-29,9,0,0,9633
ST017,站点-017,L3号线,2026-04-29,12,0,0,9080
ST017,站点-017,L3号线,2026-04-29,18,0,0,25519
ST017,站点-017,L3号线,2026-04-29,19,0,0,27405
ST017,站点-017,L3号线,2026-04-29,20,0,0,11110
ST017,站点-017,L3号线,2026-04-30,7,0,0,25621
ST017,站点-017,L3号线,2026-04-30,8,0,0,24439
ST017,站点-017,L3号线,2026-04-30,9,0,0,10207
ST017,站点-017,L3号线,2026-04-30,12,0,0,8861
ST017,站点-017,L3号线,2026-04-30,18,0,0,24690
ST017,站点-017,L3号线,2026-04-30,19,0,0,29675
ST017,站点-017,L3号线,2026-04-30,20,0,0,10960
ST018,站点-018,L2号线,2026-04-01,7,0,0,25774
ST018,站点-018,L2号线,2026-04-01,8,0,0,22926
ST018,站点-018,L2号线,2026-04-01,9,0,0,9404
ST018,站点-018,L2号线,2026-04-01,12,0,0,11361
ST018,站点-018,L2号线,2026-04-01,18,0,0,28154
ST018,站点-018,L2号线,2026-04-01,19,0,0,23238
ST018,站点-018,L2号线,2026-04-01,20,0,0,9209
ST018,站点-018,L2号线,2026-04-02,7,0,0,26650
ST018,站点-018,L2号线,2026-04-02,8,0,0,28571
ST018,站点-018,L2号线,2026-04-02,9,0,0,11392
ST018,站点-018,L2号线,2026-04-02,12,0,0,9531
ST018,站点-018,L2号线,2026-04-02,18,0,0,25079
ST018,站点-018,L2号线,2026-04-02,19,0,0,25774
ST018,站点-018,L2号线,2026-04-02,20,0,0,9638
ST018,站点-018,L2号线,2026-04-03,7,0,0,28369
ST018,站点-018,L2号线,2026-04-03,8,0,0,23599
ST018,站点-018,L2号线,2026-04-03,9,0,0,10266
ST018,站点-018,L2号线,2026-04-03,12,0,0,12083
ST018,站点-018,L2号线,2026-04-03,18,0,0,27404
ST018,站点-018,L2号线,2026-04-03,19,0,0,25237
ST018,站点-018,L2号线,2026-04-03,20,0,0,9949
ST018,站点-018,L2号线,2026-04-04,7,1,0,20922
ST018,站点-018,L2号线,2026-04-04,8,1,0,20347
ST018,站点-018,L2号线,2026-04-04,9,1,0,7600
ST018,站点-018,L2号线,2026-04-04,12,1,0,7591
ST018,站点-018,L2号线,2026-04-04,18,1,0,15843
ST018,站点-018,L2号线,2026-04-04,19,1,0,20573
ST018,站点-018,L2号线,2026-04-04,20,1,0,7569
ST018,站点-018,L2号线,2026-04-05,7,1,0,18174
ST018,站点-018,L2号线,2026-04-05,8,1,0,20157
ST018,站点-018,L2号线,2026-04-05,9,1,0,8382
ST018,站点-018,L2号线,2026-04-05,12,1,0,7207
ST018,站点-018,L2号线,2026-04-05,18,1,0,16172
ST018,站点-018,L2号线,2026-04-05,19,1,0,17605
ST018,站点-018,L2号线,2026-04-05,20,1,0,8128
ST018,站点-018,L2号线,2026-04-06,7,0,0,23449
ST018,站点-018,L2号线,2026-04-06,8,0,0,27918
ST018,站点-018,L2号线,2026-04-06,9,0,0,9781
ST018,站点-018,L2号线,2026-04-06,12,0,0,10264
ST018,站点-018,L2号线,2026-04-06,18,0,0,29825
ST018,站点-018,L2号线,2026-04-06,19,0,0,23364
ST018,站点-018,L2号线,2026-04-06,20,0,0,10647
ST018,站点-018,L2号线,2026-04-07,7,0,0,26562
ST018,站点-018,L2号线,2026-04-07,8,0,0,23313
ST018,站点-018,L2号线,2026-04-07,9,0,0,9980
ST018,站点-018,L2号线,2026-04-07,12,0,0,10042
ST018,站点-018,L2号线,2026-04-07,18,0,0,26581
ST018,站点-018,L2号线,2026-04-07,19,0,0,22923
ST018,站点-018,L2号线,2026-04-07,20,0,0,10127
ST018,站点-018,L2号线,2026-04-08,7,0,0,23600
ST018,站点-018,L2号线,2026-04-08,8,0,0,24087
ST018,站点-018,L2号线,2026-04-08,9,0,0,11767
ST018,站点-018,L2号线,2026-04-08,12,0,0,10482
ST018,站点-018,L2号线,2026-04-08,18,0,0,24576
ST018,站点-018,L2号线,2026-04-08,19,0,0,29607
ST018,站点-018,L2号线,2026-04-08,20,0,0,9020
ST018,站点-018,L2号线,2026-04-09,7,0,0,25848
ST018,站点-018,L2号线,2026-04-09,8,0,0,29117
ST018,站点-018,L2号线,2026-04-09,9,0,0,10045
ST018,站点-018,L2号线,2026-04-09,12,0,0,10587
ST018,站点-018,L2号线,2026-04-09,18,0,0,28631
ST018,站点-018,L2号线,2026-04-09,19,0,0,24559
ST018,站点-018,L2号线,2026-04-09,20,0,0,10759
ST018,站点-018,L2号线,2026-04-10,7,0,0,25065
ST018,站点-018,L2号线,2026-04-10,8,0,0,22950
ST018,站点-018,L2号线,2026-04-10,9,0,0,11485
ST018,站点-018,L2号线,2026-04-10,12,0,0,11927
ST018,站点-018,L2号线,2026-04-10,18,0,0,29437
ST018,站点-018,L2号线,2026-04-10,19,0,0,30074
ST018,站点-018,L2号线,2026-04-10,20,0,0,9408
ST018,站点-018,L2号线,2026-04-11,7,1,0,16367
ST018,站点-018,L2号线,2026-04-11,8,1,0,20206
ST018,站点-018,L2号线,2026-04-11,9,1,0,7114
ST018,站点-018,L2号线,2026-04-11,12,1,0,7902
ST018,站点-018,L2号线,2026-04-11,18,1,0,17840
ST018,站点-018,L2号线,2026-04-11,19,1,0,16405
ST018,站点-018,L2号线,2026-04-11,20,1,0,8211
ST018,站点-018,L2号线,2026-04-12,7,1,0,19369
ST018,站点-018,L2号线,2026-04-12,8,1,0,21055
ST018,站点-018,L2号线,2026-04-12,9,1,0,6887
ST018,站点-018,L2号线,2026-04-12,12,1,0,7793
ST018,站点-018,L2号线,2026-04-12,18,1,0,20565
ST018,站点-018,L2号线,2026-04-12,19,1,0,15890
ST018,站点-018,L2号线,2026-04-12,20,1,0,8232
ST018,站点-018,L2号线,2026-04-13,7,0,0,25146
ST018,站点-018,L2号线,2026-04-13,8,0,0,27790
ST018,站点-018,L2号线,2026-04-13,9,0,0,11924
ST018,站点-018,L2号线,2026-04-13,12,0,0,10845
ST018,站点-018,L2号线,2026-04-13,18,0,0,29544
ST018,站点-018,L2号线,2026-04-13,19,0,0,25764
ST018,站点-018,L2号线,2026-04-13,20,0,0,11595
ST018,站点-018,L2号线,2026-04-14,7,0,0,27659
ST018,站点-018,L2号线,2026-04-14,8,0,0,26664
ST018,站点-018,L2号线,2026-04-14,9,0,0,9333
ST018,站点-018,L2号线,2026-04-14,12,0,0,10559
ST018,站点-018,L2号线,2026-04-14,18,0,0,26924
ST018,站点-018,L2号线,2026-04-14,19,0,0,27167
ST018,站点-018,L2号线,2026-04-14,20,0,0,10674
ST018,站点-018,L2号线,2026-04-15,7,0,1,23509
ST018,站点-018,L2号线,2026-04-15,8,0,1,28469
ST018,站点-018,L2号线,2026-04-15,9,0,1,11597
ST018,站点-018,L2号线,2026-04-15,12,0,1,11528
ST018,站点-018,L2号线,2026-04-15,18,0,1,28778
ST018,站点-018,L2号线,2026-04-15,19,0,1,26607
ST018,站点-018,L2号线,2026-04-15,20,0,1,9858
ST018,站点-018,L2号线,2026-04-16,7,0,0,28624
ST018,站点-018,L2号线,2026-04-16,8,0,0,27776
ST018,站点-018,L2号线,2026-04-16,9,0,0,10985
ST018,站点-018,L2号线,2026-04-16,12,0,0,11400
ST018,站点-018,L2号线,2026-04-16,18,0,0,27357
ST018,站点-018,L2号线,2026-04-16,19,0,0,23662
ST018,站点-018,L2号线,2026-04-16,20,0,0,11941
ST018,站点-018,L2号线,2026-04-17,7,0,0,30224
ST018,站点-018,L2号线,2026-04-17,8,0,0,23523
ST018,站点-018,L2号线,2026-04-17,9,0,0,12089
ST018,站点-018,L2号线,2026-04-17,12,0,0,9452
ST018,站点-018,L2号线,2026-04-17,18,0,0,25461
ST018,站点-018,L2号线,2026-04-17,19,0,0,26636
ST018,站点-018,L2号线,2026-04-17,20,0,0,10154
ST018,站点-018,L2号线,2026-04-18,7,1,0,21205
ST018,站点-018,L2号线,2026-04-18,8,1,0,19840
ST018,站点-018,L2号线,2026-04-18,9,1,0,6609
ST018,站点-018,L2号线,2026-04-18,12,1,0,6939
ST018,站点-018,L2号线,2026-04-18,18,1,0,16005
ST018,站点-018,L2号线,2026-04-18,19,1,0,19907
ST018,站点-018,L2号线,2026-04-18,20,1,0,6509
ST018,站点-018,L2号线,2026-04-19,7,1,0,18475
ST018,站点-018,L2号线,2026-04-19,8,1,0,20688
ST018,站点-018,L2号线,2026-04-19,9,1,0,7782
ST018,站点-018,L2号线,2026-04-19,12,1,0,7739
ST018,站点-018,L2号线,2026-04-19,18,1,0,18403
ST018,站点-018,L2号线,2026-04-19,19,1,0,17583
ST018,站点-018,L2号线,2026-04-19,20,1,0,6880
ST018,站点-018,L2号线,2026-04-20,7,0,0,28067
ST018,站点-018,L2号线,2026-04-20,8,0,0,27684
ST018,站点-018,L2号线,2026-04-20,9,0,0,11632
ST018,站点-018,L2号线,2026-04-20,12,0,0,11134
ST018,站点-018,L2号线,2026-04-20,18,0,0,29357
ST018,站点-018,L2号线,2026-04-20,19,0,0,30010
ST018,站点-018,L2号线,2026-04-20,20,0,0,9666
ST018,站点-018,L2号线,2026-04-21,7,0,0,24122
ST018,站点-018,L2号线,2026-04-21,8,0,0,25997
ST018,站点-018,L2号线,2026-04-21,9,0,0,10683
ST018,站点-018,L2号线,2026-04-21,12,0,0,9866
ST018,站点-018,L2号线,2026-04-21,18,0,0,29107
ST018,站点-018,L2号线,2026-04-21,19,0,0,28694
ST018,站点-018,L2号线,2026-04-21,20,0,0,10599
ST018,站点-018,L2号线,2026-04-22,7,0,0,22540
ST018,站点-018,L2号线,2026-04-22,8,0,0,25640
ST018,站点-018,L2号线,2026-04-22,9,0,0,11066
ST018,站点-018,L2号线,2026-04-22,12,0,0,11791
ST018,站点-018,L2号线,2026-04-22,18,0,0,24806
ST018,站点-018,L2号线,2026-04-22,19,0,0,24907
ST018,站点-018,L2号线,2026-04-22,20,0,0,11120
ST018,站点-018,L2号线,2026-04-23,7,0,0,27722
ST018,站点-018,L2号线,2026-04-23,8,0,0,22565
ST018,站点-018,L2号线,2026-04-23,9,0,0,10575
ST018,站点-018,L2号线,2026-04-23,12,0,0,11580
ST018,站点-018,L2号线,2026-04-23,18,0,0,27575
ST018,站点-018,L2号线,2026-04-23,19,0,0,22888
ST018,站点-018,L2号线,2026-04-23,20,0,0,11453
ST018,站点-018,L2号线,2026-04-24,7,0,0,30140
ST018,站点-018,L2号线,2026-04-24,8,0,0,25170
ST018,站点-018,L2号线,2026-04-24,9,0,0,11404
ST018,站点-018,L2号线,2026-04-24,12,0,0,11737
ST018,站点-018,L2号线,2026-04-24,18,0,0,29532
ST018,站点-018,L2号线,2026-04-24,19,0,0,29695
ST018,站点-018,L2号线,2026-04-24,20,0,0,9620
ST018,站点-018,L2号线,2026-04-25,7,1,0,15829
ST018,站点-018,L2号线,2026-04-25,8,1,0,15991
ST018,站点-018,L2号线,2026-04-25,9,1,0,6493
ST018,站点-018,L2号线,2026-04-25,12,1,0,7867
ST018,站点-018,L2号线,2026-04-25,18,1,0,21082
ST018,站点-018,L2号线,2026-04-25,19,1,0,18969
ST018,站点-018,L2号线,2026-04-25,20,1,0,6595
ST018,站点-018,L2号线,2026-04-26,7,1,0,17497
ST018,站点-018,L2号线,2026-04-26,8,1,0,20319
ST018,站点-018,L2号线,2026-04-26,9,1,0,8242
ST018,站点-018,L2号线,2026-04-26,12,1,0,8458
ST018,站点-018,L2号线,2026-04-26,18,1,0,18732
ST018,站点-018,L2号线,2026-04-26,19,1,0,20614
ST018,站点-018,L2号线,2026-04-26,20,1,0,7639
ST018,站点-018,L2号线,2026-04-27,7,0,0,26634
ST018,站点-018,L2号线,2026-04-27,8,0,0,25178
ST018,站点-018,L2号线,2026-04-27,9,0,0,11509
ST018,站点-018,L2号线,2026-04-27,12,0,0,10259
ST018,站点-018,L2号线,2026-04-27,18,0,0,23518
ST018,站点-018,L2号线,2026-04-27,19,0,0,25958
ST018,站点-018,L2号线,2026-04-27,20,0,0,10170
ST018,站点-018,L2号线,2026-04-28,7,0,0,29467
ST018,站点-018,L2号线,2026-04-28,8,0,0,23734
ST018,站点-018,L2号线,2026-04-28,9,0,0,11508
ST018,站点-018,L2号线,2026-04-28,12,0,0,9956
ST018,站点-018,L2号线,2026-04-28,18,0,0,28612
ST018,站点-018,L2号线,2026-04-28,19,0,0,25316
ST018,站点-018,L2号线,2026-04-28,20,0,0,9219
ST018,站点-018,L2号线,2026-04-29,7,0,0,25050
ST018,站点-018,L2号线,2026-04-29,8,0,0,24120
ST018,站点-018,L2号线,2026-04-29,9,0,0,11697
ST018,站点-018,L2号线,2026-04-29,12,0,0,11594
ST018,站点-018,L2号线,2026-04-29,18,0,0,28680
ST018,站点-018,L2号线,2026-04-29,19,0,0,22619
ST018,站点-018,L2号线,2026-04-29,20,0,0,12007
ST018,站点-018,L2号线,2026-04-30,7,0,0,25548
ST018,站点-018,L2号线,2026-04-30,8,0,0,22652
ST018,站点-018,L2号线,2026-04-30,9,0,0,9793
ST018,站点-018,L2号线,2026-04-30,12,0,0,9261
ST018,站点-018,L2号线,2026-04-30,18,0,0,23671
ST018,站点-018,L2号线,2026-04-30,19,0,0,27950
ST018,站点-018,L2号线,2026-04-30,20,0,0,11988
ST019,站点-019,L8号线,2026-04-01,7,0,0,22093
ST019,站点-019,L8号线,2026-04-01,8,0,0,21326
ST019,站点-019,L8号线,2026-04-01,9,0,0,8763
ST019,站点-019,L8号线,2026-04-01,12,0,0,8875
ST019,站点-019,L8号线,2026-04-01,18,0,0,22973
ST019,站点-019,L8号线,2026-04-01,19,0,0,19702
ST019,站点-019,L8号线,2026-04-01,20,0,0,9647
ST019,站点-019,L8号线,2026-04-02,7,0,0,20703
ST019,站点-019,L8号线,2026-04-02,8,0,0,21637
ST019,站点-019,L8号线,2026-04-02,9,0,0,8022
ST019,站点-019,L8号线,2026-04-02,12,0,0,10631
ST019,站点-019,L8号线,2026-04-02,18,0,0,20151
ST019,站点-019,L8号线,2026-04-02,19,0,0,24798
ST019,站点-019,L8号线,2026-04-02,20,0,0,8760
ST019,站点-019,L8号线,2026-04-03,7,0,0,22691
ST019,站点-019,L8号线,2026-04-03,8,0,0,22799
ST019,站点-019,L8号线,2026-04-03,9,0,0,10229
ST019,站点-019,L8号线,2026-04-03,12,0,0,8328
ST019,站点-019,L8号线,2026-04-03,18,0,0,22960
ST019,站点-019,L8号线,2026-04-03,19,0,0,19885
ST019,站点-019,L8号线,2026-04-03,20,0,0,9652
ST019,站点-019,L8号线,2026-04-04,7,1,0,17024
ST019,站点-019,L8号线,2026-04-04,8,1,0,17534
ST019,站点-019,L8号线,2026-04-04,9,1,0,7005
ST019,站点-019,L8号线,2026-04-04,12,1,0,5541
ST019,站点-019,L8号线,2026-04-04,18,1,0,17729
ST019,站点-019,L8号线,2026-04-04,19,1,0,16232
ST019,站点-019,L8号线,2026-04-04,20,1,0,7136
ST019,站点-019,L8号线,2026-04-05,7,1,0,15449
ST019,站点-019,L8号线,2026-04-05,8,1,0,14781
ST019,站点-019,L8号线,2026-04-05,9,1,0,5753
ST019,站点-019,L8号线,2026-04-05,12,1,0,6672
ST019,站点-019,L8号线,2026-04-05,18,1,0,16168
ST019,站点-019,L8号线,2026-04-05,19,1,0,16114
ST019,站点-019,L8号线,2026-04-05,20,1,0,5854
ST019,站点-019,L8号线,2026-04-06,7,0,0,25840
ST019,站点-019,L8号线,2026-04-06,8,0,0,24408
ST019,站点-019,L8号线,2026-04-06,9,0,0,9136
ST019,站点-019,L8号线,2026-04-06,12,0,0,9406
ST019,站点-019,L8号线,2026-04-06,18,0,0,25316
ST019,站点-019,L8号线,2026-04-06,19,0,0,20886
ST019,站点-019,L8号线,2026-04-06,20,0,0,9457
ST019,站点-019,L8号线,2026-04-07,7,0,0,23153
ST019,站点-019,L8号线,2026-04-07,8,0,0,21079
ST019,站点-019,L8号线,2026-04-07,9,0,0,9356
ST019,站点-019,L8号线,2026-04-07,12,0,0,8734
ST019,站点-019,L8号线,2026-04-07,18,0,0,23050
ST019,站点-019,L8号线,2026-04-07,19,0,0,20799
ST019,站点-019,L8号线,2026-04-07,20,0,0,8068
ST019,站点-019,L8号线,2026-04-08,7,0,0,26519
ST019,站点-019,L8号线,2026-04-08,8,0,0,26573
ST019,站点-019,L8号线,2026-04-08,9,0,0,9398
ST019,站点-019,L8号线,2026-04-08,12,0,0,8708
ST019,站点-019,L8号线,2026-04-08,18,0,0,22010
ST019,站点-019,L8号线,2026-04-08,19,0,0,22097
ST019,站点-019,L8号线,2026-04-08,20,0,0,10406
ST019,站点-019,L8号线,2026-04-09,7,0,0,23843
ST019,站点-019,L8号线,2026-04-09,8,0,0,22289
ST019,站点-019,L8号线,2026-04-09,9,0,0,8092
ST019,站点-019,L8号线,2026-04-09,12,0,0,10272
ST019,站点-019,L8号线,2026-04-09,18,0,0,24613
ST019,站点-019,L8号线,2026-04-09,19,0,0,24437
ST019,站点-019,L8号线,2026-04-09,20,0,0,7907
ST019,站点-019,L8号线,2026-04-10,7,0,0,24377
ST019,站点-019,L8号线,2026-04-10,8,0,0,21892
ST019,站点-019,L8号线,2026-04-10,9,0,0,8711
ST019,站点-019,L8号线,2026-04-10,12,0,0,8814
ST019,站点-019,L8号线,2026-04-10,18,0,0,24386
ST019,站点-019,L8号线,2026-04-10,19,0,0,23607
ST019,站点-019,L8号线,2026-04-10,20,0,0,10411
ST019,站点-019,L8号线,2026-04-11,7,1,0,13790
ST019,站点-019,L8号线,2026-04-11,8,1,0,17944
ST019,站点-019,L8号线,2026-04-11,9,1,0,7432
ST019,站点-019,L8号线,2026-04-11,12,1,0,6503
ST019,站点-019,L8号线,2026-04-11,18,1,0,18365
ST019,站点-019,L8号线,2026-04-11,19,1,0,13937
ST019,站点-019,L8号线,2026-04-11,20,1,0,6156
ST019,站点-019,L8号线,2026-04-12,7,1,0,18215
ST019,站点-019,L8号线,2026-04-12,8,1,0,16940
ST019,站点-019,L8号线,2026-04-12,9,1,0,6118
ST019,站点-019,L8号线,2026-04-12,12,1,0,6453
ST019,站点-019,L8号线,2026-04-12,18,1,0,16660
ST019,站点-019,L8号线,2026-04-12,19,1,0,17145
ST019,站点-019,L8号线,2026-04-12,20,1,0,6979
ST019,站点-019,L8号线,2026-04-13,7,0,0,20912
ST019,站点-019,L8号线,2026-04-13,8,0,0,21271
ST019,站点-019,L8号线,2026-04-13,9,0,0,10230
ST019,站点-019,L8号线,2026-04-13,12,0,0,10244
ST019,站点-019,L8号线,2026-04-13,18,0,0,24290
ST019,站点-019,L8号线,2026-04-13,19,0,0,20685
ST019,站点-019,L8号线,2026-04-13,20,0,0,9855
ST019,站点-019,L8号线,2026-04-14,7,0,0,23057
ST019,站点-019,L8号线,2026-04-14,8,0,0,22092
ST019,站点-019,L8号线,2026-04-14,9,0,0,8829
ST019,站点-019,L8号线,2026-04-14,12,0,0,9824
ST019,站点-019,L8号线,2026-04-14,18,0,0,24772
ST019,站点-019,L8号线,2026-04-14,19,0,0,25286
ST019,站点-019,L8号线,2026-04-14,20,0,0,10108
ST019,站点-019,L8号线,2026-04-15,7,0,1,26326
ST019,站点-019,L8号线,2026-04-15,8,0,1,23127
ST019,站点-019,L8号线,2026-04-15,9,0,1,8968
ST019,站点-019,L8号线,2026-04-15,12,0,1,8467
ST019,站点-019,L8号线,2026-04-15,18,0,1,24380
ST019,站点-019,L8号线,2026-04-15,19,0,1,25336
ST019,站点-019,L8号线,2026-04-15,20,0,1,10040
ST019,站点-019,L8号线,2026-04-16,7,0,0,22349
ST019,站点-019,L8号线,2026-04-16,8,0,0,20538
ST019,站点-019,L8号线,2026-04-16,9,0,0,9235
ST019,站点-019,L8号线,2026-04-16,12,0,0,10456
ST019,站点-019,L8号线,2026-04-16,18,0,0,22065
ST019,站点-019,L8号线,2026-04-16,19,0,0,21115
ST019,站点-019,L8号线,2026-04-16,20,0,0,9993
ST019,站点-019,L8号线,2026-04-17,7,0,0,20275
ST019,站点-019,L8号线,2026-04-17,8,0,0,25420
ST019,站点-019,L8号线,2026-04-17,9,0,0,8752
ST019,站点-019,L8号线,2026-04-17,12,0,0,7901
ST019,站点-019,L8号线,2026-04-17,18,0,0,20592
ST019,站点-019,L8号线,2026-04-17,19,0,0,23207
ST019,站点-019,L8号线,2026-04-17,20,0,0,10341
ST019,站点-019,L8号线,2026-04-18,7,1,0,14944
ST019,站点-019,L8号线,2026-04-18,8,1,0,17169
ST019,站点-019,L8号线,2026-04-18,9,1,0,7345
ST019,站点-019,L8号线,2026-04-18,12,1,0,5526
ST019,站点-019,L8号线,2026-04-18,18,1,0,14180
ST019,站点-019,L8号线,2026-04-18,19,1,0,14696
ST019,站点-019,L8号线,2026-04-18,20,1,0,7104
ST019,站点-019,L8号线,2026-04-19,7,1,0,16705
ST019,站点-019,L8号线,2026-04-19,8,1,0,14449
ST019,站点-019,L8号线,2026-04-19,9,1,0,6402
ST019,站点-019,L8号线,2026-04-19,12,1,0,7429
ST019,站点-019,L8号线,2026-04-19,18,1,0,14878
ST019,站点-019,L8号线,2026-04-19,19,1,0,14860
ST019,站点-019,L8号线,2026-04-19,20,1,0,6953
ST019,站点-019,L8号线,2026-04-20,7,0,0,23590
ST019,站点-019,L8号线,2026-04-20,8,0,0,20377
ST019,站点-019,L8号线,2026-04-20,9,0,0,8331
ST019,站点-019,L8号线,2026-04-20,12,0,0,9235
ST019,站点-019,L8号线,2026-04-20,18,0,0,23463
ST019,站点-019,L8号线,2026-04-20,19,0,0,19667
ST019,站点-019,L8号线,2026-04-20,20,0,0,10391
ST019,站点-019,L8号线,2026-04-21,7,0,0,21097
ST019,站点-019,L8号线,2026-04-21,8,0,0,22916
ST019,站点-019,L8号线,2026-04-21,9,0,0,8260
ST019,站点-019,L8号线,2026-04-21,12,0,0,9454
ST019,站点-019,L8号线,2026-04-21,18,0,0,23976
ST019,站点-019,L8号线,2026-04-21,19,0,0,21859
ST019,站点-019,L8号线,2026-04-21,20,0,0,8312
ST019,站点-019,L8号线,2026-04-22,7,0,0,24348
ST019,站点-019,L8号线,2026-04-22,8,0,0,25786
ST019,站点-019,L8号线,2026-04-22,9,0,0,9099
ST019,站点-019,L8号线,2026-04-22,12,0,0,8208
ST019,站点-019,L8号线,2026-04-22,18,0,0,22319
ST019,站点-019,L8号线,2026-04-22,19,0,0,25026
ST019,站点-019,L8号线,2026-04-22,20,0,0,10311
ST019,站点-019,L8号线,2026-04-23,7,0,0,24626
ST019,站点-019,L8号线,2026-04-23,8,0,0,22160
ST019,站点-019,L8号线,2026-04-23,9,0,0,8972
ST019,站点-019,L8号线,2026-04-23,12,0,0,9048
ST019,站点-019,L8号线,2026-04-23,18,0,0,26137
ST019,站点-019,L8号线,2026-04-23,19,0,0,21390
ST019,站点-019,L8号线,2026-04-23,20,0,0,10095
ST019,站点-019,L8号线,2026-04-24,7,0,0,22021
ST019,站点-019,L8号线,2026-04-24,8,0,0,22429
ST019,站点-019,L8号线,2026-04-24,9,0,0,8023
ST019,站点-019,L8号线,2026-04-24,12,0,0,8921
ST019,站点-019,L8号线,2026-04-24,18,0,0,26352
ST019,站点-019,L8号线,2026-04-24,19,0,0,24745
ST019,站点-019,L8号线,2026-04-24,20,0,0,8132
ST019,站点-019,L8号线,2026-04-25,7,1,0,15487
ST019,站点-019,L8号线,2026-04-25,8,1,0,17896
ST019,站点-019,L8号线,2026-04-25,9,1,0,7267
ST019,站点-019,L8号线,2026-04-25,12,1,0,6708
ST019,站点-019,L8号线,2026-04-25,18,1,0,17890
ST019,站点-019,L8号线,2026-04-25,19,1,0,16383
ST019,站点-019,L8号线,2026-04-25,20,1,0,5969
ST019,站点-019,L8号线,2026-04-26,7,1,0,17311
ST019,站点-019,L8号线,2026-04-26,8,1,0,18204
ST019,站点-019,L8号线,2026-04-26,9,1,0,6874
ST019,站点-019,L8号线,2026-04-26,12,1,0,6094
ST019,站点-019,L8号线,2026-04-26,18,1,0,15977
ST019,站点-019,L8号线,2026-04-26,19,1,0,14964
ST019,站点-019,L8号线,2026-04-26,20,1,0,6120
ST019,站点-019,L8号线,2026-04-27,7,0,0,21831
ST019,站点-019,L8号线,2026-04-27,8,0,0,26054
ST019,站点-019,L8号线,2026-04-27,9,0,0,7992
ST019,站点-019,L8号线,2026-04-27,12,0,0,10315
ST019,站点-019,L8号线,2026-04-27,18,0,0,26248
ST019,站点-019,L8号线,2026-04-27,19,0,0,26355
ST019,站点-019,L8号线,2026-04-27,20,0,0,8059
ST019,站点-019,L8号线,2026-04-28,7,0,0,21964
ST019,站点-019,L8号线,2026-04-28,8,0,0,26433
ST019,站点-019,L8号线,2026-04-28,9,0,0,9702
ST019,站点-019,L8号线,2026-04-28,12,0,0,10597
ST019,站点-019,L8号线,2026-04-28,18,0,0,19692
ST019,站点-019,L8号线,2026-04-28,19,0,0,22557
ST019,站点-019,L8号线,2026-04-28,20,0,0,10162
ST019,站点-019,L8号线,2026-04-29,7,0,0,22901
ST019,站点-019,L8号线,2026-04-29,8,0,0,25713
ST019,站点-019,L8号线,2026-04-29,9,0,0,8399
ST019,站点-019,L8号线,2026-04-29,12,0,0,9798
ST019,站点-019,L8号线,2026-04-29,18,0,0,24902
ST019,站点-019,L8号线,2026-04-29,19,0,0,25857
ST019,站点-019,L8号线,2026-04-29,20,0,0,8817
ST019,站点-019,L8号线,2026-04-30,7,0,0,24659
ST019,站点-019,L8号线,2026-04-30,8,0,0,22005
ST019,站点-019,L8号线,2026-04-30,9,0,0,9919
ST019,站点-019,L8号线,2026-04-30,12,0,0,8460
ST019,站点-019,L8号线,2026-04-30,18,0,0,26313
ST019,站点-019,L8号线,2026-04-30,19,0,0,25389
ST019,站点-019,L8号线,2026-04-30,20,0,0,10094
ST020,站点-020,L5号线,2026-04-01,7,0,0,5790
ST020,站点-020,L5号线,2026-04-01,8,0,0,6065
ST020,站点-020,L5号线,2026-04-01,9,0,0,2338
ST020,站点-020,L5号线,2026-04-01,12,0,0,1977
ST020,站点-020,L5号线,2026-04-01,18,0,0,5783
ST020,站点-020,L5号线,2026-04-01,19,0,0,5452
ST020,站点-020,L5号线,2026-04-01,20,0,0,2069
ST020,站点-020,L5号线,2026-04-02,7,0,0,5219
ST020,站点-020,L5号线,2026-04-02,8,0,0,5729
ST020,站点-020,L5号线,2026-04-02,9,0,0,2028
ST020,站点-020,L5号线,2026-04-02,12,0,0,2035
ST020,站点-020,L5号线,2026-04-02,18,0,0,5774
ST020,站点-020,L5号线,2026-04-02,19,0,0,6278
ST020,站点-020,L5号线,2026-04-02,20,0,0,1992
ST020,站点-020,L5号线,2026-04-03,7,0,0,5576
ST020,站点-020,L5号线,2026-04-03,8,0,0,5371
ST020,站点-020,L5号线,2026-04-03,9,0,0,2513
ST020,站点-020,L5号线,2026-04-03,12,0,0,2670
ST020,站点-020,L5号线,2026-04-03,18,0,0,6652
ST020,站点-020,L5号线,2026-04-03,19,0,0,5965
ST020,站点-020,L5号线,2026-04-03,20,0,0,2126
ST020,站点-020,L5号线,2026-04-04,7,1,0,4259
ST020,站点-020,L5号线,2026-04-04,8,1,0,4138
ST020,站点-020,L5号线,2026-04-04,9,1,0,1414
ST020,站点-020,L5号线,2026-04-04,12,1,0,1638
ST020,站点-020,L5号线,2026-04-04,18,1,0,3572
ST020,站点-020,L5号线,2026-04-04,19,1,0,3861
ST020,站点-020,L5号线,2026-04-04,20,1,0,1828
ST020,站点-020,L5号线,2026-04-05,7,1,0,4361
ST020,站点-020,L5号线,2026-04-05,8,1,0,3629
ST020,站点-020,L5号线,2026-04-05,9,1,0,1734
ST020,站点-020,L5号线,2026-04-05,12,1,0,1423
ST020,站点-020,L5号线,2026-04-05,18,1,0,3838
ST020,站点-020,L5号线,2026-04-05,19,1,0,4226
ST020,站点-020,L5号线,2026-04-05,20,1,0,1550
ST020,站点-020,L5号线,2026-04-06,7,0,0,6020
ST020,站点-020,L5号线,2026-04-06,8,0,0,6017
ST020,站点-020,L5号线,2026-04-06,9,0,0,2172
ST020,站点-020,L5号线,2026-04-06,12,0,0,2459
ST020,站点-020,L5号线,2026-04-06,18,0,0,6196
ST020,站点-020,L5号线,2026-04-06,19,0,0,6300
ST020,站点-020,L5号线,2026-04-06,20,0,0,2347
ST020,站点-020,L5号线,2026-04-07,7,0,0,6361
ST020,站点-020,L5号线,2026-04-07,8,0,0,6099
ST020,站点-020,L5号线,2026-04-07,9,0,0,2609
ST020,站点-020,L5号线,2026-04-07,12,0,0,2167
ST020,站点-020,L5号线,2026-04-07,18,0,0,5015
ST020,站点-020,L5号线,2026-04-07,19,0,0,5562
ST020,站点-020,L5号线,2026-04-07,20,0,0,2053
ST020,站点-020,L5号线,2026-04-08,7,0,0,5558
ST020,站点-020,L5号线,2026-04-08,8,0,0,6507
ST020,站点-020,L5号线,2026-04-08,9,0,0,2616
ST020,站点-020,L5号线,2026-04-08,12,0,0,2535
ST020,站点-020,L5号线,2026-04-08,18,0,0,5529
ST020,站点-020,L5号线,2026-04-08,19,0,0,5513
ST020,站点-020,L5号线,2026-04-08,20,0,0,2571
ST020,站点-020,L5号线,2026-04-09,7,0,0,6240
ST020,站点-020,L5号线,2026-04-09,8,0,0,6310
ST020,站点-020,L5号线,2026-04-09,9,0,0,2016
ST020,站点-020,L5号线,2026-04-09,12,0,0,2138
ST020,站点-020,L5号线,2026-04-09,18,0,0,5316
ST020,站点-020,L5号线,2026-04-09,19,0,0,6082
ST020,站点-020,L5号线,2026-04-09,20,0,0,2011
ST020,站点-020,L5号线,2026-04-10,7,0,0,5304
ST020,站点-020,L5号线,2026-04-10,8,0,0,6129
ST020,站点-020,L5号线,2026-04-10,9,0,0,2303
ST020,站点-020,L5号线,2026-04-10,12,0,0,2228
ST020,站点-020,L5号线,2026-04-10,18,0,0,6638
ST020,站点-020,L5号线,2026-04-10,19,0,0,5695
ST020,站点-020,L5号线,2026-04-10,20,0,0,2634
ST020,站点-020,L5号线,2026-04-11,7,1,0,3862
ST020,站点-020,L5号线,2026-04-11,8,1,0,3720
ST020,站点-020,L5号线,2026-04-11,9,1,0,1609
ST020,站点-020,L5号线,2026-04-11,12,1,0,1411
ST020,站点-020,L5号线,2026-04-11,18,1,0,3909
ST020,站点-020,L5号线,2026-04-11,19,1,0,3480
ST020,站点-020,L5号线,2026-04-11,20,1,0,1487
ST020,站点-020,L5号线,2026-04-12,7,1,0,4117
ST020,站点-020,L5号线,2026-04-12,8,1,0,3648
ST020,站点-020,L5号线,2026-04-12,9,1,0,1576
ST020,站点-020,L5号线,2026-04-12,12,1,0,1591
ST020,站点-020,L5号线,2026-04-12,18,1,0,3559
ST020,站点-020,L5号线,2026-04-12,19,1,0,3591
ST020,站点-020,L5号线,2026-04-12,20,1,0,1765
ST020,站点-020,L5号线,2026-04-13,7,0,0,5803
ST020,站点-020,L5号线,2026-04-13,8,0,0,5343
ST020,站点-020,L5号线,2026-04-13,9,0,0,2530
ST020,站点-020,L5号线,2026-04-13,12,0,0,2662
ST020,站点-020,L5号线,2026-04-13,18,0,0,5024
ST020,站点-020,L5号线,2026-04-13,19,0,0,6186
ST020,站点-020,L5号线,2026-04-13,20,0,0,2367
ST020,站点-020,L5号线,2026-04-14,7,0,0,5234
ST020,站点-020,L5号线,2026-04-14,8,0,0,5011
ST020,站点-020,L5号线,2026-04-14,9,0,0,2107
ST020,站点-020,L5号线,2026-04-14,12,0,0,2535
ST020,站点-020,L5号线,2026-04-14,18,0,0,6385
ST020,站点-020,L5号线,2026-04-14,19,0,0,5704
ST020,站点-020,L5号线,2026-04-14,20,0,0,2553
ST020,站点-020,L5号线,2026-04-15,7,0,1,5502
ST020,站点-020,L5号线,2026-04-15,8,0,1,5219
ST020,站点-020,L5号线,2026-04-15,9,0,1,2372
ST020,站点-020,L5号线,2026-04-15,12,0,1,2340
ST020,站点-020,L5号线,2026-04-15,18,0,1,6260
ST020,站点-020,L5号线,2026-04-15,19,0,1,5958
ST020,站点-020,L5号线,2026-04-15,20,0,1,2301
ST020,站点-020,L5号线,2026-04-16,7,0,0,5178
ST020,站点-020,L5号线,2026-04-16,8,0,0,5924
ST020,站点-020,L5号线,2026-04-16,9,0,0,2579
ST020,站点-020,L5号线,2026-04-16,12,0,0,2093
ST020,站点-020,L5号线,2026-04-16,18,0,0,5420
ST020,站点-020,L5号线,2026-04-16,19,0,0,6500
ST020,站点-020,L5号线,2026-04-16,20,0,0,2218
ST020,站点-020,L5号线,2026-04-17,7,0,0,6102
ST020,站点-020,L5号线,2026-04-17,8,0,0,6144
ST020,站点-020,L5号线,2026-04-17,9,0,0,2068
ST020,站点-020,L5号线,2026-04-17,12,0,0,2570
ST020,站点-020,L5号线,2026-04-17,18,0,0,5508
ST020,站点-020,L5号线,2026-04-17,19,0,0,5670
ST020,站点-020,L5号线,2026-04-17,20,0,0,2250
ST020,站点-020,L5号线,2026-04-18,7,1,0,3971
ST020,站点-020,L5号线,2026-04-18,8,1,0,3696
ST020,站点-020,L5号线,2026-04-18,9,1,0,1531
ST020,站点-020,L5号线,2026-04-18,12,1,0,1479
ST020,站点-020,L5号线,2026-04-18,18,1,0,3981
ST020,站点-020,L5号线,2026-04-18,19,1,0,3811
ST020,站点-020,L5号线,2026-04-18,20,1,0,1491
ST020,站点-020,L5号线,2026-04-19,7,1,0,3788
ST020,站点-020,L5号线,2026-04-19,8,1,0,4272
ST020,站点-020,L5号线,2026-04-19,9,1,0,1803
ST020,站点-020,L5号线,2026-04-19,12,1,0,1829
ST020,站点-020,L5号线,2026-04-19,18,1,0,4086
ST020,站点-020,L5号线,2026-04-19,19,1,0,3899
ST020,站点-020,L5号线,2026-04-19,20,1,0,1646
ST020,站点-020,L5号线,2026-04-20,7,0,0,6109
ST020,站点-020,L5号线,2026-04-20,8,0,0,5255
ST020,站点-020,L5号线,2026-04-20,9,0,0,2346
ST020,站点-020,L5号线,2026-04-20,12,0,0,2273
ST020,站点-020,L5号线,2026-04-20,18,0,0,6291
ST020,站点-020,L5号线,2026-04-20,19,0,0,6261
ST020,站点-020,L5号线,2026-04-20,20,0,0,2314
ST020,站点-020,L5号线,2026-04-21,7,0,0,5759
ST020,站点-020,L5号线,2026-04-21,8,0,0,5701
ST020,站点-020,L5号线,2026-04-21,9,0,0,2031
ST020,站点-020,L5号线,2026-04-21,12,0,0,2617
ST020,站点-020,L5号线,2026-04-21,18,0,0,6521
ST020,站点-020,L5号线,2026-04-21,19,0,0,5995
ST020,站点-020,L5号线,2026-04-21,20,0,0,1977
ST020,站点-020,L5号线,2026-04-22,7,0,0,6484
ST020,站点-020,L5号线,2026-04-22,8,0,0,5168
ST020,站点-020,L5号线,2026-04-22,9,0,0,2019
ST020,站点-020,L5号线,2026-04-22,12,0,0,2502
ST020,站点-020,L5号线,2026-04-22,18,0,0,5116
ST020,站点-020,L5号线,2026-04-22,19,0,0,6446
ST020,站点-020,L5号线,2026-04-22,20,0,0,2499
ST020,站点-020,L5号线,2026-04-23,7,0,0,4976
ST020,站点-020,L5号线,2026-04-23,8,0,0,5730
ST020,站点-020,L5号线,2026-04-23,9,0,0,2564
ST020,站点-020,L5号线,2026-04-23,12,0,0,2607
ST020,站点-020,L5号线,2026-04-23,18,0,0,5985
ST020,站点-020,L5号线,2026-04-23,19,0,0,6176
ST020,站点-020,L5号线,2026-04-23,20,0,0,2216
ST020,站点-020,L5号线,2026-04-24,7,0,0,5027
ST020,站点-020,L5号线,2026-04-24,8,0,0,5404
ST020,站点-020,L5号线,2026-04-24,9,0,0,2104
ST020,站点-020,L5号线,2026-04-24,12,0,0,2368
ST020,站点-020,L5号线,2026-04-24,18,0,0,5827
ST020,站点-020,L5号线,2026-04-24,19,0,0,6098
ST020,站点-020,L5号线,2026-04-24,20,0,0,2459
ST020,站点-020,L5号线,2026-04-25,7,1,0,3739
ST020,站点-020,L5号线,2026-04-25,8,1,0,4065
ST020,站点-020,L5号线,2026-04-25,9,1,0,1628
ST020,站点-020,L5号线,2026-04-25,12,1,0,1514
ST020,站点-020,L5号线,2026-04-25,18,1,0,4170
ST020,站点-020,L5号线,2026-04-25,19,1,0,4134
ST020,站点-020,L5号线,2026-04-25,20,1,0,1637
ST020,站点-020,L5号线,2026-04-26,7,1,0,3973
ST020,站点-020,L5号线,2026-04-26,8,1,0,4139
ST020,站点-020,L5号线,2026-04-26,9,1,0,1519
ST020,站点-020,L5号线,2026-04-26,12,1,0,1465
ST020,站点-020,L5号线,2026-04-26,18,1,0,4620
ST020,站点-020,L5号线,2026-04-26,19,1,0,4505
ST020,站点-020,L5号线,2026-04-26,20,1,0,1548
ST020,站点-020,L5号线,2026-04-27,7,0,0,5455
ST020,站点-020,L5号线,2026-04-27,8,0,0,5768
ST020,站点-020,L5号线,2026-04-27,9,0,0,2233
ST020,站点-020,L5号线,2026-04-27,12,0,0,2342
ST020,站点-020,L5号线,2026-04-27,18,0,0,5095
ST020,站点-020,L5号线,2026-04-27,19,0,0,5944
ST020,站点-020,L5号线,2026-04-27,20,0,0,2659
ST020,站点-020,L5号线,2026-04-28,7,0,0,5945
ST020,站点-020,L5号线,2026-04-28,8,0,0,5008
ST020,站点-020,L5号线,2026-04-28,9,0,0,2215
ST020,站点-020,L5号线,2026-04-28,12,0,0,2514
ST020,站点-020,L5号线,2026-04-28,18,0,0,6337
ST020,站点-020,L5号线,2026-04-28,19,0,0,5214
ST020,站点-020,L5号线,2026-04-28,20,0,0,2519
ST020,站点-020,L5号线,2026-04-29,7,0,0,6062
ST020,站点-020,L5号线,2026-04-29,8,0,0,6624
ST020,站点-020,L5号线,2026-04-29,9,0,0,2067
ST020,站点-020,L5号线,2026-04-29,12,0,0,2400
ST020,站点-020,L5号线,2026-04-29,18,0,0,5008
ST020,站点-020,L5号线,2026-04-29,19,0,0,5222
ST020,站点-020,L5号线,2026-04-29,20,0,0,2526
ST020,站点-020,L5号线,2026-04-30,7,0,0,5422
ST020,站点-020,L5号线,2026-04-30,8,0,0,5395
ST020,站点-020,L5号线,2026-04-30,9,0,0,2362
ST020,站点-020,L5号线,2026-04-30,12,0,0,2324
ST020,站点-020,L5号线,2026-04-30,18,0,0,5595
ST020,站点-020,L5号线,2026-04-30,19,0,0,5074
ST020,站点-020,L5号线,2026-04-30,20,0,0,2186
ST021,站点-021,L2号线,2026-04-01,7,0,0,15368
ST021,站点-021,L2号线,2026-04-01,8,0,0,13463
ST021,站点-021,L2号线,2026-04-01,9,0,0,5373
ST021,站点-021,L2号线,2026-04-01,12,0,0,5383
ST021,站点-021,L2号线,2026-04-01,18,0,0,15086
ST021,站点-021,L2号线,2026-04-01,19,0,0,12775
ST021,站点-021,L2号线,2026-04-01,20,0,0,5295
ST021,站点-021,L2号线,2026-04-02,7,0,0,14390
ST021,站点-021,L2号线,2026-04-02,8,0,0,12936
ST021,站点-021,L2号线,2026-04-02,9,0,0,5551
ST021,站点-021,L2号线,2026-04-02,12,0,0,4803
ST021,站点-021,L2号线,2026-04-02,18,0,0,12315
ST021,站点-021,L2号线,2026-04-02,19,0,0,14393
ST021,站点-021,L2号线,2026-04-02,20,0,0,4744
ST021,站点-021,L2号线,2026-04-03,7,0,0,15687
ST021,站点-021,L2号线,2026-04-03,8,0,0,15892
ST021,站点-021,L2号线,2026-04-03,9,0,0,5624
ST021,站点-021,L2号线,2026-04-03,12,0,0,4954
ST021,站点-021,L2号线,2026-04-03,18,0,0,12587
ST021,站点-021,L2号线,2026-04-03,19,0,0,13314
ST021,站点-021,L2号线,2026-04-03,20,0,0,5693
ST021,站点-021,L2号线,2026-04-04,7,1,0,10968
ST021,站点-021,L2号线,2026-04-04,8,1,0,8761
ST021,站点-021,L2号线,2026-04-04,9,1,0,4360
ST021,站点-021,L2号线,2026-04-04,12,1,0,3975
ST021,站点-021,L2号线,2026-04-04,18,1,0,10195
ST021,站点-021,L2号线,2026-04-04,19,1,0,10257
ST021,站点-021,L2号线,2026-04-04,20,1,0,4371
ST021,站点-021,L2号线,2026-04-05,7,1,0,8375
ST021,站点-021,L2号线,2026-04-05,8,1,0,10035
ST021,站点-021,L2号线,2026-04-05,9,1,0,4079
ST021,站点-021,L2号线,2026-04-05,12,1,0,3600
ST021,站点-021,L2号线,2026-04-05,18,1,0,10994
ST021,站点-021,L2号线,2026-04-05,19,1,0,9889
ST021,站点-021,L2号线,2026-04-05,20,1,0,3365
ST021,站点-021,L2号线,2026-04-06,7,0,0,15454
ST021,站点-021,L2号线,2026-04-06,8,0,0,14182
ST021,站点-021,L2号线,2026-04-06,9,0,0,5120
ST021,站点-021,L2号线,2026-04-06,12,0,0,5900
ST021,站点-021,L2号线,2026-04-06,18,0,0,13953
ST021,站点-021,L2号线,2026-04-06,19,0,0,14870
ST021,站点-021,L2号线,2026-04-06,20,0,0,5417
ST021,站点-021,L2号线,2026-04-07,7,0,0,12613
ST021,站点-021,L2号线,2026-04-07,8,0,0,12725
ST021,站点-021,L2号线,2026-04-07,9,0,0,6286
ST021,站点-021,L2号线,2026-04-07,12,0,0,5168
ST021,站点-021,L2号线,2026-04-07,18,0,0,15327
ST021,站点-021,L2号线,2026-04-07,19,0,0,15026
ST021,站点-021,L2号线,2026-04-07,20,0,0,5227
ST021,站点-021,L2号线,2026-04-08,7,0,0,12658
ST021,站点-021,L2号线,2026-04-08,8,0,0,13801
ST021,站点-021,L2号线,2026-04-08,9,0,0,5335
ST021,站点-021,L2号线,2026-04-08,12,0,0,6299
ST021,站点-021,L2号线,2026-04-08,18,0,0,14662
ST021,站点-021,L2号线,2026-04-08,19,0,0,13480
ST021,站点-021,L2号线,2026-04-08,20,0,0,5511
ST021,站点-021,L2号线,2026-04-09,7,0,0,12335
ST021,站点-021,L2号线,2026-04-09,8,0,0,15641
ST021,站点-021,L2号线,2026-04-09,9,0,0,6018
ST021,站点-021,L2号线,2026-04-09,12,0,0,5082
ST021,站点-021,L2号线,2026-04-09,18,0,0,13629
ST021,站点-021,L2号线,2026-04-09,19,0,0,13201
ST021,站点-021,L2号线,2026-04-09,20,0,0,4890
ST021,站点-021,L2号线,2026-04-10,7,0,0,15632
ST021,站点-021,L2号线,2026-04-10,8,0,0,13417
ST021,站点-021,L2号线,2026-04-10,9,0,0,5527
ST021,站点-021,L2号线,2026-04-10,12,0,0,6237
ST021,站点-021,L2号线,2026-04-10,18,0,0,13651
ST021,站点-021,L2号线,2026-04-10,19,0,0,13780
ST021,站点-021,L2号线,2026-04-10,20,0,0,5580
ST021,站点-021,L2号线,2026-04-11,7,1,0,8477
ST021,站点-021,L2号线,2026-04-11,8,1,0,9224
ST021,站点-021,L2号线,2026-04-11,9,1,0,4417
ST021,站点-021,L2号线,2026-04-11,12,1,0,3321
ST021,站点-021,L2号线,2026-04-11,18,1,0,9019
ST021,站点-021,L2号线,2026-04-11,19,1,0,9128
ST021,站点-021,L2号线,2026-04-11,20,1,0,3895
ST021,站点-021,L2号线,2026-04-12,7,1,0,8971
ST021,站点-021,L2号线,2026-04-12,8,1,0,10192
ST021,站点-021,L2号线,2026-04-12,9,1,0,3792
ST021,站点-021,L2号线,2026-04-12,12,1,0,4221
ST021,站点-021,L2号线,2026-04-12,18,1,0,8831
ST021,站点-021,L2号线,2026-04-12,19,1,0,10661
ST021,站点-021,L2号线,2026-04-12,20,1,0,4310
ST021,站点-021,L2号线,2026-04-13,7,0,0,15911
ST021,站点-021,L2号线,2026-04-13,8,0,0,15040
ST021,站点-021,L2号线,2026-04-13,9,0,0,5893
ST021,站点-021,L2号线,2026-04-13,12,0,0,6166
ST021,站点-021,L2号线,2026-04-13,18,0,0,11977
ST021,站点-021,L2号线,2026-04-13,19,0,0,13749
ST021,站点-021,L2号线,2026-04-13,20,0,0,5185
ST021,站点-021,L2号线,2026-04-14,7,0,0,15842
ST021,站点-021,L2号线,2026-04-14,8,0,0,14557
ST021,站点-021,L2号线,2026-04-14,9,0,0,5274
ST021,站点-021,L2号线,2026-04-14,12,0,0,5563
ST021,站点-021,L2号线,2026-04-14,18,0,0,11852
ST021,站点-021,L2号线,2026-04-14,19,0,0,15866
ST021,站点-021,L2号线,2026-04-14,20,0,0,6204
ST021,站点-021,L2号线,2026-04-15,7,0,1,14739
ST021,站点-021,L2号线,2026-04-15,8,0,1,14503
ST021,站点-021,L2号线,2026-04-15,9,0,1,5703
ST021,站点-021,L2号线,2026-04-15,12,0,1,4875
ST021,站点-021,L2号线,2026-04-15,18,0,1,14991
ST021,站点-021,L2号线,2026-04-15,19,0,1,15074
ST021,站点-021,L2号线,2026-04-15,20,0,1,5977
ST021,站点-021,L2号线,2026-04-16,7,0,0,15218
ST021,站点-021,L2号线,2026-04-16,8,0,0,15964
ST021,站点-021,L2号线,2026-04-16,9,0,0,5213
ST021,站点-021,L2号线,2026-04-16,12,0,0,5159
ST021,站点-021,L2号线,2026-04-16,18,0,0,13645
ST021,站点-021,L2号线,2026-04-16,19,0,0,11916
ST021,站点-021,L2号线,2026-04-16,20,0,0,5549
ST021,站点-021,L2号线,2026-04-17,7,0,0,15707
ST021,站点-021,L2号线,2026-04-17,8,0,0,14683
ST021,站点-021,L2号线,2026-04-17,9,0,0,5813
ST021,站点-021,L2号线,2026-04-17,12,0,0,6332
ST021,站点-021,L2号线,2026-04-17,18,0,0,13212
ST021,站点-021,L2号线,2026-04-17,19,0,0,12509
ST021,站点-021,L2号线,2026-04-17,20,0,0,5647
ST021,站点-021,L2号线,2026-04-18,7,1,0,8786
ST021,站点-021,L2号线,2026-04-18,8,1,0,8373
ST021,站点-021,L2号线,2026-04-18,9,1,0,4182
ST021,站点-021,L2号线,2026-04-18,12,1,0,3493
ST021,站点-021,L2号线,2026-04-18,18,1,0,10447
ST021,站点-021,L2号线,2026-04-18,19,1,0,9362
ST021,站点-021,L2号线,2026-04-18,20,1,0,3497
ST021,站点-021,L2号线,2026-04-19,7,1,0,10241
ST021,站点-021,L2号线,2026-04-19,8,1,0,8868
ST021,站点-021,L2号线,2026-04-19,9,1,0,4132
ST021,站点-021,L2号线,2026-04-19,12,1,0,4245
ST021,站点-021,L2号线,2026-04-19,18,1,0,9792
ST021,站点-021,L2号线,2026-04-19,19,1,0,10889
ST021,站点-021,L2号线,2026-04-19,20,1,0,3995
ST021,站点-021,L2号线,2026-04-20,7,0,0,15247
ST021,站点-021,L2号线,2026-04-20,8,0,0,15079
ST021,站点-021,L2号线,2026-04-20,9,0,0,4848
ST021,站点-021,L2号线,2026-04-20,12,0,0,5517
ST021,站点-021,L2号线,2026-04-20,18,0,0,14298
ST021,站点-021,L2号线,2026-04-20,19,0,0,14173
ST021,站点-021,L2号线,2026-04-20,20,0,0,5343
ST021,站点-021,L2号线,2026-04-21,7,0,0,15238
ST021,站点-021,L2号线,2026-04-21,8,0,0,12179
ST021,站点-021,L2号线,2026-04-21,9,0,0,5021
ST021,站点-021,L2号线,2026-04-21,12,0,0,5251
ST021,站点-021,L2号线,2026-04-21,18,0,0,15883
ST021,站点-021,L2号线,2026-04-21,19,0,0,12970
ST021,站点-021,L2号线,2026-04-21,20,0,0,5202
ST021,站点-021,L2号线,2026-04-22,7,0,0,16014
ST021,站点-021,L2号线,2026-04-22,8,0,0,13118
ST021,站点-021,L2号线,2026-04-22,9,0,0,5384
ST021,站点-021,L2号线,2026-04-22,12,0,0,5924
ST021,站点-021,L2号线,2026-04-22,18,0,0,12908
ST021,站点-021,L2号线,2026-04-22,19,0,0,13010
ST021,站点-021,L2号线,2026-04-22,20,0,0,5004
ST021,站点-021,L2号线,2026-04-23,7,0,0,15180
ST021,站点-021,L2号线,2026-04-23,8,0,0,13674
ST021,站点-021,L2号线,2026-04-23,9,0,0,5212
ST021,站点-021,L2号线,2026-04-23,12,0,0,5540
ST021,站点-021,L2号线,2026-04-23,18,0,0,14551
ST021,站点-021,L2号线,2026-04-23,19,0,0,13581
ST021,站点-021,L2号线,2026-04-23,20,0,0,5633
ST021,站点-021,L2号线,2026-04-24,7,0,0,12791
ST021,站点-021,L2号线,2026-04-24,8,0,0,15530
ST021,站点-021,L2号线,2026-04-24,9,0,0,5572
ST021,站点-021,L2号线,2026-04-24,12,0,0,6209
ST021,站点-021,L2号线,2026-04-24,18,0,0,14354
ST021,站点-021,L2号线,2026-04-24,19,0,0,12583
ST021,站点-021,L2号线,2026-04-24,20,0,0,6019
ST021,站点-021,L2号线,2026-04-25,7,1,0,8453
ST021,站点-021,L2号线,2026-04-25,8,1,0,9704
ST021,站点-021,L2号线,2026-04-25,9,1,0,3718
ST021,站点-021,L2号线,2026-04-25,12,1,0,3871
ST021,站点-021,L2号线,2026-04-25,18,1,0,10393
ST021,站点-021,L2号线,2026-04-25,19,1,0,10001
ST021,站点-021,L2号线,2026-04-25,20,1,0,3734
ST021,站点-021,L2号线,2026-04-26,7,1,0,10579
ST021,站点-021,L2号线,2026-04-26,8,1,0,8544
ST021,站点-021,L2号线,2026-04-26,9,1,0,4250
ST021,站点-021,L2号线,2026-04-26,12,1,0,4065
ST021,站点-021,L2号线,2026-04-26,18,1,0,10696
ST021,站点-021,L2号线,2026-04-26,19,1,0,9832
ST021,站点-021,L2号线,2026-04-26,20,1,0,4133
ST021,站点-021,L2号线,2026-04-27,7,0,0,12660
ST021,站点-021,L2号线,2026-04-27,8,0,0,13608
ST021,站点-021,L2号线,2026-04-27,9,0,0,5539
ST021,站点-021,L2号线,2026-04-27,12,0,0,5600
ST021,站点-021,L2号线,2026-04-27,18,0,0,15321
ST021,站点-021,L2号线,2026-04-27,19,0,0,12586
ST021,站点-021,L2号线,2026-04-27,20,0,0,6052
ST021,站点-021,L2号线,2026-04-28,7,0,0,11905
ST021,站点-021,L2号线,2026-04-28,8,0,0,15381
ST021,站点-021,L2号线,2026-04-28,9,0,0,5430
ST021,站点-021,L2号线,2026-04-28,12,0,0,6258
ST021,站点-021,L2号线,2026-04-28,18,0,0,14831
ST021,站点-021,L2号线,2026-04-28,19,0,0,13921
ST021,站点-021,L2号线,2026-04-28,20,0,0,5304
ST021,站点-021,L2号线,2026-04-29,7,0,0,15409
ST021,站点-021,L2号线,2026-04-29,8,0,0,13148
ST021,站点-021,L2号线,2026-04-29,9,0,0,5857
ST021,站点-021,L2号线,2026-04-29,12,0,0,5978
ST021,站点-021,L2号线,2026-04-29,18,0,0,13390
ST021,站点-021,L2号线,2026-04-29,19,0,0,13765
ST021,站点-021,L2号线,2026-04-29,20,0,0,6385
ST021,站点-021,L2号线,2026-04-30,7,0,0,13534
ST021,站点-021,L2号线,2026-04-30,8,0,0,13997
ST021,站点-021,L2号线,2026-04-30,9,0,0,5573
ST021,站点-021,L2号线,2026-04-30,12,0,0,5608
ST021,站点-021,L2号线,2026-04-30,18,0,0,14108
ST021,站点-021,L2号线,2026-04-30,19,0,0,14009
ST021,站点-021,L2号线,2026-04-30,20,0,0,5834
ST022,站点-022,L4号线,2026-04-01,7,0,0,42496
ST022,站点-022,L4号线,2026-04-01,8,0,0,39348
ST022,站点-022,L4号线,2026-04-01,9,0,0,17021
ST022,站点-022,L4号线,2026-04-01,12,0,0,13783
ST022,站点-022,L4号线,2026-04-01,18,0,0,37258
ST022,站点-022,L4号线,2026-04-01,19,0,0,38068
ST022,站点-022,L4号线,2026-04-01,20,0,0,14975
ST022,站点-022,L4号线,2026-04-02,7,0,0,39164
ST022,站点-022,L4号线,2026-04-02,8,0,0,34539
ST022,站点-022,L4号线,2026-04-02,9,0,0,14042
ST022,站点-022,L4号线,2026-04-02,12,0,0,15689
ST022,站点-022,L4号线,2026-04-02,18,0,0,35170
ST022,站点-022,L4号线,2026-04-02,19,0,0,35952
ST022,站点-022,L4号线,2026-04-02,20,0,0,13322
ST022,站点-022,L4号线,2026-04-03,7,0,0,42936
ST022,站点-022,L4号线,2026-04-03,8,0,0,37352
ST022,站点-022,L4号线,2026-04-03,9,0,0,16653
ST022,站点-022,L4号线,2026-04-03,12,0,0,17137
ST022,站点-022,L4号线,2026-04-03,18,0,0,39859
ST022,站点-022,L4号线,2026-04-03,19,0,0,42166
ST022,站点-022,L4号线,2026-04-03,20,0,0,15829
ST022,站点-022,L4号线,2026-04-04,7,1,0,27901
ST022,站点-022,L4号线,2026-04-04,8,1,0,24003
ST022,站点-022,L4号线,2026-04-04,9,1,0,10926
ST022,站点-022,L4号线,2026-04-04,12,1,0,11446
ST022,站点-022,L4号线,2026-04-04,18,1,0,26216
ST022,站点-022,L4号线,2026-04-04,19,1,0,25437
ST022,站点-022,L4号线,2026-04-04,20,1,0,9516
ST022,站点-022,L4号线,2026-04-05,7,1,0,22666
ST022,站点-022,L4号线,2026-04-05,8,1,0,29683
ST022,站点-022,L4号线,2026-04-05,9,1,0,10486
ST022,站点-022,L4号线,2026-04-05,12,1,0,10661
ST022,站点-022,L4号线,2026-04-05,18,1,0,29680
ST022,站点-022,L4号线,2026-04-05,19,1,0,24477
ST022,站点-022,L4号线,2026-04-05,20,1,0,11834
ST022,站点-022,L4号线,2026-04-06,7,0,0,38663
ST022,站点-022,L4号线,2026-04-06,8,0,0,36242
ST022,站点-022,L4号线,2026-04-06,9,0,0,17200
ST022,站点-022,L4号线,2026-04-06,12,0,0,14128
ST022,站点-022,L4号线,2026-04-06,18,0,0,35224
ST022,站点-022,L4号线,2026-04-06,19,0,0,36643
ST022,站点-022,L4号线,2026-04-06,20,0,0,16507
ST022,站点-022,L4号线,2026-04-07,7,0,0,34162
ST022,站点-022,L4号线,2026-04-07,8,0,0,36567
ST022,站点-022,L4号线,2026-04-07,9,0,0,15594
ST022,站点-022,L4号线,2026-04-07,12,0,0,14909
ST022,站点-022,L4号线,2026-04-07,18,0,0,39014
ST022,站点-022,L4号线,2026-04-07,19,0,0,41493
ST022,站点-022,L4号线,2026-04-07,20,0,0,16839
ST022,站点-022,L4号线,2026-04-08,7,0,0,33623
ST022,站点-022,L4号线,2026-04-08,8,0,0,32500
ST022,站点-022,L4号线,2026-04-08,9,0,0,15603
ST022,站点-022,L4号线,2026-04-08,12,0,0,16710
ST022,站点-022,L4号线,2026-04-08,18,0,0,38286
ST022,站点-022,L4号线,2026-04-08,19,0,0,40703
ST022,站点-022,L4号线,2026-04-08,20,0,0,16729
ST022,站点-022,L4号线,2026-04-09,7,0,0,34000
ST022,站点-022,L4号线,2026-04-09,8,0,0,42393
ST022,站点-022,L4号线,2026-04-09,9,0,0,14910
ST022,站点-022,L4号线,2026-04-09,12,0,0,13890
ST022,站点-022,L4号线,2026-04-09,18,0,0,34016
ST022,站点-022,L4号线,2026-04-09,19,0,0,32472
ST022,站点-022,L4号线,2026-04-09,20,0,0,16521
ST022,站点-022,L4号线,2026-04-10,7,0,0,35900
ST022,站点-022,L4号线,2026-04-10,8,0,0,40843
ST022,站点-022,L4号线,2026-04-10,9,0,0,16488
ST022,站点-022,L4号线,2026-04-10,12,0,0,17302
ST022,站点-022,L4号线,2026-04-10,18,0,0,35898
ST022,站点-022,L4号线,2026-04-10,19,0,0,37998
ST022,站点-022,L4号线,2026-04-10,20,0,0,16071
ST022,站点-022,L4号线,2026-04-11,7,1,0,23729
ST022,站点-022,L4号线,2026-04-11,8,1,0,25571
ST022,站点-022,L4号线,2026-04-11,9,1,0,9965
ST022,站点-022,L4号线,2026-04-11,12,1,0,11506
ST022,站点-022,L4号线,2026-04-11,18,1,0,29478
ST022,站点-022,L4号线,2026-04-11,19,1,0,23514
ST022,站点-022,L4号线,2026-04-11,20,1,0,10336
ST022,站点-022,L4号线,2026-04-12,7,1,0,24267
ST022,站点-022,L4号线,2026-04-12,8,1,0,22634
ST022,站点-022,L4号线,2026-04-12,9,1,0,10204
ST022,站点-022,L4号线,2026-04-12,12,1,0,11584
ST022,站点-022,L4号线,2026-04-12,18,1,0,28610
ST022,站点-022,L4号线,2026-04-12,19,1,0,23969
ST022,站点-022,L4号线,2026-04-12,20,1,0,9563
ST022,站点-022,L4号线,2026-04-13,7,0,0,33931
ST022,站点-022,L4号线,2026-04-13,8,0,0,34950
ST022,站点-022,L4号线,2026-04-13,9,0,0,16684
ST022,站点-022,L4号线,2026-04-13,12,0,0,17289
ST022,站点-022,L4号线,2026-04-13,18,0,0,40152
ST022,站点-022,L4号线,2026-04-13,19,0,0,41479
ST022,站点-022,L4号线,2026-04-13,20,0,0,16896
ST022,站点-022,L4号线,2026-04-14,7,0,0,42618
ST022,站点-022,L4号线,2026-04-14,8,0,0,41082
ST022,站点-022,L4号线,2026-04-14,9,0,0,17298
ST022,站点-022,L4号线,2026-04-14,12,0,0,15078
ST022,站点-022,L4号线,2026-04-14,18,0,0,41908
ST022,站点-022,L4号线,2026-04-14,19,0,0,42765
ST022,站点-022,L4号线,2026-04-14,20,0,0,13197
ST022,站点-022,L4号线,2026-04-15,7,0,1,38775
ST022,站点-022,L4号线,2026-04-15,8,0,1,32881
ST022,站点-022,L4号线,2026-04-15,9,0,1,13586
ST022,站点-022,L4号线,2026-04-15,12,0,1,14553
ST022,站点-022,L4号线,2026-04-15,18,0,1,42947
ST022,站点-022,L4号线,2026-04-15,19,0,1,35206
ST022,站点-022,L4号线,2026-04-15,20,0,1,13874
ST022,站点-022,L4号线,2026-04-16,7,0,0,38939
ST022,站点-022,L4号线,2026-04-16,8,0,0,33953
ST022,站点-022,L4号线,2026-04-16,9,0,0,14881
ST022,站点-022,L4号线,2026-04-16,12,0,0,16524
ST022,站点-022,L4号线,2026-04-16,18,0,0,37978
ST022,站点-022,L4号线,2026-04-16,19,0,0,34666
ST022,站点-022,L4号线,2026-04-16,20,0,0,14821
ST022,站点-022,L4号线,2026-04-17,7,0,0,42706
ST022,站点-022,L4号线,2026-04-17,8,0,0,38051
ST022,站点-022,L4号线,2026-04-17,9,0,0,15549
ST022,站点-022,L4号线,2026-04-17,12,0,0,15579
ST022,站点-022,L4号线,2026-04-17,18,0,0,32945
ST022,站点-022,L4号线,2026-04-17,19,0,0,37741
ST022,站点-022,L4号线,2026-04-17,20,0,0,13389
ST022,站点-022,L4号线,2026-04-18,7,1,0,28236
ST022,站点-022,L4号线,2026-04-18,8,1,0,28167
ST022,站点-022,L4号线,2026-04-18,9,1,0,9103
ST022,站点-022,L4号线,2026-04-18,12,1,0,11398
ST022,站点-022,L4号线,2026-04-18,18,1,0,28667
ST022,站点-022,L4号线,2026-04-18,19,1,0,28004
ST022,站点-022,L4号线,2026-04-18,20,1,0,9517
ST022,站点-022,L4号线,2026-04-19,7,1,0,29056
ST022,站点-022,L4号线,2026-04-19,8,1,0,24314
ST022,站点-022,L4号线,2026-04-19,9,1,0,10767
ST022,站点-022,L4号线,2026-04-19,12,1,0,11016
ST022,站点-022,L4号线,2026-04-19,18,1,0,24030
ST022,站点-022,L4号线,2026-04-19,19,1,0,26475
ST022,站点-022,L4号线,2026-04-19,20,1,0,10140
ST022,站点-022,L4号线,2026-04-20,7,0,0,39836
ST022,站点-022,L4号线,2026-04-20,8,0,0,34699
ST022,站点-022,L4号线,2026-04-20,9,0,0,16974
ST022,站点-022,L4号线,2026-04-20,12,0,0,17173
ST022,站点-022,L4号线,2026-04-20,18,0,0,42990
ST022,站点-022,L4号线,2026-04-20,19,0,0,41476
ST022,站点-022,L4号线,2026-04-20,20,0,0,13590
ST022,站点-022,L4号线,2026-04-21,7,0,0,33242
ST022,站点-022,L4号线,2026-04-21,8,0,0,42647
ST022,站点-022,L4号线,2026-04-21,9,0,0,15864
ST022,站点-022,L4号线,2026-04-21,12,0,0,16518
ST022,站点-022,L4号线,2026-04-21,18,0,0,32736
ST022,站点-022,L4号线,2026-04-21,19,0,0,41995
ST022,站点-022,L4号线,2026-04-21,20,0,0,16644
ST022,站点-022,L4号线,2026-04-22,7,0,0,38482
ST022,站点-022,L4号线,2026-04-22,8,0,0,36345
ST022,站点-022,L4号线,2026-04-22,9,0,0,14692
ST022,站点-022,L4号线,2026-04-22,12,0,0,15326
ST022,站点-022,L4号线,2026-04-22,18,0,0,35357
ST022,站点-022,L4号线,2026-04-22,19,0,0,34890
ST022,站点-022,L4号线,2026-04-22,20,0,0,16727
ST022,站点-022,L4号线,2026-04-23,7,0,0,38224
ST022,站点-022,L4号线,2026-04-23,8,0,0,43328
ST022,站点-022,L4号线,2026-04-23,9,0,0,13796
ST022,站点-022,L4号线,2026-04-23,12,0,0,12969
ST022,站点-022,L4号线,2026-04-23,18,0,0,37750
ST022,站点-022,L4号线,2026-04-23,19,0,0,38547
ST022,站点-022,L4号线,2026-04-23,20,0,0,15722
ST022,站点-022,L4号线,2026-04-24,7,0,0,36516
ST022,站点-022,L4号线,2026-04-24,8,0,0,41769
ST022,站点-022,L4号线,2026-04-24,9,0,0,13235
ST022,站点-022,L4号线,2026-04-24,12,0,0,17058
ST022,站点-022,L4号线,2026-04-24,18,0,0,36688
ST022,站点-022,L4号线,2026-04-24,19,0,0,38601
ST022,站点-022,L4号线,2026-04-24,20,0,0,15595
ST022,站点-022,L4号线,2026-04-25,7,1,0,27646
ST022,站点-022,L4号线,2026-04-25,8,1,0,28884
ST022,站点-022,L4号线,2026-04-25,9,1,0,9491
ST022,站点-022,L4号线,2026-04-25,12,1,0,9283
ST022,站点-022,L4号线,2026-04-25,18,1,0,27041
ST022,站点-022,L4号线,2026-04-25,19,1,0,23844
ST022,站点-022,L4号线,2026-04-25,20,1,0,10494
ST022,站点-022,L4号线,2026-04-26,7,1,0,27195
ST022,站点-022,L4号线,2026-04-26,8,1,0,30314
ST022,站点-022,L4号线,2026-04-26,9,1,0,10264
ST022,站点-022,L4号线,2026-04-26,12,1,0,9864
ST022,站点-022,L4号线,2026-04-26,18,1,0,29608
ST022,站点-022,L4号线,2026-04-26,19,1,0,27503
ST022,站点-022,L4号线,2026-04-26,20,1,0,11956
ST022,站点-022,L4号线,2026-04-27,7,0,0,42760
ST022,站点-022,L4号线,2026-04-27,8,0,0,39326
ST022,站点-022,L4号线,2026-04-27,9,0,0,16297
ST022,站点-022,L4号线,2026-04-27,12,0,0,15393
ST022,站点-022,L4号线,2026-04-27,18,0,0,35103
ST022,站点-022,L4号线,2026-04-27,19,0,0,32722
ST022,站点-022,L4号线,2026-04-27,20,0,0,15174
ST022,站点-022,L4号线,2026-04-28,7,0,0,38659
ST022,站点-022,L4号线,2026-04-28,8,0,0,32733
ST022,站点-022,L4号线,2026-04-28,9,0,0,12907
ST022,站点-022,L4号线,2026-04-28,12,0,0,17342
ST022,站点-022,L4号线,2026-04-28,18,0,0,38372
ST022,站点-022,L4号线,2026-04-28,19,0,0,40341
ST022,站点-022,L4号线,2026-04-28,20,0,0,13523
ST022,站点-022,L4号线,2026-04-29,7,0,0,38292
ST022,站点-022,L4号线,2026-04-29,8,0,0,37648
ST022,站点-022,L4号线,2026-04-29,9,0,0,14078
ST022,站点-022,L4号线,2026-04-29,12,0,0,13957
ST022,站点-022,L4号线,2026-04-29,18,0,0,33593
ST022,站点-022,L4号线,2026-04-29,19,0,0,34161
ST022,站点-022,L4号线,2026-04-29,20,0,0,13784
ST022,站点-022,L4号线,2026-04-30,7,0,0,41187
ST022,站点-022,L4号线,2026-04-30,8,0,0,40649
ST022,站点-022,L4号线,2026-04-30,9,0,0,12952
ST022,站点-022,L4号线,2026-04-30,12,0,0,14277
ST022,站点-022,L4号线,2026-04-30,18,0,0,33147
ST022,站点-022,L4号线,2026-04-30,19,0,0,37415
ST022,站点-022,L4号线,2026-04-30,20,0,0,16599
ST023,站点-023,L10号线,2026-04-01,7,0,0,38082
ST023,站点-023,L10号线,2026-04-01,8,0,0,43075
ST023,站点-023,L10号线,2026-04-01,9,0,0,14481
ST023,站点-023,L10号线,2026-04-01,12,0,0,13697
ST023,站点-023,L10号线,2026-04-01,18,0,0,35865
ST023,站点-023,L10号线,2026-04-01,19,0,0,39431
ST023,站点-023,L10号线,2026-04-01,20,0,0,13594
ST023,站点-023,L10号线,2026-04-02,7,0,0,39243
ST023,站点-023,L10号线,2026-04-02,8,0,0,35012
ST023,站点-023,L10号线,2026-04-02,9,0,0,16018
ST023,站点-023,L10号线,2026-04-02,12,0,0,16113
ST023,站点-023,L10号线,2026-04-02,18,0,0,34527
ST023,站点-023,L10号线,2026-04-02,19,0,0,37846
ST023,站点-023,L10号线,2026-04-02,20,0,0,16283
ST023,站点-023,L10号线,2026-04-03,7,0,0,34444
ST023,站点-023,L10号线,2026-04-03,8,0,0,33526
ST023,站点-023,L10号线,2026-04-03,9,0,0,13406
ST023,站点-023,L10号线,2026-04-03,12,0,0,14379
ST023,站点-023,L10号线,2026-04-03,18,0,0,37194
ST023,站点-023,L10号线,2026-04-03,19,0,0,34220
ST023,站点-023,L10号线,2026-04-03,20,0,0,16316
ST023,站点-023,L10号线,2026-04-04,7,1,0,22535
ST023,站点-023,L10号线,2026-04-04,8,1,0,26846
ST023,站点-023,L10号线,2026-04-04,9,1,0,11761
ST023,站点-023,L10号线,2026-04-04,12,1,0,9025
ST023,站点-023,L10号线,2026-04-04,18,1,0,28254
ST023,站点-023,L10号线,2026-04-04,19,1,0,26209
ST023,站点-023,L10号线,2026-04-04,20,1,0,11994
ST023,站点-023,L10号线,2026-04-05,7,1,0,27289
ST023,站点-023,L10号线,2026-04-05,8,1,0,24149
ST023,站点-023,L10号线,2026-04-05,9,1,0,11465
ST023,站点-023,L10号线,2026-04-05,12,1,0,10756
ST023,站点-023,L10号线,2026-04-05,18,1,0,28653
ST023,站点-023,L10号线,2026-04-05,19,1,0,28870
ST023,站点-023,L10号线,2026-04-05,20,1,0,11199
ST023,站点-023,L10号线,2026-04-06,7,0,0,36175
ST023,站点-023,L10号线,2026-04-06,8,0,0,40954
ST023,站点-023,L10号线,2026-04-06,9,0,0,15981
ST023,站点-023,L10号线,2026-04-06,12,0,0,14068
ST023,站点-023,L10号线,2026-04-06,18,0,0,41606
ST023,站点-023,L10号线,2026-04-06,19,0,0,37166
ST023,站点-023,L10号线,2026-04-06,20,0,0,15097
ST023,站点-023,L10号线,2026-04-07,7,0,0,35173
ST023,站点-023,L10号线,2026-04-07,8,0,0,43017
ST023,站点-023,L10号线,2026-04-07,9,0,0,15087
ST023,站点-023,L10号线,2026-04-07,12,0,0,15066
ST023,站点-023,L10号线,2026-04-07,18,0,0,41511
ST023,站点-023,L10号线,2026-04-07,19,0,0,39538
ST023,站点-023,L10号线,2026-04-07,20,0,0,14034
ST023,站点-023,L10号线,2026-04-08,7,0,0,32561
ST023,站点-023,L10号线,2026-04-08,8,0,0,34469
ST023,站点-023,L10号线,2026-04-08,9,0,0,13188
ST023,站点-023,L10号线,2026-04-08,12,0,0,14905
ST023,站点-023,L10号线,2026-04-08,18,0,0,37531
ST023,站点-023,L10号线,2026-04-08,19,0,0,43102
ST023,站点-023,L10号线,2026-04-08,20,0,0,15772
ST023,站点-023,L10号线,2026-04-09,7,0,0,43007
ST023,站点-023,L10号线,2026-04-09,8,0,0,40978
ST023,站点-023,L10号线,2026-04-09,9,0,0,15127
ST023,站点-023,L10号线,2026-04-09,12,0,0,15985
ST023,站点-023,L10号线,2026-04-09,18,0,0,34733
ST023,站点-023,L10号线,2026-04-09,19,0,0,34756
ST023,站点-023,L10号线,2026-04-09,20,0,0,15644
ST023,站点-023,L10号线,2026-04-10,7,0,0,42540
ST023,站点-023,L10号线,2026-04-10,8,0,0,41501
ST023,站点-023,L10号线,2026-04-10,9,0,0,15916
ST023,站点-023,L10号线,2026-04-10,12,0,0,13016
ST023,站点-023,L10号线,2026-04-10,18,0,0,33197
ST023,站点-023,L10号线,2026-04-10,19,0,0,38798
ST023,站点-023,L10号线,2026-04-10,20,0,0,15697
ST023,站点-023,L10号线,2026-04-11,7,1,0,30073
ST023,站点-023,L10号线,2026-04-11,8,1,0,29852
ST023,站点-023,L10号线,2026-04-11,9,1,0,10679
ST023,站点-023,L10号线,2026-04-11,12,1,0,10690
ST023,站点-023,L10号线,2026-04-11,18,1,0,29404
ST023,站点-023,L10号线,2026-04-11,19,1,0,29702
ST023,站点-023,L10号线,2026-04-11,20,1,0,10793
ST023,站点-023,L10号线,2026-04-12,7,1,0,25037
ST023,站点-023,L10号线,2026-04-12,8,1,0,29716
ST023,站点-023,L10号线,2026-04-12,9,1,0,11452
ST023,站点-023,L10号线,2026-04-12,12,1,0,11940
ST023,站点-023,L10号线,2026-04-12,18,1,0,23750
ST023,站点-023,L10号线,2026-04-12,19,1,0,28047
ST023,站点-023,L10号线,2026-04-12,20,1,0,11805
ST023,站点-023,L10号线,2026-04-13,7,0,0,32229
ST023,站点-023,L10号线,2026-04-13,8,0,0,43034
ST023,站点-023,L10号线,2026-04-13,9,0,0,16790
ST023,站点-023,L10号线,2026-04-13,12,0,0,16519
ST023,站点-023,L10号线,2026-04-13,18,0,0,35549
ST023,站点-023,L10号线,2026-04-13,19,0,0,35290
ST023,站点-023,L10号线,2026-04-13,20,0,0,16630
ST023,站点-023,L10号线,2026-04-14,7,0,0,34571
ST023,站点-023,L10号线,2026-04-14,8,0,0,33224
ST023,站点-023,L10号线,2026-04-14,9,0,0,13413
ST023,站点-023,L10号线,2026-04-14,12,0,0,15838
ST023,站点-023,L10号线,2026-04-14,18,0,0,37725
ST023,站点-023,L10号线,2026-04-14,19,0,0,42101
ST023,站点-023,L10号线,2026-04-14,20,0,0,12801
ST023,站点-023,L10号线,2026-04-15,7,0,1,32634
ST023,站点-023,L10号线,2026-04-15,8,0,1,33670
ST023,站点-023,L10号线,2026-04-15,9,0,1,16159
ST023,站点-023,L10号线,2026-04-15,12,0,1,15695
ST023,站点-023,L10号线,2026-04-15,18,0,1,34385
ST023,站点-023,L10号线,2026-04-15,19,0,1,36097
ST023,站点-023,L10号线,2026-04-15,20,0,1,13790
ST023,站点-023,L10号线,2026-04-16,7,0,0,43117
ST023,站点-023,L10号线,2026-04-16,8,0,0,37001
ST023,站点-023,L10号线,2026-04-16,9,0,0,15611
ST023,站点-023,L10号线,2026-04-16,12,0,0,14992
ST023,站点-023,L10号线,2026-04-16,18,0,0,35594
ST023,站点-023,L10号线,2026-04-16,19,0,0,38820
ST023,站点-023,L10号线,2026-04-16,20,0,0,15937
ST023,站点-023,L10号线,2026-04-17,7,0,0,40462
ST023,站点-023,L10号线,2026-04-17,8,0,0,38668
ST023,站点-023,L10号线,2026-04-17,9,0,0,15850
ST023,站点-023,L10号线,2026-04-17,12,0,0,17180
ST023,站点-023,L10号线,2026-04-17,18,0,0,32914
ST023,站点-023,L10号线,2026-04-17,19,0,0,40413
ST023,站点-023,L10号线,2026-04-17,20,0,0,16009
ST023,站点-023,L10号线,2026-04-18,7,1,0,26779
ST023,站点-023,L10号线,2026-04-18,8,1,0,29443
ST023,站点-023,L10号线,2026-04-18,9,1,0,9151
ST023,站点-023,L10号线,2026-04-18,12,1,0,10504
ST023,站点-023,L10号线,2026-04-18,18,1,0,29893
ST023,站点-023,L10号线,2026-04-18,19,1,0,22710
ST023,站点-023,L10号线,2026-04-18,20,1,0,9601
ST023,站点-023,L10号线,2026-04-19,7,1,0,23133
ST023,站点-023,L10号线,2026-04-19,8,1,0,29284
ST023,站点-023,L10号线,2026-04-19,9,1,0,11454
ST023,站点-023,L10号线,2026-04-19,12,1,0,10260
ST023,站点-023,L10号线,2026-04-19,18,1,0,22681
ST023,站点-023,L10号线,2026-04-19,19,1,0,27259
ST023,站点-023,L10号线,2026-04-19,20,1,0,9826
ST023,站点-023,L10号线,2026-04-20,7,0,0,37197
ST023,站点-023,L10号线,2026-04-20,8,0,0,34212
ST023,站点-023,L10号线,2026-04-20,9,0,0,14156
ST023,站点-023,L10号线,2026-04-20,12,0,0,16736
ST023,站点-023,L10号线,2026-04-20,18,0,0,42415
ST023,站点-023,L10号线,2026-04-20,19,0,0,39006
ST023,站点-023,L10号线,2026-04-20,20,0,0,13751
ST023,站点-023,L10号线,2026-04-21,7,0,0,42194
ST023,站点-023,L10号线,2026-04-21,8,0,0,34316
ST023,站点-023,L10号线,2026-04-21,9,0,0,14193
ST023,站点-023,L10号线,2026-04-21,12,0,0,13084
ST023,站点-023,L10号线,2026-04-21,18,0,0,37272
ST023,站点-023,L10号线,2026-04-21,19,0,0,42138
ST023,站点-023,L10号线,2026-04-21,20,0,0,15250
ST023,站点-023,L10号线,2026-04-22,7,0,0,42961
ST023,站点-023,L10号线,2026-04-22,8,0,0,37846
ST023,站点-023,L10号线,2026-04-22,9,0,0,15659
ST023,站点-023,L10号线,2026-04-22,12,0,0,13135
ST023,站点-023,L10号线,2026-04-22,18,0,0,31943
ST023,站点-023,L10号线,2026-04-22,19,0,0,42098
ST023,站点-023,L10号线,2026-04-22,20,0,0,14835
ST023,站点-023,L10号线,2026-04-23,7,0,0,38918
ST023,站点-023,L10号线,2026-04-23,8,0,0,42350
ST023,站点-023,L10号线,2026-04-23,9,0,0,16885
ST023,站点-023,L10号线,2026-04-23,12,0,0,15285
ST023,站点-023,L10号线,2026-04-23,18,0,0,38999
ST023,站点-023,L10号线,2026-04-23,19,0,0,40356
ST023,站点-023,L10号线,2026-04-23,20,0,0,14139
ST023,站点-023,L10号线,2026-04-24,7,0,0,39341
ST023,站点-023,L10号线,2026-04-24,8,0,0,40108
ST023,站点-023,L10号线,2026-04-24,9,0,0,13989
ST023,站点-023,L10号线,2026-04-24,12,0,0,16554
ST023,站点-023,L10号线,2026-04-24,18,0,0,42631
ST023,站点-023,L10号线,2026-04-24,19,0,0,38541
ST023,站点-023,L10号线,2026-04-24,20,0,0,14832
ST023,站点-023,L10号线,2026-04-25,7,1,0,25872
ST023,站点-023,L10号线,2026-04-25,8,1,0,29292
ST023,站点-023,L10号线,2026-04-25,9,1,0,11565
ST023,站点-023,L10号线,2026-04-25,12,1,0,10292
ST023,站点-023,L10号线,2026-04-25,18,1,0,28052
ST023,站点-023,L10号线,2026-04-25,19,1,0,29400
ST023,站点-023,L10号线,2026-04-25,20,1,0,9580
ST023,站点-023,L10号线,2026-04-26,7,1,0,24476
ST023,站点-023,L10号线,2026-04-26,8,1,0,29609
ST023,站点-023,L10号线,2026-04-26,9,1,0,11267
ST023,站点-023,L10号线,2026-04-26,12,1,0,9169
ST023,站点-023,L10号线,2026-04-26,18,1,0,28240
ST023,站点-023,L10号线,2026-04-26,19,1,0,27378
ST023,站点-023,L10号线,2026-04-26,20,1,0,10938
ST023,站点-023,L10号线,2026-04-27,7,0,0,32620
ST023,站点-023,L10号线,2026-04-27,8,0,0,41260
ST023,站点-023,L10号线,2026-04-27,9,0,0,16801
ST023,站点-023,L10号线,2026-04-27,12,0,0,16029
ST023,站点-023,L10号线,2026-04-27,18,0,0,41648
ST023,站点-023,L10号线,2026-04-27,19,0,0,33775
ST023,站点-023,L10号线,2026-04-27,20,0,0,15742
ST023,站点-023,L10号线,2026-04-28,7,0,0,36233
ST023,站点-023,L10号线,2026-04-28,8,0,0,34406
ST023,站点-023,L10号线,2026-04-28,9,0,0,13865
ST023,站点-023,L10号线,2026-04-28,12,0,0,16922
ST023,站点-023,L10号线,2026-04-28,18,0,0,40031
ST023,站点-023,L10号线,2026-04-28,19,0,0,37732
ST023,站点-023,L10号线,2026-04-28,20,0,0,16095
ST023,站点-023,L10号线,2026-04-29,7,0,0,37017
ST023,站点-023,L10号线,2026-04-29,8,0,0,42457
ST023,站点-023,L10号线,2026-04-29,9,0,0,13232
ST023,站点-023,L10号线,2026-04-29,12,0,0,15086
ST023,站点-023,L10号线,2026-04-29,18,0,0,36308
ST023,站点-023,L10号线,2026-04-29,19,0,0,37596
ST023,站点-023,L10号线,2026-04-29,20,0,0,14199
ST023,站点-023,L10号线,2026-04-30,7,0,0,40089
ST023,站点-023,L10号线,2026-04-30,8,0,0,38623
ST023,站点-023,L10号线,2026-04-30,9,0,0,16708
ST023,站点-023,L10号线,2026-04-30,12,0,0,17105
ST023,站点-023,L10号线,2026-04-30,18,0,0,37964
ST023,站点-023,L10号线,2026-04-30,19,0,0,41138
ST023,站点-023,L10号线,2026-04-30,20,0,0,16038
ST024,站点-024,L4号线,2026-04-01,7,0,0,23809
ST024,站点-024,L4号线,2026-04-01,8,0,0,23838
ST024,站点-024,L4号线,2026-04-01,9,0,0,8242
ST024,站点-024,L4号线,2026-04-01,12,0,0,7455
ST024,站点-024,L4号线,2026-04-01,18,0,0,20120
ST024,站点-024,L4号线,2026-04-01,19,0,0,24215
ST024,站点-024,L4号线,2026-04-01,20,0,0,8834
ST024,站点-024,L4号线,2026-04-02,7,0,0,19535
ST024,站点-024,L4号线,2026-04-02,8,0,0,20356
ST024,站点-024,L4号线,2026-04-02,9,0,0,7228
ST024,站点-024,L4号线,2026-04-02,12,0,0,8977
ST024,站点-024,L4号线,2026-04-02,18,0,0,20206
ST024,站点-024,L4号线,2026-04-02,19,0,0,18176
ST024,站点-024,L4号线,2026-04-02,20,0,0,8448
ST024,站点-024,L4号线,2026-04-03,7,0,0,21256
ST024,站点-024,L4号线,2026-04-03,8,0,0,24245
ST024,站点-024,L4号线,2026-04-03,9,0,0,7992
ST024,站点-024,L4号线,2026-04-03,12,0,0,8727
ST024,站点-024,L4号线,2026-04-03,18,0,0,23877
ST024,站点-024,L4号线,2026-04-03,19,0,0,21775
ST024,站点-024,L4号线,2026-04-03,20,0,0,7681
ST024,站点-024,L4号线,2026-04-04,7,1,0,12845
ST024,站点-024,L4号线,2026-04-04,8,1,0,12928
ST024,站点-024,L4号线,2026-04-04,9,1,0,6537
ST024,站点-024,L4号线,2026-04-04,12,1,0,6779
ST024,站点-024,L4号线,2026-04-04,18,1,0,14703
ST024,站点-024,L4号线,2026-04-04,19,1,0,12852
ST024,站点-024,L4号线,2026-04-04,20,1,0,6328
ST024,站点-024,L4号线,2026-04-05,7,1,0,13902
ST024,站点-024,L4号线,2026-04-05,8,1,0,15907
ST024,站点-024,L4号线,2026-04-05,9,1,0,5797
ST024,站点-024,L4号线,2026-04-05,12,1,0,6165
ST024,站点-024,L4号线,2026-04-05,18,1,0,13279
ST024,站点-024,L4号线,2026-04-05,19,1,0,13137
ST024,站点-024,L4号线,2026-04-05,20,1,0,6664
ST024,站点-024,L4号线,2026-04-06,7,0,0,23483
ST024,站点-024,L4号线,2026-04-06,8,0,0,21647
ST024,站点-024,L4号线,2026-04-06,9,0,0,9622
ST024,站点-024,L4号线,2026-04-06,12,0,0,8533
ST024,站点-024,L4号线,2026-04-06,18,0,0,19484
ST024,站点-024,L4号线,2026-04-06,19,0,0,18394
ST024,站点-024,L4号线,2026-04-06,20,0,0,9271
ST024,站点-024,L4号线,2026-04-07,7,0,0,20100
ST024,站点-024,L4号线,2026-04-07,8,0,0,21352
ST024,站点-024,L4号线,2026-04-07,9,0,0,8033
ST024,站点-024,L4号线,2026-04-07,12,0,0,8532
ST024,站点-024,L4号线,2026-04-07,18,0,0,19357
ST024,站点-024,L4号线,2026-04-07,19,0,0,23865
ST024,站点-024,L4号线,2026-04-07,20,0,0,9062
ST024,站点-024,L4号线,2026-04-08,7,0,0,21153
ST024,站点-024,L4号线,2026-04-08,8,0,0,19039
ST024,站点-024,L4号线,2026-04-08,9,0,0,8854
ST024,站点-024,L4号线,2026-04-08,12,0,0,8812
ST024,站点-024,L4号线,2026-04-08,18,0,0,21017
ST024,站点-024,L4号线,2026-04-08,19,0,0,17942
ST024,站点-024,L4号线,2026-04-08,20,0,0,7178
ST024,站点-024,L4号线,2026-04-09,7,0,0,18885
ST024,站点-024,L4号线,2026-04-09,8,0,0,22147
ST024,站点-024,L4号线,2026-04-09,9,0,0,7255
ST024,站点-024,L4号线,2026-04-09,12,0,0,8963
ST024,站点-024,L4号线,2026-04-09,18,0,0,21058
ST024,站点-024,L4号线,2026-04-09,19,0,0,23509
ST024,站点-024,L4号线,2026-04-09,20,0,0,7853
ST024,站点-024,L4号线,2026-04-10,7,0,0,24102
ST024,站点-024,L4号线,2026-04-10,8,0,0,19926
ST024,站点-024,L4号线,2026-04-10,9,0,0,7961
ST024,站点-024,L4号线,2026-04-10,12,0,0,9615
ST024,站点-024,L4号线,2026-04-10,18,0,0,20725
ST024,站点-024,L4号线,2026-04-10,19,0,0,18870
ST024,站点-024,L4号线,2026-04-10,20,0,0,8906
ST024,站点-024,L4号线,2026-04-11,7,1,0,14292
ST024,站点-024,L4号线,2026-04-11,8,1,0,16746
ST024,站点-024,L4号线,2026-04-11,9,1,0,5139
ST024,站点-024,L4号线,2026-04-11,12,1,0,5810
ST024,站点-024,L4号线,2026-04-11,18,1,0,13325
ST024,站点-024,L4号线,2026-04-11,19,1,0,13892
ST024,站点-024,L4号线,2026-04-11,20,1,0,5558
ST024,站点-024,L4号线,2026-04-12,7,1,0,15288
ST024,站点-024,L4号线,2026-04-12,8,1,0,13285
ST024,站点-024,L4号线,2026-04-12,9,1,0,6670
ST024,站点-024,L4号线,2026-04-12,12,1,0,5913
ST024,站点-024,L4号线,2026-04-12,18,1,0,12613
ST024,站点-024,L4号线,2026-04-12,19,1,0,12841
ST024,站点-024,L4号线,2026-04-12,20,1,0,6603
ST024,站点-024,L4号线,2026-04-13,7,0,0,20867
ST024,站点-024,L4号线,2026-04-13,8,0,0,22658
ST024,站点-024,L4号线,2026-04-13,9,0,0,8610
ST024,站点-024,L4号线,2026-04-13,12,0,0,8869
ST024,站点-024,L4号线,2026-04-13,18,0,0,20019
ST024,站点-024,L4号线,2026-04-13,19,0,0,24197
ST024,站点-024,L4号线,2026-04-13,20,0,0,8479
ST024,站点-024,L4号线,2026-04-14,7,0,0,23822
ST024,站点-024,L4号线,2026-04-14,8,0,0,20112
ST024,站点-024,L4号线,2026-04-14,9,0,0,7436
ST024,站点-024,L4号线,2026-04-14,12,0,0,7685
ST024,站点-024,L4号线,2026-04-14,18,0,0,19021
ST024,站点-024,L4号线,2026-04-14,19,0,0,18141
ST024,站点-024,L4号线,2026-04-14,20,0,0,8931
ST024,站点-024,L4号线,2026-04-15,7,0,1,20054
ST024,站点-024,L4号线,2026-04-15,8,0,1,22100
ST024,站点-024,L4号线,2026-04-15,9,0,1,8252
ST024,站点-024,L4号线,2026-04-15,12,0,1,9500
ST024,站点-024,L4号线,2026-04-15,18,0,1,21813
ST024,站点-024,L4号线,2026-04-15,19,0,1,20065
ST024,站点-024,L4号线,2026-04-15,20,0,1,8047
ST024,站点-024,L4号线,2026-04-16,7,0,0,23524
ST024,站点-024,L4号线,2026-04-16,8,0,0,19320
ST024,站点-024,L4号线,2026-04-16,9,0,0,9699
ST024,站点-024,L4号线,2026-04-16,12,0,0,7839
ST024,站点-024,L4号线,2026-04-16,18,0,0,18866
ST024,站点-024,L4号线,2026-04-16,19,0,0,22449
ST024,站点-024,L4号线,2026-04-16,20,0,0,7285
ST024,站点-024,L4号线,2026-04-17,7,0,0,19835
ST024,站点-024,L4号线,2026-04-17,8,0,0,21364
ST024,站点-024,L4号线,2026-04-17,9,0,0,9001
ST024,站点-024,L4号线,2026-04-17,12,0,0,9202
ST024,站点-024,L4号线,2026-04-17,18,0,0,18462
ST024,站点-024,L4号线,2026-04-17,19,0,0,18965
ST024,站点-024,L4号线,2026-04-17,20,0,0,9285
ST024,站点-024,L4号线,2026-04-18,7,1,0,15619
ST024,站点-024,L4号线,2026-04-18,8,1,0,16408
ST024,站点-024,L4号线,2026-04-18,9,1,0,5177
ST024,站点-024,L4号线,2026-04-18,12,1,0,6347
ST024,站点-024,L4号线,2026-04-18,18,1,0,15120
ST024,站点-024,L4号线,2026-04-18,19,1,0,15056
ST024,站点-024,L4号线,2026-04-18,20,1,0,6186
ST024,站点-024,L4号线,2026-04-19,7,1,0,16106
ST024,站点-024,L4号线,2026-04-19,8,1,0,14678
ST024,站点-024,L4号线,2026-04-19,9,1,0,5488
ST024,站点-024,L4号线,2026-04-19,12,1,0,5140
ST024,站点-024,L4号线,2026-04-19,18,1,0,16101
ST024,站点-024,L4号线,2026-04-19,19,1,0,16296
ST024,站点-024,L4号线,2026-04-19,20,1,0,6196
ST024,站点-024,L4号线,2026-04-20,7,0,0,23681
ST024,站点-024,L4号线,2026-04-20,8,0,0,23070
ST024,站点-024,L4号线,2026-04-20,9,0,0,9399
ST024,站点-024,L4号线,2026-04-20,12,0,0,8003
ST024,站点-024,L4号线,2026-04-20,18,0,0,21941
ST024,站点-024,L4号线,2026-04-20,19,0,0,21120
ST024,站点-024,L4号线,2026-04-20,20,0,0,7532
ST024,站点-024,L4号线,2026-04-21,7,0,0,21773
ST024,站点-024,L4号线,2026-04-21,8,0,0,20057
ST024,站点-024,L4号线,2026-04-21,9,0,0,7218
ST024,站点-024,L4号线,2026-04-21,12,0,0,8730
ST024,站点-024,L4号线,2026-04-21,18,0,0,23110
ST024,站点-024,L4号线,2026-04-21,19,0,0,19235
ST024,站点-024,L4号线,2026-04-21,20,0,0,8692
ST024,站点-024,L4号线,2026-04-22,7,0,0,22310
ST024,站点-024,L4号线,2026-04-22,8,0,0,22788
ST024,站点-024,L4号线,2026-04-22,9,0,0,8360
ST024,站点-024,L4号线,2026-04-22,12,0,0,8519
ST024,站点-024,L4号线,2026-04-22,18,0,0,22404
ST024,站点-024,L4号线,2026-04-22,19,0,0,20405
ST024,站点-024,L4号线,2026-04-22,20,0,0,7615
ST024,站点-024,L4号线,2026-04-23,7,0,0,23623
ST024,站点-024,L4号线,2026-04-23,8,0,0,23616
ST024,站点-024,L4号线,2026-04-23,9,0,0,8948
ST024,站点-024,L4号线,2026-04-23,12,0,0,7352
ST024,站点-024,L4号线,2026-04-23,18,0,0,19189
ST024,站点-024,L4号线,2026-04-23,19,0,0,23289
ST024,站点-024,L4号线,2026-04-23,20,0,0,8047
ST024,站点-024,L4号线,2026-04-24,7,0,0,23294
ST024,站点-024,L4号线,2026-04-24,8,0,0,23594
ST024,站点-024,L4号线,2026-04-24,9,0,0,8465
ST024,站点-024,L4号线,2026-04-24,12,0,0,9427
ST024,站点-024,L4号线,2026-04-24,18,0,0,19579
ST024,站点-024,L4号线,2026-04-24,19,0,0,19901
ST024,站点-024,L4号线,2026-04-24,20,0,0,8009
ST024,站点-024,L4号线,2026-04-25,7,1,0,15542
ST024,站点-024,L4号线,2026-04-25,8,1,0,15974
ST024,站点-024,L4号线,2026-04-25,9,1,0,6070
ST024,站点-024,L4号线,2026-04-25,12,1,0,6401
ST024,站点-024,L4号线,2026-04-25,18,1,0,14168
ST024,站点-024,L4号线,2026-04-25,19,1,0,16552
ST024,站点-024,L4号线,2026-04-25,20,1,0,6296
ST024,站点-024,L4号线,2026-04-26,7,1,0,12770
ST024,站点-024,L4号线,2026-04-26,8,1,0,16659
ST024,站点-024,L4号线,2026-04-26,9,1,0,5931
ST024,站点-024,L4号线,2026-04-26,12,1,0,5233
ST024,站点-024,L4号线,2026-04-26,18,1,0,16403
ST024,站点-024,L4号线,2026-04-26,19,1,0,14365
ST024,站点-024,L4号线,2026-04-26,20,1,0,6470
ST024,站点-024,L4号线,2026-04-27,7,0,0,24108
ST024,站点-024,L4号线,2026-04-27,8,0,0,20051
ST024,站点-024,L4号线,2026-04-27,9,0,0,9417
ST024,站点-024,L4号线,2026-04-27,12,0,0,8434
ST024,站点-024,L4号线,2026-04-27,18,0,0,19268
ST024,站点-024,L4号线,2026-04-27,19,0,0,21767
ST024,站点-024,L4号线,2026-04-27,20,0,0,9684
ST024,站点-024,L4号线,2026-04-28,7,0,0,19058
ST024,站点-024,L4号线,2026-04-28,8,0,0,22679
ST024,站点-024,L4号线,2026-04-28,9,0,0,9350
ST024,站点-024,L4号线,2026-04-28,12,0,0,8242
ST024,站点-024,L4号线,2026-04-28,18,0,0,22415
ST024,站点-024,L4号线,2026-04-28,19,0,0,23468
ST024,站点-024,L4号线,2026-04-28,20,0,0,8793
ST024,站点-024,L4号线,2026-04-29,7,0,0,22982
ST024,站点-024,L4号线,2026-04-29,8,0,0,21239
ST024,站点-024,L4号线,2026-04-29,9,0,0,7790
ST024,站点-024,L4号线,2026-04-29,12,0,0,9639
ST024,站点-024,L4号线,2026-04-29,18,0,0,20564
ST024,站点-024,L4号线,2026-04-29,19,0,0,20134
ST024,站点-024,L4号线,2026-04-29,20,0,0,8293
ST024,站点-024,L4号线,2026-04-30,7,0,0,23768
ST024,站点-024,L4号线,2026-04-30,8,0,0,22279
ST024,站点-024,L4号线,2026-04-30,9,0,0,7860
ST024,站点-024,L4号线,2026-04-30,12,0,0,8981
ST024,站点-024,L4号线,2026-04-30,18,0,0,23574
ST024,站点-024,L4号线,2026-04-30,19,0,0,19704
ST024,站点-024,L4号线,2026-04-30,20,0,0,8373
ST025,站点-025,L5号线,2026-04-01,7,0,0,23173
ST025,站点-025,L5号线,2026-04-01,8,0,0,22775
ST025,站点-025,L5号线,2026-04-01,9,0,0,9789
ST025,站点-025,L5号线,2026-04-01,12,0,0,9794
ST025,站点-025,L5号线,2026-04-01,18,0,0,24285
ST025,站点-025,L5号线,2026-04-01,19,0,0,20145
ST025,站点-025,L5号线,2026-04-01,20,0,0,9820
ST025,站点-025,L5号线,2026-04-02,7,0,0,21712
ST025,站点-025,L5号线,2026-04-02,8,0,0,22035
ST025,站点-025,L5号线,2026-04-02,9,0,0,8031
ST025,站点-025,L5号线,2026-04-02,12,0,0,8985
ST025,站点-025,L5号线,2026-04-02,18,0,0,25409
ST025,站点-025,L5号线,2026-04-02,19,0,0,20411
ST025,站点-025,L5号线,2026-04-02,20,0,0,8915
ST025,站点-025,L5号线,2026-04-03,7,0,0,19661
ST025,站点-025,L5号线,2026-04-03,8,0,0,22143
ST025,站点-025,L5号线,2026-04-03,9,0,0,8239
ST025,站点-025,L5号线,2026-04-03,12,0,0,8358
ST025,站点-025,L5号线,2026-04-03,18,0,0,20210
ST025,站点-025,L5号线,2026-04-03,19,0,0,21939
ST025,站点-025,L5号线,2026-04-03,20,0,0,8328
ST025,站点-025,L5号线,2026-04-04,7,1,0,14488
ST025,站点-025,L5号线,2026-04-04,8,1,0,16631
ST025,站点-025,L5号线,2026-04-04,9,1,0,5817
ST025,站点-025,L5号线,2026-04-04,12,1,0,6509
ST025,站点-025,L5号线,2026-04-04,18,1,0,15580
ST025,站点-025,L5号线,2026-04-04,19,1,0,14756
ST025,站点-025,L5号线,2026-04-04,20,1,0,6903
ST025,站点-025,L5号线,2026-04-05,7,1,0,13195
ST025,站点-025,L5号线,2026-04-05,8,1,0,15207
ST025,站点-025,L5号线,2026-04-05,9,1,0,6479
ST025,站点-025,L5号线,2026-04-05,12,1,0,5456
ST025,站点-025,L5号线,2026-04-05,18,1,0,15547
ST025,站点-025,L5号线,2026-04-05,19,1,0,14104
ST025,站点-025,L5号线,2026-04-05,20,1,0,6142
ST025,站点-025,L5号线,2026-04-06,7,0,0,24921
ST025,站点-025,L5号线,2026-04-06,8,0,0,24491
ST025,站点-025,L5号线,2026-04-06,9,0,0,8979
ST025,站点-025,L5号线,2026-04-06,12,0,0,9972
ST025,站点-025,L5号线,2026-04-06,18,0,0,23047
ST025,站点-025,L5号线,2026-04-06,19,0,0,21965
ST025,站点-025,L5号线,2026-04-06,20,0,0,7771
ST025,站点-025,L5号线,2026-04-07,7,0,0,25279
ST025,站点-025,L5号线,2026-04-07,8,0,0,19769
ST025,站点-025,L5号线,2026-04-07,9,0,0,9248
ST025,站点-025,L5号线,2026-04-07,12,0,0,8190
ST025,站点-025,L5号线,2026-04-07,18,0,0,22658
ST025,站点-025,L5号线,2026-04-07,19,0,0,25313
ST025,站点-025,L5号线,2026-04-07,20,0,0,7665
ST025,站点-025,L5号线,2026-04-08,7,0,0,24818
ST025,站点-025,L5号线,2026-04-08,8,0,0,25137
ST025,站点-025,L5号线,2026-04-08,9,0,0,8358
ST025,站点-025,L5号线,2026-04-08,12,0,0,9476
ST025,站点-025,L5号线,2026-04-08,18,0,0,24485
ST025,站点-025,L5号线,2026-04-08,19,0,0,23420
ST025,站点-025,L5号线,2026-04-08,20,0,0,8663
ST025,站点-025,L5号线,2026-04-09,7,0,0,23759
ST025,站点-025,L5号线,2026-04-09,8,0,0,22159
ST025,站点-025,L5号线,2026-04-09,9,0,0,7977
ST025,站点-025,L5号线,2026-04-09,12,0,0,8719
ST025,站点-025,L5号线,2026-04-09,18,0,0,20307
ST025,站点-025,L5号线,2026-04-09,19,0,0,24623
ST025,站点-025,L5号线,2026-04-09,20,0,0,7656
ST025,站点-025,L5号线,2026-04-10,7,0,0,24816
ST025,站点-025,L5号线,2026-04-10,8,0,0,25354
ST025,站点-025,L5号线,2026-04-10,9,0,0,8892
ST025,站点-025,L5号线,2026-04-10,12,0,0,8659
ST025,站点-025,L5号线,2026-04-10,18,0,0,19007
ST025,站点-025,L5号线,2026-04-10,19,0,0,22407
ST025,站点-025,L5号线,2026-04-10,20,0,0,9288
ST025,站点-025,L5号线,2026-04-11,7,1,0,16703
ST025,站点-025,L5号线,2026-04-11,8,1,0,13999
ST025,站点-025,L5号线,2026-04-11,9,1,0,6690
ST025,站点-025,L5号线,2026-04-11,12,1,0,6340
ST025,站点-025,L5号线,2026-04-11,18,1,0,16390
ST025,站点-025,L5号线,2026-04-11,19,1,0,16566
ST025,站点-025,L5号线,2026-04-11,20,1,0,6559
ST025,站点-025,L5号线,2026-04-12,7,1,0,16325
ST025,站点-025,L5号线,2026-04-12,8,1,0,16183
ST025,站点-025,L5号线,2026-04-12,9,1,0,6418
ST025,站点-025,L5号线,2026-04-12,12,1,0,6212
ST025,站点-025,L5号线,2026-04-12,18,1,0,13939
ST025,站点-025,L5号线,2026-04-12,19,1,0,14320
ST025,站点-025,L5号线,2026-04-12,20,1,0,7043
ST025,站点-025,L5号线,2026-04-13,7,0,0,22403
ST025,站点-025,L5号线,2026-04-13,8,0,0,19104
ST025,站点-025,L5号线,2026-04-13,9,0,0,8593
ST025,站点-025,L5号线,2026-04-13,12,0,0,8569
ST025,站点-025,L5号线,2026-04-13,18,0,0,23590
ST025,站点-025,L5号线,2026-04-13,19,0,0,20576
ST025,站点-025,L5号线,2026-04-13,20,0,0,9533
ST025,站点-025,L5号线,2026-04-14,7,0,0,25112
ST025,站点-025,L5号线,2026-04-14,8,0,0,22071
ST025,站点-025,L5号线,2026-04-14,9,0,0,9395
ST025,站点-025,L5号线,2026-04-14,12,0,0,7817
ST025,站点-025,L5号线,2026-04-14,18,0,0,23126
ST025,站点-025,L5号线,2026-04-14,19,0,0,25456
ST025,站点-025,L5号线,2026-04-14,20,0,0,8978
ST025,站点-025,L5号线,2026-04-15,7,0,1,23755
ST025,站点-025,L5号线,2026-04-15,8,0,1,20489
ST025,站点-025,L5号线,2026-04-15,9,0,1,7705
ST025,站点-025,L5号线,2026-04-15,12,0,1,10061
ST025,站点-025,L5号线,2026-04-15,18,0,1,23283
ST025,站点-025,L5号线,2026-04-15,19,0,1,22605
ST025,站点-025,L5号线,2026-04-15,20,0,1,8959
ST025,站点-025,L5号线,2026-04-16,7,0,0,25332
ST025,站点-025,L5号线,2026-04-16,8,0,0,23136
ST025,站点-025,L5号线,2026-04-16,9,0,0,9585
ST025,站点-025,L5号线,2026-04-16,12,0,0,8047
ST025,站点-025,L5号线,2026-04-16,18,0,0,25427
ST025,站点-025,L5号线,2026-04-16,19,0,0,19538
ST025,站点-025,L5号线,2026-04-16,20,0,0,9327
ST025,站点-025,L5号线,2026-04-17,7,0,0,23691
ST025,站点-025,L5号线,2026-04-17,8,0,0,25267
ST025,站点-025,L5号线,2026-04-17,9,0,0,7695
ST025,站点-025,L5号线,2026-04-17,12,0,0,7580
ST025,站点-025,L5号线,2026-04-17,18,0,0,19429
ST025,站点-025,L5号线,2026-04-17,19,0,0,24423
ST025,站点-025,L5号线,2026-04-17,20,0,0,9993
ST025,站点-025,L5号线,2026-04-18,7,1,0,13213
ST025,站点-025,L5号线,2026-04-18,8,1,0,16328
ST025,站点-025,L5号线,2026-04-18,9,1,0,5322
ST025,站点-025,L5号线,2026-04-18,12,1,0,6979
ST025,站点-025,L5号线,2026-04-18,18,1,0,15670
ST025,站点-025,L5号线,2026-04-18,19,1,0,15603
ST025,站点-025,L5号线,2026-04-18,20,1,0,6091
ST025,站点-025,L5号线,2026-04-19,7,1,0,16616
ST025,站点-025,L5号线,2026-04-19,8,1,0,16453
ST025,站点-025,L5号线,2026-04-19,9,1,0,6709
ST025,站点-025,L5号线,2026-04-19,12,1,0,6382
ST025,站点-025,L5号线,2026-04-19,18,1,0,17744
ST025,站点-025,L5号线,2026-04-19,19,1,0,14004
ST025,站点-025,L5号线,2026-04-19,20,1,0,6326
ST025,站点-025,L5号线,2026-04-20,7,0,0,24696
ST025,站点-025,L5号线,2026-04-20,8,0,0,21629
ST025,站点-025,L5号线,2026-04-20,9,0,0,7594
ST025,站点-025,L5号线,2026-04-20,12,0,0,9724
ST025,站点-025,L5号线,2026-04-20,18,0,0,19288
ST025,站点-025,L5号线,2026-04-20,19,0,0,24618
ST025,站点-025,L5号线,2026-04-20,20,0,0,9908
ST025,站点-025,L5号线,2026-04-21,7,0,0,23485
ST025,站点-025,L5号线,2026-04-21,8,0,0,19012
ST025,站点-025,L5号线,2026-04-21,9,0,0,8218
ST025,站点-025,L5号线,2026-04-21,12,0,0,8944
ST025,站点-025,L5号线,2026-04-21,18,0,0,20034
ST025,站点-025,L5号线,2026-04-21,19,0,0,19631
ST025,站点-025,L5号线,2026-04-21,20,0,0,8809
ST025,站点-025,L5号线,2026-04-22,7,0,0,19090
ST025,站点-025,L5号线,2026-04-22,8,0,0,21853
ST025,站点-025,L5号线,2026-04-22,9,0,0,9942
ST025,站点-025,L5号线,2026-04-22,12,0,0,10178
ST025,站点-025,L5号线,2026-04-22,18,0,0,25157
ST025,站点-025,L5号线,2026-04-22,19,0,0,20387
ST025,站点-025,L5号线,2026-04-22,20,0,0,10131
ST025,站点-025,L5号线,2026-04-23,7,0,0,20680
ST025,站点-025,L5号线,2026-04-23,8,0,0,20954
ST025,站点-025,L5号线,2026-04-23,9,0,0,9428
ST025,站点-025,L5号线,2026-04-23,12,0,0,9372
ST025,站点-025,L5号线,2026-04-23,18,0,0,22998
ST025,站点-025,L5号线,2026-04-23,19,0,0,20089
ST025,站点-025,L5号线,2026-04-23,20,0,0,8538
ST025,站点-025,L5号线,2026-04-24,7,0,0,22734
ST025,站点-025,L5号线,2026-04-24,8,0,0,24251
ST025,站点-025,L5号线,2026-04-24,9,0,0,9687
ST025,站点-025,L5号线,2026-04-24,12,0,0,9767
ST025,站点-025,L5号线,2026-04-24,18,0,0,23267
ST025,站点-025,L5号线,2026-04-24,19,0,0,24859
ST025,站点-025,L5号线,2026-04-24,20,0,0,8906
ST025,站点-025,L5号线,2026-04-25,7,1,0,14414
ST025,站点-025,L5号线,2026-04-25,8,1,0,16767
ST025,站点-025,L5号线,2026-04-25,9,1,0,6132
ST025,站点-025,L5号线,2026-04-25,12,1,0,5606
ST025,站点-025,L5号线,2026-04-25,18,1,0,15280
ST025,站点-025,L5号线,2026-04-25,19,1,0,14887
ST025,站点-025,L5号线,2026-04-25,20,1,0,5747
ST025,站点-025,L5号线,2026-04-26,7,1,0,17342
ST025,站点-025,L5号线,2026-04-26,8,1,0,15042
ST025,站点-025,L5号线,2026-04-26,9,1,0,6014
ST025,站点-025,L5号线,2026-04-26,12,1,0,7124
ST025,站点-025,L5号线,2026-04-26,18,1,0,14019
ST025,站点-025,L5号线,2026-04-26,19,1,0,16536
ST025,站点-025,L5号线,2026-04-26,20,1,0,6748
ST025,站点-025,L5号线,2026-04-27,7,0,0,24836
ST025,站点-025,L5号线,2026-04-27,8,0,0,25077
ST025,站点-025,L5号线,2026-04-27,9,0,0,9900
ST025,站点-025,L5号线,2026-04-27,12,0,0,8946
ST025,站点-025,L5号线,2026-04-27,18,0,0,22144
ST025,站点-025,L5号线,2026-04-27,19,0,0,20230
ST025,站点-025,L5号线,2026-04-27,20,0,0,8670
ST025,站点-025,L5号线,2026-04-28,7,0,0,22704
ST025,站点-025,L5号线,2026-04-28,8,0,0,22796
ST025,站点-025,L5号线,2026-04-28,9,0,0,9160
ST025,站点-025,L5号线,2026-04-28,12,0,0,8538
ST025,站点-025,L5号线,2026-04-28,18,0,0,23579
ST025,站点-025,L5号线,2026-04-28,19,0,0,19311
ST025,站点-025,L5号线,2026-04-28,20,0,0,10081
ST025,站点-025,L5号线,2026-04-29,7,0,0,25199
ST025,站点-025,L5号线,2026-04-29,8,0,0,21206
ST025,站点-025,L5号线,2026-04-29,9,0,0,10150
ST025,站点-025,L5号线,2026-04-29,12,0,0,9615
ST025,站点-025,L5号线,2026-04-29,18,0,0,25411
ST025,站点-025,L5号线,2026-04-29,19,0,0,23634
ST025,站点-025,L5号线,2026-04-29,20,0,0,8029
ST025,站点-025,L5号线,2026-04-30,7,0,0,24650
ST025,站点-025,L5号线,2026-04-30,8,0,0,20930
ST025,站点-025,L5号线,2026-04-30,9,0,0,7908
ST025,站点-025,L5号线,2026-04-30,12,0,0,8531
ST025,站点-025,L5号线,2026-04-30,18,0,0,20681
ST025,站点-025,L5号线,2026-04-30,19,0,0,19023
ST025,站点-025,L5号线,2026-04-30,20,0,0,9364
ST026,站点-026,L4号线,2026-04-01,7,0,0,3425
ST026,站点-026,L4号线,2026-04-01,8,0,0,3564
ST026,站点-026,L4号线,2026-04-01,9,0,0,1361
ST026,站点-026,L4号线,2026-04-01,12,0,0,1810
ST026,站点-026,L4号线,2026-04-01,18,0,0,3450
ST026,站点-026,L4号线,2026-04-01,19,0,0,3574
ST026,站点-026,L4号线,2026-04-01,20,0,0,1644
ST026,站点-026,L4号线,2026-04-02,7,0,0,3939
ST026,站点-026,L4号线,2026-04-02,8,0,0,4462
ST026,站点-026,L4号线,2026-04-02,9,0,0,1477
ST026,站点-026,L4号线,2026-04-02,12,0,0,1414
ST026,站点-026,L4号线,2026-04-02,18,0,0,3758
ST026,站点-026,L4号线,2026-04-02,19,0,0,4177
ST026,站点-026,L4号线,2026-04-02,20,0,0,1635
ST026,站点-026,L4号线,2026-04-03,7,0,0,3602
ST026,站点-026,L4号线,2026-04-03,8,0,0,4464
ST026,站点-026,L4号线,2026-04-03,9,0,0,1631
ST026,站点-026,L4号线,2026-04-03,12,0,0,1811
ST026,站点-026,L4号线,2026-04-03,18,0,0,3904
ST026,站点-026,L4号线,2026-04-03,19,0,0,3938
ST026,站点-026,L4号线,2026-04-03,20,0,0,1782
ST026,站点-026,L4号线,2026-04-04,7,1,0,2879
ST026,站点-026,L4号线,2026-04-04,8,1,0,2527
ST026,站点-026,L4号线,2026-04-04,9,1,0,1240
ST026,站点-026,L4号线,2026-04-04,12,1,0,955
ST026,站点-026,L4号线,2026-04-04,18,1,0,2685
ST026,站点-026,L4号线,2026-04-04,19,1,0,2427
ST026,站点-026,L4号线,2026-04-04,20,1,0,1194
ST026,站点-026,L4号线,2026-04-05,7,1,0,2822
ST026,站点-026,L4号线,2026-04-05,8,1,0,3063
ST026,站点-026,L4号线,2026-04-05,9,1,0,1050
ST026,站点-026,L4号线,2026-04-05,12,1,0,1047
ST026,站点-026,L4号线,2026-04-05,18,1,0,3215
ST026,站点-026,L4号线,2026-04-05,19,1,0,2821
ST026,站点-026,L4号线,2026-04-05,20,1,0,1217
ST026,站点-026,L4号线,2026-04-06,7,0,0,3880
ST026,站点-026,L4号线,2026-04-06,8,0,0,4559
ST026,站点-026,L4号线,2026-04-06,9,0,0,1511
ST026,站点-026,L4号线,2026-04-06,12,0,0,1513
ST026,站点-026,L4号线,2026-04-06,18,0,0,4545
ST026,站点-026,L4号线,2026-04-06,19,0,0,3457
ST026,站点-026,L4号线,2026-04-06,20,0,0,1580
ST026,站点-026,L4号线,2026-04-07,7,0,0,3543
ST026,站点-026,L4号线,2026-04-07,8,0,0,4421
ST026,站点-026,L4号线,2026-04-07,9,0,0,1600
ST026,站点-026,L4号线,2026-04-07,12,0,0,1573
ST026,站点-026,L4号线,2026-04-07,18,0,0,3508
ST026,站点-026,L4号线,2026-04-07,19,0,0,4323
ST026,站点-026,L4号线,2026-04-07,20,0,0,1363
ST026,站点-026,L4号线,2026-04-08,7,0,0,3923
ST026,站点-026,L4号线,2026-04-08,8,0,0,4045
ST026,站点-026,L4号线,2026-04-08,9,0,0,1631
ST026,站点-026,L4号线,2026-04-08,12,0,0,1427
ST026,站点-026,L4号线,2026-04-08,18,0,0,3632
ST026,站点-026,L4号线,2026-04-08,19,0,0,3656
ST026,站点-026,L4号线,2026-04-08,20,0,0,1521
ST026,站点-026,L4号线,2026-04-09,7,0,0,3494
ST026,站点-026,L4号线,2026-04-09,8,0,0,4559
ST026,站点-026,L4号线,2026-04-09,9,0,0,1389
ST026,站点-026,L4号线,2026-04-09,12,0,0,1623
ST026,站点-026,L4号线,2026-04-09,18,0,0,3785
ST026,站点-026,L4号线,2026-04-09,19,0,0,3559
ST026,站点-026,L4号线,2026-04-09,20,0,0,1711
ST026,站点-026,L4号线,2026-04-10,7,0,0,4259
ST026,站点-026,L4号线,2026-04-10,8,0,0,3652
ST026,站点-026,L4号线,2026-04-10,9,0,0,1415
ST026,站点-026,L4号线,2026-04-10,12,0,0,1794
ST026,站点-026,L4号线,2026-04-10,18,0,0,3836
ST026,站点-026,L4号线,2026-04-10,19,0,0,4336
ST026,站点-026,L4号线,2026-04-10,20,0,0,1652
ST026,站点-026,L4号线,2026-04-11,7,1,0,2899
ST026,站点-026,L4号线,2026-04-11,8,1,0,3170
ST026,站点-026,L4号线,2026-04-11,9,1,0,1171
ST026,站点-026,L4号线,2026-04-11,12,1,0,1158
ST026,站点-026,L4号线,2026-04-11,18,1,0,2673
ST026,站点-026,L4号线,2026-04-11,19,1,0,2515
ST026,站点-026,L4号线,2026-04-11,20,1,0,981
ST026,站点-026,L4号线,2026-04-12,7,1,0,2652
ST026,站点-026,L4号线,2026-04-12,8,1,0,3177
ST026,站点-026,L4号线,2026-04-12,9,1,0,1105
ST026,站点-026,L4号线,2026-04-12,12,1,0,989
ST026,站点-026,L4号线,2026-04-12,18,1,0,2893
ST026,站点-026,L4号线,2026-04-12,19,1,0,2723
ST026,站点-026,L4号线,2026-04-12,20,1,0,1058
ST026,站点-026,L4号线,2026-04-13,7,0,0,4206
ST026,站点-026,L4号线,2026-04-13,8,0,0,3715
ST026,站点-026,L4号线,2026-04-13,9,0,0,1471
ST026,站点-026,L4号线,2026-04-13,12,0,0,1432
ST026,站点-026,L4号线,2026-04-13,18,0,0,3748
ST026,站点-026,L4号线,2026-04-13,19,0,0,3868
ST026,站点-026,L4号线,2026-04-13,20,0,0,1726
ST026,站点-026,L4号线,2026-04-14,7,0,0,3522
ST026,站点-026,L4号线,2026-04-14,8,0,0,4601
ST026,站点-026,L4号线,2026-04-14,9,0,0,1831
ST026,站点-026,L4号线,2026-04-14,12,0,0,1367
ST026,站点-026,L4号线,2026-04-14,18,0,0,3631
ST026,站点-026,L4号线,2026-04-14,19,0,0,3496
ST026,站点-026,L4号线,2026-04-14,20,0,0,1653
ST026,站点-026,L4号线,2026-04-15,7,0,1,3431
ST026,站点-026,L4号线,2026-04-15,8,0,1,4289
ST026,站点-026,L4号线,2026-04-15,9,0,1,1724
ST026,站点-026,L4号线,2026-04-15,12,0,1,1712
ST026,站点-026,L4号线,2026-04-15,18,0,1,4422
ST026,站点-026,L4号线,2026-04-15,19,0,1,3871
ST026,站点-026,L4号线,2026-04-15,20,0,1,1494
ST026,站点-026,L4号线,2026-04-16,7,0,0,4340
ST026,站点-026,L4号线,2026-04-16,8,0,0,3430
ST026,站点-026,L4号线,2026-04-16,9,0,0,1439
ST026,站点-026,L4号线,2026-04-16,12,0,0,1468
ST026,站点-026,L4号线,2026-04-16,18,0,0,3427
ST026,站点-026,L4号线,2026-04-16,19,0,0,3722
ST026,站点-026,L4号线,2026-04-16,20,0,0,1387
ST026,站点-026,L4号线,2026-04-17,7,0,0,4012
ST026,站点-026,L4号线,2026-04-17,8,0,0,3521
ST026,站点-026,L4号线,2026-04-17,9,0,0,1688
ST026,站点-026,L4号线,2026-04-17,12,0,0,1756
ST026,站点-026,L4号线,2026-04-17,18,0,0,4037
ST026,站点-026,L4号线,2026-04-17,19,0,0,4271
ST026,站点-026,L4号线,2026-04-17,20,0,0,1538
ST026,站点-026,L4号线,2026-04-18,7,1,0,2887
ST026,站点-026,L4号线,2026-04-18,8,1,0,2570
ST026,站点-026,L4号线,2026-04-18,9,1,0,1182
ST026,站点-026,L4号线,2026-04-18,12,1,0,1250
ST026,站点-026,L4号线,2026-04-18,18,1,0,2778
ST026,站点-026,L4号线,2026-04-18,19,1,0,3005
ST026,站点-026,L4号线,2026-04-18,20,1,0,990
ST026,站点-026,L4号线,2026-04-19,7,1,0,2811
ST026,站点-026,L4号线,2026-04-19,8,1,0,3040
ST026,站点-026,L4号线,2026-04-19,9,1,0,1211
ST026,站点-026,L4号线,2026-04-19,12,1,0,1273
ST026,站点-026,L4号线,2026-04-19,18,1,0,3137
ST026,站点-026,L4号线,2026-04-19,19,1,0,2414
ST026,站点-026,L4号线,2026-04-19,20,1,0,1172
ST026,站点-026,L4号线,2026-04-20,7,0,0,4227
ST026,站点-026,L4号线,2026-04-20,8,0,0,4233
ST026,站点-026,L4号线,2026-04-20,9,0,0,1606
ST026,站点-026,L4号线,2026-04-20,12,0,0,1754
ST026,站点-026,L4号线,2026-04-20,18,0,0,3553
ST026,站点-026,L4号线,2026-04-20,19,0,0,4023
ST026,站点-026,L4号线,2026-04-20,20,0,0,1675
ST026,站点-026,L4号线,2026-04-21,7,0,0,4325
ST026,站点-026,L4号线,2026-04-21,8,0,0,4349
ST026,站点-026,L4号线,2026-04-21,9,0,0,1746
ST026,站点-026,L4号线,2026-04-21,12,0,0,1645
ST026,站点-026,L4号线,2026-04-21,18,0,0,3633
ST026,站点-026,L4号线,2026-04-21,19,0,0,4511
ST026,站点-026,L4号线,2026-04-21,20,0,0,1618
ST026,站点-026,L4号线,2026-04-22,7,0,0,3439
ST026,站点-026,L4号线,2026-04-22,8,0,0,3710
ST026,站点-026,L4号线,2026-04-22,9,0,0,1404
ST026,站点-026,L4号线,2026-04-22,12,0,0,1654
ST026,站点-026,L4号线,2026-04-22,18,0,0,4586
ST026,站点-026,L4号线,2026-04-22,19,0,0,4520
ST026,站点-026,L4号线,2026-04-22,20,0,0,1664
ST026,站点-026,L4号线,2026-04-23,7,0,0,4459
ST026,站点-026,L4号线,2026-04-23,8,0,0,3496
ST026,站点-026,L4号线,2026-04-23,9,0,0,1502
ST026,站点-026,L4号线,2026-04-23,12,0,0,1411
ST026,站点-026,L4号线,2026-04-23,18,0,0,4513
ST026,站点-026,L4号线,2026-04-23,19,0,0,3436
ST026,站点-026,L4号线,2026-04-23,20,0,0,1807
ST026,站点-026,L4号线,2026-04-24,7,0,0,4057
ST026,站点-026,L4号线,2026-04-24,8,0,0,4322
ST026,站点-026,L4号线,2026-04-24,9,0,0,1662
ST026,站点-026,L4号线,2026-04-24,12,0,0,1492
ST026,站点-026,L4号线,2026-04-24,18,0,0,4485
ST026,站点-026,L4号线,2026-04-24,19,0,0,4219
ST026,站点-026,L4号线,2026-04-24,20,0,0,1603
ST026,站点-026,L4号线,2026-04-25,7,1,0,3029
ST026,站点-026,L4号线,2026-04-25,8,1,0,2809
ST026,站点-026,L4号线,2026-04-25,9,1,0,1138
ST026,站点-026,L4号线,2026-04-25,12,1,0,1224
ST026,站点-026,L4号线,2026-04-25,18,1,0,2985
ST026,站点-026,L4号线,2026-04-25,19,1,0,2552
ST026,站点-026,L4号线,2026-04-25,20,1,0,1186
ST026,站点-026,L4号线,2026-04-26,7,1,0,2943
ST026,站点-026,L4号线,2026-04-26,8,1,0,2403
ST026,站点-026,L4号线,2026-04-26,9,1,0,1238
ST026,站点-026,L4号线,2026-04-26,12,1,0,1052
ST026,站点-026,L4号线,2026-04-26,18,1,0,2700
ST026,站点-026,L4号线,2026-04-26,19,1,0,2563
ST026,站点-026,L4号线,2026-04-26,20,1,0,1093
ST026,站点-026,L4号线,2026-04-27,7,0,0,4505
ST026,站点-026,L4号线,2026-04-27,8,0,0,3458
ST026,站点-026,L4号线,2026-04-27,9,0,0,1408
ST026,站点-026,L4号线,2026-04-27,12,0,0,1812
ST026,站点-026,L4号线,2026-04-27,18,0,0,3797
ST026,站点-026,L4号线,2026-04-27,19,0,0,4304
ST026,站点-026,L4号线,2026-04-27,20,0,0,1771
ST026,站点-026,L4号线,2026-04-28,7,0,0,4107
ST026,站点-026,L4号线,2026-04-28,8,0,0,4133
ST026,站点-026,L4号线,2026-04-28,9,0,0,1637
ST026,站点-026,L4号线,2026-04-28,12,0,0,1400
ST026,站点-026,L4号线,2026-04-28,18,0,0,3726
ST026,站点-026,L4号线,2026-04-28,19,0,0,3975
ST026,站点-026,L4号线,2026-04-28,20,0,0,1447
ST026,站点-026,L4号线,2026-04-29,7,0,0,4106
ST026,站点-026,L4号线,2026-04-29,8,0,0,3581
ST026,站点-026,L4号线,2026-04-29,9,0,0,1518
ST026,站点-026,L4号线,2026-04-29,12,0,0,1661
ST026,站点-026,L4号线,2026-04-29,18,0,0,3878
ST026,站点-026,L4号线,2026-04-29,19,0,0,3573
ST026,站点-026,L4号线,2026-04-29,20,0,0,1559
ST026,站点-026,L4号线,2026-04-30,7,0,0,4166
ST026,站点-026,L4号线,2026-04-30,8,0,0,4034
ST026,站点-026,L4号线,2026-04-30,9,0,0,1553
ST026,站点-026,L4号线,2026-04-30,12,0,0,1677
ST026,站点-026,L4号线,2026-04-30,18,0,0,3833
ST026,站点-026,L4号线,2026-04-30,19,0,0,3580
ST026,站点-026,L4号线,2026-04-30,20,0,0,1721
ST027,站点-027,L4号线,2026-04-01,7,0,0,28362
ST027,站点-027,L4号线,2026-04-01,8,0,0,34674
ST027,站点-027,L4号线,2026-04-01,9,0,0,13982
ST027,站点-027,L4号线,2026-04-01,12,0,0,13966
ST027,站点-027,L4号线,2026-04-01,18,0,0,29287
ST027,站点-027,L4号线,2026-04-01,19,0,0,33036
ST027,站点-027,L4号线,2026-04-01,20,0,0,13033
ST027,站点-027,L4号线,2026-04-02,7,0,0,34341
ST027,站点-027,L4号线,2026-04-02,8,0,0,30638
ST027,站点-027,L4号线,2026-04-02,9,0,0,13806
ST027,站点-027,L4号线,2026-04-02,12,0,0,11675
ST027,站点-027,L4号线,2026-04-02,18,0,0,32468
ST027,站点-027,L4号线,2026-04-02,19,0,0,32314
ST027,站点-027,L4号线,2026-04-02,20,0,0,11586
ST027,站点-027,L4号线,2026-04-03,7,0,0,28082
ST027,站点-027,L4号线,2026-04-03,8,0,0,30166
ST027,站点-027,L4号线,2026-04-03,9,0,0,13414
ST027,站点-027,L4号线,2026-04-03,12,0,0,12416
ST027,站点-027,L4号线,2026-04-03,18,0,0,30281
ST027,站点-027,L4号线,2026-04-03,19,0,0,29572
ST027,站点-027,L4号线,2026-04-03,20,0,0,13265
ST027,站点-027,L4号线,2026-04-04,7,1,0,25555
ST027,站点-027,L4号线,2026-04-04,8,1,0,24066
ST027,站点-027,L4号线,2026-04-04,9,1,0,9874
ST027,站点-027,L4号线,2026-04-04,12,1,0,9290
ST027,站点-027,L4号线,2026-04-04,18,1,0,21383
ST027,站点-027,L4号线,2026-04-04,19,1,0,22694
ST027,站点-027,L4号线,2026-04-04,20,1,0,8353
ST027,站点-027,L4号线,2026-04-05,7,1,0,23245
ST027,站点-027,L4号线,2026-04-05,8,1,0,24820
ST027,站点-027,L4号线,2026-04-05,9,1,0,7926
ST027,站点-027,L4号线,2026-04-05,12,1,0,9508
ST027,站点-027,L4号线,2026-04-05,18,1,0,20642
ST027,站点-027,L4号线,2026-04-05,19,1,0,25375
ST027,站点-027,L4号线,2026-04-05,20,1,0,9830
ST027,站点-027,L4号线,2026-04-06,7,0,0,30372
ST027,站点-027,L4号线,2026-04-06,8,0,0,31963
ST027,站点-027,L4号线,2026-04-06,9,0,0,12993
ST027,站点-027,L4号线,2026-04-06,12,0,0,14995
ST027,站点-027,L4号线,2026-04-06,18,0,0,29876
ST027,站点-027,L4号线,2026-04-06,19,0,0,32514
ST027,站点-027,L4号线,2026-04-06,20,0,0,14458
ST027,站点-027,L4号线,2026-04-07,7,0,0,28364
ST027,站点-027,L4号线,2026-04-07,8,0,0,32515
ST027,站点-027,L4号线,2026-04-07,9,0,0,15057
ST027,站点-027,L4号线,2026-04-07,12,0,0,12078
ST027,站点-027,L4号线,2026-04-07,18,0,0,36488
ST027,站点-027,L4号线,2026-04-07,19,0,0,32183
ST027,站点-027,L4号线,2026-04-07,20,0,0,13303
ST027,站点-027,L4号线,2026-04-08,7,0,0,32398
ST027,站点-027,L4号线,2026-04-08,8,0,0,34450
ST027,站点-027,L4号线,2026-04-08,9,0,0,14947
ST027,站点-027,L4号线,2026-04-08,12,0,0,12456
ST027,站点-027,L4号线,2026-04-08,18,0,0,32861
ST027,站点-027,L4号线,2026-04-08,19,0,0,33203
ST027,站点-027,L4号线,2026-04-08,20,0,0,11532
ST027,站点-027,L4号线,2026-04-09,7,0,0,37489
ST027,站点-027,L4号线,2026-04-09,8,0,0,31780
ST027,站点-027,L4号线,2026-04-09,9,0,0,11654
ST027,站点-027,L4号线,2026-04-09,12,0,0,12669
ST027,站点-027,L4号线,2026-04-09,18,0,0,35438
ST027,站点-027,L4号线,2026-04-09,19,0,0,35152
ST027,站点-027,L4号线,2026-04-09,20,0,0,12548
ST027,站点-027,L4号线,2026-04-10,7,0,0,35096
ST027,站点-027,L4号线,2026-04-10,8,0,0,34049
ST027,站点-027,L4号线,2026-04-10,9,0,0,13943
ST027,站点-027,L4号线,2026-04-10,12,0,0,12620
ST027,站点-027,L4号线,2026-04-10,18,0,0,34490
ST027,站点-027,L4号线,2026-04-10,19,0,0,31408
ST027,站点-027,L4号线,2026-04-10,20,0,0,14263
ST027,站点-027,L4号线,2026-04-11,7,1,0,22596
ST027,站点-027,L4号线,2026-04-11,8,1,0,23746
ST027,站点-027,L4号线,2026-04-11,9,1,0,8802
ST027,站点-027,L4号线,2026-04-11,12,1,0,9283
ST027,站点-027,L4号线,2026-04-11,18,1,0,25180
ST027,站点-027,L4号线,2026-04-11,19,1,0,19991
ST027,站点-027,L4号线,2026-04-11,20,1,0,9360
ST027,站点-027,L4号线,2026-04-12,7,1,0,19842
ST027,站点-027,L4号线,2026-04-12,8,1,0,22131
ST027,站点-027,L4号线,2026-04-12,9,1,0,10116
ST027,站点-027,L4号线,2026-04-12,12,1,0,10265
ST027,站点-027,L4号线,2026-04-12,18,1,0,21717
ST027,站点-027,L4号线,2026-04-12,19,1,0,19742
ST027,站点-027,L4号线,2026-04-12,20,1,0,10094
ST027,站点-027,L4号线,2026-04-13,7,0,0,28760
ST027,站点-027,L4号线,2026-04-13,8,0,0,28727
ST027,站点-027,L4号线,2026-04-13,9,0,0,14590
ST027,站点-027,L4号线,2026-04-13,12,0,0,12046
ST027,站点-027,L4号线,2026-04-13,18,0,0,32870
ST027,站点-027,L4号线,2026-04-13,19,0,0,34268
ST027,站点-027,L4号线,2026-04-13,20,0,0,14826
ST027,站点-027,L4号线,2026-04-14,7,0,0,33888
ST027,站点-027,L4号线,2026-04-14,8,0,0,30939
ST027,站点-027,L4号线,2026-04-14,9,0,0,13254
ST027,站点-027,L4号线,2026-04-14,12,0,0,12029
ST027,站点-027,L4号线,2026-04-14,18,0,0,31535
ST027,站点-027,L4号线,2026-04-14,19,0,0,35456
ST027,站点-027,L4号线,2026-04-14,20,0,0,14050
ST027,站点-027,L4号线,2026-04-15,7,0,1,31343
ST027,站点-027,L4号线,2026-04-15,8,0,1,36580
ST027,站点-027,L4号线,2026-04-15,9,0,1,11694
ST027,站点-027,L4号线,2026-04-15,12,0,1,12509
ST027,站点-027,L4号线,2026-04-15,18,0,1,36331
ST027,站点-027,L4号线,2026-04-15,19,0,1,32503
ST027,站点-027,L4号线,2026-04-15,20,0,1,12227
ST027,站点-027,L4号线,2026-04-16,7,0,0,36399
ST027,站点-027,L4号线,2026-04-16,8,0,0,31774
ST027,站点-027,L4号线,2026-04-16,9,0,0,12608
ST027,站点-027,L4号线,2026-04-16,12,0,0,12927
ST027,站点-027,L4号线,2026-04-16,18,0,0,36713
ST027,站点-027,L4号线,2026-04-16,19,0,0,37170
ST027,站点-027,L4号线,2026-04-16,20,0,0,15070
ST027,站点-027,L4号线,2026-04-17,7,0,0,37466
ST027,站点-027,L4号线,2026-04-17,8,0,0,33748
ST027,站点-027,L4号线,2026-04-17,9,0,0,14131
ST027,站点-027,L4号线,2026-04-17,12,0,0,14095
ST027,站点-027,L4号线,2026-04-17,18,0,0,37172
ST027,站点-027,L4号线,2026-04-17,19,0,0,30127
ST027,站点-027,L4号线,2026-04-17,20,0,0,13184
ST027,站点-027,L4号线,2026-04-18,7,1,0,19699
ST027,站点-027,L4号线,2026-04-18,8,1,0,23759
ST027,站点-027,L4号线,2026-04-18,9,1,0,9099
ST027,站点-027,L4号线,2026-04-18,12,1,0,9139
ST027,站点-027,L4号线,2026-04-18,18,1,0,23032
ST027,站点-027,L4号线,2026-04-18,19,1,0,22650
ST027,站点-027,L4号线,2026-04-18,20,1,0,9289
ST027,站点-027,L4号线,2026-04-19,7,1,0,24644
ST027,站点-027,L4号线,2026-04-19,8,1,0,25656
ST027,站点-027,L4号线,2026-04-19,9,1,0,8809
ST027,站点-027,L4号线,2026-04-19,12,1,0,8464
ST027,站点-027,L4号线,2026-04-19,18,1,0,19719
ST027,站点-027,L4号线,2026-04-19,19,1,0,24082
ST027,站点-027,L4号线,2026-04-19,20,1,0,9539
ST027,站点-027,L4号线,2026-04-20,7,0,0,29557
ST027,站点-027,L4号线,2026-04-20,8,0,0,34558
ST027,站点-027,L4号线,2026-04-20,9,0,0,14513
ST027,站点-027,L4号线,2026-04-20,12,0,0,13899
ST027,站点-027,L4号线,2026-04-20,18,0,0,32308
ST027,站点-027,L4号线,2026-04-20,19,0,0,35042
ST027,站点-027,L4号线,2026-04-20,20,0,0,13828
ST027,站点-027,L4号线,2026-04-21,7,0,0,36657
ST027,站点-027,L4号线,2026-04-21,8,0,0,31424
ST027,站点-027,L4号线,2026-04-21,9,0,0,14813
ST027,站点-027,L4号线,2026-04-21,12,0,0,11600
ST027,站点-027,L4号线,2026-04-21,18,0,0,32062
ST027,站点-027,L4号线,2026-04-21,19,0,0,30872
ST027,站点-027,L4号线,2026-04-21,20,0,0,13973
ST027,站点-027,L4号线,2026-04-22,7,0,0,37005
ST027,站点-027,L4号线,2026-04-22,8,0,0,29166
ST027,站点-027,L4号线,2026-04-22,9,0,0,12555
ST027,站点-027,L4号线,2026-04-22,12,0,0,14683
ST027,站点-027,L4号线,2026-04-22,18,0,0,27965
ST027,站点-027,L4号线,2026-04-22,19,0,0,33106
ST027,站点-027,L4号线,2026-04-22,20,0,0,11507
ST027,站点-027,L4号线,2026-04-23,7,0,0,28212
ST027,站点-027,L4号线,2026-04-23,8,0,0,30860
ST027,站点-027,L4号线,2026-04-23,9,0,0,14128
ST027,站点-027,L4号线,2026-04-23,12,0,0,12038
ST027,站点-027,L4号线,2026-04-23,18,0,0,28832
ST027,站点-027,L4号线,2026-04-23,19,0,0,35814
ST027,站点-027,L4号线,2026-04-23,20,0,0,13899
ST027,站点-027,L4号线,2026-04-24,7,0,0,28617
ST027,站点-027,L4号线,2026-04-24,8,0,0,32491
ST027,站点-027,L4号线,2026-04-24,9,0,0,14730
ST027,站点-027,L4号线,2026-04-24,12,0,0,12870
ST027,站点-027,L4号线,2026-04-24,18,0,0,34834
ST027,站点-027,L4号线,2026-04-24,19,0,0,36628
ST027,站点-027,L4号线,2026-04-24,20,0,0,11286
ST027,站点-027,L4号线,2026-04-25,7,1,0,23461
ST027,站点-027,L4号线,2026-04-25,8,1,0,25941
ST027,站点-027,L4号线,2026-04-25,9,1,0,8552
ST027,站点-027,L4号线,2026-04-25,12,1,0,8943
ST027,站点-027,L4号线,2026-04-25,18,1,0,23737
ST027,站点-027,L4号线,2026-04-25,19,1,0,20196
ST027,站点-027,L4号线,2026-04-25,20,1,0,7972
ST027,站点-027,L4号线,2026-04-26,7,1,0,23397
ST027,站点-027,L4号线,2026-04-26,8,1,0,21407
ST027,站点-027,L4号线,2026-04-26,9,1,0,10273
ST027,站点-027,L4号线,2026-04-26,12,1,0,8638
ST027,站点-027,L4号线,2026-04-26,18,1,0,25966
ST027,站点-027,L4号线,2026-04-26,19,1,0,21081
ST027,站点-027,L4号线,2026-04-26,20,1,0,8613
ST027,站点-027,L4号线,2026-04-27,7,0,0,29411
ST027,站点-027,L4号线,2026-04-27,8,0,0,35702
ST027,站点-027,L4号线,2026-04-27,9,0,0,13389
ST027,站点-027,L4号线,2026-04-27,12,0,0,13296
ST027,站点-027,L4号线,2026-04-27,18,0,0,33674
ST027,站点-027,L4号线,2026-04-27,19,0,0,31409
ST027,站点-027,L4号线,2026-04-27,20,0,0,13440
ST027,站点-027,L4号线,2026-04-28,7,0,0,30174
ST027,站点-027,L4号线,2026-04-28,8,0,0,34031
ST027,站点-027,L4号线,2026-04-28,9,0,0,14852
ST027,站点-027,L4号线,2026-04-28,12,0,0,11881
ST027,站点-027,L4号线,2026-04-28,18,0,0,35562
ST027,站点-027,L4号线,2026-04-28,19,0,0,34191
ST027,站点-027,L4号线,2026-04-28,20,0,0,11927
ST027,站点-027,L4号线,2026-04-29,7,0,0,36634
ST027,站点-027,L4号线,2026-04-29,8,0,0,31049
ST027,站点-027,L4号线,2026-04-29,9,0,0,14619
ST027,站点-027,L4号线,2026-04-29,12,0,0,14154
ST027,站点-027,L4号线,2026-04-29,18,0,0,28652
ST027,站点-027,L4号线,2026-04-29,19,0,0,30523
ST027,站点-027,L4号线,2026-04-29,20,0,0,13477
ST027,站点-027,L4号线,2026-04-30,7,0,0,29968
ST027,站点-027,L4号线,2026-04-30,8,0,0,35129
ST027,站点-027,L4号线,2026-04-30,9,0,0,15039
ST027,站点-027,L4号线,2026-04-30,12,0,0,13391
ST027,站点-027,L4号线,2026-04-30,18,0,0,30373
ST027,站点-027,L4号线,2026-04-30,19,0,0,28709
ST027,站点-027,L4号线,2026-04-30,20,0,0,11868
ST028,站点-028,L4号线,2026-04-01,7,0,0,39789
ST028,站点-028,L4号线,2026-04-01,8,0,0,43573
ST028,站点-028,L4号线,2026-04-01,9,0,0,17158
ST028,站点-028,L4号线,2026-04-01,12,0,0,15650
ST028,站点-028,L4号线,2026-04-01,18,0,0,36625
ST028,站点-028,L4号线,2026-04-01,19,0,0,44681
ST028,站点-028,L4号线,2026-04-01,20,0,0,18823
ST028,站点-028,L4号线,2026-04-02,7,0,0,37079
ST028,站点-028,L4号线,2026-04-02,8,0,0,43712
ST028,站点-028,L4号线,2026-04-02,9,0,0,15753
ST028,站点-028,L4号线,2026-04-02,12,0,0,16942
ST028,站点-028,L4号线,2026-04-02,18,0,0,41937
ST028,站点-028,L4号线,2026-04-02,19,0,0,44920
ST028,站点-028,L4号线,2026-04-02,20,0,0,16760
ST028,站点-028,L4号线,2026-04-03,7,0,0,39365
ST028,站点-028,L4号线,2026-04-03,8,0,0,35230
ST028,站点-028,L4号线,2026-04-03,9,0,0,16322
ST028,站点-028,L4号线,2026-04-03,12,0,0,17623
ST028,站点-028,L4号线,2026-04-03,18,0,0,35318
ST028,站点-028,L4号线,2026-04-03,19,0,0,43114
ST028,站点-028,L4号线,2026-04-03,20,0,0,15388
ST028,站点-028,L4号线,2026-04-04,7,1,0,25822
ST028,站点-028,L4号线,2026-04-04,8,1,0,29751
ST028,站点-028,L4号线,2026-04-04,9,1,0,11356
ST028,站点-028,L4号线,2026-04-04,12,1,0,12509
ST028,站点-028,L4号线,2026-04-04,18,1,0,25740
ST028,站点-028,L4号线,2026-04-04,19,1,0,27249
ST028,站点-028,L4号线,2026-04-04,20,1,0,11441
ST028,站点-028,L4号线,2026-04-05,7,1,0,25931
ST028,站点-028,L4号线,2026-04-05,8,1,0,31195
ST028,站点-028,L4号线,2026-04-05,9,1,0,12559
ST028,站点-028,L4号线,2026-04-05,12,1,0,9778
ST028,站点-028,L4号线,2026-04-05,18,1,0,25514
ST028,站点-028,L4号线,2026-04-05,19,1,0,29185
ST028,站点-028,L4号线,2026-04-05,20,1,0,11480
ST028,站点-028,L4号线,2026-04-06,7,0,0,45428
ST028,站点-028,L4号线,2026-04-06,8,0,0,46964
ST028,站点-028,L4号线,2026-04-06,9,0,0,14882
ST028,站点-028,L4号线,2026-04-06,12,0,0,17488
ST028,站点-028,L4号线,2026-04-06,18,0,0,41697
ST028,站点-028,L4号线,2026-04-06,19,0,0,42581
ST028,站点-028,L4号线,2026-04-06,20,0,0,16307
ST028,站点-028,L4号线,2026-04-07,7,0,0,46592
ST028,站点-028,L4号线,2026-04-07,8,0,0,42724
ST028,站点-028,L4号线,2026-04-07,9,0,0,15853
ST028,站点-028,L4号线,2026-04-07,12,0,0,16438
ST028,站点-028,L4号线,2026-04-07,18,0,0,40363
ST028,站点-028,L4号线,2026-04-07,19,0,0,41086
ST028,站点-028,L4号线,2026-04-07,20,0,0,16846
ST028,站点-028,L4号线,2026-04-08,7,0,0,35584
ST028,站点-028,L4号线,2026-04-08,8,0,0,43293
ST028,站点-028,L4号线,2026-04-08,9,0,0,16098
ST028,站点-028,L4号线,2026-04-08,12,0,0,15934
ST028,站点-028,L4号线,2026-04-08,18,0,0,38579
ST028,站点-028,L4号线,2026-04-08,19,0,0,43839
ST028,站点-028,L4号线,2026-04-08,20,0,0,14202
ST028,站点-028,L4号线,2026-04-09,7,0,0,41921
ST028,站点-028,L4号线,2026-04-09,8,0,0,44380
ST028,站点-028,L4号线,2026-04-09,9,0,0,16938
ST028,站点-028,L4号线,2026-04-09,12,0,0,14171
ST028,站点-028,L4号线,2026-04-09,18,0,0,37108
ST028,站点-028,L4号线,2026-04-09,19,0,0,44253
ST028,站点-028,L4号线,2026-04-09,20,0,0,15384
ST028,站点-028,L4号线,2026-04-10,7,0,0,43898
ST028,站点-028,L4号线,2026-04-10,8,0,0,46291
ST028,站点-028,L4号线,2026-04-10,9,0,0,16994
ST028,站点-028,L4号线,2026-04-10,12,0,0,18116
ST028,站点-028,L4号线,2026-04-10,18,0,0,46050
ST028,站点-028,L4号线,2026-04-10,19,0,0,44040
ST028,站点-028,L4号线,2026-04-10,20,0,0,18718
ST028,站点-028,L4号线,2026-04-11,7,1,0,27870
ST028,站点-028,L4号线,2026-04-11,8,1,0,32424
ST028,站点-028,L4号线,2026-04-11,9,1,0,12521
ST028,站点-028,L4号线,2026-04-11,12,1,0,11730
ST028,站点-028,L4号线,2026-04-11,18,1,0,24684
ST028,站点-028,L4号线,2026-04-11,19,1,0,25755
ST028,站点-028,L4号线,2026-04-11,20,1,0,12170
ST028,站点-028,L4号线,2026-04-12,7,1,0,28668
ST028,站点-028,L4号线,2026-04-12,8,1,0,26030
ST028,站点-028,L4号线,2026-04-12,9,1,0,11334
ST028,站点-028,L4号线,2026-04-12,12,1,0,9964
ST028,站点-028,L4号线,2026-04-12,18,1,0,25738
ST028,站点-028,L4号线,2026-04-12,19,1,0,26980
ST028,站点-028,L4号线,2026-04-12,20,1,0,12264
ST028,站点-028,L4号线,2026-04-13,7,0,0,37733
ST028,站点-028,L4号线,2026-04-13,8,0,0,41413
ST028,站点-028,L4号线,2026-04-13,9,0,0,14641
ST028,站点-028,L4号线,2026-04-13,12,0,0,15382
ST028,站点-028,L4号线,2026-04-13,18,0,0,45136
ST028,站点-028,L4号线,2026-04-13,19,0,0,36826
ST028,站点-028,L4号线,2026-04-13,20,0,0,17016
ST028,站点-028,L4号线,2026-04-14,7,0,0,40132
ST028,站点-028,L4号线,2026-04-14,8,0,0,38866
ST028,站点-028,L4号线,2026-04-14,9,0,0,16858
ST028,站点-028,L4号线,2026-04-14,12,0,0,14692
ST028,站点-028,L4号线,2026-04-14,18,0,0,38300
ST028,站点-028,L4号线,2026-04-14,19,0,0,43239
ST028,站点-028,L4号线,2026-04-14,20,0,0,14954
ST028,站点-028,L4号线,2026-04-15,7,0,1,41131
ST028,站点-028,L4号线,2026-04-15,8,0,1,34860
ST028,站点-028,L4号线,2026-04-15,9,0,1,18397
ST028,站点-028,L4号线,2026-04-15,12,0,1,14613
ST028,站点-028,L4号线,2026-04-15,18,0,1,46803
ST028,站点-028,L4号线,2026-04-15,19,0,1,35056
ST028,站点-028,L4号线,2026-04-15,20,0,1,15293
ST028,站点-028,L4号线,2026-04-16,7,0,0,45824
ST028,站点-028,L4号线,2026-04-16,8,0,0,45412
ST028,站点-028,L4号线,2026-04-16,9,0,0,16644
ST028,站点-028,L4号线,2026-04-16,12,0,0,14448
ST028,站点-028,L4号线,2026-04-16,18,0,0,37399
ST028,站点-028,L4号线,2026-04-16,19,0,0,34917
ST028,站点-028,L4号线,2026-04-16,20,0,0,17966
ST028,站点-028,L4号线,2026-04-17,7,0,0,46161
ST028,站点-028,L4号线,2026-04-17,8,0,0,38493
ST028,站点-028,L4号线,2026-04-17,9,0,0,17366
ST028,站点-028,L4号线,2026-04-17,12,0,0,17588
ST028,站点-028,L4号线,2026-04-17,18,0,0,40335
ST028,站点-028,L4号线,2026-04-17,19,0,0,45292
ST028,站点-028,L4号线,2026-04-17,20,0,0,17240
ST028,站点-028,L4号线,2026-04-18,7,1,0,26860
ST028,站点-028,L4号线,2026-04-18,8,1,0,24516
ST028,站点-028,L4号线,2026-04-18,9,1,0,11670
ST028,站点-028,L4号线,2026-04-18,12,1,0,11765
ST028,站点-028,L4号线,2026-04-18,18,1,0,25602
ST028,站点-028,L4号线,2026-04-18,19,1,0,32892
ST028,站点-028,L4号线,2026-04-18,20,1,0,10387
ST028,站点-028,L4号线,2026-04-19,7,1,0,29600
ST028,站点-028,L4号线,2026-04-19,8,1,0,31107
ST028,站点-028,L4号线,2026-04-19,9,1,0,10813
ST028,站点-028,L4号线,2026-04-19,12,1,0,13162
ST028,站点-028,L4号线,2026-04-19,18,1,0,26473
ST028,站点-028,L4号线,2026-04-19,19,1,0,32414
ST028,站点-028,L4号线,2026-04-19,20,1,0,10018
ST028,站点-028,L4号线,2026-04-20,7,0,0,35422
ST028,站点-028,L4号线,2026-04-20,8,0,0,37490
ST028,站点-028,L4号线,2026-04-20,9,0,0,15378
ST028,站点-028,L4号线,2026-04-20,12,0,0,17251
ST028,站点-028,L4号线,2026-04-20,18,0,0,45181
ST028,站点-028,L4号线,2026-04-20,19,0,0,36864
ST028,站点-028,L4号线,2026-04-20,20,0,0,18203
ST028,站点-028,L4号线,2026-04-21,7,0,0,37019
ST028,站点-028,L4号线,2026-04-21,8,0,0,42474
ST028,站点-028,L4号线,2026-04-21,9,0,0,14605
ST028,站点-028,L4号线,2026-04-21,12,0,0,16459
ST028,站点-028,L4号线,2026-04-21,18,0,0,46074
ST028,站点-028,L4号线,2026-04-21,19,0,0,43571
ST028,站点-028,L4号线,2026-04-21,20,0,0,16650
ST028,站点-028,L4号线,2026-04-22,7,0,0,44774
ST028,站点-028,L4号线,2026-04-22,8,0,0,42592
ST028,站点-028,L4号线,2026-04-22,9,0,0,14178
ST028,站点-028,L4号线,2026-04-22,12,0,0,14586
ST028,站点-028,L4号线,2026-04-22,18,0,0,39601
ST028,站点-028,L4号线,2026-04-22,19,0,0,38453
ST028,站点-028,L4号线,2026-04-22,20,0,0,18333
ST028,站点-028,L4号线,2026-04-23,7,0,0,36366
ST028,站点-028,L4号线,2026-04-23,8,0,0,43331
ST028,站点-028,L4号线,2026-04-23,9,0,0,16055
ST028,站点-028,L4号线,2026-04-23,12,0,0,17643
ST028,站点-028,L4号线,2026-04-23,18,0,0,40292
ST028,站点-028,L4号线,2026-04-23,19,0,0,39575
ST028,站点-028,L4号线,2026-04-23,20,0,0,16078
ST028,站点-028,L4号线,2026-04-24,7,0,0,35595
ST028,站点-028,L4号线,2026-04-24,8,0,0,36879
ST028,站点-028,L4号线,2026-04-24,9,0,0,16269
ST028,站点-028,L4号线,2026-04-24,12,0,0,17025
ST028,站点-028,L4号线,2026-04-24,18,0,0,39750
ST028,站点-028,L4号线,2026-04-24,19,0,0,36759
ST028,站点-028,L4号线,2026-04-24,20,0,0,18158
ST028,站点-028,L4号线,2026-04-25,7,1,0,30868
ST028,站点-028,L4号线,2026-04-25,8,1,0,32506
ST028,站点-028,L4号线,2026-04-25,9,1,0,10629
ST028,站点-028,L4号线,2026-04-25,12,1,0,11236
ST028,站点-028,L4号线,2026-04-25,18,1,0,28520
ST028,站点-028,L4号线,2026-04-25,19,1,0,30686
ST028,站点-028,L4号线,2026-04-25,20,1,0,11407
ST028,站点-028,L4号线,2026-04-26,7,1,0,26169
ST028,站点-028,L4号线,2026-04-26,8,1,0,26416
ST028,站点-028,L4号线,2026-04-26,9,1,0,10073
ST028,站点-028,L4号线,2026-04-26,12,1,0,10032
ST028,站点-028,L4号线,2026-04-26,18,1,0,31987
ST028,站点-028,L4号线,2026-04-26,19,1,0,27359
ST028,站点-028,L4号线,2026-04-26,20,1,0,12261
ST028,站点-028,L4号线,2026-04-27,7,0,0,44706
ST028,站点-028,L4号线,2026-04-27,8,0,0,37843
ST028,站点-028,L4号线,2026-04-27,9,0,0,17787
ST028,站点-028,L4号线,2026-04-27,12,0,0,18165
ST028,站点-028,L4号线,2026-04-27,18,0,0,44569
ST028,站点-028,L4号线,2026-04-27,19,0,0,36208
ST028,站点-028,L4号线,2026-04-27,20,0,0,15402
ST028,站点-028,L4号线,2026-04-28,7,0,0,37989
ST028,站点-028,L4号线,2026-04-28,8,0,0,35102
ST028,站点-028,L4号线,2026-04-28,9,0,0,17290
ST028,站点-028,L4号线,2026-04-28,12,0,0,16451
ST028,站点-028,L4号线,2026-04-28,18,0,0,46911
ST028,站点-028,L4号线,2026-04-28,19,0,0,38386
ST028,站点-028,L4号线,2026-04-28,20,0,0,16530
ST028,站点-028,L4号线,2026-04-29,7,0,0,41561
ST028,站点-028,L4号线,2026-04-29,8,0,0,40938
ST028,站点-028,L4号线,2026-04-29,9,0,0,14245
ST028,站点-028,L4号线,2026-04-29,12,0,0,15922
ST028,站点-028,L4号线,2026-04-29,18,0,0,34834
ST028,站点-028,L4号线,2026-04-29,19,0,0,46782
ST028,站点-028,L4号线,2026-04-29,20,0,0,16172
ST028,站点-028,L4号线,2026-04-30,7,0,0,40086
ST028,站点-028,L4号线,2026-04-30,8,0,0,40455
ST028,站点-028,L4号线,2026-04-30,9,0,0,16636
ST028,站点-028,L4号线,2026-04-30,12,0,0,14922
ST028,站点-028,L4号线,2026-04-30,18,0,0,36963
ST028,站点-028,L4号线,2026-04-30,19,0,0,38953
ST028,站点-028,L4号线,2026-04-30,20,0,0,16590
ST029,站点-029,L3号线,2026-04-01,7,0,0,31880
ST029,站点-029,L3号线,2026-04-01,8,0,0,29469
ST029,站点-029,L3号线,2026-04-01,9,0,0,13599
ST029,站点-029,L3号线,2026-04-01,12,0,0,11720
ST029,站点-029,L3号线,2026-04-01,18,0,0,29510
ST029,站点-029,L3号线,2026-04-01,19,0,0,31514
ST029,站点-029,L3号线,2026-04-01,20,0,0,12300
ST029,站点-029,L3号线,2026-04-02,7,0,0,31026
ST029,站点-029,L3号线,2026-04-02,8,0,0,34169
ST029,站点-029,L3号线,2026-04-02,9,0,0,11118
ST029,站点-029,L3号线,2026-04-02,12,0,0,11527
ST029,站点-029,L3号线,2026-04-02,18,0,0,26587
ST029,站点-029,L3号线,2026-04-02,19,0,0,27641
ST029,站点-029,L3号线,2026-04-02,20,0,0,12671
ST029,站点-029,L3号线,2026-04-03,7,0,0,27709
ST029,站点-029,L3号线,2026-04-03,8,0,0,35275
ST029,站点-029,L3号线,2026-04-03,9,0,0,11785
ST029,站点-029,L3号线,2026-04-03,12,0,0,13857
ST029,站点-029,L3号线,2026-04-03,18,0,0,30416
ST029,站点-029,L3号线,2026-04-03,19,0,0,30413
ST029,站点-029,L3号线,2026-04-03,20,0,0,11394
ST029,站点-029,L3号线,2026-04-04,7,1,0,23925
ST029,站点-029,L3号线,2026-04-04,8,1,0,23770
ST029,站点-029,L3号线,2026-04-04,9,1,0,8641
ST029,站点-029,L3号线,2026-04-04,12,1,0,9720
ST029,站点-029,L3号线,2026-04-04,18,1,0,20022
ST029,站点-029,L3号线,2026-04-04,19,1,0,22532
ST029,站点-029,L3号线,2026-04-04,20,1,0,8882
ST029,站点-029,L3号线,2026-04-05,7,1,0,24544
ST029,站点-029,L3号线,2026-04-05,8,1,0,21525
ST029,站点-029,L3号线,2026-04-05,9,1,0,7590
ST029,站点-029,L3号线,2026-04-05,12,1,0,7928
ST029,站点-029,L3号线,2026-04-05,18,1,0,22795
ST029,站点-029,L3号线,2026-04-05,19,1,0,20723
ST029,站点-029,L3号线,2026-04-05,20,1,0,9233
ST029,站点-029,L3号线,2026-04-06,7,0,0,29133
ST029,站点-029,L3号线,2026-04-06,8,0,0,28504
ST029,站点-029,L3号线,2026-04-06,9,0,0,13049
ST029,站点-029,L3号线,2026-04-06,12,0,0,13148
ST029,站点-029,L3号线,2026-04-06,18,0,0,28903
ST029,站点-029,L3号线,2026-04-06,19,0,0,28029
ST029,站点-029,L3号线,2026-04-06,20,0,0,10759
ST029,站点-029,L3号线,2026-04-07,7,0,0,29669
ST029,站点-029,L3号线,2026-04-07,8,0,0,28863
ST029,站点-029,L3号线,2026-04-07,9,0,0,11863
ST029,站点-029,L3号线,2026-04-07,12,0,0,13653
ST029,站点-029,L3号线,2026-04-07,18,0,0,27211
ST029,站点-029,L3号线,2026-04-07,19,0,0,33601
ST029,站点-029,L3号线,2026-04-07,20,0,0,14038
ST029,站点-029,L3号线,2026-04-08,7,0,0,32076
ST029,站点-029,L3号线,2026-04-08,8,0,0,33043
ST029,站点-029,L3号线,2026-04-08,9,0,0,11012
ST029,站点-029,L3号线,2026-04-08,12,0,0,10711
ST029,站点-029,L3号线,2026-04-08,18,0,0,27600
ST029,站点-029,L3号线,2026-04-08,19,0,0,26432
ST029,站点-029,L3号线,2026-04-08,20,0,0,13556
ST029,站点-029,L3号线,2026-04-09,7,0,0,33262
ST029,站点-029,L3号线,2026-04-09,8,0,0,33728
ST029,站点-029,L3号线,2026-04-09,9,0,0,13094
ST029,站点-029,L3号线,2026-04-09,12,0,0,13755
ST029,站点-029,L3号线,2026-04-09,18,0,0,33295
ST029,站点-029,L3号线,2026-04-09,19,0,0,34439
ST029,站点-029,L3号线,2026-04-09,20,0,0,10444
ST029,站点-029,L3号线,2026-04-10,7,0,0,29237
ST029,站点-029,L3号线,2026-04-10,8,0,0,26522
ST029,站点-029,L3号线,2026-04-10,9,0,0,13285
ST029,站点-029,L3号线,2026-04-10,12,0,0,13625
ST029,站点-029,L3号线,2026-04-10,18,0,0,28659
ST029,站点-029,L3号线,2026-04-10,19,0,0,28131
ST029,站点-029,L3号线,2026-04-10,20,0,0,11702
ST029,站点-029,L3号线,2026-04-11,7,1,0,23099
ST029,站点-029,L3号线,2026-04-11,8,1,0,20167
ST029,站点-029,L3号线,2026-04-11,9,1,0,9442
ST029,站点-029,L3号线,2026-04-11,12,1,0,8568
ST029,站点-029,L3号线,2026-04-11,18,1,0,20040
ST029,站点-029,L3号线,2026-04-11,19,1,0,20872
ST029,站点-029,L3号线,2026-04-11,20,1,0,9406
ST029,站点-029,L3号线,2026-04-12,7,1,0,19737
ST029,站点-029,L3号线,2026-04-12,8,1,0,20049
ST029,站点-029,L3号线,2026-04-12,9,1,0,8447
ST029,站点-029,L3号线,2026-04-12,12,1,0,7951
ST029,站点-029,L3号线,2026-04-12,18,1,0,19413
ST029,站点-029,L3号线,2026-04-12,19,1,0,18477
ST029,站点-029,L3号线,2026-04-12,20,1,0,8713
ST029,站点-029,L3号线,2026-04-13,7,0,0,31085
ST029,站点-029,L3号线,2026-04-13,8,0,0,35219
ST029,站点-029,L3号线,2026-04-13,9,0,0,12110
ST029,站点-029,L3号线,2026-04-13,12,0,0,11002
ST029,站点-029,L3号线,2026-04-13,18,0,0,34730
ST029,站点-029,L3号线,2026-04-13,19,0,0,27308
ST029,站点-029,L3号线,2026-04-13,20,0,0,13064
ST029,站点-029,L3号线,2026-04-14,7,0,0,29022
ST029,站点-029,L3号线,2026-04-14,8,0,0,31716
ST029,站点-029,L3号线,2026-04-14,9,0,0,10495
ST029,站点-029,L3号线,2026-04-14,12,0,0,11888
ST029,站点-029,L3号线,2026-04-14,18,0,0,26844
ST029,站点-029,L3号线,2026-04-14,19,0,0,28465
ST029,站点-029,L3号线,2026-04-14,20,0,0,13811
ST029,站点-029,L3号线,2026-04-15,7,0,1,33568
ST029,站点-029,L3号线,2026-04-15,8,0,1,28755
ST029,站点-029,L3号线,2026-04-15,9,0,1,11474
ST029,站点-029,L3号线,2026-04-15,12,0,1,13122
ST029,站点-029,L3号线,2026-04-15,18,0,1,31130
ST029,站点-029,L3号线,2026-04-15,19,0,1,30038
ST029,站点-029,L3号线,2026-04-15,20,0,1,13877
ST029,站点-029,L3号线,2026-04-16,7,0,0,35024
ST029,站点-029,L3号线,2026-04-16,8,0,0,28230
ST029,站点-029,L3号线,2026-04-16,9,0,0,13242
ST029,站点-029,L3号线,2026-04-16,12,0,0,11855
ST029,站点-029,L3号线,2026-04-16,18,0,0,29831
ST029,站点-029,L3号线,2026-04-16,19,0,0,34063
ST029,站点-029,L3号线,2026-04-16,20,0,0,12012
ST029,站点-029,L3号线,2026-04-17,7,0,0,26786
ST029,站点-029,L3号线,2026-04-17,8,0,0,27939
ST029,站点-029,L3号线,2026-04-17,9,0,0,13150
ST029,站点-029,L3号线,2026-04-17,12,0,0,11079
ST029,站点-029,L3号线,2026-04-17,18,0,0,31395
ST029,站点-029,L3号线,2026-04-17,19,0,0,33255
ST029,站点-029,L3号线,2026-04-17,20,0,0,12817
ST029,站点-029,L3号线,2026-04-18,7,1,0,20414
ST029,站点-029,L3号线,2026-04-18,8,1,0,22871
ST029,站点-029,L3号线,2026-04-18,9,1,0,7410
ST029,站点-029,L3号线,2026-04-18,12,1,0,9338
ST029,站点-029,L3号线,2026-04-18,18,1,0,21768
ST029,站点-029,L3号线,2026-04-18,19,1,0,21929
ST029,站点-029,L3号线,2026-04-18,20,1,0,8944
ST029,站点-029,L3号线,2026-04-19,7,1,0,21653
ST029,站点-029,L3号线,2026-04-19,8,1,0,20697
ST029,站点-029,L3号线,2026-04-19,9,1,0,7997
ST029,站点-029,L3号线,2026-04-19,12,1,0,8313
ST029,站点-029,L3号线,2026-04-19,18,1,0,22767
ST029,站点-029,L3号线,2026-04-19,19,1,0,19683
ST029,站点-029,L3号线,2026-04-19,20,1,0,7930
ST029,站点-029,L3号线,2026-04-20,7,0,0,34218
ST029,站点-029,L3号线,2026-04-20,8,0,0,32997
ST029,站点-029,L3号线,2026-04-20,9,0,0,10965
ST029,站点-029,L3号线,2026-04-20,12,0,0,12680
ST029,站点-029,L3号线,2026-04-20,18,0,0,31105
ST029,站点-029,L3号线,2026-04-20,19,0,0,28059
ST029,站点-029,L3号线,2026-04-20,20,0,0,10692
ST029,站点-029,L3号线,2026-04-21,7,0,0,30398
ST029,站点-029,L3号线,2026-04-21,8,0,0,31609
ST029,站点-029,L3号线,2026-04-21,9,0,0,13185
ST029,站点-029,L3号线,2026-04-21,12,0,0,13686
ST029,站点-029,L3号线,2026-04-21,18,0,0,31672
ST029,站点-029,L3号线,2026-04-21,19,0,0,31617
ST029,站点-029,L3号线,2026-04-21,20,0,0,11127
ST029,站点-029,L3号线,2026-04-22,7,0,0,28016
ST029,站点-029,L3号线,2026-04-22,8,0,0,34512
ST029,站点-029,L3号线,2026-04-22,9,0,0,11487
ST029,站点-029,L3号线,2026-04-22,12,0,0,11093
ST029,站点-029,L3号线,2026-04-22,18,0,0,33057
ST029,站点-029,L3号线,2026-04-22,19,0,0,31218
ST029,站点-029,L3号线,2026-04-22,20,0,0,12206
ST029,站点-029,L3号线,2026-04-23,7,0,0,30241
ST029,站点-029,L3号线,2026-04-23,8,0,0,31911
ST029,站点-029,L3号线,2026-04-23,9,0,0,13705
ST029,站点-029,L3号线,2026-04-23,12,0,0,13270
ST029,站点-029,L3号线,2026-04-23,18,0,0,31870
ST029,站点-029,L3号线,2026-04-23,19,0,0,32397
ST029,站点-029,L3号线,2026-04-23,20,0,0,13595
ST029,站点-029,L3号线,2026-04-24,7,0,0,26170
ST029,站点-029,L3号线,2026-04-24,8,0,0,28204
ST029,站点-029,L3号线,2026-04-24,9,0,0,13414
ST029,站点-029,L3号线,2026-04-24,12,0,0,13586
ST029,站点-029,L3号线,2026-04-24,18,0,0,26265
ST029,站点-029,L3号线,2026-04-24,19,0,0,28443
ST029,站点-029,L3号线,2026-04-24,20,0,0,11443
ST029,站点-029,L3号线,2026-04-25,7,1,0,20266
ST029,站点-029,L3号线,2026-04-25,8,1,0,22567
ST029,站点-029,L3号线,2026-04-25,9,1,0,9443
ST029,站点-029,L3号线,2026-04-25,12,1,0,8657
ST029,站点-029,L3号线,2026-04-25,18,1,0,21896
ST029,站点-029,L3号线,2026-04-25,19,1,0,19307
ST029,站点-029,L3号线,2026-04-25,20,1,0,7352
ST029,站点-029,L3号线,2026-04-26,7,1,0,21603
ST029,站点-029,L3号线,2026-04-26,8,1,0,21112
ST029,站点-029,L3号线,2026-04-26,9,1,0,7556
ST029,站点-029,L3号线,2026-04-26,12,1,0,8300
ST029,站点-029,L3号线,2026-04-26,18,1,0,20096
ST029,站点-029,L3号线,2026-04-26,19,1,0,23881
ST029,站点-029,L3号线,2026-04-26,20,1,0,9676
ST029,站点-029,L3号线,2026-04-27,7,0,0,28993
ST029,站点-029,L3号线,2026-04-27,8,0,0,29047
ST029,站点-029,L3号线,2026-04-27,9,0,0,12029
ST029,站点-029,L3号线,2026-04-27,12,0,0,13407
ST029,站点-029,L3号线,2026-04-27,18,0,0,30093
ST029,站点-029,L3号线,2026-04-27,19,0,0,29674
ST029,站点-029,L3号线,2026-04-27,20,0,0,11562
ST029,站点-029,L3号线,2026-04-28,7,0,0,30833
ST029,站点-029,L3号线,2026-04-28,8,0,0,30004
ST029,站点-029,L3号线,2026-04-28,9,0,0,13247
ST029,站点-029,L3号线,2026-04-28,12,0,0,14107
ST029,站点-029,L3号线,2026-04-28,18,0,0,28138
ST029,站点-029,L3号线,2026-04-28,19,0,0,33098
ST029,站点-029,L3号线,2026-04-28,20,0,0,11667
ST029,站点-029,L3号线,2026-04-29,7,0,0,33696
ST029,站点-029,L3号线,2026-04-29,8,0,0,31616
ST029,站点-029,L3号线,2026-04-29,9,0,0,11285
ST029,站点-029,L3号线,2026-04-29,12,0,0,11230
ST029,站点-029,L3号线,2026-04-29,18,0,0,26368
ST029,站点-029,L3号线,2026-04-29,19,0,0,32931
ST029,站点-029,L3号线,2026-04-29,20,0,0,13243
ST029,站点-029,L3号线,2026-04-30,7,0,0,32399
ST029,站点-029,L3号线,2026-04-30,8,0,0,27596
ST029,站点-029,L3号线,2026-04-30,9,0,0,10997
ST029,站点-029,L3号线,2026-04-30,12,0,0,12781
ST029,站点-029,L3号线,2026-04-30,18,0,0,31605
ST029,站点-029,L3号线,2026-04-30,19,0,0,27140
ST029,站点-029,L3号线,2026-04-30,20,0,0,12578
ST030,站点-030,L7号线,2026-04-01,7,0,0,12193
ST030,站点-030,L7号线,2026-04-01,8,0,0,11787
ST030,站点-030,L7号线,2026-04-01,9,0,0,4929
ST030,站点-030,L7号线,2026-04-01,12,0,0,4609
ST030,站点-030,L7号线,2026-04-01,18,0,0,14616
ST030,站点-030,L7号线,2026-04-01,19,0,0,13529
ST030,站点-030,L7号线,2026-04-01,20,0,0,5386
ST030,站点-030,L7号线,2026-04-02,7,0,0,14294
ST030,站点-030,L7号线,2026-04-02,8,0,0,11673
ST030,站点-030,L7号线,2026-04-02,9,0,0,5355
ST030,站点-030,L7号线,2026-04-02,12,0,0,5136
ST030,站点-030,L7号线,2026-04-02,18,0,0,12508
ST030,站点-030,L7号线,2026-04-02,19,0,0,14635
ST030,站点-030,L7号线,2026-04-02,20,0,0,5867
ST030,站点-030,L7号线,2026-04-03,7,0,0,11712
ST030,站点-030,L7号线,2026-04-03,8,0,0,15048
ST030,站点-030,L7号线,2026-04-03,9,0,0,5429
ST030,站点-030,L7号线,2026-04-03,12,0,0,5386
ST030,站点-030,L7号线,2026-04-03,18,0,0,12284
ST030,站点-030,L7号线,2026-04-03,19,0,0,13750
ST030,站点-030,L7号线,2026-04-03,20,0,0,5784
ST030,站点-030,L7号线,2026-04-04,7,1,0,10458
ST030,站点-030,L7号线,2026-04-04,8,1,0,9382
ST030,站点-030,L7号线,2026-04-04,9,1,0,3741
ST030,站点-030,L7号线,2026-04-04,12,1,0,4003
ST030,站点-030,L7号线,2026-04-04,18,1,0,8697
ST030,站点-030,L7号线,2026-04-04,19,1,0,8203
ST030,站点-030,L7号线,2026-04-04,20,1,0,3718
ST030,站点-030,L7号线,2026-04-05,7,1,0,8109
ST030,站点-030,L7号线,2026-04-05,8,1,0,8385
ST030,站点-030,L7号线,2026-04-05,9,1,0,3438
ST030,站点-030,L7号线,2026-04-05,12,1,0,3672
ST030,站点-030,L7号线,2026-04-05,18,1,0,10461
ST030,站点-030,L7号线,2026-04-05,19,1,0,8832
ST030,站点-030,L7号线,2026-04-05,20,1,0,3973
ST030,站点-030,L7号线,2026-04-06,7,0,0,13624
ST030,站点-030,L7号线,2026-04-06,8,0,0,11544
ST030,站点-030,L7号线,2026-04-06,9,0,0,5151
ST030,站点-030,L7号线,2026-04-06,12,0,0,5884
ST030,站点-030,L7号线,2026-04-06,18,0,0,15250
ST030,站点-030,L7号线,2026-04-06,19,0,0,14165
ST030,站点-030,L7号线,2026-04-06,20,0,0,4574
ST030,站点-030,L7号线,2026-04-07,7,0,0,12192
ST030,站点-030,L7号线,2026-04-07,8,0,0,14911
ST030,站点-030,L7号线,2026-04-07,9,0,0,6080
ST030,站点-030,L7号线,2026-04-07,12,0,0,5067
ST030,站点-030,L7号线,2026-04-07,18,0,0,11951
ST030,站点-030,L7号线,2026-04-07,19,0,0,13972
ST030,站点-030,L7号线,2026-04-07,20,0,0,5412
ST030,站点-030,L7号线,2026-04-08,7,0,0,14433
ST030,站点-030,L7号线,2026-04-08,8,0,0,12720
ST030,站点-030,L7号线,2026-04-08,9,0,0,4628
ST030,站点-030,L7号线,2026-04-08,12,0,0,5790
ST030,站点-030,L7号线,2026-04-08,18,0,0,14400
ST030,站点-030,L7号线,2026-04-08,19,0,0,15127
ST030,站点-030,L7号线,2026-04-08,20,0,0,5955
ST030,站点-030,L7号线,2026-04-09,7,0,0,13182
ST030,站点-030,L7号线,2026-04-09,8,0,0,13771
ST030,站点-030,L7号线,2026-04-09,9,0,0,4748
ST030,站点-030,L7号线,2026-04-09,12,0,0,6071
ST030,站点-030,L7号线,2026-04-09,18,0,0,12256
ST030,站点-030,L7号线,2026-04-09,19,0,0,12980
ST030,站点-030,L7号线,2026-04-09,20,0,0,4742
ST030,站点-030,L7号线,2026-04-10,7,0,0,12754
ST030,站点-030,L7号线,2026-04-10,8,0,0,11911
ST030,站点-030,L7号线,2026-04-10,9,0,0,5061
ST030,站点-030,L7号线,2026-04-10,12,0,0,4760
ST030,站点-030,L7号线,2026-04-10,18,0,0,14696
ST030,站点-030,L7号线,2026-04-10,19,0,0,13351
ST030,站点-030,L7号线,2026-04-10,20,0,0,5455
ST030,站点-030,L7号线,2026-04-11,7,1,0,8382
ST030,站点-030,L7号线,2026-04-11,8,1,0,8518
ST030,站点-030,L7号线,2026-04-11,9,1,0,3276
ST030,站点-030,L7号线,2026-04-11,12,1,0,3282
ST030,站点-030,L7号线,2026-04-11,18,1,0,9451
ST030,站点-030,L7号线,2026-04-11,19,1,0,8425
ST030,站点-030,L7号线,2026-04-11,20,1,0,3592
ST030,站点-030,L7号线,2026-04-12,7,1,0,9596
ST030,站点-030,L7号线,2026-04-12,8,1,0,8820
ST030,站点-030,L7号线,2026-04-12,9,1,0,4143
ST030,站点-030,L7号线,2026-04-12,12,1,0,3931
ST030,站点-030,L7号线,2026-04-12,18,1,0,8943
ST030,站点-030,L7号线,2026-04-12,19,1,0,8246
ST030,站点-030,L7号线,2026-04-12,20,1,0,4143
ST030,站点-030,L7号线,2026-04-13,7,0,0,14579
ST030,站点-030,L7号线,2026-04-13,8,0,0,14274
ST030,站点-030,L7号线,2026-04-13,9,0,0,5076
ST030,站点-030,L7号线,2026-04-13,12,0,0,5995
ST030,站点-030,L7号线,2026-04-13,18,0,0,11938
ST030,站点-030,L7号线,2026-04-13,19,0,0,11915
ST030,站点-030,L7号线,2026-04-13,20,0,0,5534
ST030,站点-030,L7号线,2026-04-14,7,0,0,12210
ST030,站点-030,L7号线,2026-04-14,8,0,0,14847
ST030,站点-030,L7号线,2026-04-14,9,0,0,5195
ST030,站点-030,L7号线,2026-04-14,12,0,0,5196
ST030,站点-030,L7号线,2026-04-14,18,0,0,11618
ST030,站点-030,L7号线,2026-04-14,19,0,0,12642
ST030,站点-030,L7号线,2026-04-14,20,0,0,5305
ST030,站点-030,L7号线,2026-04-15,7,0,1,14367
ST030,站点-030,L7号线,2026-04-15,8,0,1,13974
ST030,站点-030,L7号线,2026-04-15,9,0,1,4830
ST030,站点-030,L7号线,2026-04-15,12,0,1,6113
ST030,站点-030,L7号线,2026-04-15,18,0,1,14027
ST030,站点-030,L7号线,2026-04-15,19,0,1,14267
ST030,站点-030,L7号线,2026-04-15,20,0,1,5317
ST030,站点-030,L7号线,2026-04-16,7,0,0,13532
ST030,站点-030,L7号线,2026-04-16,8,0,0,14207
ST030,站点-030,L7号线,2026-04-16,9,0,0,4827
ST030,站点-030,L7号线,2026-04-16,12,0,0,5362
ST030,站点-030,L7号线,2026-04-16,18,0,0,12500
ST030,站点-030,L7号线,2026-04-16,19,0,0,12469
ST030,站点-030,L7号线,2026-04-16,20,0,0,6006
ST030,站点-030,L7号线,2026-04-17,7,0,0,12740
ST030,站点-030,L7号线,2026-04-17,8,0,0,14800
ST030,站点-030,L7号线,2026-04-17,9,0,0,5721
ST030,站点-030,L7号线,2026-04-17,12,0,0,5751
ST030,站点-030,L7号线,2026-04-17,18,0,0,14886
ST030,站点-030,L7号线,2026-04-17,19,0,0,12321
ST030,站点-030,L7号线,2026-04-17,20,0,0,4718
ST030,站点-030,L7号线,2026-04-18,7,1,0,8511
ST030,站点-030,L7号线,2026-04-18,8,1,0,10572
ST030,站点-030,L7号线,2026-04-18,9,1,0,3698
ST030,站点-030,L7号线,2026-04-18,12,1,0,4239
ST030,站点-030,L7号线,2026-04-18,18,1,0,8881
ST030,站点-030,L7号线,2026-04-18,19,1,0,10274
ST030,站点-030,L7号线,2026-04-18,20,1,0,4043
ST030,站点-030,L7号线,2026-04-19,7,1,0,10638
ST030,站点-030,L7号线,2026-04-19,8,1,0,8018
ST030,站点-030,L7号线,2026-04-19,9,1,0,4039
ST030,站点-030,L7号线,2026-04-19,12,1,0,4041
ST030,站点-030,L7号线,2026-04-19,18,1,0,9945
ST030,站点-030,L7号线,2026-04-19,19,1,0,9692
ST030,站点-030,L7号线,2026-04-19,20,1,0,3603
ST030,站点-030,L7号线,2026-04-20,7,0,0,12657
ST030,站点-030,L7号线,2026-04-20,8,0,0,14322
ST030,站点-030,L7号线,2026-04-20,9,0,0,5916
ST030,站点-030,L7号线,2026-04-20,12,0,0,4960
ST030,站点-030,L7号线,2026-04-20,18,0,0,12868
ST030,站点-030,L7号线,2026-04-20,19,0,0,13199
ST030,站点-030,L7号线,2026-04-20,20,0,0,5581
ST030,站点-030,L7号线,2026-04-21,7,0,0,15269
ST030,站点-030,L7号线,2026-04-21,8,0,0,13812
ST030,站点-030,L7号线,2026-04-21,9,0,0,4826
ST030,站点-030,L7号线,2026-04-21,12,0,0,4836
ST030,站点-030,L7号线,2026-04-21,18,0,0,13810
ST030,站点-030,L7号线,2026-04-21,19,0,0,14480
ST030,站点-030,L7号线,2026-04-21,20,0,0,5732
ST030,站点-030,L7号线,2026-04-22,7,0,0,11836
ST030,站点-030,L7号线,2026-04-22,8,0,0,14655
ST030,站点-030,L7号线,2026-04-22,9,0,0,5584
ST030,站点-030,L7号线,2026-04-22,12,0,0,5181
ST030,站点-030,L7号线,2026-04-22,18,0,0,11766
ST030,站点-030,L7号线,2026-04-22,19,0,0,12613
ST030,站点-030,L7号线,2026-04-22,20,0,0,5570
ST030,站点-030,L7号线,2026-04-23,7,0,0,14380
ST030,站点-030,L7号线,2026-04-23,8,0,0,11608
ST030,站点-030,L7号线,2026-04-23,9,0,0,5296
ST030,站点-030,L7号线,2026-04-23,12,0,0,4579
ST030,站点-030,L7号线,2026-04-23,18,0,0,14704
ST030,站点-030,L7号线,2026-04-23,19,0,0,13660
ST030,站点-030,L7号线,2026-04-23,20,0,0,5425
ST030,站点-030,L7号线,2026-04-24,7,0,0,13420
ST030,站点-030,L7号线,2026-04-24,8,0,0,14759
ST030,站点-030,L7号线,2026-04-24,9,0,0,4885
ST030,站点-030,L7号线,2026-04-24,12,0,0,4631
ST030,站点-030,L7号线,2026-04-24,18,0,0,14478
ST030,站点-030,L7号线,2026-04-24,19,0,0,12512
ST030,站点-030,L7号线,2026-04-24,20,0,0,5768
ST030,站点-030,L7号线,2026-04-25,7,1,0,8724
ST030,站点-030,L7号线,2026-04-25,8,1,0,10181
ST030,站点-030,L7号线,2026-04-25,9,1,0,3678
ST030,站点-030,L7号线,2026-04-25,12,1,0,3819
ST030,站点-030,L7号线,2026-04-25,18,1,0,9291
ST030,站点-030,L7号线,2026-04-25,19,1,0,8981
ST030,站点-030,L7号线,2026-04-25,20,1,0,4224
ST030,站点-030,L7号线,2026-04-26,7,1,0,9578
ST030,站点-030,L7号线,2026-04-26,8,1,0,9378
ST030,站点-030,L7号线,2026-04-26,9,1,0,4079
ST030,站点-030,L7号线,2026-04-26,12,1,0,3920
ST030,站点-030,L7号线,2026-04-26,18,1,0,8636
ST030,站点-030,L7号线,2026-04-26,19,1,0,9115
ST030,站点-030,L7号线,2026-04-26,20,1,0,3523
ST030,站点-030,L7号线,2026-04-27,7,0,0,15280
ST030,站点-030,L7号线,2026-04-27,8,0,0,13109
ST030,站点-030,L7号线,2026-04-27,9,0,0,4844
ST030,站点-030,L7号线,2026-04-27,12,0,0,5403
ST030,站点-030,L7号线,2026-04-27,18,0,0,15055
ST030,站点-030,L7号线,2026-04-27,19,0,0,11885
ST030,站点-030,L7号线,2026-04-27,20,0,0,5090
ST030,站点-030,L7号线,2026-04-28,7,0,0,13205
ST030,站点-030,L7号线,2026-04-28,8,0,0,13710
ST030,站点-030,L7号线,2026-04-28,9,0,0,4563
ST030,站点-030,L7号线,2026-04-28,12,0,0,5259
ST030,站点-030,L7号线,2026-04-28,18,0,0,12723
ST030,站点-030,L7号线,2026-04-28,19,0,0,14207
ST030,站点-030,L7号线,2026-04-28,20,0,0,5029
ST030,站点-030,L7号线,2026-04-29,7,0,0,12131
ST030,站点-030,L7号线,2026-04-29,8,0,0,12911
ST030,站点-030,L7号线,2026-04-29,9,0,0,5867
ST030,站点-030,L7号线,2026-04-29,12,0,0,4614
ST030,站点-030,L7号线,2026-04-29,18,0,0,13019
ST030,站点-030,L7号线,2026-04-29,19,0,0,14804
ST030,站点-030,L7号线,2026-04-29,20,0,0,6091
ST030,站点-030,L7号线,2026-04-30,7,0,0,14628
ST030,站点-030,L7号线,2026-04-30,8,0,0,12122
ST030,站点-030,L7号线,2026-04-30,9,0,0,5172
ST030,站点-030,L7号线,2026-04-30,12,0,0,5654
ST030,站点-030,L7号线,2026-04-30,18,0,0,14233
ST030,站点-030,L7号线,2026-04-30,19,0,0,12823
ST030,站点-030,L7号线,2026-04-30,20,0,0,5348
ST031,站点-031,L7号线,2026-04-01,7,0,0,5565
ST031,站点-031,L7号线,2026-04-01,8,0,0,6492
ST031,站点-031,L7号线,2026-04-01,9,0,0,2028
ST031,站点-031,L7号线,2026-04-01,12,0,0,2136
ST031,站点-031,L7号线,2026-04-01,18,0,0,6340
ST031,站点-031,L7号线,2026-04-01,19,0,0,5020
ST031,站点-031,L7号线,2026-04-01,20,0,0,2239
ST031,站点-031,L7号线,2026-04-02,7,0,0,6516
ST031,站点-031,L7号线,2026-04-02,8,0,0,6080
ST031,站点-031,L7号线,2026-04-02,9,0,0,2387
ST031,站点-031,L7号线,2026-04-02,12,0,0,2427
ST031,站点-031,L7号线,2026-04-02,18,0,0,6477
ST031,站点-031,L7号线,2026-04-02,19,0,0,6304
ST031,站点-031,L7号线,2026-04-02,20,0,0,2043
ST031,站点-031,L7号线,2026-04-03,7,0,0,5031
ST031,站点-031,L7号线,2026-04-03,8,0,0,4948
ST031,站点-031,L7号线,2026-04-03,9,0,0,2465
ST031,站点-031,L7号线,2026-04-03,12,0,0,2316
ST031,站点-031,L7号线,2026-04-03,18,0,0,5904
ST031,站点-031,L7号线,2026-04-03,19,0,0,5909
ST031,站点-031,L7号线,2026-04-03,20,0,0,2234
ST031,站点-031,L7号线,2026-04-04,7,1,0,4273
ST031,站点-031,L7号线,2026-04-04,8,1,0,3724
ST031,站点-031,L7号线,2026-04-04,9,1,0,1437
ST031,站点-031,L7号线,2026-04-04,12,1,0,1800
ST031,站点-031,L7号线,2026-04-04,18,1,0,4045
ST031,站点-031,L7号线,2026-04-04,19,1,0,4366
ST031,站点-031,L7号线,2026-04-04,20,1,0,1718
ST031,站点-031,L7号线,2026-04-05,7,1,0,3523
ST031,站点-031,L7号线,2026-04-05,8,1,0,4311
ST031,站点-031,L7号线,2026-04-05,9,1,0,1733
ST031,站点-031,L7号线,2026-04-05,12,1,0,1588
ST031,站点-031,L7号线,2026-04-05,18,1,0,3661
ST031,站点-031,L7号线,2026-04-05,19,1,0,3701
ST031,站点-031,L7号线,2026-04-05,20,1,0,1856
ST031,站点-031,L7号线,2026-04-06,7,0,0,5179
ST031,站点-031,L7号线,2026-04-06,8,0,0,6186
ST031,站点-031,L7号线,2026-04-06,9,0,0,2009
ST031,站点-031,L7号线,2026-04-06,12,0,0,2532
ST031,站点-031,L7号线,2026-04-06,18,0,0,6667
ST031,站点-031,L7号线,2026-04-06,19,0,0,6313
ST031,站点-031,L7号线,2026-04-06,20,0,0,2212
ST031,站点-031,L7号线,2026-04-07,7,0,0,5074
ST031,站点-031,L7号线,2026-04-07,8,0,0,5013
ST031,站点-031,L7号线,2026-04-07,9,0,0,2086
ST031,站点-031,L7号线,2026-04-07,12,0,0,2075
ST031,站点-031,L7号线,2026-04-07,18,0,0,5390
ST031,站点-031,L7号线,2026-04-07,19,0,0,6101
ST031,站点-031,L7号线,2026-04-07,20,0,0,2324
ST031,站点-031,L7号线,2026-04-08,7,0,0,6063
ST031,站点-031,L7号线,2026-04-08,8,0,0,5059
ST031,站点-031,L7号线,2026-04-08,9,0,0,2272
ST031,站点-031,L7号线,2026-04-08,12,0,0,2024
ST031,站点-031,L7号线,2026-04-08,18,0,0,5917
ST031,站点-031,L7号线,2026-04-08,19,0,0,5054
ST031,站点-031,L7号线,2026-04-08,20,0,0,2625
ST031,站点-031,L7号线,2026-04-09,7,0,0,5978
ST031,站点-031,L7号线,2026-04-09,8,0,0,5318
ST031,站点-031,L7号线,2026-04-09,9,0,0,2588
ST031,站点-031,L7号线,2026-04-09,12,0,0,2233
ST031,站点-031,L7号线,2026-04-09,18,0,0,5140
ST031,站点-031,L7号线,2026-04-09,19,0,0,6084
ST031,站点-031,L7号线,2026-04-09,20,0,0,2116
ST031,站点-031,L7号线,2026-04-10,7,0,0,6536
ST031,站点-031,L7号线,2026-04-10,8,0,0,6302
ST031,站点-031,L7号线,2026-04-10,9,0,0,2559
ST031,站点-031,L7号线,2026-04-10,12,0,0,2284
ST031,站点-031,L7号线,2026-04-10,18,0,0,5187
ST031,站点-031,L7号线,2026-04-10,19,0,0,5023
ST031,站点-031,L7号线,2026-04-10,20,0,0,2573
ST031,站点-031,L7号线,2026-04-11,7,1,0,4499
ST031,站点-031,L7号线,2026-04-11,8,1,0,3689
ST031,站点-031,L7号线,2026-04-11,9,1,0,1490
ST031,站点-031,L7号线,2026-04-11,12,1,0,1711
ST031,站点-031,L7号线,2026-04-11,18,1,0,4214
ST031,站点-031,L7号线,2026-04-11,19,1,0,4365
ST031,站点-031,L7号线,2026-04-11,20,1,0,1636
ST031,站点-031,L7号线,2026-04-12,7,1,0,3514
ST031,站点-031,L7号线,2026-04-12,8,1,0,4435
ST031,站点-031,L7号线,2026-04-12,9,1,0,1399
ST031,站点-031,L7号线,2026-04-12,12,1,0,1641
ST031,站点-031,L7号线,2026-04-12,18,1,0,4456
ST031,站点-031,L7号线,2026-04-12,19,1,0,3826
ST031,站点-031,L7号线,2026-04-12,20,1,0,1454
ST031,站点-031,L7号线,2026-04-13,7,0,0,5971
ST031,站点-031,L7号线,2026-04-13,8,0,0,5815
ST031,站点-031,L7号线,2026-04-13,9,0,0,2192
ST031,站点-031,L7号线,2026-04-13,12,0,0,2148
ST031,站点-031,L7号线,2026-04-13,18,0,0,5038
ST031,站点-031,L7号线,2026-04-13,19,0,0,5829
ST031,站点-031,L7号线,2026-04-13,20,0,0,2037
ST031,站点-031,L7号线,2026-04-14,7,0,0,6536
ST031,站点-031,L7号线,2026-04-14,8,0,0,5588
ST031,站点-031,L7号线,2026-04-14,9,0,0,2117
ST031,站点-031,L7号线,2026-04-14,12,0,0,2320
ST031,站点-031,L7号线,2026-04-14,18,0,0,6181
ST031,站点-031,L7号线,2026-04-14,19,0,0,6092
ST031,站点-031,L7号线,2026-04-14,20,0,0,2155
ST031,站点-031,L7号线,2026-04-15,7,0,1,5168
ST031,站点-031,L7号线,2026-04-15,8,0,1,6149
ST031,站点-031,L7号线,2026-04-15,9,0,1,2449
ST031,站点-031,L7号线,2026-04-15,12,0,1,2363
ST031,站点-031,L7号线,2026-04-15,18,0,1,6531
ST031,站点-031,L7号线,2026-04-15,19,0,1,6167
ST031,站点-031,L7号线,2026-04-15,20,0,1,2108
ST031,站点-031,L7号线,2026-04-16,7,0,0,5920
ST031,站点-031,L7号线,2026-04-16,8,0,0,6293
ST031,站点-031,L7号线,2026-04-16,9,0,0,2471
ST031,站点-031,L7号线,2026-04-16,12,0,0,2606
ST031,站点-031,L7号线,2026-04-16,18,0,0,4996
ST031,站点-031,L7号线,2026-04-16,19,0,0,5142
ST031,站点-031,L7号线,2026-04-16,20,0,0,2465
ST031,站点-031,L7号线,2026-04-17,7,0,0,6330
ST031,站点-031,L7号线,2026-04-17,8,0,0,5989
ST031,站点-031,L7号线,2026-04-17,9,0,0,2450
ST031,站点-031,L7号线,2026-04-17,12,0,0,2462
ST031,站点-031,L7号线,2026-04-17,18,0,0,6502
ST031,站点-031,L7号线,2026-04-17,19,0,0,6307
ST031,站点-031,L7号线,2026-04-17,20,0,0,2324
ST031,站点-031,L7号线,2026-04-18,7,1,0,4650
ST031,站点-031,L7号线,2026-04-18,8,1,0,4663
ST031,站点-031,L7号线,2026-04-18,9,1,0,1382
ST031,站点-031,L7号线,2026-04-18,12,1,0,1736
ST031,站点-031,L7号线,2026-04-18,18,1,0,4156
ST031,站点-031,L7号线,2026-04-18,19,1,0,3822
ST031,站点-031,L7号线,2026-04-18,20,1,0,1824
ST031,站点-031,L7号线,2026-04-19,7,1,0,3803
ST031,站点-031,L7号线,2026-04-19,8,1,0,3777
ST031,站点-031,L7号线,2026-04-19,9,1,0,1761
ST031,站点-031,L7号线,2026-04-19,12,1,0,1569
ST031,站点-031,L7号线,2026-04-19,18,1,0,3949
ST031,站点-031,L7号线,2026-04-19,19,1,0,4344
ST031,站点-031,L7号线,2026-04-19,20,1,0,1404
ST031,站点-031,L7号线,2026-04-20,7,0,0,6585
ST031,站点-031,L7号线,2026-04-20,8,0,0,5037
ST031,站点-031,L7号线,2026-04-20,9,0,0,2206
ST031,站点-031,L7号线,2026-04-20,12,0,0,2174
ST031,站点-031,L7号线,2026-04-20,18,0,0,6460
ST031,站点-031,L7号线,2026-04-20,19,0,0,5856
ST031,站点-031,L7号线,2026-04-20,20,0,0,2217
ST031,站点-031,L7号线,2026-04-21,7,0,0,4940
ST031,站点-031,L7号线,2026-04-21,8,0,0,6301
ST031,站点-031,L7号线,2026-04-21,9,0,0,1983
ST031,站点-031,L7号线,2026-04-21,12,0,0,2566
ST031,站点-031,L7号线,2026-04-21,18,0,0,6244
ST031,站点-031,L7号线,2026-04-21,19,0,0,5141
ST031,站点-031,L7号线,2026-04-21,20,0,0,2202
ST031,站点-031,L7号线,2026-04-22,7,0,0,6447
ST031,站点-031,L7号线,2026-04-22,8,0,0,5922
ST031,站点-031,L7号线,2026-04-22,9,0,0,2068
ST031,站点-031,L7号线,2026-04-22,12,0,0,2414
ST031,站点-031,L7号线,2026-04-22,18,0,0,4966
ST031,站点-031,L7号线,2026-04-22,19,0,0,6170
ST031,站点-031,L7号线,2026-04-22,20,0,0,2423
ST031,站点-031,L7号线,2026-04-23,7,0,0,6021
ST031,站点-031,L7号线,2026-04-23,8,0,0,5830
ST031,站点-031,L7号线,2026-04-23,9,0,0,2105
ST031,站点-031,L7号线,2026-04-23,12,0,0,2285
ST031,站点-031,L7号线,2026-04-23,18,0,0,6049
ST031,站点-031,L7号线,2026-04-23,19,0,0,5877
ST031,站点-031,L7号线,2026-04-23,20,0,0,2208
ST031,站点-031,L7号线,2026-04-24,7,0,0,6298
ST031,站点-031,L7号线,2026-04-24,8,0,0,5483
ST031,站点-031,L7号线,2026-04-24,9,0,0,2659
ST031,站点-031,L7号线,2026-04-24,12,0,0,1999
ST031,站点-031,L7号线,2026-04-24,18,0,0,4972
ST031,站点-031,L7号线,2026-04-24,19,0,0,6017
ST031,站点-031,L7号线,2026-04-24,20,0,0,2272
ST031,站点-031,L7号线,2026-04-25,7,1,0,3535
ST031,站点-031,L7号线,2026-04-25,8,1,0,4372
ST031,站点-031,L7号线,2026-04-25,9,1,0,1569
ST031,站点-031,L7号线,2026-04-25,12,1,0,1434
ST031,站点-031,L7号线,2026-04-25,18,1,0,3889
ST031,站点-031,L7号线,2026-04-25,19,1,0,4324
ST031,站点-031,L7号线,2026-04-25,20,1,0,1709
ST031,站点-031,L7号线,2026-04-26,7,1,0,3806
ST031,站点-031,L7号线,2026-04-26,8,1,0,4225
ST031,站点-031,L7号线,2026-04-26,9,1,0,1668
ST031,站点-031,L7号线,2026-04-26,12,1,0,1517
ST031,站点-031,L7号线,2026-04-26,18,1,0,4553
ST031,站点-031,L7号线,2026-04-26,19,1,0,4020
ST031,站点-031,L7号线,2026-04-26,20,1,0,1742
ST031,站点-031,L7号线,2026-04-27,7,0,0,5419
ST031,站点-031,L7号线,2026-04-27,8,0,0,5424
ST031,站点-031,L7号线,2026-04-27,9,0,0,2215
ST031,站点-031,L7号线,2026-04-27,12,0,0,2581
ST031,站点-031,L7号线,2026-04-27,18,0,0,6541
ST031,站点-031,L7号线,2026-04-27,19,0,0,5485
ST031,站点-031,L7号线,2026-04-27,20,0,0,2576
ST031,站点-031,L7号线,2026-04-28,7,0,0,6472
ST031,站点-031,L7号线,2026-04-28,8,0,0,5254
ST031,站点-031,L7号线,2026-04-28,9,0,0,2071
ST031,站点-031,L7号线,2026-04-28,12,0,0,2392
ST031,站点-031,L7号线,2026-04-28,18,0,0,5514
ST031,站点-031,L7号线,2026-04-28,19,0,0,6198
ST031,站点-031,L7号线,2026-04-28,20,0,0,2247
ST031,站点-031,L7号线,2026-04-29,7,0,0,6318
ST031,站点-031,L7号线,2026-04-29,8,0,0,6023
ST031,站点-031,L7号线,2026-04-29,9,0,0,2463
ST031,站点-031,L7号线,2026-04-29,12,0,0,2182
ST031,站点-031,L7号线,2026-04-29,18,0,0,5934
ST031,站点-031,L7号线,2026-04-29,19,0,0,6104
ST031,站点-031,L7号线,2026-04-29,20,0,0,2371
ST031,站点-031,L7号线,2026-04-30,7,0,0,5952
ST031,站点-031,L7号线,2026-04-30,8,0,0,5003
ST031,站点-031,L7号线,2026-04-30,9,0,0,2008
ST031,站点-031,L7号线,2026-04-30,12,0,0,2292
ST031,站点-031,L7号线,2026-04-30,18,0,0,6598
ST031,站点-031,L7号线,2026-04-30,19,0,0,5758
ST031,站点-031,L7号线,2026-04-30,20,0,0,2190
ST032,站点-032,L1号线,2026-04-01,7,0,0,43309
ST032,站点-032,L1号线,2026-04-01,8,0,0,45347
ST032,站点-032,L1号线,2026-04-01,9,0,0,15974
ST032,站点-032,L1号线,2026-04-01,12,0,0,18315
ST032,站点-032,L1号线,2026-04-01,18,0,0,36626
ST032,站点-032,L1号线,2026-04-01,19,0,0,40191
ST032,站点-032,L1号线,2026-04-01,20,0,0,17092
ST032,站点-032,L1号线,2026-04-02,7,0,0,44677
ST032,站点-032,L1号线,2026-04-02,8,0,0,45742
ST032,站点-032,L1号线,2026-04-02,9,0,0,16079
ST032,站点-032,L1号线,2026-04-02,12,0,0,17820
ST032,站点-032,L1号线,2026-04-02,18,0,0,37689
ST032,站点-032,L1号线,2026-04-02,19,0,0,39602
ST032,站点-032,L1号线,2026-04-02,20,0,0,17743
ST032,站点-032,L1号线,2026-04-03,7,0,0,45451
ST032,站点-032,L1号线,2026-04-03,8,0,0,35200
ST032,站点-032,L1号线,2026-04-03,9,0,0,14578
ST032,站点-032,L1号线,2026-04-03,12,0,0,16896
ST032,站点-032,L1号线,2026-04-03,18,0,0,46205
ST032,站点-032,L1号线,2026-04-03,19,0,0,44014
ST032,站点-032,L1号线,2026-04-03,20,0,0,17796
ST032,站点-032,L1号线,2026-04-04,7,1,0,28430
ST032,站点-032,L1号线,2026-04-04,8,1,0,24809
ST032,站点-032,L1号线,2026-04-04,9,1,0,9792
ST032,站点-032,L1号线,2026-04-04,12,1,0,10600
ST032,站点-032,L1号线,2026-04-04,18,1,0,26153
ST032,站点-032,L1号线,2026-04-04,19,1,0,29751
ST032,站点-032,L1号线,2026-04-04,20,1,0,12675
ST032,站点-032,L1号线,2026-04-05,7,1,0,26101
ST032,站点-032,L1号线,2026-04-05,8,1,0,32026
ST032,站点-032,L1号线,2026-04-05,9,1,0,12540
ST032,站点-032,L1号线,2026-04-05,12,1,0,9789
ST032,站点-032,L1号线,2026-04-05,18,1,0,31761
ST032,站点-032,L1号线,2026-04-05,19,1,0,29199
ST032,站点-032,L1号线,2026-04-05,20,1,0,11567
ST032,站点-032,L1号线,2026-04-06,7,0,0,41466
ST032,站点-032,L1号线,2026-04-06,8,0,0,38444
ST032,站点-032,L1号线,2026-04-06,9,0,0,17039
ST032,站点-032,L1号线,2026-04-06,12,0,0,14129
ST032,站点-032,L1号线,2026-04-06,18,0,0,44884
ST032,站点-032,L1号线,2026-04-06,19,0,0,38185
ST032,站点-032,L1号线,2026-04-06,20,0,0,18615
ST032,站点-032,L1号线,2026-04-07,7,0,0,35150
ST032,站点-032,L1号线,2026-04-07,8,0,0,46589
ST032,站点-032,L1号线,2026-04-07,9,0,0,16857
ST032,站点-032,L1号线,2026-04-07,12,0,0,15969
ST032,站点-032,L1号线,2026-04-07,18,0,0,46064
ST032,站点-032,L1号线,2026-04-07,19,0,0,38978
ST032,站点-032,L1号线,2026-04-07,20,0,0,15597
ST032,站点-032,L1号线,2026-04-08,7,0,0,39424
ST032,站点-032,L1号线,2026-04-08,8,0,0,35410
ST032,站点-032,L1号线,2026-04-08,9,0,0,15369
ST032,站点-032,L1号线,2026-04-08,12,0,0,14042
ST032,站点-032,L1号线,2026-04-08,18,0,0,38720
ST032,站点-032,L1号线,2026-04-08,19,0,0,37020
ST032,站点-032,L1号线,2026-04-08,20,0,0,16739
ST032,站点-032,L1号线,2026-04-09,7,0,0,36397
ST032,站点-032,L1号线,2026-04-09,8,0,0,46283
ST032,站点-032,L1号线,2026-04-09,9,0,0,16772
ST032,站点-032,L1号线,2026-04-09,12,0,0,17268
ST032,站点-032,L1号线,2026-04-09,18,0,0,37285
ST032,站点-032,L1号线,2026-04-09,19,0,0,38120
ST032,站点-032,L1号线,2026-04-09,20,0,0,15238
ST032,站点-032,L1号线,2026-04-10,7,0,0,37090
ST032,站点-032,L1号线,2026-04-10,8,0,0,35043
ST032,站点-032,L1号线,2026-04-10,9,0,0,17832
ST032,站点-032,L1号线,2026-04-10,12,0,0,14949
ST032,站点-032,L1号线,2026-04-10,18,0,0,40149
ST032,站点-032,L1号线,2026-04-10,19,0,0,41871
ST032,站点-032,L1号线,2026-04-10,20,0,0,18503
ST032,站点-032,L1号线,2026-04-11,7,1,0,28211
ST032,站点-032,L1号线,2026-04-11,8,1,0,30655
ST032,站点-032,L1号线,2026-04-11,9,1,0,10790
ST032,站点-032,L1号线,2026-04-11,12,1,0,11938
ST032,站点-032,L1号线,2026-04-11,18,1,0,24791
ST032,站点-032,L1号线,2026-04-11,19,1,0,26029
ST032,站点-032,L1号线,2026-04-11,20,1,0,11891
ST032,站点-032,L1号线,2026-04-12,7,1,0,30869
ST032,站点-032,L1号线,2026-04-12,8,1,0,25074
ST032,站点-032,L1号线,2026-04-12,9,1,0,12603
ST032,站点-032,L1号线,2026-04-12,12,1,0,13026
ST032,站点-032,L1号线,2026-04-12,18,1,0,30636
ST032,站点-032,L1号线,2026-04-12,19,1,0,30004
ST032,站点-032,L1号线,2026-04-12,20,1,0,10313
ST032,站点-032,L1号线,2026-04-13,7,0,0,43573
ST032,站点-032,L1号线,2026-04-13,8,0,0,43975
ST032,站点-032,L1号线,2026-04-13,9,0,0,17573
ST032,站点-032,L1号线,2026-04-13,12,0,0,14512
ST032,站点-032,L1号线,2026-04-13,18,0,0,42858
ST032,站点-032,L1号线,2026-04-13,19,0,0,37890
ST032,站点-032,L1号线,2026-04-13,20,0,0,16063
ST032,站点-032,L1号线,2026-04-14,7,0,0,38065
ST032,站点-032,L1号线,2026-04-14,8,0,0,41991
ST032,站点-032,L1号线,2026-04-14,9,0,0,18777
ST032,站点-032,L1号线,2026-04-14,12,0,0,15811
ST032,站点-032,L1号线,2026-04-14,18,0,0,35163
ST032,站点-032,L1号线,2026-04-14,19,0,0,42459
ST032,站点-032,L1号线,2026-04-14,20,0,0,16570
ST032,站点-032,L1号线,2026-04-15,7,0,1,40704
ST032,站点-032,L1号线,2026-04-15,8,0,1,44212
ST032,站点-032,L1号线,2026-04-15,9,0,1,18284
ST032,站点-032,L1号线,2026-04-15,12,0,1,17601
ST032,站点-032,L1号线,2026-04-15,18,0,1,39868
ST032,站点-032,L1号线,2026-04-15,19,0,1,46089
ST032,站点-032,L1号线,2026-04-15,20,0,1,17530
ST032,站点-032,L1号线,2026-04-16,7,0,0,42306
ST032,站点-032,L1号线,2026-04-16,8,0,0,37690
ST032,站点-032,L1号线,2026-04-16,9,0,0,14141
ST032,站点-032,L1号线,2026-04-16,12,0,0,17213
ST032,站点-032,L1号线,2026-04-16,18,0,0,44404
ST032,站点-032,L1号线,2026-04-16,19,0,0,43766
ST032,站点-032,L1号线,2026-04-16,20,0,0,15627
ST032,站点-032,L1号线,2026-04-17,7,0,0,46996
ST032,站点-032,L1号线,2026-04-17,8,0,0,40595
ST032,站点-032,L1号线,2026-04-17,9,0,0,17179
ST032,站点-032,L1号线,2026-04-17,12,0,0,14836
ST032,站点-032,L1号线,2026-04-17,18,0,0,40599
ST032,站点-032,L1号线,2026-04-17,19,0,0,43902
ST032,站点-032,L1号线,2026-04-17,20,0,0,18654
ST032,站点-032,L1号线,2026-04-18,7,1,0,30803
ST032,站点-032,L1号线,2026-04-18,8,1,0,30393
ST032,站点-032,L1号线,2026-04-18,9,1,0,12567
ST032,站点-032,L1号线,2026-04-18,12,1,0,10827
ST032,站点-032,L1号线,2026-04-18,18,1,0,32243
ST032,站点-032,L1号线,2026-04-18,19,1,0,32795
ST032,站点-032,L1号线,2026-04-18,20,1,0,12736
ST032,站点-032,L1号线,2026-04-19,7,1,0,25327
ST032,站点-032,L1号线,2026-04-19,8,1,0,27901
ST032,站点-032,L1号线,2026-04-19,9,1,0,10174
ST032,站点-032,L1号线,2026-04-19,12,1,0,11064
ST032,站点-032,L1号线,2026-04-19,18,1,0,28255
ST032,站点-032,L1号线,2026-04-19,19,1,0,31711
ST032,站点-032,L1号线,2026-04-19,20,1,0,11326
ST032,站点-032,L1号线,2026-04-20,7,0,0,40472
ST032,站点-032,L1号线,2026-04-20,8,0,0,45559
ST032,站点-032,L1号线,2026-04-20,9,0,0,16793
ST032,站点-032,L1号线,2026-04-20,12,0,0,15122
ST032,站点-032,L1号线,2026-04-20,18,0,0,38195
ST032,站点-032,L1号线,2026-04-20,19,0,0,35438
ST032,站点-032,L1号线,2026-04-20,20,0,0,16770
ST032,站点-032,L1号线,2026-04-21,7,0,0,42291
ST032,站点-032,L1号线,2026-04-21,8,0,0,37110
ST032,站点-032,L1号线,2026-04-21,9,0,0,17989
ST032,站点-032,L1号线,2026-04-21,12,0,0,15276
ST032,站点-032,L1号线,2026-04-21,18,0,0,46875
ST032,站点-032,L1号线,2026-04-21,19,0,0,43333
ST032,站点-032,L1号线,2026-04-21,20,0,0,16217
ST032,站点-032,L1号线,2026-04-22,7,0,0,42243
ST032,站点-032,L1号线,2026-04-22,8,0,0,44425
ST032,站点-032,L1号线,2026-04-22,9,0,0,17723
ST032,站点-032,L1号线,2026-04-22,12,0,0,14444
ST032,站点-032,L1号线,2026-04-22,18,0,0,41136
ST032,站点-032,L1号线,2026-04-22,19,0,0,43694
ST032,站点-032,L1号线,2026-04-22,20,0,0,15364
ST032,站点-032,L1号线,2026-04-23,7,0,0,40802
ST032,站点-032,L1号线,2026-04-23,8,0,0,42634
ST032,站点-032,L1号线,2026-04-23,9,0,0,15535
ST032,站点-032,L1号线,2026-04-23,12,0,0,14471
ST032,站点-032,L1号线,2026-04-23,18,0,0,41725
ST032,站点-032,L1号线,2026-04-23,19,0,0,40978
ST032,站点-032,L1号线,2026-04-23,20,0,0,15160
ST032,站点-032,L1号线,2026-04-24,7,0,0,35238
ST032,站点-032,L1号线,2026-04-24,8,0,0,46802
ST032,站点-032,L1号线,2026-04-24,9,0,0,15278
ST032,站点-032,L1号线,2026-04-24,12,0,0,17771
ST032,站点-032,L1号线,2026-04-24,18,0,0,44900
ST032,站点-032,L1号线,2026-04-24,19,0,0,41538
ST032,站点-032,L1号线,2026-04-24,20,0,0,14788
ST032,站点-032,L1号线,2026-04-25,7,1,0,28427
ST032,站点-032,L1号线,2026-04-25,8,1,0,25003
ST032,站点-032,L1号线,2026-04-25,9,1,0,11435
ST032,站点-032,L1号线,2026-04-25,12,1,0,11317
ST032,站点-032,L1号线,2026-04-25,18,1,0,29445
ST032,站点-032,L1号线,2026-04-25,19,1,0,30917
ST032,站点-032,L1号线,2026-04-25,20,1,0,11611
ST032,站点-032,L1号线,2026-04-26,7,1,0,30531
ST032,站点-032,L1号线,2026-04-26,8,1,0,26428
ST032,站点-032,L1号线,2026-04-26,9,1,0,12168
ST032,站点-032,L1号线,2026-04-26,12,1,0,10054
ST032,站点-032,L1号线,2026-04-26,18,1,0,26206
ST032,站点-032,L1号线,2026-04-26,19,1,0,31311
ST032,站点-032,L1号线,2026-04-26,20,1,0,11519
ST032,站点-032,L1号线,2026-04-27,7,0,0,38794
ST032,站点-032,L1号线,2026-04-27,8,0,0,41467
ST032,站点-032,L1号线,2026-04-27,9,0,0,17102
ST032,站点-032,L1号线,2026-04-27,12,0,0,17683
ST032,站点-032,L1号线,2026-04-27,18,0,0,37217
ST032,站点-032,L1号线,2026-04-27,19,0,0,36464
ST032,站点-032,L1号线,2026-04-27,20,0,0,15761
ST032,站点-032,L1号线,2026-04-28,7,0,0,42481
ST032,站点-032,L1号线,2026-04-28,8,0,0,40367
ST032,站点-032,L1号线,2026-04-28,9,0,0,16835
ST032,站点-032,L1号线,2026-04-28,12,0,0,17288
ST032,站点-032,L1号线,2026-04-28,18,0,0,43744
ST032,站点-032,L1号线,2026-04-28,19,0,0,46796
ST032,站点-032,L1号线,2026-04-28,20,0,0,16635
ST032,站点-032,L1号线,2026-04-29,7,0,0,46123
ST032,站点-032,L1号线,2026-04-29,8,0,0,37320
ST032,站点-032,L1号线,2026-04-29,9,0,0,16789
ST032,站点-032,L1号线,2026-04-29,12,0,0,14878
ST032,站点-032,L1号线,2026-04-29,18,0,0,42993
ST032,站点-032,L1号线,2026-04-29,19,0,0,40860
ST032,站点-032,L1号线,2026-04-29,20,0,0,17366
ST032,站点-032,L1号线,2026-04-30,7,0,0,36986
ST032,站点-032,L1号线,2026-04-30,8,0,0,36093
ST032,站点-032,L1号线,2026-04-30,9,0,0,15826
ST032,站点-032,L1号线,2026-04-30,12,0,0,17504
ST032,站点-032,L1号线,2026-04-30,18,0,0,35748
ST032,站点-032,L1号线,2026-04-30,19,0,0,40075
ST032,站点-032,L1号线,2026-04-30,20,0,0,16540
ST033,站点-033,L10号线,2026-04-01,7,0,0,3399
ST033,站点-033,L10号线,2026-04-01,8,0,0,3815
ST033,站点-033,L10号线,2026-04-01,9,0,0,1391
ST033,站点-033,L10号线,2026-04-01,12,0,0,1398
ST033,站点-033,L10号线,2026-04-01,18,0,0,3476
ST033,站点-033,L10号线,2026-04-01,19,0,0,2849
ST033,站点-033,L10号线,2026-04-01,20,0,0,1206
ST033,站点-033,L10号线,2026-04-02,7,0,0,3232
ST033,站点-033,L10号线,2026-04-02,8,0,0,3791
ST033,站点-033,L10号线,2026-04-02,9,0,0,1174
ST033,站点-033,L10号线,2026-04-02,12,0,0,1215
ST033,站点-033,L10号线,2026-04-02,18,0,0,3511
ST033,站点-033,L10号线,2026-04-02,19,0,0,2984
ST033,站点-033,L10号线,2026-04-02,20,0,0,1261
ST033,站点-033,L10号线,2026-04-03,7,0,0,3316
ST033,站点-033,L10号线,2026-04-03,8,0,0,3175
ST033,站点-033,L10号线,2026-04-03,9,0,0,1353
ST033,站点-033,L10号线,2026-04-03,12,0,0,1201
ST033,站点-033,L10号线,2026-04-03,18,0,0,3025
ST033,站点-033,L10号线,2026-04-03,19,0,0,3681
ST033,站点-033,L10号线,2026-04-03,20,0,0,1491
ST033,站点-033,L10号线,2026-04-04,7,1,0,2033
ST033,站点-033,L10号线,2026-04-04,8,1,0,2273
ST033,站点-033,L10号线,2026-04-04,9,1,0,1003
ST033,站点-033,L10号线,2026-04-04,12,1,0,835
ST033,站点-033,L10号线,2026-04-04,18,1,0,2635
ST033,站点-033,L10号线,2026-04-04,19,1,0,2218
ST033,站点-033,L10号线,2026-04-04,20,1,0,1046
ST033,站点-033,L10号线,2026-04-05,7,1,0,2347
ST033,站点-033,L10号线,2026-04-05,8,1,0,2568
ST033,站点-033,L10号线,2026-04-05,9,1,0,1041
ST033,站点-033,L10号线,2026-04-05,12,1,0,838
ST033,站点-033,L10号线,2026-04-05,18,1,0,2533
ST033,站点-033,L10号线,2026-04-05,19,1,0,2535
ST033,站点-033,L10号线,2026-04-05,20,1,0,857
ST033,站点-033,L10号线,2026-04-06,7,0,0,3615
ST033,站点-033,L10号线,2026-04-06,8,0,0,3334
ST033,站点-033,L10号线,2026-04-06,9,0,0,1293
ST033,站点-033,L10号线,2026-04-06,12,0,0,1321
ST033,站点-033,L10号线,2026-04-06,18,0,0,3132
ST033,站点-033,L10号线,2026-04-06,19,0,0,3815
ST033,站点-033,L10号线,2026-04-06,20,0,0,1202
ST033,站点-033,L10号线,2026-04-07,7,0,0,3283
ST033,站点-033,L10号线,2026-04-07,8,0,0,2945
ST033,站点-033,L10号线,2026-04-07,9,0,0,1251
ST033,站点-033,L10号线,2026-04-07,12,0,0,1174
ST033,站点-033,L10号线,2026-04-07,18,0,0,2997
ST033,站点-033,L10号线,2026-04-07,19,0,0,3584
ST033,站点-033,L10号线,2026-04-07,20,0,0,1302
ST033,站点-033,L10号线,2026-04-08,7,0,0,3185
ST033,站点-033,L10号线,2026-04-08,8,0,0,3113
ST033,站点-033,L10号线,2026-04-08,9,0,0,1448
ST033,站点-033,L10号线,2026-04-08,12,0,0,1515
ST033,站点-033,L10号线,2026-04-08,18,0,0,3061
ST033,站点-033,L10号线,2026-04-08,19,0,0,3696
ST033,站点-033,L10号线,2026-04-08,20,0,0,1306
ST033,站点-033,L10号线,2026-04-09,7,0,0,3048
ST033,站点-033,L10号线,2026-04-09,8,0,0,3306
ST033,站点-033,L10号线,2026-04-09,9,0,0,1222
ST033,站点-033,L10号线,2026-04-09,12,0,0,1444
ST033,站点-033,L10号线,2026-04-09,18,0,0,3286
ST033,站点-033,L10号线,2026-04-09,19,0,0,2915
ST033,站点-033,L10号线,2026-04-09,20,0,0,1484
ST033,站点-033,L10号线,2026-04-10,7,0,0,3158
ST033,站点-033,L10号线,2026-04-10,8,0,0,3103
ST033,站点-033,L10号线,2026-04-10,9,0,0,1182
ST033,站点-033,L10号线,2026-04-10,12,0,0,1212
ST033,站点-033,L10号线,2026-04-10,18,0,0,3535
ST033,站点-033,L10号线,2026-04-10,19,0,0,3356
ST033,站点-033,L10号线,2026-04-10,20,0,0,1242
ST033,站点-033,L10号线,2026-04-11,7,1,0,2334
ST033,站点-033,L10号线,2026-04-11,8,1,0,2628
ST033,站点-033,L10号线,2026-04-11,9,1,0,882
ST033,站点-033,L10号线,2026-04-11,12,1,0,797
ST033,站点-033,L10号线,2026-04-11,18,1,0,2498
ST033,站点-033,L10号线,2026-04-11,19,1,0,2487
ST033,站点-033,L10号线,2026-04-11,20,1,0,850
ST033,站点-033,L10号线,2026-04-12,7,1,0,2525
ST033,站点-033,L10号线,2026-04-12,8,1,0,2629
ST033,站点-033,L10号线,2026-04-12,9,1,0,931
ST033,站点-033,L10号线,2026-04-12,12,1,0,879
ST033,站点-033,L10号线,2026-04-12,18,1,0,2532
ST033,站点-033,L10号线,2026-04-12,19,1,0,2015
ST033,站点-033,L10号线,2026-04-12,20,1,0,853
ST033,站点-033,L10号线,2026-04-13,7,0,0,3451
ST033,站点-033,L10号线,2026-04-13,8,0,0,3818
ST033,站点-033,L10号线,2026-04-13,9,0,0,1431
ST033,站点-033,L10号线,2026-04-13,12,0,0,1318
ST033,站点-033,L10号线,2026-04-13,18,0,0,3191
ST033,站点-033,L10号线,2026-04-13,19,0,0,3489
ST033,站点-033,L10号线,2026-04-13,20,0,0,1516
ST033,站点-033,L10号线,2026-04-14,7,0,0,3625
ST033,站点-033,L10号线,2026-04-14,8,0,0,3216
ST033,站点-033,L10号线,2026-04-14,9,0,0,1250
ST033,站点-033,L10号线,2026-04-14,12,0,0,1232
ST033,站点-033,L10号线,2026-04-14,18,0,0,3085
ST033,站点-033,L10号线,2026-04-14,19,0,0,3382
ST033,站点-033,L10号线,2026-04-14,20,0,0,1364
ST033,站点-033,L10号线,2026-04-15,7,0,1,3810
ST033,站点-033,L10号线,2026-04-15,8,0,1,3701
ST033,站点-033,L10号线,2026-04-15,9,0,1,1161
ST033,站点-033,L10号线,2026-04-15,12,0,1,1155
ST033,站点-033,L10号线,2026-04-15,18,0,1,3166
ST033,站点-033,L10号线,2026-04-15,19,0,1,3320
ST033,站点-033,L10号线,2026-04-15,20,0,1,1478
ST033,站点-033,L10号线,2026-04-16,7,0,0,2853
ST033,站点-033,L10号线,2026-04-16,8,0,0,3280
ST033,站点-033,L10号线,2026-04-16,9,0,0,1492
ST033,站点-033,L10号线,2026-04-16,12,0,0,1487
ST033,站点-033,L10号线,2026-04-16,18,0,0,3666
ST033,站点-033,L10号线,2026-04-16,19,0,0,2981
ST033,站点-033,L10号线,2026-04-16,20,0,0,1410
ST033,站点-033,L10号线,2026-04-17,7,0,0,3750
ST033,站点-033,L10号线,2026-04-17,8,0,0,2855
ST033,站点-033,L10号线,2026-04-17,9,0,0,1409
ST033,站点-033,L10号线,2026-04-17,12,0,0,1392
ST033,站点-033,L10号线,2026-04-17,18,0,0,2923
ST033,站点-033,L10号线,2026-04-17,19,0,0,2936
ST033,站点-033,L10号线,2026-04-17,20,0,0,1395
ST033,站点-033,L10号线,2026-04-18,7,1,0,2019
ST033,站点-033,L10号线,2026-04-18,8,1,0,2063
ST033,站点-033,L10号线,2026-04-18,9,1,0,836
ST033,站点-033,L10号线,2026-04-18,12,1,0,1046
ST033,站点-033,L10号线,2026-04-18,18,1,0,2129
ST033,站点-033,L10号线,2026-04-18,19,1,0,2562
ST033,站点-033,L10号线,2026-04-18,20,1,0,1059
ST033,站点-033,L10号线,2026-04-19,7,1,0,2045
ST033,站点-033,L10号线,2026-04-19,8,1,0,2550
ST033,站点-033,L10号线,2026-04-19,9,1,0,806
ST033,站点-033,L10号线,2026-04-19,12,1,0,953
ST033,站点-033,L10号线,2026-04-19,18,1,0,2177
ST033,站点-033,L10号线,2026-04-19,19,1,0,2493
ST033,站点-033,L10号线,2026-04-19,20,1,0,943
ST033,站点-033,L10号线,2026-04-20,7,0,0,3233
ST033,站点-033,L10号线,2026-04-20,8,0,0,3405
ST033,站点-033,L10号线,2026-04-20,9,0,0,1453
ST033,站点-033,L10号线,2026-04-20,12,0,0,1300
ST033,站点-033,L10号线,2026-04-20,18,0,0,3094
ST033,站点-033,L10号线,2026-04-20,19,0,0,3294
ST033,站点-033,L10号线,2026-04-20,20,0,0,1431
ST033,站点-033,L10号线,2026-04-21,7,0,0,3384
ST033,站点-033,L10号线,2026-04-21,8,0,0,3484
ST033,站点-033,L10号线,2026-04-21,9,0,0,1399
ST033,站点-033,L10号线,2026-04-21,12,0,0,1300
ST033,站点-033,L10号线,2026-04-21,18,0,0,3275
ST033,站点-033,L10号线,2026-04-21,19,0,0,2988
ST033,站点-033,L10号线,2026-04-21,20,0,0,1533
ST033,站点-033,L10号线,2026-04-22,7,0,0,3424
ST033,站点-033,L10号线,2026-04-22,8,0,0,3405
ST033,站点-033,L10号线,2026-04-22,9,0,0,1216
ST033,站点-033,L10号线,2026-04-22,12,0,0,1380
ST033,站点-033,L10号线,2026-04-22,18,0,0,2900
ST033,站点-033,L10号线,2026-04-22,19,0,0,3310
ST033,站点-033,L10号线,2026-04-22,20,0,0,1164
ST033,站点-033,L10号线,2026-04-23,7,0,0,3036
ST033,站点-033,L10号线,2026-04-23,8,0,0,3521
ST033,站点-033,L10号线,2026-04-23,9,0,0,1430
ST033,站点-033,L10号线,2026-04-23,12,0,0,1462
ST033,站点-033,L10号线,2026-04-23,18,0,0,3779
ST033,站点-033,L10号线,2026-04-23,19,0,0,3018
ST033,站点-033,L10号线,2026-04-23,20,0,0,1476
ST033,站点-033,L10号线,2026-04-24,7,0,0,3240
ST033,站点-033,L10号线,2026-04-24,8,0,0,3015
ST033,站点-033,L10号线,2026-04-24,9,0,0,1315
ST033,站点-033,L10号线,2026-04-24,12,0,0,1418
ST033,站点-033,L10号线,2026-04-24,18,0,0,3054
ST033,站点-033,L10号线,2026-04-24,19,0,0,2939
ST033,站点-033,L10号线,2026-04-24,20,0,0,1162
ST033,站点-033,L10号线,2026-04-25,7,1,0,2583
ST033,站点-033,L10号线,2026-04-25,8,1,0,2427
ST033,站点-033,L10号线,2026-04-25,9,1,0,949
ST033,站点-033,L10号线,2026-04-25,12,1,0,1024
ST033,站点-033,L10号线,2026-04-25,18,1,0,2295
ST033,站点-033,L10号线,2026-04-25,19,1,0,2222
ST033,站点-033,L10号线,2026-04-25,20,1,0,1002
ST033,站点-033,L10号线,2026-04-26,7,1,0,2456
ST033,站点-033,L10号线,2026-04-26,8,1,0,2624
ST033,站点-033,L10号线,2026-04-26,9,1,0,1064
ST033,站点-033,L10号线,2026-04-26,12,1,0,1014
ST033,站点-033,L10号线,2026-04-26,18,1,0,2670
ST033,站点-033,L10号线,2026-04-26,19,1,0,2208
ST033,站点-033,L10号线,2026-04-26,20,1,0,999
ST033,站点-033,L10号线,2026-04-27,7,0,0,3348
ST033,站点-033,L10号线,2026-04-27,8,0,0,3340
ST033,站点-033,L10号线,2026-04-27,9,0,0,1374
ST033,站点-033,L10号线,2026-04-27,12,0,0,1372
ST033,站点-033,L10号线,2026-04-27,18,0,0,3077
ST033,站点-033,L10号线,2026-04-27,19,0,0,3483
ST033,站点-033,L10号线,2026-04-27,20,0,0,1416
ST033,站点-033,L10号线,2026-04-28,7,0,0,3183
ST033,站点-033,L10号线,2026-04-28,8,0,0,3195
ST033,站点-033,L10号线,2026-04-28,9,0,0,1214
ST033,站点-033,L10号线,2026-04-28,12,0,0,1265
ST033,站点-033,L10号线,2026-04-28,18,0,0,2865
ST033,站点-033,L10号线,2026-04-28,19,0,0,3616
ST033,站点-033,L10号线,2026-04-28,20,0,0,1471
ST033,站点-033,L10号线,2026-04-29,7,0,0,3029
ST033,站点-033,L10号线,2026-04-29,8,0,0,3251
ST033,站点-033,L10号线,2026-04-29,9,0,0,1137
ST033,站点-033,L10号线,2026-04-29,12,0,0,1496
ST033,站点-033,L10号线,2026-04-29,18,0,0,2963
ST033,站点-033,L10号线,2026-04-29,19,0,0,3296
ST033,站点-033,L10号线,2026-04-29,20,0,0,1198
ST033,站点-033,L10号线,2026-04-30,7,0,0,3686
ST033,站点-033,L10号线,2026-04-30,8,0,0,3016
ST033,站点-033,L10号线,2026-04-30,9,0,0,1271
ST033,站点-033,L10号线,2026-04-30,12,0,0,1530
ST033,站点-033,L10号线,2026-04-30,18,0,0,3651
ST033,站点-033,L10号线,2026-04-30,19,0,0,3748
ST033,站点-033,L10号线,2026-04-30,20,0,0,1191
ST034,站点-034,L6号线,2026-04-01,7,0,0,37915
ST034,站点-034,L6号线,2026-04-01,8,0,0,40624
ST034,站点-034,L6号线,2026-04-01,9,0,0,13860
ST034,站点-034,L6号线,2026-04-01,12,0,0,16305
ST034,站点-034,L6号线,2026-04-01,18,0,0,35615
ST034,站点-034,L6号线,2026-04-01,19,0,0,41064
ST034,站点-034,L6号线,2026-04-01,20,0,0,15381
ST034,站点-034,L6号线,2026-04-02,7,0,0,35458
ST034,站点-034,L6号线,2026-04-02,8,0,0,32754
ST034,站点-034,L6号线,2026-04-02,9,0,0,16054
ST034,站点-034,L6号线,2026-04-02,12,0,0,16113
ST034,站点-034,L6号线,2026-04-02,18,0,0,40577
ST034,站点-034,L6号线,2026-04-02,19,0,0,39494
ST034,站点-034,L6号线,2026-04-02,20,0,0,16672
ST034,站点-034,L6号线,2026-04-03,7,0,0,34328
ST034,站点-034,L6号线,2026-04-03,8,0,0,41422
ST034,站点-034,L6号线,2026-04-03,9,0,0,15079
ST034,站点-034,L6号线,2026-04-03,12,0,0,12803
ST034,站点-034,L6号线,2026-04-03,18,0,0,32149
ST034,站点-034,L6号线,2026-04-03,19,0,0,36887
ST034,站点-034,L6号线,2026-04-03,20,0,0,16628
ST034,站点-034,L6号线,2026-04-04,7,1,0,28035
ST034,站点-034,L6号线,2026-04-04,8,1,0,25908
ST034,站点-034,L6号线,2026-04-04,9,1,0,10532
ST034,站点-034,L6号线,2026-04-04,12,1,0,9374
ST034,站点-034,L6号线,2026-04-04,18,1,0,28351
ST034,站点-034,L6号线,2026-04-04,19,1,0,24588
ST034,站点-034,L6号线,2026-04-04,20,1,0,10658
ST034,站点-034,L6号线,2026-04-05,7,1,0,23650
ST034,站点-034,L6号线,2026-04-05,8,1,0,29196
ST034,站点-034,L6号线,2026-04-05,9,1,0,10301
ST034,站点-034,L6号线,2026-04-05,12,1,0,9802
ST034,站点-034,L6号线,2026-04-05,18,1,0,29638
ST034,站点-034,L6号线,2026-04-05,19,1,0,30055
ST034,站点-034,L6号线,2026-04-05,20,1,0,9061
ST034,站点-034,L6号线,2026-04-06,7,0,0,37672
ST034,站点-034,L6号线,2026-04-06,8,0,0,36122
ST034,站点-034,L6号线,2026-04-06,9,0,0,15378
ST034,站点-034,L6号线,2026-04-06,12,0,0,17006
ST034,站点-034,L6号线,2026-04-06,18,0,0,40512
ST034,站点-034,L6号线,2026-04-06,19,0,0,33264
ST034,站点-034,L6号线,2026-04-06,20,0,0,13826
ST034,站点-034,L6号线,2026-04-07,7,0,0,40214
ST034,站点-034,L6号线,2026-04-07,8,0,0,42904
ST034,站点-034,L6号线,2026-04-07,9,0,0,15313
ST034,站点-034,L6号线,2026-04-07,12,0,0,14323
ST034,站点-034,L6号线,2026-04-07,18,0,0,39629
ST034,站点-034,L6号线,2026-04-07,19,0,0,38338
ST034,站点-034,L6号线,2026-04-07,20,0,0,17180
ST034,站点-034,L6号线,2026-04-08,7,0,0,39777
ST034,站点-034,L6号线,2026-04-08,8,0,0,36091
ST034,站点-034,L6号线,2026-04-08,9,0,0,13238
ST034,站点-034,L6号线,2026-04-08,12,0,0,14004
ST034,站点-034,L6号线,2026-04-08,18,0,0,37076
ST034,站点-034,L6号线,2026-04-08,19,0,0,37760
ST034,站点-034,L6号线,2026-04-08,20,0,0,13828
ST034,站点-034,L6号线,2026-04-09,7,0,0,32243
ST034,站点-034,L6号线,2026-04-09,8,0,0,41167
ST034,站点-034,L6号线,2026-04-09,9,0,0,15527
ST034,站点-034,L6号线,2026-04-09,12,0,0,14014
ST034,站点-034,L6号线,2026-04-09,18,0,0,37886
ST034,站点-034,L6号线,2026-04-09,19,0,0,34435
ST034,站点-034,L6号线,2026-04-09,20,0,0,17094
ST034,站点-034,L6号线,2026-04-10,7,0,0,40571
ST034,站点-034,L6号线,2026-04-10,8,0,0,33213
ST034,站点-034,L6号线,2026-04-10,9,0,0,13801
ST034,站点-034,L6号线,2026-04-10,12,0,0,14664
ST034,站点-034,L6号线,2026-04-10,18,0,0,34271
ST034,站点-034,L6号线,2026-04-10,19,0,0,36651
ST034,站点-034,L6号线,2026-04-10,20,0,0,13738
ST034,站点-034,L6号线,2026-04-11,7,1,0,23115
ST034,站点-034,L6号线,2026-04-11,8,1,0,26607
ST034,站点-034,L6号线,2026-04-11,9,1,0,9372
ST034,站点-034,L6号线,2026-04-11,12,1,0,10102
ST034,站点-034,L6号线,2026-04-11,18,1,0,23566
ST034,站点-034,L6号线,2026-04-11,19,1,0,23228
ST034,站点-034,L6号线,2026-04-11,20,1,0,8989
ST034,站点-034,L6号线,2026-04-12,7,1,0,25243
ST034,站点-034,L6号线,2026-04-12,8,1,0,25933
ST034,站点-034,L6号线,2026-04-12,9,1,0,10645
ST034,站点-034,L6号线,2026-04-12,12,1,0,10314
ST034,站点-034,L6号线,2026-04-12,18,1,0,26948
ST034,站点-034,L6号线,2026-04-12,19,1,0,24748
ST034,站点-034,L6号线,2026-04-12,20,1,0,10115
ST034,站点-034,L6号线,2026-04-13,7,0,0,32439
ST034,站点-034,L6号线,2026-04-13,8,0,0,42792
ST034,站点-034,L6号线,2026-04-13,9,0,0,14005
ST034,站点-034,L6号线,2026-04-13,12,0,0,15297
ST034,站点-034,L6号线,2026-04-13,18,0,0,35626
ST034,站点-034,L6号线,2026-04-13,19,0,0,38202
ST034,站点-034,L6号线,2026-04-13,20,0,0,16565
ST034,站点-034,L6号线,2026-04-14,7,0,0,42775
ST034,站点-034,L6号线,2026-04-14,8,0,0,37115
ST034,站点-034,L6号线,2026-04-14,9,0,0,13009
ST034,站点-034,L6号线,2026-04-14,12,0,0,15031
ST034,站点-034,L6号线,2026-04-14,18,0,0,33776
ST034,站点-034,L6号线,2026-04-14,19,0,0,41775
ST034,站点-034,L6号线,2026-04-14,20,0,0,15160
ST034,站点-034,L6号线,2026-04-15,7,0,1,42619
ST034,站点-034,L6号线,2026-04-15,8,0,1,42655
ST034,站点-034,L6号线,2026-04-15,9,0,1,14978
ST034,站点-034,L6号线,2026-04-15,12,0,1,15158
ST034,站点-034,L6号线,2026-04-15,18,0,1,38204
ST034,站点-034,L6号线,2026-04-15,19,0,1,36390
ST034,站点-034,L6号线,2026-04-15,20,0,1,14862
ST034,站点-034,L6号线,2026-04-16,7,0,0,36891
ST034,站点-034,L6号线,2026-04-16,8,0,0,37213
ST034,站点-034,L6号线,2026-04-16,9,0,0,13827
ST034,站点-034,L6号线,2026-04-16,12,0,0,13271
ST034,站点-034,L6号线,2026-04-16,18,0,0,38667
ST034,站点-034,L6号线,2026-04-16,19,0,0,33107
ST034,站点-034,L6号线,2026-04-16,20,0,0,15692
ST034,站点-034,L6号线,2026-04-17,7,0,0,33667
ST034,站点-034,L6号线,2026-04-17,8,0,0,33692
ST034,站点-034,L6号线,2026-04-17,9,0,0,14939
ST034,站点-034,L6号线,2026-04-17,12,0,0,14503
ST034,站点-034,L6号线,2026-04-17,18,0,0,41481
ST034,站点-034,L6号线,2026-04-17,19,0,0,41432
ST034,站点-034,L6号线,2026-04-17,20,0,0,13224
ST034,站点-034,L6号线,2026-04-18,7,1,0,25061
ST034,站点-034,L6号线,2026-04-18,8,1,0,25709
ST034,站点-034,L6号线,2026-04-18,9,1,0,10226
ST034,站点-034,L6号线,2026-04-18,12,1,0,11548
ST034,站点-034,L6号线,2026-04-18,18,1,0,28209
ST034,站点-034,L6号线,2026-04-18,19,1,0,23945
ST034,站点-034,L6号线,2026-04-18,20,1,0,9498
ST034,站点-034,L6号线,2026-04-19,7,1,0,27705
ST034,站点-034,L6号线,2026-04-19,8,1,0,27490
ST034,站点-034,L6号线,2026-04-19,9,1,0,10200
ST034,站点-034,L6号线,2026-04-19,12,1,0,11037
ST034,站点-034,L6号线,2026-04-19,18,1,0,24292
ST034,站点-034,L6号线,2026-04-19,19,1,0,25401
ST034,站点-034,L6号线,2026-04-19,20,1,0,11568
ST034,站点-034,L6号线,2026-04-20,7,0,0,34666
ST034,站点-034,L6号线,2026-04-20,8,0,0,42123
ST034,站点-034,L6号线,2026-04-20,9,0,0,16408
ST034,站点-034,L6号线,2026-04-20,12,0,0,16865
ST034,站点-034,L6号线,2026-04-20,18,0,0,33145
ST034,站点-034,L6号线,2026-04-20,19,0,0,38457
ST034,站点-034,L6号线,2026-04-20,20,0,0,12844
ST034,站点-034,L6号线,2026-04-21,7,0,0,41246
ST034,站点-034,L6号线,2026-04-21,8,0,0,34713
ST034,站点-034,L6号线,2026-04-21,9,0,0,14290
ST034,站点-034,L6号线,2026-04-21,12,0,0,15789
ST034,站点-034,L6号线,2026-04-21,18,0,0,41772
ST034,站点-034,L6号线,2026-04-21,19,0,0,37929
ST034,站点-034,L6号线,2026-04-21,20,0,0,15852
ST034,站点-034,L6号线,2026-04-22,7,0,0,37970
ST034,站点-034,L6号线,2026-04-22,8,0,0,40667
ST034,站点-034,L6号线,2026-04-22,9,0,0,13301
ST034,站点-034,L6号线,2026-04-22,12,0,0,14030
ST034,站点-034,L6号线,2026-04-22,18,0,0,41869
ST034,站点-034,L6号线,2026-04-22,19,0,0,35990
ST034,站点-034,L6号线,2026-04-22,20,0,0,13893
ST034,站点-034,L6号线,2026-04-23,7,0,0,42480
ST034,站点-034,L6号线,2026-04-23,8,0,0,37776
ST034,站点-034,L6号线,2026-04-23,9,0,0,13318
ST034,站点-034,L6号线,2026-04-23,12,0,0,14940
ST034,站点-034,L6号线,2026-04-23,18,0,0,41668
ST034,站点-034,L6号线,2026-04-23,19,0,0,39077
ST034,站点-034,L6号线,2026-04-23,20,0,0,15779
ST034,站点-034,L6号线,2026-04-24,7,0,0,41216
ST034,站点-034,L6号线,2026-04-24,8,0,0,32850
ST034,站点-034,L6号线,2026-04-24,9,0,0,12987
ST034,站点-034,L6号线,2026-04-24,12,0,0,15007
ST034,站点-034,L6号线,2026-04-24,18,0,0,36297
ST034,站点-034,L6号线,2026-04-24,19,0,0,32081
ST034,站点-034,L6号线,2026-04-24,20,0,0,13518
ST034,站点-034,L6号线,2026-04-25,7,1,0,27641
ST034,站点-034,L6号线,2026-04-25,8,1,0,27750
ST034,站点-034,L6号线,2026-04-25,9,1,0,10465
ST034,站点-034,L6号线,2026-04-25,12,1,0,9242
ST034,站点-034,L6号线,2026-04-25,18,1,0,26842
ST034,站点-034,L6号线,2026-04-25,19,1,0,27653
ST034,站点-034,L6号线,2026-04-25,20,1,0,9716
ST034,站点-034,L6号线,2026-04-26,7,1,0,29623
ST034,站点-034,L6号线,2026-04-26,8,1,0,27311
ST034,站点-034,L6号线,2026-04-26,9,1,0,11306
ST034,站点-034,L6号线,2026-04-26,12,1,0,11907
ST034,站点-034,L6号线,2026-04-26,18,1,0,26396
ST034,站点-034,L6号线,2026-04-26,19,1,0,29312
ST034,站点-034,L6号线,2026-04-26,20,1,0,10481
ST034,站点-034,L6号线,2026-04-27,7,0,0,36514
ST034,站点-034,L6号线,2026-04-27,8,0,0,35233
ST034,站点-034,L6号线,2026-04-27,9,0,0,12924
ST034,站点-034,L6号线,2026-04-27,12,0,0,15990
ST034,站点-034,L6号线,2026-04-27,18,0,0,40555
ST034,站点-034,L6号线,2026-04-27,19,0,0,40517
ST034,站点-034,L6号线,2026-04-27,20,0,0,12818
ST034,站点-034,L6号线,2026-04-28,7,0,0,33927
ST034,站点-034,L6号线,2026-04-28,8,0,0,40858
ST034,站点-034,L6号线,2026-04-28,9,0,0,14606
ST034,站点-034,L6号线,2026-04-28,12,0,0,16786
ST034,站点-034,L6号线,2026-04-28,18,0,0,35770
ST034,站点-034,L6号线,2026-04-28,19,0,0,39103
ST034,站点-034,L6号线,2026-04-28,20,0,0,15051
ST034,站点-034,L6号线,2026-04-29,7,0,0,38531
ST034,站点-034,L6号线,2026-04-29,8,0,0,40198
ST034,站点-034,L6号线,2026-04-29,9,0,0,13878
ST034,站点-034,L6号线,2026-04-29,12,0,0,13513
ST034,站点-034,L6号线,2026-04-29,18,0,0,36080
ST034,站点-034,L6号线,2026-04-29,19,0,0,38244
ST034,站点-034,L6号线,2026-04-29,20,0,0,14624
ST034,站点-034,L6号线,2026-04-30,7,0,0,35082
ST034,站点-034,L6号线,2026-04-30,8,0,0,32743
ST034,站点-034,L6号线,2026-04-30,9,0,0,13221
ST034,站点-034,L6号线,2026-04-30,12,0,0,15120
ST034,站点-034,L6号线,2026-04-30,18,0,0,38745
ST034,站点-034,L6号线,2026-04-30,19,0,0,41774
ST034,站点-034,L6号线,2026-04-30,20,0,0,13374
ST035,站点-035,L10号线,2026-04-01,7,0,0,30443
ST035,站点-035,L10号线,2026-04-01,8,0,0,26519
ST035,站点-035,L10号线,2026-04-01,9,0,0,11520
ST035,站点-035,L10号线,2026-04-01,12,0,0,11679
ST035,站点-035,L10号线,2026-04-01,18,0,0,27078
ST035,站点-035,L10号线,2026-04-01,19,0,0,27245
ST035,站点-035,L10号线,2026-04-01,20,0,0,13010
ST035,站点-035,L10号线,2026-04-02,7,0,0,28942
ST035,站点-035,L10号线,2026-04-02,8,0,0,29144
ST035,站点-035,L10号线,2026-04-02,9,0,0,11472
ST035,站点-035,L10号线,2026-04-02,12,0,0,10007
ST035,站点-035,L10号线,2026-04-02,18,0,0,32387
ST035,站点-035,L10号线,2026-04-02,19,0,0,32770
ST035,站点-035,L10号线,2026-04-02,20,0,0,12155
ST035,站点-035,L10号线,2026-04-03,7,0,0,27811
ST035,站点-035,L10号线,2026-04-03,8,0,0,27166
ST035,站点-035,L10号线,2026-04-03,9,0,0,10680
ST035,站点-035,L10号线,2026-04-03,12,0,0,13263
ST035,站点-035,L10号线,2026-04-03,18,0,0,26108
ST035,站点-035,L10号线,2026-04-03,19,0,0,32988
ST035,站点-035,L10号线,2026-04-03,20,0,0,12453
ST035,站点-035,L10号线,2026-04-04,7,1,0,21708
ST035,站点-035,L10号线,2026-04-04,8,1,0,18441
ST035,站点-035,L10号线,2026-04-04,9,1,0,7799
ST035,站点-035,L10号线,2026-04-04,12,1,0,8131
ST035,站点-035,L10号线,2026-04-04,18,1,0,18775
ST035,站点-035,L10号线,2026-04-04,19,1,0,22825
ST035,站点-035,L10号线,2026-04-04,20,1,0,7885
ST035,站点-035,L10号线,2026-04-05,7,1,0,18639
ST035,站点-035,L10号线,2026-04-05,8,1,0,22782
ST035,站点-035,L10号线,2026-04-05,9,1,0,8239
ST035,站点-035,L10号线,2026-04-05,12,1,0,8930
ST035,站点-035,L10号线,2026-04-05,18,1,0,18292
ST035,站点-035,L10号线,2026-04-05,19,1,0,21626
ST035,站点-035,L10号线,2026-04-05,20,1,0,7439
ST035,站点-035,L10号线,2026-04-06,7,0,0,31184
ST035,站点-035,L10号线,2026-04-06,8,0,0,31855
ST035,站点-035,L10号线,2026-04-06,9,0,0,10753
ST035,站点-035,L10号线,2026-04-06,12,0,0,12304
ST035,站点-035,L10号线,2026-04-06,18,0,0,31144
ST035,站点-035,L10号线,2026-04-06,19,0,0,30226
ST035,站点-035,L10号线,2026-04-06,20,0,0,10311
ST035,站点-035,L10号线,2026-04-07,7,0,0,30710
ST035,站点-035,L10号线,2026-04-07,8,0,0,31611
ST035,站点-035,L10号线,2026-04-07,9,0,0,11936
ST035,站点-035,L10号线,2026-04-07,12,0,0,10761
ST035,站点-035,L10号线,2026-04-07,18,0,0,25532
ST035,站点-035,L10号线,2026-04-07,19,0,0,30728
ST035,站点-035,L10号线,2026-04-07,20,0,0,10253
ST035,站点-035,L10号线,2026-04-08,7,0,0,31891
ST035,站点-035,L10号线,2026-04-08,8,0,0,28975
ST035,站点-035,L10号线,2026-04-08,9,0,0,11862
ST035,站点-035,L10号线,2026-04-08,12,0,0,12405
ST035,站点-035,L10号线,2026-04-08,18,0,0,32111
ST035,站点-035,L10号线,2026-04-08,19,0,0,32589
ST035,站点-035,L10号线,2026-04-08,20,0,0,12204
ST035,站点-035,L10号线,2026-04-09,7,0,0,26322
ST035,站点-035,L10号线,2026-04-09,8,0,0,26851
ST035,站点-035,L10号线,2026-04-09,9,0,0,12935
ST035,站点-035,L10号线,2026-04-09,12,0,0,12345
ST035,站点-035,L10号线,2026-04-09,18,0,0,24915
ST035,站点-035,L10号线,2026-04-09,19,0,0,31583
ST035,站点-035,L10号线,2026-04-09,20,0,0,12650
ST035,站点-035,L10号线,2026-04-10,7,0,0,29731
ST035,站点-035,L10号线,2026-04-10,8,0,0,27615
ST035,站点-035,L10号线,2026-04-10,9,0,0,12656
ST035,站点-035,L10号线,2026-04-10,12,0,0,12085
ST035,站点-035,L10号线,2026-04-10,18,0,0,26766
ST035,站点-035,L10号线,2026-04-10,19,0,0,27116
ST035,站点-035,L10号线,2026-04-10,20,0,0,11671
ST035,站点-035,L10号线,2026-04-11,7,1,0,22171
ST035,站点-035,L10号线,2026-04-11,8,1,0,21373
ST035,站点-035,L10号线,2026-04-11,9,1,0,7620
ST035,站点-035,L10号线,2026-04-11,12,1,0,7188
ST035,站点-035,L10号线,2026-04-11,18,1,0,21107
ST035,站点-035,L10号线,2026-04-11,19,1,0,17646
ST035,站点-035,L10号线,2026-04-11,20,1,0,7523
ST035,站点-035,L10号线,2026-04-12,7,1,0,20275
ST035,站点-035,L10号线,2026-04-12,8,1,0,18307
ST035,站点-035,L10号线,2026-04-12,9,1,0,7068
ST035,站点-035,L10号线,2026-04-12,12,1,0,8685
ST035,站点-035,L10号线,2026-04-12,18,1,0,20974
ST035,站点-035,L10号线,2026-04-12,19,1,0,18736
ST035,站点-035,L10号线,2026-04-12,20,1,0,7477
ST035,站点-035,L10号线,2026-04-13,7,0,0,30297
ST035,站点-035,L10号线,2026-04-13,8,0,0,29744
ST035,站点-035,L10号线,2026-04-13,9,0,0,12712
ST035,站点-035,L10号线,2026-04-13,12,0,0,10429
ST035,站点-035,L10号线,2026-04-13,18,0,0,25361
ST035,站点-035,L10号线,2026-04-13,19,0,0,26885
ST035,站点-035,L10号线,2026-04-13,20,0,0,12682
ST035,站点-035,L10号线,2026-04-14,7,0,0,32929
ST035,站点-035,L10号线,2026-04-14,8,0,0,28691
ST035,站点-035,L10号线,2026-04-14,9,0,0,12105
ST035,站点-035,L10号线,2026-04-14,12,0,0,12892
ST035,站点-035,L10号线,2026-04-14,18,0,0,25344
ST035,站点-035,L10号线,2026-04-14,19,0,0,28573
ST035,站点-035,L10号线,2026-04-14,20,0,0,10594
ST035,站点-035,L10号线,2026-04-15,7,0,1,30856
ST035,站点-035,L10号线,2026-04-15,8,0,1,30679
ST035,站点-035,L10号线,2026-04-15,9,0,1,10543
ST035,站点-035,L10号线,2026-04-15,12,0,1,10773
ST035,站点-035,L10号线,2026-04-15,18,0,1,30883
ST035,站点-035,L10号线,2026-04-15,19,0,1,25806
ST035,站点-035,L10号线,2026-04-15,20,0,1,12301
ST035,站点-035,L10号线,2026-04-16,7,0,0,30293
ST035,站点-035,L10号线,2026-04-16,8,0,0,31063
ST035,站点-035,L10号线,2026-04-16,9,0,0,10682
ST035,站点-035,L10号线,2026-04-16,12,0,0,10812
ST035,站点-035,L10号线,2026-04-16,18,0,0,26430
ST035,站点-035,L10号线,2026-04-16,19,0,0,30598
ST035,站点-035,L10号线,2026-04-16,20,0,0,12793
ST035,站点-035,L10号线,2026-04-17,7,0,0,26529
ST035,站点-035,L10号线,2026-04-17,8,0,0,31629
ST035,站点-035,L10号线,2026-04-17,9,0,0,13276
ST035,站点-035,L10号线,2026-04-17,12,0,0,9937
ST035,站点-035,L10号线,2026-04-17,18,0,0,30027
ST035,站点-035,L10号线,2026-04-17,19,0,0,31264
ST035,站点-035,L10号线,2026-04-17,20,0,0,10398
ST035,站点-035,L10号线,2026-04-18,7,1,0,20745
ST035,站点-035,L10号线,2026-04-18,8,1,0,22963
ST035,站点-035,L10号线,2026-04-18,9,1,0,7094
ST035,站点-035,L10号线,2026-04-18,12,1,0,8745
ST035,站点-035,L10号线,2026-04-18,18,1,0,21592
ST035,站点-035,L10号线,2026-04-18,19,1,0,21216
ST035,站点-035,L10号线,2026-04-18,20,1,0,8602
ST035,站点-035,L10号线,2026-04-19,7,1,0,17762
ST035,站点-035,L10号线,2026-04-19,8,1,0,20772
ST035,站点-035,L10号线,2026-04-19,9,1,0,7694
ST035,站点-035,L10号线,2026-04-19,12,1,0,9260
ST035,站点-035,L10号线,2026-04-19,18,1,0,21736
ST035,站点-035,L10号线,2026-04-19,19,1,0,18381
ST035,站点-035,L10号线,2026-04-19,20,1,0,8582
ST035,站点-035,L10号线,2026-04-20,7,0,0,25351
ST035,站点-035,L10号线,2026-04-20,8,0,0,28919
ST035,站点-035,L10号线,2026-04-20,9,0,0,10740
ST035,站点-035,L10号线,2026-04-20,12,0,0,10617
ST035,站点-035,L10号线,2026-04-20,18,0,0,28918
ST035,站点-035,L10号线,2026-04-20,19,0,0,31219
ST035,站点-035,L10号线,2026-04-20,20,0,0,10766
ST035,站点-035,L10号线,2026-04-21,7,0,0,27915
ST035,站点-035,L10号线,2026-04-21,8,0,0,28049
ST035,站点-035,L10号线,2026-04-21,9,0,0,10073
ST035,站点-035,L10号线,2026-04-21,12,0,0,11640
ST035,站点-035,L10号线,2026-04-21,18,0,0,27449
ST035,站点-035,L10号线,2026-04-21,19,0,0,32721
ST035,站点-035,L10号线,2026-04-21,20,0,0,12163
ST035,站点-035,L10号线,2026-04-22,7,0,0,27722
ST035,站点-035,L10号线,2026-04-22,8,0,0,32374
ST035,站点-035,L10号线,2026-04-22,9,0,0,12159
ST035,站点-035,L10号线,2026-04-22,12,0,0,11318
ST035,站点-035,L10号线,2026-04-22,18,0,0,32078
ST035,站点-035,L10号线,2026-04-22,19,0,0,32270
ST035,站点-035,L10号线,2026-04-22,20,0,0,12088
ST035,站点-035,L10号线,2026-04-23,7,0,0,30042
ST035,站点-035,L10号线,2026-04-23,8,0,0,27671
ST035,站点-035,L10号线,2026-04-23,9,0,0,13072
ST035,站点-035,L10号线,2026-04-23,12,0,0,10159
ST035,站点-035,L10号线,2026-04-23,18,0,0,31664
ST035,站点-035,L10号线,2026-04-23,19,0,0,29475
ST035,站点-035,L10号线,2026-04-23,20,0,0,10378
ST035,站点-035,L10号线,2026-04-24,7,0,0,30392
ST035,站点-035,L10号线,2026-04-24,8,0,0,25627
ST035,站点-035,L10号线,2026-04-24,9,0,0,12454
ST035,站点-035,L10号线,2026-04-24,12,0,0,10386
ST035,站点-035,L10号线,2026-04-24,18,0,0,26671
ST035,站点-035,L10号线,2026-04-24,19,0,0,25064
ST035,站点-035,L10号线,2026-04-24,20,0,0,13069
ST035,站点-035,L10号线,2026-04-25,7,1,0,19117
ST035,站点-035,L10号线,2026-04-25,8,1,0,17735
ST035,站点-035,L10号线,2026-04-25,9,1,0,8158
ST035,站点-035,L10号线,2026-04-25,12,1,0,7964
ST035,站点-035,L10号线,2026-04-25,18,1,0,19019
ST035,站点-035,L10号线,2026-04-25,19,1,0,19155
ST035,站点-035,L10号线,2026-04-25,20,1,0,8686
ST035,站点-035,L10号线,2026-04-26,7,1,0,22133
ST035,站点-035,L10号线,2026-04-26,8,1,0,21787
ST035,站点-035,L10号线,2026-04-26,9,1,0,8469
ST035,站点-035,L10号线,2026-04-26,12,1,0,8108
ST035,站点-035,L10号线,2026-04-26,18,1,0,18878
ST035,站点-035,L10号线,2026-04-26,19,1,0,19243
ST035,站点-035,L10号线,2026-04-26,20,1,0,8207
ST035,站点-035,L10号线,2026-04-27,7,0,0,29342
ST035,站点-035,L10号线,2026-04-27,8,0,0,29810
ST035,站点-035,L10号线,2026-04-27,9,0,0,12218
ST035,站点-035,L10号线,2026-04-27,12,0,0,12527
ST035,站点-035,L10号线,2026-04-27,18,0,0,32449
ST035,站点-035,L10号线,2026-04-27,19,0,0,29141
ST035,站点-035,L10号线,2026-04-27,20,0,0,10515
ST035,站点-035,L10号线,2026-04-28,7,0,0,30614
ST035,站点-035,L10号线,2026-04-28,8,0,0,31751
ST035,站点-035,L10号线,2026-04-28,9,0,0,11049
ST035,站点-035,L10号线,2026-04-28,12,0,0,10389
ST035,站点-035,L10号线,2026-04-28,18,0,0,25121
ST035,站点-035,L10号线,2026-04-28,19,0,0,27041
ST035,站点-035,L10号线,2026-04-28,20,0,0,12696
ST035,站点-035,L10号线,2026-04-29,7,0,0,32523
ST035,站点-035,L10号线,2026-04-29,8,0,0,29323
ST035,站点-035,L10号线,2026-04-29,9,0,0,12098
ST035,站点-035,L10号线,2026-04-29,12,0,0,10339
ST035,站点-035,L10号线,2026-04-29,18,0,0,31148
ST035,站点-035,L10号线,2026-04-29,19,0,0,30654
ST035,站点-035,L10号线,2026-04-29,20,0,0,10980
ST035,站点-035,L10号线,2026-04-30,7,0,0,33145
ST035,站点-035,L10号线,2026-04-30,8,0,0,31544
ST035,站点-035,L10号线,2026-04-30,9,0,0,11374
ST035,站点-035,L10号线,2026-04-30,12,0,0,12883
ST035,站点-035,L10号线,2026-04-30,18,0,0,28439
ST035,站点-035,L10号线,2026-04-30,19,0,0,25531
ST035,站点-035,L10号线,2026-04-30,20,0,0,13081
ST036,站点-036,L6号线,2026-04-01,7,0,0,40565
ST036,站点-036,L6号线,2026-04-01,8,0,0,38222
ST036,站点-036,L6号线,2026-04-01,9,0,0,16342
ST036,站点-036,L6号线,2026-04-01,12,0,0,16944
ST036,站点-036,L6号线,2026-04-01,18,0,0,45293
ST036,站点-036,L6号线,2026-04-01,19,0,0,47786
ST036,站点-036,L6号线,2026-04-01,20,0,0,17412
ST036,站点-036,L6号线,2026-04-02,7,0,0,39037
ST036,站点-036,L6号线,2026-04-02,8,0,0,50116
ST036,站点-036,L6号线,2026-04-02,9,0,0,15487
ST036,站点-036,L6号线,2026-04-02,12,0,0,15477
ST036,站点-036,L6号线,2026-04-02,18,0,0,48301
ST036,站点-036,L6号线,2026-04-02,19,0,0,42058
ST036,站点-036,L6号线,2026-04-02,20,0,0,19225
ST036,站点-036,L6号线,2026-04-03,7,0,0,48833
ST036,站点-036,L6号线,2026-04-03,8,0,0,44036
ST036,站点-036,L6号线,2026-04-03,9,0,0,17989
ST036,站点-036,L6号线,2026-04-03,12,0,0,15988
ST036,站点-036,L6号线,2026-04-03,18,0,0,42398
ST036,站点-036,L6号线,2026-04-03,19,0,0,43745
ST036,站点-036,L6号线,2026-04-03,20,0,0,19823
ST036,站点-036,L6号线,2026-04-04,7,1,0,34854
ST036,站点-036,L6号线,2026-04-04,8,1,0,34354
ST036,站点-036,L6号线,2026-04-04,9,1,0,13952
ST036,站点-036,L6号线,2026-04-04,12,1,0,11123
ST036,站点-036,L6号线,2026-04-04,18,1,0,27297
ST036,站点-036,L6号线,2026-04-04,19,1,0,27940
ST036,站点-036,L6号线,2026-04-04,20,1,0,13527
ST036,站点-036,L6号线,2026-04-05,7,1,0,26444
ST036,站点-036,L6号线,2026-04-05,8,1,0,34360
ST036,站点-036,L6号线,2026-04-05,9,1,0,12717
ST036,站点-036,L6号线,2026-04-05,12,1,0,12112
ST036,站点-036,L6号线,2026-04-05,18,1,0,29577
ST036,站点-036,L6号线,2026-04-05,19,1,0,32839
ST036,站点-036,L6号线,2026-04-05,20,1,0,10616
ST036,站点-036,L6号线,2026-04-06,7,0,0,41426
ST036,站点-036,L6号线,2026-04-06,8,0,0,41301
ST036,站点-036,L6号线,2026-04-06,9,0,0,15390
ST036,站点-036,L6号线,2026-04-06,12,0,0,17723
ST036,站点-036,L6号线,2026-04-06,18,0,0,43819
ST036,站点-036,L6号线,2026-04-06,19,0,0,40966
ST036,站点-036,L6号线,2026-04-06,20,0,0,19322
ST036,站点-036,L6号线,2026-04-07,7,0,0,39139
ST036,站点-036,L6号线,2026-04-07,8,0,0,41301
ST036,站点-036,L6号线,2026-04-07,9,0,0,19706
ST036,站点-036,L6号线,2026-04-07,12,0,0,15425
ST036,站点-036,L6号线,2026-04-07,18,0,0,47707
ST036,站点-036,L6号线,2026-04-07,19,0,0,49906
ST036,站点-036,L6号线,2026-04-07,20,0,0,18252
ST036,站点-036,L6号线,2026-04-08,7,0,0,38292
ST036,站点-036,L6号线,2026-04-08,8,0,0,43409
ST036,站点-036,L6号线,2026-04-08,9,0,0,19272
ST036,站点-036,L6号线,2026-04-08,12,0,0,16104
ST036,站点-036,L6号线,2026-04-08,18,0,0,41728
ST036,站点-036,L6号线,2026-04-08,19,0,0,39448
ST036,站点-036,L6号线,2026-04-08,20,0,0,16734
ST036,站点-036,L6号线,2026-04-09,7,0,0,39965
ST036,站点-036,L6号线,2026-04-09,8,0,0,43673
ST036,站点-036,L6号线,2026-04-09,9,0,0,16431
ST036,站点-036,L6号线,2026-04-09,12,0,0,18301
ST036,站点-036,L6号线,2026-04-09,18,0,0,48230
ST036,站点-036,L6号线,2026-04-09,19,0,0,49266
ST036,站点-036,L6号线,2026-04-09,20,0,0,16528
ST036,站点-036,L6号线,2026-04-10,7,0,0,45182
ST036,站点-036,L6号线,2026-04-10,8,0,0,47738
ST036,站点-036,L6号线,2026-04-10,9,0,0,19095
ST036,站点-036,L6号线,2026-04-10,12,0,0,18124
ST036,站点-036,L6号线,2026-04-10,18,0,0,50089
ST036,站点-036,L6号线,2026-04-10,19,0,0,39085
ST036,站点-036,L6号线,2026-04-10,20,0,0,15817
ST036,站点-036,L6号线,2026-04-11,7,1,0,32014
ST036,站点-036,L6号线,2026-04-11,8,1,0,29048
ST036,站点-036,L6号线,2026-04-11,9,1,0,10795
ST036,站点-036,L6号线,2026-04-11,12,1,0,12747
ST036,站点-036,L6号线,2026-04-11,18,1,0,33377
ST036,站点-036,L6号线,2026-04-11,19,1,0,35082
ST036,站点-036,L6号线,2026-04-11,20,1,0,12823
ST036,站点-036,L6号线,2026-04-12,7,1,0,34835
ST036,站点-036,L6号线,2026-04-12,8,1,0,28991
ST036,站点-036,L6号线,2026-04-12,9,1,0,13500
ST036,站点-036,L6号线,2026-04-12,12,1,0,11216
ST036,站点-036,L6号线,2026-04-12,18,1,0,28535
ST036,站点-036,L6号线,2026-04-12,19,1,0,33473
ST036,站点-036,L6号线,2026-04-12,20,1,0,13997
ST036,站点-036,L6号线,2026-04-13,7,0,0,45455
ST036,站点-036,L6号线,2026-04-13,8,0,0,42921
ST036,站点-036,L6号线,2026-04-13,9,0,0,17379
ST036,站点-036,L6号线,2026-04-13,12,0,0,15722
ST036,站点-036,L6号线,2026-04-13,18,0,0,44650
ST036,站点-036,L6号线,2026-04-13,19,0,0,46465
ST036,站点-036,L6号线,2026-04-13,20,0,0,16973
ST036,站点-036,L6号线,2026-04-14,7,0,0,50104
ST036,站点-036,L6号线,2026-04-14,8,0,0,48444
ST036,站点-036,L6号线,2026-04-14,9,0,0,18563
ST036,站点-036,L6号线,2026-04-14,12,0,0,15679
ST036,站点-036,L6号线,2026-04-14,18,0,0,43636
ST036,站点-036,L6号线,2026-04-14,19,0,0,44193
ST036,站点-036,L6号线,2026-04-14,20,0,0,17104
ST036,站点-036,L6号线,2026-04-15,7,0,1,49798
ST036,站点-036,L6号线,2026-04-15,8,0,1,38372
ST036,站点-036,L6号线,2026-04-15,9,0,1,17356
ST036,站点-036,L6号线,2026-04-15,12,0,1,18470
ST036,站点-036,L6号线,2026-04-15,18,0,1,47883
ST036,站点-036,L6号线,2026-04-15,19,0,1,44215
ST036,站点-036,L6号线,2026-04-15,20,0,1,19141
ST036,站点-036,L6号线,2026-04-16,7,0,0,40523
ST036,站点-036,L6号线,2026-04-16,8,0,0,37712
ST036,站点-036,L6号线,2026-04-16,9,0,0,17644
ST036,站点-036,L6号线,2026-04-16,12,0,0,15345
ST036,站点-036,L6号线,2026-04-16,18,0,0,49040
ST036,站点-036,L6号线,2026-04-16,19,0,0,42356
ST036,站点-036,L6号线,2026-04-16,20,0,0,18961
ST036,站点-036,L6号线,2026-04-17,7,0,0,45202
ST036,站点-036,L6号线,2026-04-17,8,0,0,50220
ST036,站点-036,L6号线,2026-04-17,9,0,0,19809
ST036,站点-036,L6号线,2026-04-17,12,0,0,19038
ST036,站点-036,L6号线,2026-04-17,18,0,0,40890
ST036,站点-036,L6号线,2026-04-17,19,0,0,49035
ST036,站点-036,L6号线,2026-04-17,20,0,0,18849
ST036,站点-036,L6号线,2026-04-18,7,1,0,34151
ST036,站点-036,L6号线,2026-04-18,8,1,0,34873
ST036,站点-036,L6号线,2026-04-18,9,1,0,12714
ST036,站点-036,L6号线,2026-04-18,12,1,0,13866
ST036,站点-036,L6号线,2026-04-18,18,1,0,28171
ST036,站点-036,L6号线,2026-04-18,19,1,0,31412
ST036,站点-036,L6号线,2026-04-18,20,1,0,13737
ST036,站点-036,L6号线,2026-04-19,7,1,0,27451
ST036,站点-036,L6号线,2026-04-19,8,1,0,32763
ST036,站点-036,L6号线,2026-04-19,9,1,0,10440
ST036,站点-036,L6号线,2026-04-19,12,1,0,12246
ST036,站点-036,L6号线,2026-04-19,18,1,0,32444
ST036,站点-036,L6号线,2026-04-19,19,1,0,30489
ST036,站点-036,L6号线,2026-04-19,20,1,0,13905
ST036,站点-036,L6号线,2026-04-20,7,0,0,42655
ST036,站点-036,L6号线,2026-04-20,8,0,0,43448
ST036,站点-036,L6号线,2026-04-20,9,0,0,18385
ST036,站点-036,L6号线,2026-04-20,12,0,0,14941
ST036,站点-036,L6号线,2026-04-20,18,0,0,45003
ST036,站点-036,L6号线,2026-04-20,19,0,0,38010
ST036,站点-036,L6号线,2026-04-20,20,0,0,20018
ST036,站点-036,L6号线,2026-04-21,7,0,0,46234
ST036,站点-036,L6号线,2026-04-21,8,0,0,49415
ST036,站点-036,L6号线,2026-04-21,9,0,0,18386
ST036,站点-036,L6号线,2026-04-21,12,0,0,16678
ST036,站点-036,L6号线,2026-04-21,18,0,0,46489
ST036,站点-036,L6号线,2026-04-21,19,0,0,40774
ST036,站点-036,L6号线,2026-04-21,20,0,0,15064
ST036,站点-036,L6号线,2026-04-22,7,0,0,42650
ST036,站点-036,L6号线,2026-04-22,8,0,0,42552
ST036,站点-036,L6号线,2026-04-22,9,0,0,19793
ST036,站点-036,L6号线,2026-04-22,12,0,0,16846
ST036,站点-036,L6号线,2026-04-22,18,0,0,41859
ST036,站点-036,L6号线,2026-04-22,19,0,0,47816
ST036,站点-036,L6号线,2026-04-22,20,0,0,19503
ST036,站点-036,L6号线,2026-04-23,7,0,0,46969
ST036,站点-036,L6号线,2026-04-23,8,0,0,50160
ST036,站点-036,L6号线,2026-04-23,9,0,0,16053
ST036,站点-036,L6号线,2026-04-23,12,0,0,17520
ST036,站点-036,L6号线,2026-04-23,18,0,0,39828
ST036,站点-036,L6号线,2026-04-23,19,0,0,50093
ST036,站点-036,L6号线,2026-04-23,20,0,0,14933
ST036,站点-036,L6号线,2026-04-24,7,0,0,48779
ST036,站点-036,L6号线,2026-04-24,8,0,0,40062
ST036,站点-036,L6号线,2026-04-24,9,0,0,19094
ST036,站点-036,L6号线,2026-04-24,12,0,0,16648
ST036,站点-036,L6号线,2026-04-24,18,0,0,48526
ST036,站点-036,L6号线,2026-04-24,19,0,0,45201
ST036,站点-036,L6号线,2026-04-24,20,0,0,17842
ST036,站点-036,L6号线,2026-04-25,7,1,0,26076
ST036,站点-036,L6号线,2026-04-25,8,1,0,27810
ST036,站点-036,L6号线,2026-04-25,9,1,0,11856
ST036,站点-036,L6号线,2026-04-25,12,1,0,13047
ST036,站点-036,L6号线,2026-04-25,18,1,0,29750
ST036,站点-036,L6号线,2026-04-25,19,1,0,31635
ST036,站点-036,L6号线,2026-04-25,20,1,0,11567
ST036,站点-036,L6号线,2026-04-26,7,1,0,27221
ST036,站点-036,L6号线,2026-04-26,8,1,0,29114
ST036,站点-036,L6号线,2026-04-26,9,1,0,13799
ST036,站点-036,L6号线,2026-04-26,12,1,0,11029
ST036,站点-036,L6号线,2026-04-26,18,1,0,33260
ST036,站点-036,L6号线,2026-04-26,19,1,0,27894
ST036,站点-036,L6号线,2026-04-26,20,1,0,11321
ST036,站点-036,L6号线,2026-04-27,7,0,0,41613
ST036,站点-036,L6号线,2026-04-27,8,0,0,44982
ST036,站点-036,L6号线,2026-04-27,9,0,0,16822
ST036,站点-036,L6号线,2026-04-27,12,0,0,19858
ST036,站点-036,L6号线,2026-04-27,18,0,0,43276
ST036,站点-036,L6号线,2026-04-27,19,0,0,42260
ST036,站点-036,L6号线,2026-04-27,20,0,0,18080
ST036,站点-036,L6号线,2026-04-28,7,0,0,46965
ST036,站点-036,L6号线,2026-04-28,8,0,0,48480
ST036,站点-036,L6号线,2026-04-28,9,0,0,15413
ST036,站点-036,L6号线,2026-04-28,12,0,0,19410
ST036,站点-036,L6号线,2026-04-28,18,0,0,48836
ST036,站点-036,L6号线,2026-04-28,19,0,0,47485
ST036,站点-036,L6号线,2026-04-28,20,0,0,17992
ST036,站点-036,L6号线,2026-04-29,7,0,0,40013
ST036,站点-036,L6号线,2026-04-29,8,0,0,39464
ST036,站点-036,L6号线,2026-04-29,9,0,0,15006
ST036,站点-036,L6号线,2026-04-29,12,0,0,19163
ST036,站点-036,L6号线,2026-04-29,18,0,0,49260
ST036,站点-036,L6号线,2026-04-29,19,0,0,48227
ST036,站点-036,L6号线,2026-04-29,20,0,0,19002
ST036,站点-036,L6号线,2026-04-30,7,0,0,42805
ST036,站点-036,L6号线,2026-04-30,8,0,0,39732
ST036,站点-036,L6号线,2026-04-30,9,0,0,19845
ST036,站点-036,L6号线,2026-04-30,12,0,0,14950
ST036,站点-036,L6号线,2026-04-30,18,0,0,45108
ST036,站点-036,L6号线,2026-04-30,19,0,0,41495
ST036,站点-036,L6号线,2026-04-30,20,0,0,18725
ST037,站点-037,L6号线,2026-04-01,7,0,0,26454
ST037,站点-037,L6号线,2026-04-01,8,0,0,27437
ST037,站点-037,L6号线,2026-04-01,9,0,0,9349
ST037,站点-037,L6号线,2026-04-01,12,0,0,10010
ST037,站点-037,L6号线,2026-04-01,18,0,0,23033
ST037,站点-037,L6号线,2026-04-01,19,0,0,30577
ST037,站点-037,L6号线,2026-04-01,20,0,0,10104
ST037,站点-037,L6号线,2026-04-02,7,0,0,30178
ST037,站点-037,L6号线,2026-04-02,8,0,0,23724
ST037,站点-037,L6号线,2026-04-02,9,0,0,11303
ST037,站点-037,L6号线,2026-04-02,12,0,0,10854
ST037,站点-037,L6号线,2026-04-02,18,0,0,28335
ST037,站点-037,L6号线,2026-04-02,19,0,0,24695
ST037,站点-037,L6号线,2026-04-02,20,0,0,10434
ST037,站点-037,L6号线,2026-04-03,7,0,0,27168
ST037,站点-037,L6号线,2026-04-03,8,0,0,27021
ST037,站点-037,L6号线,2026-04-03,9,0,0,9232
ST037,站点-037,L6号线,2026-04-03,12,0,0,10233
ST037,站点-037,L6号线,2026-04-03,18,0,0,25961
ST037,站点-037,L6号线,2026-04-03,19,0,0,23804
ST037,站点-037,L6号线,2026-04-03,20,0,0,12180
ST037,站点-037,L6号线,2026-04-04,7,1,0,18329
ST037,站点-037,L6号线,2026-04-04,8,1,0,19588
ST037,站点-037,L6号线,2026-04-04,9,1,0,8295
ST037,站点-037,L6号线,2026-04-04,12,1,0,7512
ST037,站点-037,L6号线,2026-04-04,18,1,0,20646
ST037,站点-037,L6号线,2026-04-04,19,1,0,16567
ST037,站点-037,L6号线,2026-04-04,20,1,0,7060
ST037,站点-037,L6号线,2026-04-05,7,1,0,20482
ST037,站点-037,L6号线,2026-04-05,8,1,0,16426
ST037,站点-037,L6号线,2026-04-05,9,1,0,8597
ST037,站点-037,L6号线,2026-04-05,12,1,0,7726
ST037,站点-037,L6号线,2026-04-05,18,1,0,17462
ST037,站点-037,L6号线,2026-04-05,19,1,0,19700
ST037,站点-037,L6号线,2026-04-05,20,1,0,7082
ST037,站点-037,L6号线,2026-04-06,7,0,0,31041
ST037,站点-037,L6号线,2026-04-06,8,0,0,26455
ST037,站点-037,L6号线,2026-04-06,9,0,0,10688
ST037,站点-037,L6号线,2026-04-06,12,0,0,11574
ST037,站点-037,L6号线,2026-04-06,18,0,0,24180
ST037,站点-037,L6号线,2026-04-06,19,0,0,23038
ST037,站点-037,L6号线,2026-04-06,20,0,0,10926
ST037,站点-037,L6号线,2026-04-07,7,0,0,24453
ST037,站点-037,L6号线,2026-04-07,8,0,0,29974
ST037,站点-037,L6号线,2026-04-07,9,0,0,11453
ST037,站点-037,L6号线,2026-04-07,12,0,0,10579
ST037,站点-037,L6号线,2026-04-07,18,0,0,26556
ST037,站点-037,L6号线,2026-04-07,19,0,0,23885
ST037,站点-037,L6号线,2026-04-07,20,0,0,9769
ST037,站点-037,L6号线,2026-04-08,7,0,0,23605
ST037,站点-037,L6号线,2026-04-08,8,0,0,29008
ST037,站点-037,L6号线,2026-04-08,9,0,0,9751
ST037,站点-037,L6号线,2026-04-08,12,0,0,9555
ST037,站点-037,L6号线,2026-04-08,18,0,0,24238
ST037,站点-037,L6号线,2026-04-08,19,0,0,31038
ST037,站点-037,L6号线,2026-04-08,20,0,0,11250
ST037,站点-037,L6号线,2026-04-09,7,0,0,28302
ST037,站点-037,L6号线,2026-04-09,8,0,0,27424
ST037,站点-037,L6号线,2026-04-09,9,0,0,10605
ST037,站点-037,L6号线,2026-04-09,12,0,0,10451
ST037,站点-037,L6号线,2026-04-09,18,0,0,23222
ST037,站点-037,L6号线,2026-04-09,19,0,0,30398
ST037,站点-037,L6号线,2026-04-09,20,0,0,9673
ST037,站点-037,L6号线,2026-04-10,7,0,0,27326
ST037,站点-037,L6号线,2026-04-10,8,0,0,29886
ST037,站点-037,L6号线,2026-04-10,9,0,0,9612
ST037,站点-037,L6号线,2026-04-10,12,0,0,10271
ST037,站点-037,L6号线,2026-04-10,18,0,0,26570
ST037,站点-037,L6号线,2026-04-10,19,0,0,23703
ST037,站点-037,L6号线,2026-04-10,20,0,0,11579
ST037,站点-037,L6号线,2026-04-11,7,1,0,19780
ST037,站点-037,L6号线,2026-04-11,8,1,0,16595
ST037,站点-037,L6号线,2026-04-11,9,1,0,7734
ST037,站点-037,L6号线,2026-04-11,12,1,0,7766
ST037,站点-037,L6号线,2026-04-11,18,1,0,19202
ST037,站点-037,L6号线,2026-04-11,19,1,0,18011
ST037,站点-037,L6号线,2026-04-11,20,1,0,8244
ST037,站点-037,L6号线,2026-04-12,7,1,0,19525
ST037,站点-037,L6号线,2026-04-12,8,1,0,16209
ST037,站点-037,L6号线,2026-04-12,9,1,0,7906
ST037,站点-037,L6号线,2026-04-12,12,1,0,6460
ST037,站点-037,L6号线,2026-04-12,18,1,0,18869
ST037,站点-037,L6号线,2026-04-12,19,1,0,20836
ST037,站点-037,L6号线,2026-04-12,20,1,0,8256
ST037,站点-037,L6号线,2026-04-13,7,0,0,27564
ST037,站点-037,L6号线,2026-04-13,8,0,0,28251
ST037,站点-037,L6号线,2026-04-13,9,0,0,10750
ST037,站点-037,L6号线,2026-04-13,12,0,0,10236
ST037,站点-037,L6号线,2026-04-13,18,0,0,30067
ST037,站点-037,L6号线,2026-04-13,19,0,0,27727
ST037,站点-037,L6号线,2026-04-13,20,0,0,10729
ST037,站点-037,L6号线,2026-04-14,7,0,0,28262
ST037,站点-037,L6号线,2026-04-14,8,0,0,27357
ST037,站点-037,L6号线,2026-04-14,9,0,0,9576
ST037,站点-037,L6号线,2026-04-14,12,0,0,10799
ST037,站点-037,L6号线,2026-04-14,18,0,0,23370
ST037,站点-037,L6号线,2026-04-14,19,0,0,28511
ST037,站点-037,L6号线,2026-04-14,20,0,0,11872
ST037,站点-037,L6号线,2026-04-15,7,0,1,25324
ST037,站点-037,L6号线,2026-04-15,8,0,1,28708
ST037,站点-037,L6号线,2026-04-15,9,0,1,9670
ST037,站点-037,L6号线,2026-04-15,12,0,1,11762
ST037,站点-037,L6号线,2026-04-15,18,0,1,24121
ST037,站点-037,L6号线,2026-04-15,19,0,1,28245
ST037,站点-037,L6号线,2026-04-15,20,0,1,11452
ST037,站点-037,L6号线,2026-04-16,7,0,0,25010
ST037,站点-037,L6号线,2026-04-16,8,0,0,26588
ST037,站点-037,L6号线,2026-04-16,9,0,0,9314
ST037,站点-037,L6号线,2026-04-16,12,0,0,11637
ST037,站点-037,L6号线,2026-04-16,18,0,0,26458
ST037,站点-037,L6号线,2026-04-16,19,0,0,25630
ST037,站点-037,L6号线,2026-04-16,20,0,0,9595
ST037,站点-037,L6号线,2026-04-17,7,0,0,25372
ST037,站点-037,L6号线,2026-04-17,8,0,0,24677
ST037,站点-037,L6号线,2026-04-17,9,0,0,9819
ST037,站点-037,L6号线,2026-04-17,12,0,0,10815
ST037,站点-037,L6号线,2026-04-17,18,0,0,29385
ST037,站点-037,L6号线,2026-04-17,19,0,0,30502
ST037,站点-037,L6号线,2026-04-17,20,0,0,11021
ST037,站点-037,L6号线,2026-04-18,7,1,0,17312
ST037,站点-037,L6号线,2026-04-18,8,1,0,17164
ST037,站点-037,L6号线,2026-04-18,9,1,0,7420
ST037,站点-037,L6号线,2026-04-18,12,1,0,7123
ST037,站点-037,L6号线,2026-04-18,18,1,0,21128
ST037,站点-037,L6号线,2026-04-18,19,1,0,17514
ST037,站点-037,L6号线,2026-04-18,20,1,0,8159
ST037,站点-037,L6号线,2026-04-19,7,1,0,21663
ST037,站点-037,L6号线,2026-04-19,8,1,0,19935
ST037,站点-037,L6号线,2026-04-19,9,1,0,6919
ST037,站点-037,L6号线,2026-04-19,12,1,0,7916
ST037,站点-037,L6号线,2026-04-19,18,1,0,20054
ST037,站点-037,L6号线,2026-04-19,19,1,0,20953
ST037,站点-037,L6号线,2026-04-19,20,1,0,7705
ST037,站点-037,L6号线,2026-04-20,7,0,0,27885
ST037,站点-037,L6号线,2026-04-20,8,0,0,24287
ST037,站点-037,L6号线,2026-04-20,9,0,0,11059
ST037,站点-037,L6号线,2026-04-20,12,0,0,11152
ST037,站点-037,L6号线,2026-04-20,18,0,0,27403
ST037,站点-037,L6号线,2026-04-20,19,0,0,23067
ST037,站点-037,L6号线,2026-04-20,20,0,0,11745
ST037,站点-037,L6号线,2026-04-21,7,0,0,28059
ST037,站点-037,L6号线,2026-04-21,8,0,0,29653
ST037,站点-037,L6号线,2026-04-21,9,0,0,9429
ST037,站点-037,L6号线,2026-04-21,12,0,0,11374
ST037,站点-037,L6号线,2026-04-21,18,0,0,25724
ST037,站点-037,L6号线,2026-04-21,19,0,0,24044
ST037,站点-037,L6号线,2026-04-21,20,0,0,9572
ST037,站点-037,L6号线,2026-04-22,7,0,0,25815
ST037,站点-037,L6号线,2026-04-22,8,0,0,29980
ST037,站点-037,L6号线,2026-04-22,9,0,0,9291
ST037,站点-037,L6号线,2026-04-22,12,0,0,11842
ST037,站点-037,L6号线,2026-04-22,18,0,0,29755
ST037,站点-037,L6号线,2026-04-22,19,0,0,26571
ST037,站点-037,L6号线,2026-04-22,20,0,0,10199
ST037,站点-037,L6号线,2026-04-23,7,0,0,25075
ST037,站点-037,L6号线,2026-04-23,8,0,0,23142
ST037,站点-037,L6号线,2026-04-23,9,0,0,9866
ST037,站点-037,L6号线,2026-04-23,12,0,0,9916
ST037,站点-037,L6号线,2026-04-23,18,0,0,27318
ST037,站点-037,L6号线,2026-04-23,19,0,0,26356
ST037,站点-037,L6号线,2026-04-23,20,0,0,11344
ST037,站点-037,L6号线,2026-04-24,7,0,0,27403
ST037,站点-037,L6号线,2026-04-24,8,0,0,24954
ST037,站点-037,L6号线,2026-04-24,9,0,0,12415
ST037,站点-037,L6号线,2026-04-24,12,0,0,11913
ST037,站点-037,L6号线,2026-04-24,18,0,0,29728
ST037,站点-037,L6号线,2026-04-24,19,0,0,23562
ST037,站点-037,L6号线,2026-04-24,20,0,0,10127
ST037,站点-037,L6号线,2026-04-25,7,1,0,21227
ST037,站点-037,L6号线,2026-04-25,8,1,0,21468
ST037,站点-037,L6号线,2026-04-25,9,1,0,7723
ST037,站点-037,L6号线,2026-04-25,12,1,0,8285
ST037,站点-037,L6号线,2026-04-25,18,1,0,21090
ST037,站点-037,L6号线,2026-04-25,19,1,0,17935
ST037,站点-037,L6号线,2026-04-25,20,1,0,6935
ST037,站点-037,L6号线,2026-04-26,7,1,0,18181
ST037,站点-037,L6号线,2026-04-26,8,1,0,19995
ST037,站点-037,L6号线,2026-04-26,9,1,0,7587
ST037,站点-037,L6号线,2026-04-26,12,1,0,8451
ST037,站点-037,L6号线,2026-04-26,18,1,0,18294
ST037,站点-037,L6号线,2026-04-26,19,1,0,17932
ST037,站点-037,L6号线,2026-04-26,20,1,0,7314
ST037,站点-037,L6号线,2026-04-27,7,0,0,24696
ST037,站点-037,L6号线,2026-04-27,8,0,0,29280
ST037,站点-037,L6号线,2026-04-27,9,0,0,10599
ST037,站点-037,L6号线,2026-04-27,12,0,0,12109
ST037,站点-037,L6号线,2026-04-27,18,0,0,23829
ST037,站点-037,L6号线,2026-04-27,19,0,0,30368
ST037,站点-037,L6号线,2026-04-27,20,0,0,10206
ST037,站点-037,L6号线,2026-04-28,7,0,0,25683
ST037,站点-037,L6号线,2026-04-28,8,0,0,27664
ST037,站点-037,L6号线,2026-04-28,9,0,0,11829
ST037,站点-037,L6号线,2026-04-28,12,0,0,11342
ST037,站点-037,L6号线,2026-04-28,18,0,0,30720
ST037,站点-037,L6号线,2026-04-28,19,0,0,30524
ST037,站点-037,L6号线,2026-04-28,20,0,0,9522
ST037,站点-037,L6号线,2026-04-29,7,0,0,26512
ST037,站点-037,L6号线,2026-04-29,8,0,0,30115
ST037,站点-037,L6号线,2026-04-29,9,0,0,10991
ST037,站点-037,L6号线,2026-04-29,12,0,0,11644
ST037,站点-037,L6号线,2026-04-29,18,0,0,26091
ST037,站点-037,L6号线,2026-04-29,19,0,0,28476
ST037,站点-037,L6号线,2026-04-29,20,0,0,9554
ST037,站点-037,L6号线,2026-04-30,7,0,0,29541
ST037,站点-037,L6号线,2026-04-30,8,0,0,28187
ST037,站点-037,L6号线,2026-04-30,9,0,0,9555
ST037,站点-037,L6号线,2026-04-30,12,0,0,10954
ST037,站点-037,L6号线,2026-04-30,18,0,0,27364
ST037,站点-037,L6号线,2026-04-30,19,0,0,26115
ST037,站点-037,L6号线,2026-04-30,20,0,0,11043
ST038,站点-038,L7号线,2026-04-01,7,0,0,34230
ST038,站点-038,L7号线,2026-04-01,8,0,0,29962
ST038,站点-038,L7号线,2026-04-01,9,0,0,13676
ST038,站点-038,L7号线,2026-04-01,12,0,0,10735
ST038,站点-038,L7号线,2026-04-01,18,0,0,26461
ST038,站点-038,L7号线,2026-04-01,19,0,0,32334
ST038,站点-038,L7号线,2026-04-01,20,0,0,11734
ST038,站点-038,L7号线,2026-04-02,7,0,0,32740
ST038,站点-038,L7号线,2026-04-02,8,0,0,29646
ST038,站点-038,L7号线,2026-04-02,9,0,0,13671
ST038,站点-038,L7号线,2026-04-02,12,0,0,11901
ST038,站点-038,L7号线,2026-04-02,18,0,0,33210
ST038,站点-038,L7号线,2026-04-02,19,0,0,33040
ST038,站点-038,L7号线,2026-04-02,20,0,0,12966
ST038,站点-038,L7号线,2026-04-03,7,0,0,34054
ST038,站点-038,L7号线,2026-04-03,8,0,0,34463
ST038,站点-038,L7号线,2026-04-03,9,0,0,11025
ST038,站点-038,L7号线,2026-04-03,12,0,0,11046
ST038,站点-038,L7号线,2026-04-03,18,0,0,29320
ST038,站点-038,L7号线,2026-04-03,19,0,0,28070
ST038,站点-038,L7号线,2026-04-03,20,0,0,11880
ST038,站点-038,L7号线,2026-04-04,7,1,0,21299
ST038,站点-038,L7号线,2026-04-04,8,1,0,22246
ST038,站点-038,L7号线,2026-04-04,9,1,0,8244
ST038,站点-038,L7号线,2026-04-04,12,1,0,8997
ST038,站点-038,L7号线,2026-04-04,18,1,0,20057
ST038,站点-038,L7号线,2026-04-04,19,1,0,20079
ST038,站点-038,L7号线,2026-04-04,20,1,0,9373
ST038,站点-038,L7号线,2026-04-05,7,1,0,23040
ST038,站点-038,L7号线,2026-04-05,8,1,0,22623
ST038,站点-038,L7号线,2026-04-05,9,1,0,9297
ST038,站点-038,L7号线,2026-04-05,12,1,0,8576
ST038,站点-038,L7号线,2026-04-05,18,1,0,20435
ST038,站点-038,L7号线,2026-04-05,19,1,0,21786
ST038,站点-038,L7号线,2026-04-05,20,1,0,7746
ST038,站点-038,L7号线,2026-04-06,7,0,0,33423
ST038,站点-038,L7号线,2026-04-06,8,0,0,33543
ST038,站点-038,L7号线,2026-04-06,9,0,0,12990
ST038,站点-038,L7号线,2026-04-06,12,0,0,13011
ST038,站点-038,L7号线,2026-04-06,18,0,0,29138
ST038,站点-038,L7号线,2026-04-06,19,0,0,29815
ST038,站点-038,L7号线,2026-04-06,20,0,0,11615
ST038,站点-038,L7号线,2026-04-07,7,0,0,30109
ST038,站点-038,L7号线,2026-04-07,8,0,0,27260
ST038,站点-038,L7号线,2026-04-07,9,0,0,12637
ST038,站点-038,L7号线,2026-04-07,12,0,0,11411
ST038,站点-038,L7号线,2026-04-07,18,0,0,29686
ST038,站点-038,L7号线,2026-04-07,19,0,0,33983
ST038,站点-038,L7号线,2026-04-07,20,0,0,11031
ST038,站点-038,L7号线,2026-04-08,7,0,0,32307
ST038,站点-038,L7号线,2026-04-08,8,0,0,28629
ST038,站点-038,L7号线,2026-04-08,9,0,0,11656
ST038,站点-038,L7号线,2026-04-08,12,0,0,11245
ST038,站点-038,L7号线,2026-04-08,18,0,0,33828
ST038,站点-038,L7号线,2026-04-08,19,0,0,26940
ST038,站点-038,L7号线,2026-04-08,20,0,0,13436
ST038,站点-038,L7号线,2026-04-09,7,0,0,34412
ST038,站点-038,L7号线,2026-04-09,8,0,0,32464
ST038,站点-038,L7号线,2026-04-09,9,0,0,12369
ST038,站点-038,L7号线,2026-04-09,12,0,0,11931
ST038,站点-038,L7号线,2026-04-09,18,0,0,26448
ST038,站点-038,L7号线,2026-04-09,19,0,0,32247
ST038,站点-038,L7号线,2026-04-09,20,0,0,11176
ST038,站点-038,L7号线,2026-04-10,7,0,0,31012
ST038,站点-038,L7号线,2026-04-10,8,0,0,27400
ST038,站点-038,L7号线,2026-04-10,9,0,0,13900
ST038,站点-038,L7号线,2026-04-10,12,0,0,11676
ST038,站点-038,L7号线,2026-04-10,18,0,0,34648
ST038,站点-038,L7号线,2026-04-10,19,0,0,30998
ST038,站点-038,L7号线,2026-04-10,20,0,0,12390
ST038,站点-038,L7号线,2026-04-11,7,1,0,21245
ST038,站点-038,L7号线,2026-04-11,8,1,0,20557
ST038,站点-038,L7号线,2026-04-11,9,1,0,9767
ST038,站点-038,L7号线,2026-04-11,12,1,0,8846
ST038,站点-038,L7号线,2026-04-11,18,1,0,22080
ST038,站点-038,L7号线,2026-04-11,19,1,0,20014
ST038,站点-038,L7号线,2026-04-11,20,1,0,8488
ST038,站点-038,L7号线,2026-04-12,7,1,0,24731
ST038,站点-038,L7号线,2026-04-12,8,1,0,22800
ST038,站点-038,L7号线,2026-04-12,9,1,0,8287
ST038,站点-038,L7号线,2026-04-12,12,1,0,8712
ST038,站点-038,L7号线,2026-04-12,18,1,0,22026
ST038,站点-038,L7号线,2026-04-12,19,1,0,21499
ST038,站点-038,L7号线,2026-04-12,20,1,0,9084
ST038,站点-038,L7号线,2026-04-13,7,0,0,28236
ST038,站点-038,L7号线,2026-04-13,8,0,0,30756
ST038,站点-038,L7号线,2026-04-13,9,0,0,13462
ST038,站点-038,L7号线,2026-04-13,12,0,0,11892
ST038,站点-038,L7号线,2026-04-13,18,0,0,26985
ST038,站点-038,L7号线,2026-04-13,19,0,0,31751
ST038,站点-038,L7号线,2026-04-13,20,0,0,13849
ST038,站点-038,L7号线,2026-04-14,7,0,0,27793
ST038,站点-038,L7号线,2026-04-14,8,0,0,29743
ST038,站点-038,L7号线,2026-04-14,9,0,0,11647
ST038,站点-038,L7号线,2026-04-14,12,0,0,12402
ST038,站点-038,L7号线,2026-04-14,18,0,0,31761
ST038,站点-038,L7号线,2026-04-14,19,0,0,30809
ST038,站点-038,L7号线,2026-04-14,20,0,0,12849
ST038,站点-038,L7号线,2026-04-15,7,0,1,30620
ST038,站点-038,L7号线,2026-04-15,8,0,1,31021
ST038,站点-038,L7号线,2026-04-15,9,0,1,10896
ST038,站点-038,L7号线,2026-04-15,12,0,1,12052
ST038,站点-038,L7号线,2026-04-15,18,0,1,28906
ST038,站点-038,L7号线,2026-04-15,19,0,1,34282
ST038,站点-038,L7号线,2026-04-15,20,0,1,12134
ST038,站点-038,L7号线,2026-04-16,7,0,0,32019
ST038,站点-038,L7号线,2026-04-16,8,0,0,31751
ST038,站点-038,L7号线,2026-04-16,9,0,0,11944
ST038,站点-038,L7号线,2026-04-16,12,0,0,13759
ST038,站点-038,L7号线,2026-04-16,18,0,0,32527
ST038,站点-038,L7号线,2026-04-16,19,0,0,34119
ST038,站点-038,L7号线,2026-04-16,20,0,0,10853
ST038,站点-038,L7号线,2026-04-17,7,0,0,27724
ST038,站点-038,L7号线,2026-04-17,8,0,0,27229
ST038,站点-038,L7号线,2026-04-17,9,0,0,11047
ST038,站点-038,L7号线,2026-04-17,12,0,0,13879
ST038,站点-038,L7号线,2026-04-17,18,0,0,27499
ST038,站点-038,L7号线,2026-04-17,19,0,0,28632
ST038,站点-038,L7号线,2026-04-17,20,0,0,12876
ST038,站点-038,L7号线,2026-04-18,7,1,0,21970
ST038,站点-038,L7号线,2026-04-18,8,1,0,19898
ST038,站点-038,L7号线,2026-04-18,9,1,0,9591
ST038,站点-038,L7号线,2026-04-18,12,1,0,7528
ST038,站点-038,L7号线,2026-04-18,18,1,0,23128
ST038,站点-038,L7号线,2026-04-18,19,1,0,22883
ST038,站点-038,L7号线,2026-04-18,20,1,0,8779
ST038,站点-038,L7号线,2026-04-19,7,1,0,20104
ST038,站点-038,L7号线,2026-04-19,8,1,0,19441
ST038,站点-038,L7号线,2026-04-19,9,1,0,8664
ST038,站点-038,L7号线,2026-04-19,12,1,0,9348
ST038,站点-038,L7号线,2026-04-19,18,1,0,23229
ST038,站点-038,L7号线,2026-04-19,19,1,0,22350
ST038,站点-038,L7号线,2026-04-19,20,1,0,9290
ST038,站点-038,L7号线,2026-04-20,7,0,0,30644
ST038,站点-038,L7号线,2026-04-20,8,0,0,31240
ST038,站点-038,L7号线,2026-04-20,9,0,0,13450
ST038,站点-038,L7号线,2026-04-20,12,0,0,10726
ST038,站点-038,L7号线,2026-04-20,18,0,0,33363
ST038,站点-038,L7号线,2026-04-20,19,0,0,33474
ST038,站点-038,L7号线,2026-04-20,20,0,0,13489
ST038,站点-038,L7号线,2026-04-21,7,0,0,28048
ST038,站点-038,L7号线,2026-04-21,8,0,0,33738
ST038,站点-038,L7号线,2026-04-21,9,0,0,13430
ST038,站点-038,L7号线,2026-04-21,12,0,0,11941
ST038,站点-038,L7号线,2026-04-21,18,0,0,32147
ST038,站点-038,L7号线,2026-04-21,19,0,0,31594
ST038,站点-038,L7号线,2026-04-21,20,0,0,12697
ST038,站点-038,L7号线,2026-04-22,7,0,0,34112
ST038,站点-038,L7号线,2026-04-22,8,0,0,30691
ST038,站点-038,L7号线,2026-04-22,9,0,0,13801
ST038,站点-038,L7号线,2026-04-22,12,0,0,12754
ST038,站点-038,L7号线,2026-04-22,18,0,0,27204
ST038,站点-038,L7号线,2026-04-22,19,0,0,35271
ST038,站点-038,L7号线,2026-04-22,20,0,0,13945
ST038,站点-038,L7号线,2026-04-23,7,0,0,32000
ST038,站点-038,L7号线,2026-04-23,8,0,0,32911
ST038,站点-038,L7号线,2026-04-23,9,0,0,12029
ST038,站点-038,L7号线,2026-04-23,12,0,0,13491
ST038,站点-038,L7号线,2026-04-23,18,0,0,32432
ST038,站点-038,L7号线,2026-04-23,19,0,0,29613
ST038,站点-038,L7号线,2026-04-23,20,0,0,11091
ST038,站点-038,L7号线,2026-04-24,7,0,0,26970
ST038,站点-038,L7号线,2026-04-24,8,0,0,30883
ST038,站点-038,L7号线,2026-04-24,9,0,0,10657
ST038,站点-038,L7号线,2026-04-24,12,0,0,13427
ST038,站点-038,L7号线,2026-04-24,18,0,0,28869
ST038,站点-038,L7号线,2026-04-24,19,0,0,35061
ST038,站点-038,L7号线,2026-04-24,20,0,0,11949
ST038,站点-038,L7号线,2026-04-25,7,1,0,24263
ST038,站点-038,L7号线,2026-04-25,8,1,0,22787
ST038,站点-038,L7号线,2026-04-25,9,1,0,7708
ST038,站点-038,L7号线,2026-04-25,12,1,0,7618
ST038,站点-038,L7号线,2026-04-25,18,1,0,20760
ST038,站点-038,L7号线,2026-04-25,19,1,0,21715
ST038,站点-038,L7号线,2026-04-25,20,1,0,9312
ST038,站点-038,L7号线,2026-04-26,7,1,0,20750
ST038,站点-038,L7号线,2026-04-26,8,1,0,23136
ST038,站点-038,L7号线,2026-04-26,9,1,0,9551
ST038,站点-038,L7号线,2026-04-26,12,1,0,9672
ST038,站点-038,L7号线,2026-04-26,18,1,0,22827
ST038,站点-038,L7号线,2026-04-26,19,1,0,20494
ST038,站点-038,L7号线,2026-04-26,20,1,0,9392
ST038,站点-038,L7号线,2026-04-27,7,0,0,27623
ST038,站点-038,L7号线,2026-04-27,8,0,0,31104
ST038,站点-038,L7号线,2026-04-27,9,0,0,11097
ST038,站点-038,L7号线,2026-04-27,12,0,0,11353
ST038,站点-038,L7号线,2026-04-27,18,0,0,35257
ST038,站点-038,L7号线,2026-04-27,19,0,0,31905
ST038,站点-038,L7号线,2026-04-27,20,0,0,13284
ST038,站点-038,L7号线,2026-04-28,7,0,0,32819
ST038,站点-038,L7号线,2026-04-28,8,0,0,28743
ST038,站点-038,L7号线,2026-04-28,9,0,0,12563
ST038,站点-038,L7号线,2026-04-28,12,0,0,10822
ST038,站点-038,L7号线,2026-04-28,18,0,0,30429
ST038,站点-038,L7号线,2026-04-28,19,0,0,27013
ST038,站点-038,L7号线,2026-04-28,20,0,0,12903
ST038,站点-038,L7号线,2026-04-29,7,0,0,33070
ST038,站点-038,L7号线,2026-04-29,8,0,0,34227
ST038,站点-038,L7号线,2026-04-29,9,0,0,13940
ST038,站点-038,L7号线,2026-04-29,12,0,0,11042
ST038,站点-038,L7号线,2026-04-29,18,0,0,27309
ST038,站点-038,L7号线,2026-04-29,19,0,0,26221
ST038,站点-038,L7号线,2026-04-29,20,0,0,12546
ST038,站点-038,L7号线,2026-04-30,7,0,0,34772
ST038,站点-038,L7号线,2026-04-30,8,0,0,28353
ST038,站点-038,L7号线,2026-04-30,9,0,0,10690
ST038,站点-038,L7号线,2026-04-30,12,0,0,12979
ST038,站点-038,L7号线,2026-04-30,18,0,0,35345
ST038,站点-038,L7号线,2026-04-30,19,0,0,33200
ST038,站点-038,L7号线,2026-04-30,20,0,0,12469
ST039,站点-039,L9号线,2026-04-01,7,0,0,9519
ST039,站点-039,L9号线,2026-04-01,8,0,0,9319
ST039,站点-039,L9号线,2026-04-01,9,0,0,3551
ST039,站点-039,L9号线,2026-04-01,12,0,0,4096
ST039,站点-039,L9号线,2026-04-01,18,0,0,10353
ST039,站点-039,L9号线,2026-04-01,19,0,0,8984
ST039,站点-039,L9号线,2026-04-01,20,0,0,4114
ST039,站点-039,L9号线,2026-04-02,7,0,0,9742
ST039,站点-039,L9号线,2026-04-02,8,0,0,9644
ST039,站点-039,L9号线,2026-04-02,9,0,0,3084
ST039,站点-039,L9号线,2026-04-02,12,0,0,3960
ST039,站点-039,L9号线,2026-04-02,18,0,0,8595
ST039,站点-039,L9号线,2026-04-02,19,0,0,9127
ST039,站点-039,L9号线,2026-04-02,20,0,0,3406
ST039,站点-039,L9号线,2026-04-03,7,0,0,9355
ST039,站点-039,L9号线,2026-04-03,8,0,0,7986
ST039,站点-039,L9号线,2026-04-03,9,0,0,3441
ST039,站点-039,L9号线,2026-04-03,12,0,0,3196
ST039,站点-039,L9号线,2026-04-03,18,0,0,8671
ST039,站点-039,L9号线,2026-04-03,19,0,0,10245
ST039,站点-039,L9号线,2026-04-03,20,0,0,4139
ST039,站点-039,L9号线,2026-04-04,7,1,0,5997
ST039,站点-039,L9号线,2026-04-04,8,1,0,6203
ST039,站点-039,L9号线,2026-04-04,9,1,0,2187
ST039,站点-039,L9号线,2026-04-04,12,1,0,2666
ST039,站点-039,L9号线,2026-04-04,18,1,0,7135
ST039,站点-039,L9号线,2026-04-04,19,1,0,6642
ST039,站点-039,L9号线,2026-04-04,20,1,0,2149
ST039,站点-039,L9号线,2026-04-05,7,1,0,5682
ST039,站点-039,L9号线,2026-04-05,8,1,0,6822
ST039,站点-039,L9号线,2026-04-05,9,1,0,2463
ST039,站点-039,L9号线,2026-04-05,12,1,0,2570
ST039,站点-039,L9号线,2026-04-05,18,1,0,7084
ST039,站点-039,L9号线,2026-04-05,19,1,0,6765
ST039,站点-039,L9号线,2026-04-05,20,1,0,2596
ST039,站点-039,L9号线,2026-04-06,7,0,0,9887
ST039,站点-039,L9号线,2026-04-06,8,0,0,9763
ST039,站点-039,L9号线,2026-04-06,9,0,0,3211
ST039,站点-039,L9号线,2026-04-06,12,0,0,3467
ST039,站点-039,L9号线,2026-04-06,18,0,0,8041
ST039,站点-039,L9号线,2026-04-06,19,0,0,9771
ST039,站点-039,L9号线,2026-04-06,20,0,0,4075
ST039,站点-039,L9号线,2026-04-07,7,0,0,9703
ST039,站点-039,L9号线,2026-04-07,8,0,0,9862
ST039,站点-039,L9号线,2026-04-07,9,0,0,3474
ST039,站点-039,L9号线,2026-04-07,12,0,0,4052
ST039,站点-039,L9号线,2026-04-07,18,0,0,8104
ST039,站点-039,L9号线,2026-04-07,19,0,0,10173
ST039,站点-039,L9号线,2026-04-07,20,0,0,3887
ST039,站点-039,L9号线,2026-04-08,7,0,0,7962
ST039,站点-039,L9号线,2026-04-08,8,0,0,9325
ST039,站点-039,L9号线,2026-04-08,9,0,0,3934
ST039,站点-039,L9号线,2026-04-08,12,0,0,3301
ST039,站点-039,L9号线,2026-04-08,18,0,0,10289
ST039,站点-039,L9号线,2026-04-08,19,0,0,9642
ST039,站点-039,L9号线,2026-04-08,20,0,0,3516
ST039,站点-039,L9号线,2026-04-09,7,0,0,10055
ST039,站点-039,L9号线,2026-04-09,8,0,0,8756
ST039,站点-039,L9号线,2026-04-09,9,0,0,3564
ST039,站点-039,L9号线,2026-04-09,12,0,0,3333
ST039,站点-039,L9号线,2026-04-09,18,0,0,10342
ST039,站点-039,L9号线,2026-04-09,19,0,0,10244
ST039,站点-039,L9号线,2026-04-09,20,0,0,3225
ST039,站点-039,L9号线,2026-04-10,7,0,0,7749
ST039,站点-039,L9号线,2026-04-10,8,0,0,10118
ST039,站点-039,L9号线,2026-04-10,9,0,0,4011
ST039,站点-039,L9号线,2026-04-10,12,0,0,4082
ST039,站点-039,L9号线,2026-04-10,18,0,0,8492
ST039,站点-039,L9号线,2026-04-10,19,0,0,9280
ST039,站点-039,L9号线,2026-04-10,20,0,0,3174
ST039,站点-039,L9号线,2026-04-11,7,1,0,6717
ST039,站点-039,L9号线,2026-04-11,8,1,0,5677
ST039,站点-039,L9号线,2026-04-11,9,1,0,2502
ST039,站点-039,L9号线,2026-04-11,12,1,0,2409
ST039,站点-039,L9号线,2026-04-11,18,1,0,6192
ST039,站点-039,L9号线,2026-04-11,19,1,0,6516
ST039,站点-039,L9号线,2026-04-11,20,1,0,2484
ST039,站点-039,L9号线,2026-04-12,7,1,0,6582
ST039,站点-039,L9号线,2026-04-12,8,1,0,5913
ST039,站点-039,L9号线,2026-04-12,9,1,0,2819
ST039,站点-039,L9号线,2026-04-12,12,1,0,2744
ST039,站点-039,L9号线,2026-04-12,18,1,0,6595
ST039,站点-039,L9号线,2026-04-12,19,1,0,5464
ST039,站点-039,L9号线,2026-04-12,20,1,0,2166
ST039,站点-039,L9号线,2026-04-13,7,0,0,7792
ST039,站点-039,L9号线,2026-04-13,8,0,0,7700
ST039,站点-039,L9号线,2026-04-13,9,0,0,3457
ST039,站点-039,L9号线,2026-04-13,12,0,0,3698
ST039,站点-039,L9号线,2026-04-13,18,0,0,7919
ST039,站点-039,L9号线,2026-04-13,19,0,0,9679
ST039,站点-039,L9号线,2026-04-13,20,0,0,3237
ST039,站点-039,L9号线,2026-04-14,7,0,0,8927
ST039,站点-039,L9号线,2026-04-14,8,0,0,8015
ST039,站点-039,L9号线,2026-04-14,9,0,0,3621
ST039,站点-039,L9号线,2026-04-14,12,0,0,3621
ST039,站点-039,L9号线,2026-04-14,18,0,0,8786
ST039,站点-039,L9号线,2026-04-14,19,0,0,9561
ST039,站点-039,L9号线,2026-04-14,20,0,0,3181
ST039,站点-039,L9号线,2026-04-15,7,0,1,10340
ST039,站点-039,L9号线,2026-04-15,8,0,1,9649
ST039,站点-039,L9号线,2026-04-15,9,0,1,3884
ST039,站点-039,L9号线,2026-04-15,12,0,1,3094
ST039,站点-039,L9号线,2026-04-15,18,0,1,7886
ST039,站点-039,L9号线,2026-04-15,19,0,1,8724
ST039,站点-039,L9号线,2026-04-15,20,0,1,3268
ST039,站点-039,L9号线,2026-04-16,7,0,0,9342
ST039,站点-039,L9号线,2026-04-16,8,0,0,9403
ST039,站点-039,L9号线,2026-04-16,9,0,0,3466
ST039,站点-039,L9号线,2026-04-16,12,0,0,3795
ST039,站点-039,L9号线,2026-04-16,18,0,0,9763
ST039,站点-039,L9号线,2026-04-16,19,0,0,8926
ST039,站点-039,L9号线,2026-04-16,20,0,0,3468
ST039,站点-039,L9号线,2026-04-17,7,0,0,9975
ST039,站点-039,L9号线,2026-04-17,8,0,0,10335
ST039,站点-039,L9号线,2026-04-17,9,0,0,3322
ST039,站点-039,L9号线,2026-04-17,12,0,0,4019
ST039,站点-039,L9号线,2026-04-17,18,0,0,10025
ST039,站点-039,L9号线,2026-04-17,19,0,0,10341
ST039,站点-039,L9号线,2026-04-17,20,0,0,3074
ST039,站点-039,L9号线,2026-04-18,7,1,0,7032
ST039,站点-039,L9号线,2026-04-18,8,1,0,5554
ST039,站点-039,L9号线,2026-04-18,9,1,0,2149
ST039,站点-039,L9号线,2026-04-18,12,1,0,2782
ST039,站点-039,L9号线,2026-04-18,18,1,0,5389
ST039,站点-039,L9号线,2026-04-18,19,1,0,5770
ST039,站点-039,L9号线,2026-04-18,20,1,0,2377
ST039,站点-039,L9号线,2026-04-19,7,1,0,7131
ST039,站点-039,L9号线,2026-04-19,8,1,0,6567
ST039,站点-039,L9号线,2026-04-19,9,1,0,2158
ST039,站点-039,L9号线,2026-04-19,12,1,0,2518
ST039,站点-039,L9号线,2026-04-19,18,1,0,5409
ST039,站点-039,L9号线,2026-04-19,19,1,0,7195
ST039,站点-039,L9号线,2026-04-19,20,1,0,2173
ST039,站点-039,L9号线,2026-04-20,7,0,0,8113
ST039,站点-039,L9号线,2026-04-20,8,0,0,8348
ST039,站点-039,L9号线,2026-04-20,9,0,0,3898
ST039,站点-039,L9号线,2026-04-20,12,0,0,3329
ST039,站点-039,L9号线,2026-04-20,18,0,0,9167
ST039,站点-039,L9号线,2026-04-20,19,0,0,9540
ST039,站点-039,L9号线,2026-04-20,20,0,0,3869
ST039,站点-039,L9号线,2026-04-21,7,0,0,10314
ST039,站点-039,L9号线,2026-04-21,8,0,0,8725
ST039,站点-039,L9号线,2026-04-21,9,0,0,3806
ST039,站点-039,L9号线,2026-04-21,12,0,0,3301
ST039,站点-039,L9号线,2026-04-21,18,0,0,9655
ST039,站点-039,L9号线,2026-04-21,19,0,0,10021
ST039,站点-039,L9号线,2026-04-21,20,0,0,3694
ST039,站点-039,L9号线,2026-04-22,7,0,0,9113
ST039,站点-039,L9号线,2026-04-22,8,0,0,9128
ST039,站点-039,L9号线,2026-04-22,9,0,0,3729
ST039,站点-039,L9号线,2026-04-22,12,0,0,3638
ST039,站点-039,L9号线,2026-04-22,18,0,0,10078
ST039,站点-039,L9号线,2026-04-22,19,0,0,8984
ST039,站点-039,L9号线,2026-04-22,20,0,0,3215
ST039,站点-039,L9号线,2026-04-23,7,0,0,9467
ST039,站点-039,L9号线,2026-04-23,8,0,0,9434
ST039,站点-039,L9号线,2026-04-23,9,0,0,3323
ST039,站点-039,L9号线,2026-04-23,12,0,0,3213
ST039,站点-039,L9号线,2026-04-23,18,0,0,7964
ST039,站点-039,L9号线,2026-04-23,19,0,0,9093
ST039,站点-039,L9号线,2026-04-23,20,0,0,3154
ST039,站点-039,L9号线,2026-04-24,7,0,0,8198
ST039,站点-039,L9号线,2026-04-24,8,0,0,7874
ST039,站点-039,L9号线,2026-04-24,9,0,0,4053
ST039,站点-039,L9号线,2026-04-24,12,0,0,3712
ST039,站点-039,L9号线,2026-04-24,18,0,0,9450
ST039,站点-039,L9号线,2026-04-24,19,0,0,8379
ST039,站点-039,L9号线,2026-04-24,20,0,0,3661
ST039,站点-039,L9号线,2026-04-25,7,1,0,7205
ST039,站点-039,L9号线,2026-04-25,8,1,0,6087
ST039,站点-039,L9号线,2026-04-25,9,1,0,2245
ST039,站点-039,L9号线,2026-04-25,12,1,0,2400
ST039,站点-039,L9号线,2026-04-25,18,1,0,6552
ST039,站点-039,L9号线,2026-04-25,19,1,0,6412
ST039,站点-039,L9号线,2026-04-25,20,1,0,2757
ST039,站点-039,L9号线,2026-04-26,7,1,0,6768
ST039,站点-039,L9号线,2026-04-26,8,1,0,6110
ST039,站点-039,L9号线,2026-04-26,9,1,0,2546
ST039,站点-039,L9号线,2026-04-26,12,1,0,2813
ST039,站点-039,L9号线,2026-04-26,18,1,0,6297
ST039,站点-039,L9号线,2026-04-26,19,1,0,6874
ST039,站点-039,L9号线,2026-04-26,20,1,0,2459
ST039,站点-039,L9号线,2026-04-27,7,0,0,8799
ST039,站点-039,L9号线,2026-04-27,8,0,0,8326
ST039,站点-039,L9号线,2026-04-27,9,0,0,3308
ST039,站点-039,L9号线,2026-04-27,12,0,0,3083
ST039,站点-039,L9号线,2026-04-27,18,0,0,9777
ST039,站点-039,L9号线,2026-04-27,19,0,0,8711
ST039,站点-039,L9号线,2026-04-27,20,0,0,3379
ST039,站点-039,L9号线,2026-04-28,7,0,0,9819
ST039,站点-039,L9号线,2026-04-28,8,0,0,7848
ST039,站点-039,L9号线,2026-04-28,9,0,0,3667
ST039,站点-039,L9号线,2026-04-28,12,0,0,3790
ST039,站点-039,L9号线,2026-04-28,18,0,0,8263
ST039,站点-039,L9号线,2026-04-28,19,0,0,10092
ST039,站点-039,L9号线,2026-04-28,20,0,0,3503
ST039,站点-039,L9号线,2026-04-29,7,0,0,8051
ST039,站点-039,L9号线,2026-04-29,8,0,0,8921
ST039,站点-039,L9号线,2026-04-29,9,0,0,3210
ST039,站点-039,L9号线,2026-04-29,12,0,0,3758
ST039,站点-039,L9号线,2026-04-29,18,0,0,9009
ST039,站点-039,L9号线,2026-04-29,19,0,0,9161
ST039,站点-039,L9号线,2026-04-29,20,0,0,3090
ST039,站点-039,L9号线,2026-04-30,7,0,0,9541
ST039,站点-039,L9号线,2026-04-30,8,0,0,7760
ST039,站点-039,L9号线,2026-04-30,9,0,0,3987
ST039,站点-039,L9号线,2026-04-30,12,0,0,3377
ST039,站点-039,L9号线,2026-04-30,18,0,0,9408
ST039,站点-039,L9号线,2026-04-30,19,0,0,10333
ST039,站点-039,L9号线,2026-04-30,20,0,0,3836
ST040,站点-040,L10号线,2026-04-01,7,0,0,43277
ST040,站点-040,L10号线,2026-04-01,8,0,0,43525
ST040,站点-040,L10号线,2026-04-01,9,0,0,15170
ST040,站点-040,L10号线,2026-04-01,12,0,0,14118
ST040,站点-040,L10号线,2026-04-01,18,0,0,39053
ST040,站点-040,L10号线,2026-04-01,19,0,0,44914
ST040,站点-040,L10号线,2026-04-01,20,0,0,13791
ST040,站点-040,L10号线,2026-04-02,7,0,0,42980
ST040,站点-040,L10号线,2026-04-02,8,0,0,33575
ST040,站点-040,L10号线,2026-04-02,9,0,0,14756
ST040,站点-040,L10号线,2026-04-02,12,0,0,15480
ST040,站点-040,L10号线,2026-04-02,18,0,0,41084
ST040,站点-040,L10号线,2026-04-02,19,0,0,39943
ST040,站点-040,L10号线,2026-04-02,20,0,0,16651
ST040,站点-040,L10号线,2026-04-03,7,0,0,36033
ST040,站点-040,L10号线,2026-04-03,8,0,0,35362
ST040,站点-040,L10号线,2026-04-03,9,0,0,16650
ST040,站点-040,L10号线,2026-04-03,12,0,0,13684
ST040,站点-040,L10号线,2026-04-03,18,0,0,35449
ST040,站点-040,L10号线,2026-04-03,19,0,0,33550
ST040,站点-040,L10号线,2026-04-03,20,0,0,14922
ST040,站点-040,L10号线,2026-04-04,7,1,0,24384
ST040,站点-040,L10号线,2026-04-04,8,1,0,27035
ST040,站点-040,L10号线,2026-04-04,9,1,0,11053
ST040,站点-040,L10号线,2026-04-04,12,1,0,10064
ST040,站点-040,L10号线,2026-04-04,18,1,0,27816
ST040,站点-040,L10号线,2026-04-04,19,1,0,31372
ST040,站点-040,L10号线,2026-04-04,20,1,0,12560
ST040,站点-040,L10号线,2026-04-05,7,1,0,27159
ST040,站点-040,L10号线,2026-04-05,8,1,0,29177
ST040,站点-040,L10号线,2026-04-05,9,1,0,11201
ST040,站点-040,L10号线,2026-04-05,12,1,0,10389
ST040,站点-040,L10号线,2026-04-05,18,1,0,29130
ST040,站点-040,L10号线,2026-04-05,19,1,0,28155
ST040,站点-040,L10号线,2026-04-05,20,1,0,12098
ST040,站点-040,L10号线,2026-04-06,7,0,0,39766
ST040,站点-040,L10号线,2026-04-06,8,0,0,44188
ST040,站点-040,L10号线,2026-04-06,9,0,0,15964
ST040,站点-040,L10号线,2026-04-06,12,0,0,15271
ST040,站点-040,L10号线,2026-04-06,18,0,0,38179
ST040,站点-040,L10号线,2026-04-06,19,0,0,44594
ST040,站点-040,L10号线,2026-04-06,20,0,0,13417
ST040,站点-040,L10号线,2026-04-07,7,0,0,33871
ST040,站点-040,L10号线,2026-04-07,8,0,0,43680
ST040,站点-040,L10号线,2026-04-07,9,0,0,15199
ST040,站点-040,L10号线,2026-04-07,12,0,0,15078
ST040,站点-040,L10号线,2026-04-07,18,0,0,36847
ST040,站点-040,L10号线,2026-04-07,19,0,0,35972
ST040,站点-040,L10号线,2026-04-07,20,0,0,15476
ST040,站点-040,L10号线,2026-04-08,7,0,0,43714
ST040,站点-040,L10号线,2026-04-08,8,0,0,38728
ST040,站点-040,L10号线,2026-04-08,9,0,0,13706
ST040,站点-040,L10号线,2026-04-08,12,0,0,14320
ST040,站点-040,L10号线,2026-04-08,18,0,0,41368
ST040,站点-040,L10号线,2026-04-08,19,0,0,35845
ST040,站点-040,L10号线,2026-04-08,20,0,0,17877
ST040,站点-040,L10号线,2026-04-09,7,0,0,41665
ST040,站点-040,L10号线,2026-04-09,8,0,0,44184
ST040,站点-040,L10号线,2026-04-09,9,0,0,17564
ST040,站点-040,L10号线,2026-04-09,12,0,0,14274
ST040,站点-040,L10号线,2026-04-09,18,0,0,35714
ST040,站点-040,L10号线,2026-04-09,19,0,0,34609
ST040,站点-040,L10号线,2026-04-09,20,0,0,16257
ST040,站点-040,L10号线,2026-04-10,7,0,0,38226
ST040,站点-040,L10号线,2026-04-10,8,0,0,42912
ST040,站点-040,L10号线,2026-04-10,9,0,0,13938
ST040,站点-040,L10号线,2026-04-10,12,0,0,14864
ST040,站点-040,L10号线,2026-04-10,18,0,0,41786
ST040,站点-040,L10号线,2026-04-10,19,0,0,41355
ST040,站点-040,L10号线,2026-04-10,20,0,0,13631
ST040,站点-040,L10号线,2026-04-11,7,1,0,30072
ST040,站点-040,L10号线,2026-04-11,8,1,0,31194
ST040,站点-040,L10号线,2026-04-11,9,1,0,10274
ST040,站点-040,L10号线,2026-04-11,12,1,0,11145
ST040,站点-040,L10号线,2026-04-11,18,1,0,25324
ST040,站点-040,L10号线,2026-04-11,19,1,0,28266
ST040,站点-040,L10号线,2026-04-11,20,1,0,10219
ST040,站点-040,L10号线,2026-04-12,7,1,0,29348
ST040,站点-040,L10号线,2026-04-12,8,1,0,31095
ST040,站点-040,L10号线,2026-04-12,9,1,0,12036
ST040,站点-040,L10号线,2026-04-12,12,1,0,11517
ST040,站点-040,L10号线,2026-04-12,18,1,0,27215
ST040,站点-040,L10号线,2026-04-12,19,1,0,27156
ST040,站点-040,L10号线,2026-04-12,20,1,0,10957
ST040,站点-040,L10号线,2026-04-13,7,0,0,34161
ST040,站点-040,L10号线,2026-04-13,8,0,0,43856
ST040,站点-040,L10号线,2026-04-13,9,0,0,16148
ST040,站点-040,L10号线,2026-04-13,12,0,0,16750
ST040,站点-040,L10号线,2026-04-13,18,0,0,36090
ST040,站点-040,L10号线,2026-04-13,19,0,0,35806
ST040,站点-040,L10号线,2026-04-13,20,0,0,16737
ST040,站点-040,L10号线,2026-04-14,7,0,0,42711
ST040,站点-040,L10号线,2026-04-14,8,0,0,37796
ST040,站点-040,L10号线,2026-04-14,9,0,0,17373
ST040,站点-040,L10号线,2026-04-14,12,0,0,17469
ST040,站点-040,L10号线,2026-04-14,18,0,0,43677
ST040,站点-040,L10号线,2026-04-14,19,0,0,35650
ST040,站点-040,L10号线,2026-04-14,20,0,0,16467
ST040,站点-040,L10号线,2026-04-15,7,0,1,38696
ST040,站点-040,L10号线,2026-04-15,8,0,1,42959
ST040,站点-040,L10号线,2026-04-15,9,0,1,17769
ST040,站点-040,L10号线,2026-04-15,12,0,1,15102
ST040,站点-040,L10号线,2026-04-15,18,0,1,38832
ST040,站点-040,L10号线,2026-04-15,19,0,1,40212
ST040,站点-040,L10号线,2026-04-15,20,0,1,15063
ST040,站点-040,L10号线,2026-04-16,7,0,0,42807
ST040,站点-040,L10号线,2026-04-16,8,0,0,40605
ST040,站点-040,L10号线,2026-04-16,9,0,0,17417
ST040,站点-040,L10号线,2026-04-16,12,0,0,16417
ST040,站点-040,L10号线,2026-04-16,18,0,0,39117
ST040,站点-040,L10号线,2026-04-16,19,0,0,39238
ST040,站点-040,L10号线,2026-04-16,20,0,0,17431
ST040,站点-040,L10号线,2026-04-17,7,0,0,43743
ST040,站点-040,L10号线,2026-04-17,8,0,0,35456
ST040,站点-040,L10号线,2026-04-17,9,0,0,17004
ST040,站点-040,L10号线,2026-04-17,12,0,0,16322
ST040,站点-040,L10号线,2026-04-17,18,0,0,39467
ST040,站点-040,L10号线,2026-04-17,19,0,0,40615
ST040,站点-040,L10号线,2026-04-17,20,0,0,15610
ST040,站点-040,L10号线,2026-04-18,7,1,0,24528
ST040,站点-040,L10号线,2026-04-18,8,1,0,31322
ST040,站点-040,L10号线,2026-04-18,9,1,0,12405
ST040,站点-040,L10号线,2026-04-18,12,1,0,10115
ST040,站点-040,L10号线,2026-04-18,18,1,0,30888
ST040,站点-040,L10号线,2026-04-18,19,1,0,25027
ST040,站点-040,L10号线,2026-04-18,20,1,0,10030
ST040,站点-040,L10号线,2026-04-19,7,1,0,29931
ST040,站点-040,L10号线,2026-04-19,8,1,0,28111
ST040,站点-040,L10号线,2026-04-19,9,1,0,9831
ST040,站点-040,L10号线,2026-04-19,12,1,0,10808
ST040,站点-040,L10号线,2026-04-19,18,1,0,24991
ST040,站点-040,L10号线,2026-04-19,19,1,0,23688
ST040,站点-040,L10号线,2026-04-19,20,1,0,12449
ST040,站点-040,L10号线,2026-04-20,7,0,0,42588
ST040,站点-040,L10号线,2026-04-20,8,0,0,42902
ST040,站点-040,L10号线,2026-04-20,9,0,0,15326
ST040,站点-040,L10号线,2026-04-20,12,0,0,17486
ST040,站点-040,L10号线,2026-04-20,18,0,0,44759
ST040,站点-040,L10号线,2026-04-20,19,0,0,34335
ST040,站点-040,L10号线,2026-04-20,20,0,0,17854
ST040,站点-040,L10号线,2026-04-21,7,0,0,38393
ST040,站点-040,L10号线,2026-04-21,8,0,0,34415
ST040,站点-040,L10号线,2026-04-21,9,0,0,13599
ST040,站点-040,L10号线,2026-04-21,12,0,0,17223
ST040,站点-040,L10号线,2026-04-21,18,0,0,38016
ST040,站点-040,L10号线,2026-04-21,19,0,0,44654
ST040,站点-040,L10号线,2026-04-21,20,0,0,16212
ST040,站点-040,L10号线,2026-04-22,7,0,0,38163
ST040,站点-040,L10号线,2026-04-22,8,0,0,34377
ST040,站点-040,L10号线,2026-04-22,9,0,0,14425
ST040,站点-040,L10号线,2026-04-22,12,0,0,16219
ST040,站点-040,L10号线,2026-04-22,18,0,0,42016
ST040,站点-040,L10号线,2026-04-22,19,0,0,42646
ST040,站点-040,L10号线,2026-04-22,20,0,0,17337
ST040,站点-040,L10号线,2026-04-23,7,0,0,44649
ST040,站点-040,L10号线,2026-04-23,8,0,0,38027
ST040,站点-040,L10号线,2026-04-23,9,0,0,16325
ST040,站点-040,L10号线,2026-04-23,12,0,0,16804
ST040,站点-040,L10号线,2026-04-23,18,0,0,44184
ST040,站点-040,L10号线,2026-04-23,19,0,0,41372
ST040,站点-040,L10号线,2026-04-23,20,0,0,14429
ST040,站点-040,L10号线,2026-04-24,7,0,0,37297
ST040,站点-040,L10号线,2026-04-24,8,0,0,40863
ST040,站点-040,L10号线,2026-04-24,9,0,0,13852
ST040,站点-040,L10号线,2026-04-24,12,0,0,15804
ST040,站点-040,L10号线,2026-04-24,18,0,0,35908
ST040,站点-040,L10号线,2026-04-24,19,0,0,44468
ST040,站点-040,L10号线,2026-04-24,20,0,0,17689
ST040,站点-040,L10号线,2026-04-25,7,1,0,28190
ST040,站点-040,L10号线,2026-04-25,8,1,0,30680
ST040,站点-040,L10号线,2026-04-25,9,1,0,9887
ST040,站点-040,L10号线,2026-04-25,12,1,0,9513
ST040,站点-040,L10号线,2026-04-25,18,1,0,29759
ST040,站点-040,L10号线,2026-04-25,19,1,0,28142
ST040,站点-040,L10号线,2026-04-25,20,1,0,10688
ST040,站点-040,L10号线,2026-04-26,7,1,0,29963
ST040,站点-040,L10号线,2026-04-26,8,1,0,30669
ST040,站点-040,L10号线,2026-04-26,9,1,0,10769
ST040,站点-040,L10号线,2026-04-26,12,1,0,12523
ST040,站点-040,L10号线,2026-04-26,18,1,0,26748
ST040,站点-040,L10号线,2026-04-26,19,1,0,28294
ST040,站点-040,L10号线,2026-04-26,20,1,0,10304
ST040,站点-040,L10号线,2026-04-27,7,0,0,34101
ST040,站点-040,L10号线,2026-04-27,8,0,0,33839
ST040,站点-040,L10号线,2026-04-27,9,0,0,15411
ST040,站点-040,L10号线,2026-04-27,12,0,0,14292
ST040,站点-040,L10号线,2026-04-27,18,0,0,44582
ST040,站点-040,L10号线,2026-04-27,19,0,0,35339
ST040,站点-040,L10号线,2026-04-27,20,0,0,14347
ST040,站点-040,L10号线,2026-04-28,7,0,0,38697
ST040,站点-040,L10号线,2026-04-28,8,0,0,44089
ST040,站点-040,L10号线,2026-04-28,9,0,0,14049
ST040,站点-040,L10号线,2026-04-28,12,0,0,14863
ST040,站点-040,L10号线,2026-04-28,18,0,0,37011
ST040,站点-040,L10号线,2026-04-28,19,0,0,34093
ST040,站点-040,L10号线,2026-04-28,20,0,0,15206
ST040,站点-040,L10号线,2026-04-29,7,0,0,37589
ST040,站点-040,L10号线,2026-04-29,8,0,0,37440
ST040,站点-040,L10号线,2026-04-29,9,0,0,16345
ST040,站点-040,L10号线,2026-04-29,12,0,0,17354
ST040,站点-040,L10号线,2026-04-29,18,0,0,33593
ST040,站点-040,L10号线,2026-04-29,19,0,0,40596
ST040,站点-040,L10号线,2026-04-29,20,0,0,14279
ST040,站点-040,L10号线,2026-04-30,7,0,0,41585
ST040,站点-040,L10号线,2026-04-30,8,0,0,42090
ST040,站点-040,L10号线,2026-04-30,9,0,0,13666
ST040,站点-040,L10号线,2026-04-30,12,0,0,14892
ST040,站点-040,L10号线,2026-04-30,18,0,0,34337
ST040,站点-040,L10号线,2026-04-30,19,0,0,41484
ST040,站点-040,L10号线,2026-04-30,20,0,0,14244
ST041,站点-041,L9号线,2026-04-01,7,0,0,19488
ST041,站点-041,L9号线,2026-04-01,8,0,0,16007
ST041,站点-041,L9号线,2026-04-01,9,0,0,7662
ST041,站点-041,L9号线,2026-04-01,12,0,0,7372
ST041,站点-041,L9号线,2026-04-01,18,0,0,17131
ST041,站点-041,L9号线,2026-04-01,19,0,0,18248
ST041,站点-041,L9号线,2026-04-01,20,0,0,6861
ST041,站点-041,L9号线,2026-04-02,7,0,0,17957
ST041,站点-041,L9号线,2026-04-02,8,0,0,16099
ST041,站点-041,L9号线,2026-04-02,9,0,0,6664
ST041,站点-041,L9号线,2026-04-02,12,0,0,6564
ST041,站点-041,L9号线,2026-04-02,18,0,0,16778
ST041,站点-041,L9号线,2026-04-02,19,0,0,20616
ST041,站点-041,L9号线,2026-04-02,20,0,0,7892
ST041,站点-041,L9号线,2026-04-03,7,0,0,16294
ST041,站点-041,L9号线,2026-04-03,8,0,0,16873
ST041,站点-041,L9号线,2026-04-03,9,0,0,6335
ST041,站点-041,L9号线,2026-04-03,12,0,0,6586
ST041,站点-041,L9号线,2026-04-03,18,0,0,16699
ST041,站点-041,L9号线,2026-04-03,19,0,0,20437
ST041,站点-041,L9号线,2026-04-03,20,0,0,6556
ST041,站点-041,L9号线,2026-04-04,7,1,0,13416
ST041,站点-041,L9号线,2026-04-04,8,1,0,12621
ST041,站点-041,L9号线,2026-04-04,9,1,0,4648
ST041,站点-041,L9号线,2026-04-04,12,1,0,4647
ST041,站点-041,L9号线,2026-04-04,18,1,0,12773
ST041,站点-041,L9号线,2026-04-04,19,1,0,12047
ST041,站点-041,L9号线,2026-04-04,20,1,0,5925
ST041,站点-041,L9号线,2026-04-05,7,1,0,14344
ST041,站点-041,L9号线,2026-04-05,8,1,0,13401
ST041,站点-041,L9号线,2026-04-05,9,1,0,5040
ST041,站点-041,L9号线,2026-04-05,12,1,0,5439
ST041,站点-041,L9号线,2026-04-05,18,1,0,14382
ST041,站点-041,L9号线,2026-04-05,19,1,0,14381
ST041,站点-041,L9号线,2026-04-05,20,1,0,5691
ST041,站点-041,L9号线,2026-04-06,7,0,0,16782
ST041,站点-041,L9号线,2026-04-06,8,0,0,18387
ST041,站点-041,L9号线,2026-04-06,9,0,0,6645
ST041,站点-041,L9号线,2026-04-06,12,0,0,7245
ST041,站点-041,L9号线,2026-04-06,18,0,0,20298
ST041,站点-041,L9号线,2026-04-06,19,0,0,17021
ST041,站点-041,L9号线,2026-04-06,20,0,0,7100
ST041,站点-041,L9号线,2026-04-07,7,0,0,18269
ST041,站点-041,L9号线,2026-04-07,8,0,0,19215
ST041,站点-041,L9号线,2026-04-07,9,0,0,6862
ST041,站点-041,L9号线,2026-04-07,12,0,0,6592
ST041,站点-041,L9号线,2026-04-07,18,0,0,19061
ST041,站点-041,L9号线,2026-04-07,19,0,0,20148
ST041,站点-041,L9号线,2026-04-07,20,0,0,6992
ST041,站点-041,L9号线,2026-04-08,7,0,0,18191
ST041,站点-041,L9号线,2026-04-08,8,0,0,15955
ST041,站点-041,L9号线,2026-04-08,9,0,0,8134
ST041,站点-041,L9号线,2026-04-08,12,0,0,8049
ST041,站点-041,L9号线,2026-04-08,18,0,0,18209
ST041,站点-041,L9号线,2026-04-08,19,0,0,21174
ST041,站点-041,L9号线,2026-04-08,20,0,0,7974
ST041,站点-041,L9号线,2026-04-09,7,0,0,20569
ST041,站点-041,L9号线,2026-04-09,8,0,0,20885
ST041,站点-041,L9号线,2026-04-09,9,0,0,6731
ST041,站点-041,L9号线,2026-04-09,12,0,0,7250
ST041,站点-041,L9号线,2026-04-09,18,0,0,19089
ST041,站点-041,L9号线,2026-04-09,19,0,0,18010
ST041,站点-041,L9号线,2026-04-09,20,0,0,7507
ST041,站点-041,L9号线,2026-04-10,7,0,0,17801
ST041,站点-041,L9号线,2026-04-10,8,0,0,19999
ST041,站点-041,L9号线,2026-04-10,9,0,0,7411
ST041,站点-041,L9号线,2026-04-10,12,0,0,6344
ST041,站点-041,L9号线,2026-04-10,18,0,0,21175
ST041,站点-041,L9号线,2026-04-10,19,0,0,19196
ST041,站点-041,L9号线,2026-04-10,20,0,0,7773
ST041,站点-041,L9号线,2026-04-11,7,1,0,13285
ST041,站点-041,L9号线,2026-04-11,8,1,0,13930
ST041,站点-041,L9号线,2026-04-11,9,1,0,5213
ST041,站点-041,L9号线,2026-04-11,12,1,0,5355
ST041,站点-041,L9号线,2026-04-11,18,1,0,11067
ST041,站点-041,L9号线,2026-04-11,19,1,0,12141
ST041,站点-041,L9号线,2026-04-11,20,1,0,5392
ST041,站点-041,L9号线,2026-04-12,7,1,0,13148
ST041,站点-041,L9号线,2026-04-12,8,1,0,11742
ST041,站点-041,L9号线,2026-04-12,9,1,0,5012
ST041,站点-041,L9号线,2026-04-12,12,1,0,5775
ST041,站点-041,L9号线,2026-04-12,18,1,0,11933
ST041,站点-041,L9号线,2026-04-12,19,1,0,12769
ST041,站点-041,L9号线,2026-04-12,20,1,0,4801
ST041,站点-041,L9号线,2026-04-13,7,0,0,18629
ST041,站点-041,L9号线,2026-04-13,8,0,0,19602
ST041,站点-041,L9号线,2026-04-13,9,0,0,6323
ST041,站点-041,L9号线,2026-04-13,12,0,0,6867
ST041,站点-041,L9号线,2026-04-13,18,0,0,17954
ST041,站点-041,L9号线,2026-04-13,19,0,0,19968
ST041,站点-041,L9号线,2026-04-13,20,0,0,7420
ST041,站点-041,L9号线,2026-04-14,7,0,0,19413
ST041,站点-041,L9号线,2026-04-14,8,0,0,19304
ST041,站点-041,L9号线,2026-04-14,9,0,0,8129
ST041,站点-041,L9号线,2026-04-14,12,0,0,7649
ST041,站点-041,L9号线,2026-04-14,18,0,0,16683
ST041,站点-041,L9号线,2026-04-14,19,0,0,16524
ST041,站点-041,L9号线,2026-04-14,20,0,0,7853
ST041,站点-041,L9号线,2026-04-15,7,0,1,20599
ST041,站点-041,L9号线,2026-04-15,8,0,1,19484
ST041,站点-041,L9号线,2026-04-15,9,0,1,7628
ST041,站点-041,L9号线,2026-04-15,12,0,1,7157
ST041,站点-041,L9号线,2026-04-15,18,0,1,15994
ST041,站点-041,L9号线,2026-04-15,19,0,1,19283
ST041,站点-041,L9号线,2026-04-15,20,0,1,7417
ST041,站点-041,L9号线,2026-04-16,7,0,0,16581
ST041,站点-041,L9号线,2026-04-16,8,0,0,19003
ST041,站点-041,L9号线,2026-04-16,9,0,0,6757
ST041,站点-041,L9号线,2026-04-16,12,0,0,7926
ST041,站点-041,L9号线,2026-04-16,18,0,0,16897
ST041,站点-041,L9号线,2026-04-16,19,0,0,19914
ST041,站点-041,L9号线,2026-04-16,20,0,0,6387
ST041,站点-041,L9号线,2026-04-17,7,0,0,21213
ST041,站点-041,L9号线,2026-04-17,8,0,0,17766
ST041,站点-041,L9号线,2026-04-17,9,0,0,8167
ST041,站点-041,L9号线,2026-04-17,12,0,0,7433
ST041,站点-041,L9号线,2026-04-17,18,0,0,20239
ST041,站点-041,L9号线,2026-04-17,19,0,0,16791
ST041,站点-041,L9号线,2026-04-17,20,0,0,7044
ST041,站点-041,L9号线,2026-04-18,7,1,0,13939
ST041,站点-041,L9号线,2026-04-18,8,1,0,13532
ST041,站点-041,L9号线,2026-04-18,9,1,0,5031
ST041,站点-041,L9号线,2026-04-18,12,1,0,5230
ST041,站点-041,L9号线,2026-04-18,18,1,0,11804
ST041,站点-041,L9号线,2026-04-18,19,1,0,14174
ST041,站点-041,L9号线,2026-04-18,20,1,0,5116
ST041,站点-041,L9号线,2026-04-19,7,1,0,14020
ST041,站点-041,L9号线,2026-04-19,8,1,0,14626
ST041,站点-041,L9号线,2026-04-19,9,1,0,5474
ST041,站点-041,L9号线,2026-04-19,12,1,0,5086
ST041,站点-041,L9号线,2026-04-19,18,1,0,12459
ST041,站点-041,L9号线,2026-04-19,19,1,0,14156
ST041,站点-041,L9号线,2026-04-19,20,1,0,5375
ST041,站点-041,L9号线,2026-04-20,7,0,0,21003
ST041,站点-041,L9号线,2026-04-20,8,0,0,15782
ST041,站点-041,L9号线,2026-04-20,9,0,0,7807
ST041,站点-041,L9号线,2026-04-20,12,0,0,8203
ST041,站点-041,L9号线,2026-04-20,18,0,0,17524
ST041,站点-041,L9号线,2026-04-20,19,0,0,17475
ST041,站点-041,L9号线,2026-04-20,20,0,0,7850
ST041,站点-041,L9号线,2026-04-21,7,0,0,18430
ST041,站点-041,L9号线,2026-04-21,8,0,0,18190
ST041,站点-041,L9号线,2026-04-21,9,0,0,7354
ST041,站点-041,L9号线,2026-04-21,12,0,0,6545
ST041,站点-041,L9号线,2026-04-21,18,0,0,20377
ST041,站点-041,L9号线,2026-04-21,19,0,0,17830
ST041,站点-041,L9号线,2026-04-21,20,0,0,7638
ST041,站点-041,L9号线,2026-04-22,7,0,0,16013
ST041,站点-041,L9号线,2026-04-22,8,0,0,16010
ST041,站点-041,L9号线,2026-04-22,9,0,0,7184
ST041,站点-041,L9号线,2026-04-22,12,0,0,7714
ST041,站点-041,L9号线,2026-04-22,18,0,0,20554
ST041,站点-041,L9号线,2026-04-22,19,0,0,19624
ST041,站点-041,L9号线,2026-04-22,20,0,0,7237
ST041,站点-041,L9号线,2026-04-23,7,0,0,17518
ST041,站点-041,L9号线,2026-04-23,8,0,0,18298
ST041,站点-041,L9号线,2026-04-23,9,0,0,8190
ST041,站点-041,L9号线,2026-04-23,12,0,0,7594
ST041,站点-041,L9号线,2026-04-23,18,0,0,17320
ST041,站点-041,L9号线,2026-04-23,19,0,0,16898
ST041,站点-041,L9号线,2026-04-23,20,0,0,7250
ST041,站点-041,L9号线,2026-04-24,7,0,0,17164
ST041,站点-041,L9号线,2026-04-24,8,0,0,15922
ST041,站点-041,L9号线,2026-04-24,9,0,0,8097
ST041,站点-041,L9号线,2026-04-24,12,0,0,6999
ST041,站点-041,L9号线,2026-04-24,18,0,0,19465
ST041,站点-041,L9号线,2026-04-24,19,0,0,18369
ST041,站点-041,L9号线,2026-04-24,20,0,0,7476
ST041,站点-041,L9号线,2026-04-25,7,1,0,12010
ST041,站点-041,L9号线,2026-04-25,8,1,0,13553
ST041,站点-041,L9号线,2026-04-25,9,1,0,5786
ST041,站点-041,L9号线,2026-04-25,12,1,0,4447
ST041,站点-041,L9号线,2026-04-25,18,1,0,13848
ST041,站点-041,L9号线,2026-04-25,19,1,0,13508
ST041,站点-041,L9号线,2026-04-25,20,1,0,5366
ST041,站点-041,L9号线,2026-04-26,7,1,0,12203
ST041,站点-041,L9号线,2026-04-26,8,1,0,13077
ST041,站点-041,L9号线,2026-04-26,9,1,0,4771
ST041,站点-041,L9号线,2026-04-26,12,1,0,4572
ST041,站点-041,L9号线,2026-04-26,18,1,0,12910
ST041,站点-041,L9号线,2026-04-26,19,1,0,12954
ST041,站点-041,L9号线,2026-04-26,20,1,0,5059
ST041,站点-041,L9号线,2026-04-27,7,0,0,21165
ST041,站点-041,L9号线,2026-04-27,8,0,0,19616
ST041,站点-041,L9号线,2026-04-27,9,0,0,7778
ST041,站点-041,L9号线,2026-04-27,12,0,0,8129
ST041,站点-041,L9号线,2026-04-27,18,0,0,20441
ST041,站点-041,L9号线,2026-04-27,19,0,0,20770
ST041,站点-041,L9号线,2026-04-27,20,0,0,8217
ST041,站点-041,L9号线,2026-04-28,7,0,0,20929
ST041,站点-041,L9号线,2026-04-28,8,0,0,21034
ST041,站点-041,L9号线,2026-04-28,9,0,0,7900
ST041,站点-041,L9号线,2026-04-28,12,0,0,7274
ST041,站点-041,L9号线,2026-04-28,18,0,0,17932
ST041,站点-041,L9号线,2026-04-28,19,0,0,20270
ST041,站点-041,L9号线,2026-04-28,20,0,0,7957
ST041,站点-041,L9号线,2026-04-29,7,0,0,19114
ST041,站点-041,L9号线,2026-04-29,8,0,0,17727
ST041,站点-041,L9号线,2026-04-29,9,0,0,8083
ST041,站点-041,L9号线,2026-04-29,12,0,0,7224
ST041,站点-041,L9号线,2026-04-29,18,0,0,21208
ST041,站点-041,L9号线,2026-04-29,19,0,0,18357
ST041,站点-041,L9号线,2026-04-29,20,0,0,7620
ST041,站点-041,L9号线,2026-04-30,7,0,0,17339
ST041,站点-041,L9号线,2026-04-30,8,0,0,18673
ST041,站点-041,L9号线,2026-04-30,9,0,0,7408
ST041,站点-041,L9号线,2026-04-30,12,0,0,7083
ST041,站点-041,L9号线,2026-04-30,18,0,0,19040
ST041,站点-041,L9号线,2026-04-30,19,0,0,20594
ST041,站点-041,L9号线,2026-04-30,20,0,0,8301
ST042,站点-042,L4号线,2026-04-01,7,0,0,30163
ST042,站点-042,L4号线,2026-04-01,8,0,0,36652
ST042,站点-042,L4号线,2026-04-01,9,0,0,14186
ST042,站点-042,L4号线,2026-04-01,12,0,0,13118
ST042,站点-042,L4号线,2026-04-01,18,0,0,29797
ST042,站点-042,L4号线,2026-04-01,19,0,0,34830
ST042,站点-042,L4号线,2026-04-01,20,0,0,15226
ST042,站点-042,L4号线,2026-04-02,7,0,0,29584
ST042,站点-042,L4号线,2026-04-02,8,0,0,34291
ST042,站点-042,L4号线,2026-04-02,9,0,0,15225
ST042,站点-042,L4号线,2026-04-02,12,0,0,14234
ST042,站点-042,L4号线,2026-04-02,18,0,0,32241
ST042,站点-042,L4号线,2026-04-02,19,0,0,32291
ST042,站点-042,L4号线,2026-04-02,20,0,0,14267
ST042,站点-042,L4号线,2026-04-03,7,0,0,31896
ST042,站点-042,L4号线,2026-04-03,8,0,0,30380
ST042,站点-042,L4号线,2026-04-03,9,0,0,12285
ST042,站点-042,L4号线,2026-04-03,12,0,0,12887
ST042,站点-042,L4号线,2026-04-03,18,0,0,36795
ST042,站点-042,L4号线,2026-04-03,19,0,0,30533
ST042,站点-042,L4号线,2026-04-03,20,0,0,12300
ST042,站点-042,L4号线,2026-04-04,7,1,0,26997
ST042,站点-042,L4号线,2026-04-04,8,1,0,21395
ST042,站点-042,L4号线,2026-04-04,9,1,0,10165
ST042,站点-042,L4号线,2026-04-04,12,1,0,8556
ST042,站点-042,L4号线,2026-04-04,18,1,0,23429
ST042,站点-042,L4号线,2026-04-04,19,1,0,23223
ST042,站点-042,L4号线,2026-04-04,20,1,0,8809
ST042,站点-042,L4号线,2026-04-05,7,1,0,22989
ST042,站点-042,L4号线,2026-04-05,8,1,0,25662
ST042,站点-042,L4号线,2026-04-05,9,1,0,9435
ST042,站点-042,L4号线,2026-04-05,12,1,0,10900
ST042,站点-042,L4号线,2026-04-05,18,1,0,26829
ST042,站点-042,L4号线,2026-04-05,19,1,0,22543
ST042,站点-042,L4号线,2026-04-05,20,1,0,9684
ST042,站点-042,L4号线,2026-04-06,7,0,0,31094
ST042,站点-042,L4号线,2026-04-06,8,0,0,35013
ST042,站点-042,L4号线,2026-04-06,9,0,0,14753
ST042,站点-042,L4号线,2026-04-06,12,0,0,12856
ST042,站点-042,L4号线,2026-04-06,18,0,0,38931
ST042,站点-042,L4号线,2026-04-06,19,0,0,33252
ST042,站点-042,L4号线,2026-04-06,20,0,0,14741
ST042,站点-042,L4号线,2026-04-07,7,0,0,37909
ST042,站点-042,L4号线,2026-04-07,8,0,0,34689
ST042,站点-042,L4号线,2026-04-07,9,0,0,15502
ST042,站点-042,L4号线,2026-04-07,12,0,0,15459
ST042,站点-042,L4号线,2026-04-07,18,0,0,31320
ST042,站点-042,L4号线,2026-04-07,19,0,0,29746
ST042,站点-042,L4号线,2026-04-07,20,0,0,13588
ST042,站点-042,L4号线,2026-04-08,7,0,0,35923
ST042,站点-042,L4号线,2026-04-08,8,0,0,36262
ST042,站点-042,L4号线,2026-04-08,9,0,0,14019
ST042,站点-042,L4号线,2026-04-08,12,0,0,12331
ST042,站点-042,L4号线,2026-04-08,18,0,0,36684
ST042,站点-042,L4号线,2026-04-08,19,0,0,38565
ST042,站点-042,L4号线,2026-04-08,20,0,0,12483
ST042,站点-042,L4号线,2026-04-09,7,0,0,32195
ST042,站点-042,L4号线,2026-04-09,8,0,0,37168
ST042,站点-042,L4号线,2026-04-09,9,0,0,13318
ST042,站点-042,L4号线,2026-04-09,12,0,0,12691
ST042,站点-042,L4号线,2026-04-09,18,0,0,31891
ST042,站点-042,L4号线,2026-04-09,19,0,0,35757
ST042,站点-042,L4号线,2026-04-09,20,0,0,11732
ST042,站点-042,L4号线,2026-04-10,7,0,0,29268
ST042,站点-042,L4号线,2026-04-10,8,0,0,36865
ST042,站点-042,L4号线,2026-04-10,9,0,0,11726
ST042,站点-042,L4号线,2026-04-10,12,0,0,14051
ST042,站点-042,L4号线,2026-04-10,18,0,0,37713
ST042,站点-042,L4号线,2026-04-10,19,0,0,31773
ST042,站点-042,L4号线,2026-04-10,20,0,0,12449
ST042,站点-042,L4号线,2026-04-11,7,1,0,21725
ST042,站点-042,L4号线,2026-04-11,8,1,0,24738
ST042,站点-042,L4号线,2026-04-11,9,1,0,9938
ST042,站点-042,L4号线,2026-04-11,12,1,0,9923
ST042,站点-042,L4号线,2026-04-11,18,1,0,27347
ST042,站点-042,L4号线,2026-04-11,19,1,0,25330
ST042,站点-042,L4号线,2026-04-11,20,1,0,8936
ST042,站点-042,L4号线,2026-04-12,7,1,0,24699
ST042,站点-042,L4号线,2026-04-12,8,1,0,23654
ST042,站点-042,L4号线,2026-04-12,9,1,0,9680
ST042,站点-042,L4号线,2026-04-12,12,1,0,8513
ST042,站点-042,L4号线,2026-04-12,18,1,0,22215
ST042,站点-042,L4号线,2026-04-12,19,1,0,25724
ST042,站点-042,L4号线,2026-04-12,20,1,0,9013
ST042,站点-042,L4号线,2026-04-13,7,0,0,36477
ST042,站点-042,L4号线,2026-04-13,8,0,0,34753
ST042,站点-042,L4号线,2026-04-13,9,0,0,12113
ST042,站点-042,L4号线,2026-04-13,12,0,0,13714
ST042,站点-042,L4号线,2026-04-13,18,0,0,34727
ST042,站点-042,L4号线,2026-04-13,19,0,0,33031
ST042,站点-042,L4号线,2026-04-13,20,0,0,14916
ST042,站点-042,L4号线,2026-04-14,7,0,0,29884
ST042,站点-042,L4号线,2026-04-14,8,0,0,33709
ST042,站点-042,L4号线,2026-04-14,9,0,0,12128
ST042,站点-042,L4号线,2026-04-14,12,0,0,14974
ST042,站点-042,L4号线,2026-04-14,18,0,0,30853
ST042,站点-042,L4号线,2026-04-14,19,0,0,31176
ST042,站点-042,L4号线,2026-04-14,20,0,0,12171
ST042,站点-042,L4号线,2026-04-15,7,0,1,31210
ST042,站点-042,L4号线,2026-04-15,8,0,1,30959
ST042,站点-042,L4号线,2026-04-15,9,0,1,13434
ST042,站点-042,L4号线,2026-04-15,12,0,1,15147
ST042,站点-042,L4号线,2026-04-15,18,0,1,38592
ST042,站点-042,L4号线,2026-04-15,19,0,1,29103
ST042,站点-042,L4号线,2026-04-15,20,0,1,13006
ST042,站点-042,L4号线,2026-04-16,7,0,0,38121
ST042,站点-042,L4号线,2026-04-16,8,0,0,36574
ST042,站点-042,L4号线,2026-04-16,9,0,0,11735
ST042,站点-042,L4号线,2026-04-16,12,0,0,15341
ST042,站点-042,L4号线,2026-04-16,18,0,0,32372
ST042,站点-042,L4号线,2026-04-16,19,0,0,37375
ST042,站点-042,L4号线,2026-04-16,20,0,0,14101
ST042,站点-042,L4号线,2026-04-17,7,0,0,32720
ST042,站点-042,L4号线,2026-04-17,8,0,0,31488
ST042,站点-042,L4号线,2026-04-17,9,0,0,13074
ST042,站点-042,L4号线,2026-04-17,12,0,0,11572
ST042,站点-042,L4号线,2026-04-17,18,0,0,35613
ST042,站点-042,L4号线,2026-04-17,19,0,0,30178
ST042,站点-042,L4号线,2026-04-17,20,0,0,14915
ST042,站点-042,L4号线,2026-04-18,7,1,0,23072
ST042,站点-042,L4号线,2026-04-18,8,1,0,25162
ST042,站点-042,L4号线,2026-04-18,9,1,0,8772
ST042,站点-042,L4号线,2026-04-18,12,1,0,8991
ST042,站点-042,L4号线,2026-04-18,18,1,0,26927
ST042,站点-042,L4号线,2026-04-18,19,1,0,20722
ST042,站点-042,L4号线,2026-04-18,20,1,0,10051
ST042,站点-042,L4号线,2026-04-19,7,1,0,25747
ST042,站点-042,L4号线,2026-04-19,8,1,0,23831
ST042,站点-042,L4号线,2026-04-19,9,1,0,8218
ST042,站点-042,L4号线,2026-04-19,12,1,0,10192
ST042,站点-042,L4号线,2026-04-19,18,1,0,24526
ST042,站点-042,L4号线,2026-04-19,19,1,0,24557
ST042,站点-042,L4号线,2026-04-19,20,1,0,8143
ST042,站点-042,L4号线,2026-04-20,7,0,0,36491
ST042,站点-042,L4号线,2026-04-20,8,0,0,37700
ST042,站点-042,L4号线,2026-04-20,9,0,0,13538
ST042,站点-042,L4号线,2026-04-20,12,0,0,14213
ST042,站点-042,L4号线,2026-04-20,18,0,0,30701
ST042,站点-042,L4号线,2026-04-20,19,0,0,38280
ST042,站点-042,L4号线,2026-04-20,20,0,0,13263
ST042,站点-042,L4号线,2026-04-21,7,0,0,36516
ST042,站点-042,L4号线,2026-04-21,8,0,0,37717
ST042,站点-042,L4号线,2026-04-21,9,0,0,15141
ST042,站点-042,L4号线,2026-04-21,12,0,0,12148
ST042,站点-042,L4号线,2026-04-21,18,0,0,31887
ST042,站点-042,L4号线,2026-04-21,19,0,0,29070
ST042,站点-042,L4号线,2026-04-21,20,0,0,15034
ST042,站点-042,L4号线,2026-04-22,7,0,0,37190
ST042,站点-042,L4号线,2026-04-22,8,0,0,38716
ST042,站点-042,L4号线,2026-04-22,9,0,0,12052
ST042,站点-042,L4号线,2026-04-22,12,0,0,12608
ST042,站点-042,L4号线,2026-04-22,18,0,0,30995
ST042,站点-042,L4号线,2026-04-22,19,0,0,37581
ST042,站点-042,L4号线,2026-04-22,20,0,0,11816
ST042,站点-042,L4号线,2026-04-23,7,0,0,31847
ST042,站点-042,L4号线,2026-04-23,8,0,0,34527
ST042,站点-042,L4号线,2026-04-23,9,0,0,12489
ST042,站点-042,L4号线,2026-04-23,12,0,0,14442
ST042,站点-042,L4号线,2026-04-23,18,0,0,30705
ST042,站点-042,L4号线,2026-04-23,19,0,0,33333
ST042,站点-042,L4号线,2026-04-23,20,0,0,14409
ST042,站点-042,L4号线,2026-04-24,7,0,0,38454
ST042,站点-042,L4号线,2026-04-24,8,0,0,36492
ST042,站点-042,L4号线,2026-04-24,9,0,0,12482
ST042,站点-042,L4号线,2026-04-24,12,0,0,12827
ST042,站点-042,L4号线,2026-04-24,18,0,0,37430
ST042,站点-042,L4号线,2026-04-24,19,0,0,31112
ST042,站点-042,L4号线,2026-04-24,20,0,0,11782
ST042,站点-042,L4号线,2026-04-25,7,1,0,25204
ST042,站点-042,L4号线,2026-04-25,8,1,0,25215
ST042,站点-042,L4号线,2026-04-25,9,1,0,9741
ST042,站点-042,L4号线,2026-04-25,12,1,0,10865
ST042,站点-042,L4号线,2026-04-25,18,1,0,25928
ST042,站点-042,L4号线,2026-04-25,19,1,0,26498
ST042,站点-042,L4号线,2026-04-25,20,1,0,8633
ST042,站点-042,L4号线,2026-04-26,7,1,0,25850
ST042,站点-042,L4号线,2026-04-26,8,1,0,23620
ST042,站点-042,L4号线,2026-04-26,9,1,0,8356
ST042,站点-042,L4号线,2026-04-26,12,1,0,9354
ST042,站点-042,L4号线,2026-04-26,18,1,0,20423
ST042,站点-042,L4号线,2026-04-26,19,1,0,24797
ST042,站点-042,L4号线,2026-04-26,20,1,0,8915
ST042,站点-042,L4号线,2026-04-27,7,0,0,38404
ST042,站点-042,L4号线,2026-04-27,8,0,0,33178
ST042,站点-042,L4号线,2026-04-27,9,0,0,13469
ST042,站点-042,L4号线,2026-04-27,12,0,0,12924
ST042,站点-042,L4号线,2026-04-27,18,0,0,30658
ST042,站点-042,L4号线,2026-04-27,19,0,0,33907
ST042,站点-042,L4号线,2026-04-27,20,0,0,11826
ST042,站点-042,L4号线,2026-04-28,7,0,0,35101
ST042,站点-042,L4号线,2026-04-28,8,0,0,36588
ST042,站点-042,L4号线,2026-04-28,9,0,0,12406
ST042,站点-042,L4号线,2026-04-28,12,0,0,14748
ST042,站点-042,L4号线,2026-04-28,18,0,0,33102
ST042,站点-042,L4号线,2026-04-28,19,0,0,36666
ST042,站点-042,L4号线,2026-04-28,20,0,0,14832
ST042,站点-042,L4号线,2026-04-29,7,0,0,30446
ST042,站点-042,L4号线,2026-04-29,8,0,0,35664
ST042,站点-042,L4号线,2026-04-29,9,0,0,13843
ST042,站点-042,L4号线,2026-04-29,12,0,0,13970
ST042,站点-042,L4号线,2026-04-29,18,0,0,31793
ST042,站点-042,L4号线,2026-04-29,19,0,0,34990
ST042,站点-042,L4号线,2026-04-29,20,0,0,14743
ST042,站点-042,L4号线,2026-04-30,7,0,0,34609
ST042,站点-042,L4号线,2026-04-30,8,0,0,37700
ST042,站点-042,L4号线,2026-04-30,9,0,0,13518
ST042,站点-042,L4号线,2026-04-30,12,0,0,14165
ST042,站点-042,L4号线,2026-04-30,18,0,0,28955
ST042,站点-042,L4号线,2026-04-30,19,0,0,35488
ST042,站点-042,L4号线,2026-04-30,20,0,0,14265
ST043,站点-043,L10号线,2026-04-01,7,0,0,22113
ST043,站点-043,L10号线,2026-04-01,8,0,0,28835
ST043,站点-043,L10号线,2026-04-01,9,0,0,8722
ST043,站点-043,L10号线,2026-04-01,12,0,0,9214
ST043,站点-043,L10号线,2026-04-01,18,0,0,21904
ST043,站点-043,L10号线,2026-04-01,19,0,0,22628
ST043,站点-043,L10号线,2026-04-01,20,0,0,10585
ST043,站点-043,L10号线,2026-04-02,7,0,0,21850
ST043,站点-043,L10号线,2026-04-02,8,0,0,24321
ST043,站点-043,L10号线,2026-04-02,9,0,0,10733
ST043,站点-043,L10号线,2026-04-02,12,0,0,9682
ST043,站点-043,L10号线,2026-04-02,18,0,0,28461
ST043,站点-043,L10号线,2026-04-02,19,0,0,24683
ST043,站点-043,L10号线,2026-04-02,20,0,0,9346
ST043,站点-043,L10号线,2026-04-03,7,0,0,28054
ST043,站点-043,L10号线,2026-04-03,8,0,0,28563
ST043,站点-043,L10号线,2026-04-03,9,0,0,8829
ST043,站点-043,L10号线,2026-04-03,12,0,0,9614
ST043,站点-043,L10号线,2026-04-03,18,0,0,28562
ST043,站点-043,L10号线,2026-04-03,19,0,0,28536
ST043,站点-043,L10号线,2026-04-03,20,0,0,11278
ST043,站点-043,L10号线,2026-04-04,7,1,0,19677
ST043,站点-043,L10号线,2026-04-04,8,1,0,17786
ST043,站点-043,L10号线,2026-04-04,9,1,0,7051
ST043,站点-043,L10号线,2026-04-04,12,1,0,7951
ST043,站点-043,L10号线,2026-04-04,18,1,0,17436
ST043,站点-043,L10号线,2026-04-04,19,1,0,16200
ST043,站点-043,L10号线,2026-04-04,20,1,0,6265
ST043,站点-043,L10号线,2026-04-05,7,1,0,20130
ST043,站点-043,L10号线,2026-04-05,8,1,0,18374
ST043,站点-043,L10号线,2026-04-05,9,1,0,6750
ST043,站点-043,L10号线,2026-04-05,12,1,0,7349
ST043,站点-043,L10号线,2026-04-05,18,1,0,17075
ST043,站点-043,L10号线,2026-04-05,19,1,0,16421
ST043,站点-043,L10号线,2026-04-05,20,1,0,7197
ST043,站点-043,L10号线,2026-04-06,7,0,0,26152
ST043,站点-043,L10号线,2026-04-06,8,0,0,22773
ST043,站点-043,L10号线,2026-04-06,9,0,0,10091
ST043,站点-043,L10号线,2026-04-06,12,0,0,9813
ST043,站点-043,L10号线,2026-04-06,18,0,0,26227
ST043,站点-043,L10号线,2026-04-06,19,0,0,24378
ST043,站点-043,L10号线,2026-04-06,20,0,0,9078
ST043,站点-043,L10号线,2026-04-07,7,0,0,22037
ST043,站点-043,L10号线,2026-04-07,8,0,0,24827
ST043,站点-043,L10号线,2026-04-07,9,0,0,9489
ST043,站点-043,L10号线,2026-04-07,12,0,0,11378
ST043,站点-043,L10号线,2026-04-07,18,0,0,27768
ST043,站点-043,L10号线,2026-04-07,19,0,0,23696
ST043,站点-043,L10号线,2026-04-07,20,0,0,9918
ST043,站点-043,L10号线,2026-04-08,7,0,0,21780
ST043,站点-043,L10号线,2026-04-08,8,0,0,27136
ST043,站点-043,L10号线,2026-04-08,9,0,0,8891
ST043,站点-043,L10号线,2026-04-08,12,0,0,9935
ST043,站点-043,L10号线,2026-04-08,18,0,0,27479
ST043,站点-043,L10号线,2026-04-08,19,0,0,28615
ST043,站点-043,L10号线,2026-04-08,20,0,0,10497
ST043,站点-043,L10号线,2026-04-09,7,0,0,24199
ST043,站点-043,L10号线,2026-04-09,8,0,0,25521
ST043,站点-043,L10号线,2026-04-09,9,0,0,10200
ST043,站点-043,L10号线,2026-04-09,12,0,0,9307
ST043,站点-043,L10号线,2026-04-09,18,0,0,22748
ST043,站点-043,L10号线,2026-04-09,19,0,0,25307
ST043,站点-043,L10号线,2026-04-09,20,0,0,9066
ST043,站点-043,L10号线,2026-04-10,7,0,0,26101
ST043,站点-043,L10号线,2026-04-10,8,0,0,25124
ST043,站点-043,L10号线,2026-04-10,9,0,0,10956
ST043,站点-043,L10号线,2026-04-10,12,0,0,8810
ST043,站点-043,L10号线,2026-04-10,18,0,0,23257
ST043,站点-043,L10号线,2026-04-10,19,0,0,28292
ST043,站点-043,L10号线,2026-04-10,20,0,0,10282
ST043,站点-043,L10号线,2026-04-11,7,1,0,17727
ST043,站点-043,L10号线,2026-04-11,8,1,0,16381
ST043,站点-043,L10号线,2026-04-11,9,1,0,8123
ST043,站点-043,L10号线,2026-04-11,12,1,0,6399
ST043,站点-043,L10号线,2026-04-11,18,1,0,16789
ST043,站点-043,L10号线,2026-04-11,19,1,0,17550
ST043,站点-043,L10号线,2026-04-11,20,1,0,6095
ST043,站点-043,L10号线,2026-04-12,7,1,0,19176
ST043,站点-043,L10号线,2026-04-12,8,1,0,20467
ST043,站点-043,L10号线,2026-04-12,9,1,0,7395
ST043,站点-043,L10号线,2026-04-12,12,1,0,6555
ST043,站点-043,L10号线,2026-04-12,18,1,0,15301
ST043,站点-043,L10号线,2026-04-12,19,1,0,17949
ST043,站点-043,L10号线,2026-04-12,20,1,0,7442
ST043,站点-043,L10号线,2026-04-13,7,0,0,23878
ST043,站点-043,L10号线,2026-04-13,8,0,0,25026
ST043,站点-043,L10号线,2026-04-13,9,0,0,11329
ST043,站点-043,L10号线,2026-04-13,12,0,0,9230
ST043,站点-043,L10号线,2026-04-13,18,0,0,21866
ST043,站点-043,L10号线,2026-04-13,19,0,0,21749
ST043,站点-043,L10号线,2026-04-13,20,0,0,9919
ST043,站点-043,L10号线,2026-04-14,7,0,0,23336
ST043,站点-043,L10号线,2026-04-14,8,0,0,24730
ST043,站点-043,L10号线,2026-04-14,9,0,0,9648
ST043,站点-043,L10号线,2026-04-14,12,0,0,10276
ST043,站点-043,L10号线,2026-04-14,18,0,0,24557
ST043,站点-043,L10号线,2026-04-14,19,0,0,28080
ST043,站点-043,L10号线,2026-04-14,20,0,0,10445
ST043,站点-043,L10号线,2026-04-15,7,0,1,23507
ST043,站点-043,L10号线,2026-04-15,8,0,1,27465
ST043,站点-043,L10号线,2026-04-15,9,0,1,10560
ST043,站点-043,L10号线,2026-04-15,12,0,1,9913
ST043,站点-043,L10号线,2026-04-15,18,0,1,21997
ST043,站点-043,L10号线,2026-04-15,19,0,1,26188
ST043,站点-043,L10号线,2026-04-15,20,0,1,8739
ST043,站点-043,L10号线,2026-04-16,7,0,0,25879
ST043,站点-043,L10号线,2026-04-16,8,0,0,24438
ST043,站点-043,L10号线,2026-04-16,9,0,0,11686
ST043,站点-043,L10号线,2026-04-16,12,0,0,8737
ST043,站点-043,L10号线,2026-04-16,18,0,0,28277
ST043,站点-043,L10号线,2026-04-16,19,0,0,22727
ST043,站点-043,L10号线,2026-04-16,20,0,0,10421
ST043,站点-043,L10号线,2026-04-17,7,0,0,23374
ST043,站点-043,L10号线,2026-04-17,8,0,0,26919
ST043,站点-043,L10号线,2026-04-17,9,0,0,11618
ST043,站点-043,L10号线,2026-04-17,12,0,0,10115
ST043,站点-043,L10号线,2026-04-17,18,0,0,25285
ST043,站点-043,L10号线,2026-04-17,19,0,0,22691
ST043,站点-043,L10号线,2026-04-17,20,0,0,11094
ST043,站点-043,L10号线,2026-04-18,7,1,0,16827
ST043,站点-043,L10号线,2026-04-18,8,1,0,16958
ST043,站点-043,L10号线,2026-04-18,9,1,0,7665
ST043,站点-043,L10号线,2026-04-18,12,1,0,7496
ST043,站点-043,L10号线,2026-04-18,18,1,0,15400
ST043,站点-043,L10号线,2026-04-18,19,1,0,17332
ST043,站点-043,L10号线,2026-04-18,20,1,0,6830
ST043,站点-043,L10号线,2026-04-19,7,1,0,15348
ST043,站点-043,L10号线,2026-04-19,8,1,0,17452
ST043,站点-043,L10号线,2026-04-19,9,1,0,7345
ST043,站点-043,L10号线,2026-04-19,12,1,0,7837
ST043,站点-043,L10号线,2026-04-19,18,1,0,19175
ST043,站点-043,L10号线,2026-04-19,19,1,0,15967
ST043,站点-043,L10号线,2026-04-19,20,1,0,8172
ST043,站点-043,L10号线,2026-04-20,7,0,0,29143
ST043,站点-043,L10号线,2026-04-20,8,0,0,24182
ST043,站点-043,L10号线,2026-04-20,9,0,0,10491
ST043,站点-043,L10号线,2026-04-20,12,0,0,10993
ST043,站点-043,L10号线,2026-04-20,18,0,0,24742
ST043,站点-043,L10号线,2026-04-20,19,0,0,22880
ST043,站点-043,L10号线,2026-04-20,20,0,0,9075
ST043,站点-043,L10号线,2026-04-21,7,0,0,28956
ST043,站点-043,L10号线,2026-04-21,8,0,0,23748
ST043,站点-043,L10号线,2026-04-21,9,0,0,9518
ST043,站点-043,L10号线,2026-04-21,12,0,0,11083
ST043,站点-043,L10号线,2026-04-21,18,0,0,24212
ST043,站点-043,L10号线,2026-04-21,19,0,0,24939
ST043,站点-043,L10号线,2026-04-21,20,0,0,8942
ST043,站点-043,L10号线,2026-04-22,7,0,0,27237
ST043,站点-043,L10号线,2026-04-22,8,0,0,27903
ST043,站点-043,L10号线,2026-04-22,9,0,0,9886
ST043,站点-043,L10号线,2026-04-22,12,0,0,11337
ST043,站点-043,L10号线,2026-04-22,18,0,0,25675
ST043,站点-043,L10号线,2026-04-22,19,0,0,22432
ST043,站点-043,L10号线,2026-04-22,20,0,0,10163
ST043,站点-043,L10号线,2026-04-23,7,0,0,22214
ST043,站点-043,L10号线,2026-04-23,8,0,0,28576
ST043,站点-043,L10号线,2026-04-23,9,0,0,9977
ST043,站点-043,L10号线,2026-04-23,12,0,0,9863
ST043,站点-043,L10号线,2026-04-23,18,0,0,24519
ST043,站点-043,L10号线,2026-04-23,19,0,0,26342
ST043,站点-043,L10号线,2026-04-23,20,0,0,10368
ST043,站点-043,L10号线,2026-04-24,7,0,0,28054
ST043,站点-043,L10号线,2026-04-24,8,0,0,24023
ST043,站点-043,L10号线,2026-04-24,9,0,0,10038
ST043,站点-043,L10号线,2026-04-24,12,0,0,11677
ST043,站点-043,L10号线,2026-04-24,18,0,0,22943
ST043,站点-043,L10号线,2026-04-24,19,0,0,28035
ST043,站点-043,L10号线,2026-04-24,20,0,0,11208
ST043,站点-043,L10号线,2026-04-25,7,1,0,15577
ST043,站点-043,L10号线,2026-04-25,8,1,0,15854
ST043,站点-043,L10号线,2026-04-25,9,1,0,8152
ST043,站点-043,L10号线,2026-04-25,12,1,0,6256
ST043,站点-043,L10号线,2026-04-25,18,1,0,17721
ST043,站点-043,L10号线,2026-04-25,19,1,0,16668
ST043,站点-043,L10号线,2026-04-25,20,1,0,6254
ST043,站点-043,L10号线,2026-04-26,7,1,0,18572
ST043,站点-043,L10号线,2026-04-26,8,1,0,16568
ST043,站点-043,L10号线,2026-04-26,9,1,0,6883
ST043,站点-043,L10号线,2026-04-26,12,1,0,6319
ST043,站点-043,L10号线,2026-04-26,18,1,0,15728
ST043,站点-043,L10号线,2026-04-26,19,1,0,19281
ST043,站点-043,L10号线,2026-04-26,20,1,0,6564
ST043,站点-043,L10号线,2026-04-27,7,0,0,28558
ST043,站点-043,L10号线,2026-04-27,8,0,0,22033
ST043,站点-043,L10号线,2026-04-27,9,0,0,10460
ST043,站点-043,L10号线,2026-04-27,12,0,0,10915
ST043,站点-043,L10号线,2026-04-27,18,0,0,29059
ST043,站点-043,L10号线,2026-04-27,19,0,0,27927
ST043,站点-043,L10号线,2026-04-27,20,0,0,8984
ST043,站点-043,L10号线,2026-04-28,7,0,0,21798
ST043,站点-043,L10号线,2026-04-28,8,0,0,27175
ST043,站点-043,L10号线,2026-04-28,9,0,0,10198
ST043,站点-043,L10号线,2026-04-28,12,0,0,10833
ST043,站点-043,L10号线,2026-04-28,18,0,0,26826
ST043,站点-043,L10号线,2026-04-28,19,0,0,28164
ST043,站点-043,L10号线,2026-04-28,20,0,0,10624
ST043,站点-043,L10号线,2026-04-29,7,0,0,27711
ST043,站点-043,L10号线,2026-04-29,8,0,0,26909
ST043,站点-043,L10号线,2026-04-29,9,0,0,10974
ST043,站点-043,L10号线,2026-04-29,12,0,0,9388
ST043,站点-043,L10号线,2026-04-29,18,0,0,23447
ST043,站点-043,L10号线,2026-04-29,19,0,0,28523
ST043,站点-043,L10号线,2026-04-29,20,0,0,10902
ST043,站点-043,L10号线,2026-04-30,7,0,0,22675
ST043,站点-043,L10号线,2026-04-30,8,0,0,27297
ST043,站点-043,L10号线,2026-04-30,9,0,0,8783
ST043,站点-043,L10号线,2026-04-30,12,0,0,9670
ST043,站点-043,L10号线,2026-04-30,18,0,0,28826
ST043,站点-043,L10号线,2026-04-30,19,0,0,25889
ST043,站点-043,L10号线,2026-04-30,20,0,0,9577
ST044,站点-044,L1号线,2026-04-01,7,0,0,22861
ST044,站点-044,L1号线,2026-04-01,8,0,0,19685
ST044,站点-044,L1号线,2026-04-01,9,0,0,10264
ST044,站点-044,L1号线,2026-04-01,12,0,0,8049
ST044,站点-044,L1号线,2026-04-01,18,0,0,20757
ST044,站点-044,L1号线,2026-04-01,19,0,0,20248
ST044,站点-044,L1号线,2026-04-01,20,0,0,9881
ST044,站点-044,L1号线,2026-04-02,7,0,0,24471
ST044,站点-044,L1号线,2026-04-02,8,0,0,19874
ST044,站点-044,L1号线,2026-04-02,9,0,0,7684
ST044,站点-044,L1号线,2026-04-02,12,0,0,8355
ST044,站点-044,L1号线,2026-04-02,18,0,0,23439
ST044,站点-044,L1号线,2026-04-02,19,0,0,22226
ST044,站点-044,L1号线,2026-04-02,20,0,0,8738
ST044,站点-044,L1号线,2026-04-03,7,0,0,19218
ST044,站点-044,L1号线,2026-04-03,8,0,0,24168
ST044,站点-044,L1号线,2026-04-03,9,0,0,10014
ST044,站点-044,L1号线,2026-04-03,12,0,0,8496
ST044,站点-044,L1号线,2026-04-03,18,0,0,23886
ST044,站点-044,L1号线,2026-04-03,19,0,0,23601
ST044,站点-044,L1号线,2026-04-03,20,0,0,9484
ST044,站点-044,L1号线,2026-04-04,7,1,0,14892
ST044,站点-044,L1号线,2026-04-04,8,1,0,18104
ST044,站点-044,L1号线,2026-04-04,9,1,0,6550
ST044,站点-044,L1号线,2026-04-04,12,1,0,6118
ST044,站点-044,L1号线,2026-04-04,18,1,0,16759
ST044,站点-044,L1号线,2026-04-04,19,1,0,14871
ST044,站点-044,L1号线,2026-04-04,20,1,0,6655
ST044,站点-044,L1号线,2026-04-05,7,1,0,15435
ST044,站点-044,L1号线,2026-04-05,8,1,0,13855
ST044,站点-044,L1号线,2026-04-05,9,1,0,6265
ST044,站点-044,L1号线,2026-04-05,12,1,0,6057
ST044,站点-044,L1号线,2026-04-05,18,1,0,16820
ST044,站点-044,L1号线,2026-04-05,19,1,0,15693
ST044,站点-044,L1号线,2026-04-05,20,1,0,5534
ST044,站点-044,L1号线,2026-04-06,7,0,0,22152
ST044,站点-044,L1号线,2026-04-06,8,0,0,20527
ST044,站点-044,L1号线,2026-04-06,9,0,0,10126
ST044,站点-044,L1号线,2026-04-06,12,0,0,10116
ST044,站点-044,L1号线,2026-04-06,18,0,0,19237
ST044,站点-044,L1号线,2026-04-06,19,0,0,21442
ST044,站点-044,L1号线,2026-04-06,20,0,0,7879
ST044,站点-044,L1号线,2026-04-07,7,0,0,21241
ST044,站点-044,L1号线,2026-04-07,8,0,0,21324
ST044,站点-044,L1号线,2026-04-07,9,0,0,9641
ST044,站点-044,L1号线,2026-04-07,12,0,0,9167
ST044,站点-044,L1号线,2026-04-07,18,0,0,21225
ST044,站点-044,L1号线,2026-04-07,19,0,0,24980
ST044,站点-044,L1号线,2026-04-07,20,0,0,7947
ST044,站点-044,L1号线,2026-04-08,7,0,0,22338
ST044,站点-044,L1号线,2026-04-08,8,0,0,22626
ST044,站点-044,L1号线,2026-04-08,9,0,0,9251
ST044,站点-044,L1号线,2026-04-08,12,0,0,8321
ST044,站点-044,L1号线,2026-04-08,18,0,0,21105
ST044,站点-044,L1号线,2026-04-08,19,0,0,24357
ST044,站点-044,L1号线,2026-04-08,20,0,0,9092
ST044,站点-044,L1号线,2026-04-09,7,0,0,24232
ST044,站点-044,L1号线,2026-04-09,8,0,0,23911
ST044,站点-044,L1号线,2026-04-09,9,0,0,9089
ST044,站点-044,L1号线,2026-04-09,12,0,0,9670
ST044,站点-044,L1号线,2026-04-09,18,0,0,19357
ST044,站点-044,L1号线,2026-04-09,19,0,0,25729
ST044,站点-044,L1号线,2026-04-09,20,0,0,8089
ST044,站点-044,L1号线,2026-04-10,7,0,0,25645
ST044,站点-044,L1号线,2026-04-10,8,0,0,20511
ST044,站点-044,L1号线,2026-04-10,9,0,0,10275
ST044,站点-044,L1号线,2026-04-10,12,0,0,8271
ST044,站点-044,L1号线,2026-04-10,18,0,0,25855
ST044,站点-044,L1号线,2026-04-10,19,0,0,22916
ST044,站点-044,L1号线,2026-04-10,20,0,0,8490
ST044,站点-044,L1号线,2026-04-11,7,1,0,15696
ST044,站点-044,L1号线,2026-04-11,8,1,0,15366
ST044,站点-044,L1号线,2026-04-11,9,1,0,7180
ST044,站点-044,L1号线,2026-04-11,12,1,0,5870
ST044,站点-044,L1号线,2026-04-11,18,1,0,14026
ST044,站点-044,L1号线,2026-04-11,19,1,0,14386
ST044,站点-044,L1号线,2026-04-11,20,1,0,6375
ST044,站点-044,L1号线,2026-04-12,7,1,0,13995
ST044,站点-044,L1号线,2026-04-12,8,1,0,15639
ST044,站点-044,L1号线,2026-04-12,9,1,0,5879
ST044,站点-044,L1号线,2026-04-12,12,1,0,5911
ST044,站点-044,L1号线,2026-04-12,18,1,0,17482
ST044,站点-044,L1号线,2026-04-12,19,1,0,14478
ST044,站点-044,L1号线,2026-04-12,20,1,0,6879
ST044,站点-044,L1号线,2026-04-13,7,0,0,24388
ST044,站点-044,L1号线,2026-04-13,8,0,0,25125
ST044,站点-044,L1号线,2026-04-13,9,0,0,10287
ST044,站点-044,L1号线,2026-04-13,12,0,0,8834
ST044,站点-044,L1号线,2026-04-13,18,0,0,24563
ST044,站点-044,L1号线,2026-04-13,19,0,0,19350
ST044,站点-044,L1号线,2026-04-13,20,0,0,9421
ST044,站点-044,L1号线,2026-04-14,7,0,0,22047
ST044,站点-044,L1号线,2026-04-14,8,0,0,24335
ST044,站点-044,L1号线,2026-04-14,9,0,0,8388
ST044,站点-044,L1号线,2026-04-14,12,0,0,9321
ST044,站点-044,L1号线,2026-04-14,18,0,0,21743
ST044,站点-044,L1号线,2026-04-14,19,0,0,23062
ST044,站点-044,L1号线,2026-04-14,20,0,0,9741
ST044,站点-044,L1号线,2026-04-15,7,0,1,23433
ST044,站点-044,L1号线,2026-04-15,8,0,1,25193
ST044,站点-044,L1号线,2026-04-15,9,0,1,8533
ST044,站点-044,L1号线,2026-04-15,12,0,1,10124
ST044,站点-044,L1号线,2026-04-15,18,0,1,23075
ST044,站点-044,L1号线,2026-04-15,19,0,1,24302
ST044,站点-044,L1号线,2026-04-15,20,0,1,9039
ST044,站点-044,L1号线,2026-04-16,7,0,0,19808
ST044,站点-044,L1号线,2026-04-16,8,0,0,21007
ST044,站点-044,L1号线,2026-04-16,9,0,0,9717
ST044,站点-044,L1号线,2026-04-16,12,0,0,8427
ST044,站点-044,L1号线,2026-04-16,18,0,0,25799
ST044,站点-044,L1号线,2026-04-16,19,0,0,24022
ST044,站点-044,L1号线,2026-04-16,20,0,0,8354
ST044,站点-044,L1号线,2026-04-17,7,0,0,25322
ST044,站点-044,L1号线,2026-04-17,8,0,0,19806
ST044,站点-044,L1号线,2026-04-17,9,0,0,9235
ST044,站点-044,L1号线,2026-04-17,12,0,0,10174
ST044,站点-044,L1号线,2026-04-17,18,0,0,24407
ST044,站点-044,L1号线,2026-04-17,19,0,0,20891
ST044,站点-044,L1号线,2026-04-17,20,0,0,8896
ST044,站点-044,L1号线,2026-04-18,7,1,0,14268
ST044,站点-044,L1号线,2026-04-18,8,1,0,17341
ST044,站点-044,L1号线,2026-04-18,9,1,0,6969
ST044,站点-044,L1号线,2026-04-18,12,1,0,5633
ST044,站点-044,L1号线,2026-04-18,18,1,0,16453
ST044,站点-044,L1号线,2026-04-18,19,1,0,17493
ST044,站点-044,L1号线,2026-04-18,20,1,0,7017
ST044,站点-044,L1号线,2026-04-19,7,1,0,17955
ST044,站点-044,L1号线,2026-04-19,8,1,0,17887
ST044,站点-044,L1号线,2026-04-19,9,1,0,6630
ST044,站点-044,L1号线,2026-04-19,12,1,0,5601
ST044,站点-044,L1号线,2026-04-19,18,1,0,14517
ST044,站点-044,L1号线,2026-04-19,19,1,0,17212
ST044,站点-044,L1号线,2026-04-19,20,1,0,6590
ST044,站点-044,L1号线,2026-04-20,7,0,0,19570
ST044,站点-044,L1号线,2026-04-20,8,0,0,23307
ST044,站点-044,L1号线,2026-04-20,9,0,0,8381
ST044,站点-044,L1号线,2026-04-20,12,0,0,9910
ST044,站点-044,L1号线,2026-04-20,18,0,0,21398
ST044,站点-044,L1号线,2026-04-20,19,0,0,21626
ST044,站点-044,L1号线,2026-04-20,20,0,0,10319
ST044,站点-044,L1号线,2026-04-21,7,0,0,22029
ST044,站点-044,L1号线,2026-04-21,8,0,0,22973
ST044,站点-044,L1号线,2026-04-21,9,0,0,8797
ST044,站点-044,L1号线,2026-04-21,12,0,0,9150
ST044,站点-044,L1号线,2026-04-21,18,0,0,23573
ST044,站点-044,L1号线,2026-04-21,19,0,0,23906
ST044,站点-044,L1号线,2026-04-21,20,0,0,8404
ST044,站点-044,L1号线,2026-04-22,7,0,0,25291
ST044,站点-044,L1号线,2026-04-22,8,0,0,23449
ST044,站点-044,L1号线,2026-04-22,9,0,0,8479
ST044,站点-044,L1号线,2026-04-22,12,0,0,9521
ST044,站点-044,L1号线,2026-04-22,18,0,0,23471
ST044,站点-044,L1号线,2026-04-22,19,0,0,20510
ST044,站点-044,L1号线,2026-04-22,20,0,0,10232
ST044,站点-044,L1号线,2026-04-23,7,0,0,23523
ST044,站点-044,L1号线,2026-04-23,8,0,0,21011
ST044,站点-044,L1号线,2026-04-23,9,0,0,9735
ST044,站点-044,L1号线,2026-04-23,12,0,0,9718
ST044,站点-044,L1号线,2026-04-23,18,0,0,24771
ST044,站点-044,L1号线,2026-04-23,19,0,0,21318
ST044,站点-044,L1号线,2026-04-23,20,0,0,10100
ST044,站点-044,L1号线,2026-04-24,7,0,0,21207
ST044,站点-044,L1号线,2026-04-24,8,0,0,24637
ST044,站点-044,L1号线,2026-04-24,9,0,0,8732
ST044,站点-044,L1号线,2026-04-24,12,0,0,9842
ST044,站点-044,L1号线,2026-04-24,18,0,0,25227
ST044,站点-044,L1号线,2026-04-24,19,0,0,25197
ST044,站点-044,L1号线,2026-04-24,20,0,0,8692
ST044,站点-044,L1号线,2026-04-25,7,1,0,17965
ST044,站点-044,L1号线,2026-04-25,8,1,0,15429
ST044,站点-044,L1号线,2026-04-25,9,1,0,5578
ST044,站点-044,L1号线,2026-04-25,12,1,0,7226
ST044,站点-044,L1号线,2026-04-25,18,1,0,17616
ST044,站点-044,L1号线,2026-04-25,19,1,0,14455
ST044,站点-044,L1号线,2026-04-25,20,1,0,7033
ST044,站点-044,L1号线,2026-04-26,7,1,0,17983
ST044,站点-044,L1号线,2026-04-26,8,1,0,16223
ST044,站点-044,L1号线,2026-04-26,9,1,0,6176
ST044,站点-044,L1号线,2026-04-26,12,1,0,5927
ST044,站点-044,L1号线,2026-04-26,18,1,0,16148
ST044,站点-044,L1号线,2026-04-26,19,1,0,17824
ST044,站点-044,L1号线,2026-04-26,20,1,0,6368
ST044,站点-044,L1号线,2026-04-27,7,0,0,24873
ST044,站点-044,L1号线,2026-04-27,8,0,0,23590
ST044,站点-044,L1号线,2026-04-27,9,0,0,8536
ST044,站点-044,L1号线,2026-04-27,12,0,0,9762
ST044,站点-044,L1号线,2026-04-27,18,0,0,25481
ST044,站点-044,L1号线,2026-04-27,19,0,0,22917
ST044,站点-044,L1号线,2026-04-27,20,0,0,8418
ST044,站点-044,L1号线,2026-04-28,7,0,0,25624
ST044,站点-044,L1号线,2026-04-28,8,0,0,22240
ST044,站点-044,L1号线,2026-04-28,9,0,0,8156
ST044,站点-044,L1号线,2026-04-28,12,0,0,8798
ST044,站点-044,L1号线,2026-04-28,18,0,0,23931
ST044,站点-044,L1号线,2026-04-28,19,0,0,23816
ST044,站点-044,L1号线,2026-04-28,20,0,0,8642
ST044,站点-044,L1号线,2026-04-29,7,0,0,25826
ST044,站点-044,L1号线,2026-04-29,8,0,0,19785
ST044,站点-044,L1号线,2026-04-29,9,0,0,7850
ST044,站点-044,L1号线,2026-04-29,12,0,0,9527
ST044,站点-044,L1号线,2026-04-29,18,0,0,20224
ST044,站点-044,L1号线,2026-04-29,19,0,0,21986
ST044,站点-044,L1号线,2026-04-29,20,0,0,10019
ST044,站点-044,L1号线,2026-04-30,7,0,0,21982
ST044,站点-044,L1号线,2026-04-30,8,0,0,24507
ST044,站点-044,L1号线,2026-04-30,9,0,0,9632
ST044,站点-044,L1号线,2026-04-30,12,0,0,8619
ST044,站点-044,L1号线,2026-04-30,18,0,0,19802
ST044,站点-044,L1号线,2026-04-30,19,0,0,22608
ST044,站点-044,L1号线,2026-04-30,20,0,0,10347
ST045,站点-045,L10号线,2026-04-01,7,0,0,4295
ST045,站点-045,L10号线,2026-04-01,8,0,0,4030
ST045,站点-045,L10号线,2026-04-01,9,0,0,1529
ST045,站点-045,L10号线,2026-04-01,12,0,0,1471
ST045,站点-045,L10号线,2026-04-01,18,0,0,3725
ST045,站点-045,L10号线,2026-04-01,19,0,0,4276
ST045,站点-045,L10号线,2026-04-01,20,0,0,1829
ST045,站点-045,L10号线,2026-04-02,7,0,0,4333
ST045,站点-045,L10号线,2026-04-02,8,0,0,4046
ST045,站点-045,L10号线,2026-04-02,9,0,0,1617
ST045,站点-045,L10号线,2026-04-02,12,0,0,1749
ST045,站点-045,L10号线,2026-04-02,18,0,0,4273
ST045,站点-045,L10号线,2026-04-02,19,0,0,4751
ST045,站点-045,L10号线,2026-04-02,20,0,0,1799
ST045,站点-045,L10号线,2026-04-03,7,0,0,4052
ST045,站点-045,L10号线,2026-04-03,8,0,0,4702
ST045,站点-045,L10号线,2026-04-03,9,0,0,1735
ST045,站点-045,L10号线,2026-04-03,12,0,0,1526
ST045,站点-045,L10号线,2026-04-03,18,0,0,4448
ST045,站点-045,L10号线,2026-04-03,19,0,0,3607
ST045,站点-045,L10号线,2026-04-03,20,0,0,1614
ST045,站点-045,L10号线,2026-04-04,7,1,0,3305
ST045,站点-045,L10号线,2026-04-04,8,1,0,2736
ST045,站点-045,L10号线,2026-04-04,9,1,0,1006
ST045,站点-045,L10号线,2026-04-04,12,1,0,1095
ST045,站点-045,L10号线,2026-04-04,18,1,0,2920
ST045,站点-045,L10号线,2026-04-04,19,1,0,3071
ST045,站点-045,L10号线,2026-04-04,20,1,0,1022
ST045,站点-045,L10号线,2026-04-05,7,1,0,3272
ST045,站点-045,L10号线,2026-04-05,8,1,0,3107
ST045,站点-045,L10号线,2026-04-05,9,1,0,1122
ST045,站点-045,L10号线,2026-04-05,12,1,0,1341
ST045,站点-045,L10号线,2026-04-05,18,1,0,3343
ST045,站点-045,L10号线,2026-04-05,19,1,0,2777
ST045,站点-045,L10号线,2026-04-05,20,1,0,1325
ST045,站点-045,L10号线,2026-04-06,7,0,0,4142
ST045,站点-045,L10号线,2026-04-06,8,0,0,4783
ST045,站点-045,L10号线,2026-04-06,9,0,0,1873
ST045,站点-045,L10号线,2026-04-06,12,0,0,1445
ST045,站点-045,L10号线,2026-04-06,18,0,0,4541
ST045,站点-045,L10号线,2026-04-06,19,0,0,4325
ST045,站点-045,L10号线,2026-04-06,20,0,0,1561
ST045,站点-045,L10号线,2026-04-07,7,0,0,4281
ST045,站点-045,L10号线,2026-04-07,8,0,0,4346
ST045,站点-045,L10号线,2026-04-07,9,0,0,1922
ST045,站点-045,L10号线,2026-04-07,12,0,0,1580
ST045,站点-045,L10号线,2026-04-07,18,0,0,4516
ST045,站点-045,L10号线,2026-04-07,19,0,0,3934
ST045,站点-045,L10号线,2026-04-07,20,0,0,1575
ST045,站点-045,L10号线,2026-04-08,7,0,0,4796
ST045,站点-045,L10号线,2026-04-08,8,0,0,4150
ST045,站点-045,L10号线,2026-04-08,9,0,0,1720
ST045,站点-045,L10号线,2026-04-08,12,0,0,1658
ST045,站点-045,L10号线,2026-04-08,18,0,0,3807
ST045,站点-045,L10号线,2026-04-08,19,0,0,3933
ST045,站点-045,L10号线,2026-04-08,20,0,0,1852
ST045,站点-045,L10号线,2026-04-09,7,0,0,4797
ST045,站点-045,L10号线,2026-04-09,8,0,0,4176
ST045,站点-045,L10号线,2026-04-09,9,0,0,1774
ST045,站点-045,L10号线,2026-04-09,12,0,0,1516
ST045,站点-045,L10号线,2026-04-09,18,0,0,4349
ST045,站点-045,L10号线,2026-04-09,19,0,0,4421
ST045,站点-045,L10号线,2026-04-09,20,0,0,1437
ST045,站点-045,L10号线,2026-04-10,7,0,0,4059
ST045,站点-045,L10号线,2026-04-10,8,0,0,4830
ST045,站点-045,L10号线,2026-04-10,9,0,0,1851
ST045,站点-045,L10号线,2026-04-10,12,0,0,1745
ST045,站点-045,L10号线,2026-04-10,18,0,0,4216
ST045,站点-045,L10号线,2026-04-10,19,0,0,4346
ST045,站点-045,L10号线,2026-04-10,20,0,0,1538
ST045,站点-045,L10号线,2026-04-11,7,1,0,3326
ST045,站点-045,L10号线,2026-04-11,8,1,0,2712
ST045,站点-045,L10号线,2026-04-11,9,1,0,1215
ST045,站点-045,L10号线,2026-04-11,12,1,0,1159
ST045,站点-045,L10号线,2026-04-11,18,1,0,3261
ST045,站点-045,L10号线,2026-04-11,19,1,0,2887
ST045,站点-045,L10号线,2026-04-11,20,1,0,1278
ST045,站点-045,L10号线,2026-04-12,7,1,0,3060
ST045,站点-045,L10号线,2026-04-12,8,1,0,2732
ST045,站点-045,L10号线,2026-04-12,9,1,0,1084
ST045,站点-045,L10号线,2026-04-12,12,1,0,1035
ST045,站点-045,L10号线,2026-04-12,18,1,0,2887
ST045,站点-045,L10号线,2026-04-12,19,1,0,3171
ST045,站点-045,L10号线,2026-04-12,20,1,0,1235
ST045,站点-045,L10号线,2026-04-13,7,0,0,4498
ST045,站点-045,L10号线,2026-04-13,8,0,0,3789
ST045,站点-045,L10号线,2026-04-13,9,0,0,1880
ST045,站点-045,L10号线,2026-04-13,12,0,0,1639
ST045,站点-045,L10号线,2026-04-13,18,0,0,4398
ST045,站点-045,L10号线,2026-04-13,19,0,0,4073
ST045,站点-045,L10号线,2026-04-13,20,0,0,1926
ST045,站点-045,L10号线,2026-04-14,7,0,0,3993
ST045,站点-045,L10号线,2026-04-14,8,0,0,3770
ST045,站点-045,L10号线,2026-04-14,9,0,0,1747
ST045,站点-045,L10号线,2026-04-14,12,0,0,1842
ST045,站点-045,L10号线,2026-04-14,18,0,0,4507
ST045,站点-045,L10号线,2026-04-14,19,0,0,4262
ST045,站点-045,L10号线,2026-04-14,20,0,0,1441
ST045,站点-045,L10号线,2026-04-15,7,0,1,4790
ST045,站点-045,L10号线,2026-04-15,8,0,1,3580
ST045,站点-045,L10号线,2026-04-15,9,0,1,1519
ST045,站点-045,L10号线,2026-04-15,12,0,1,1733
ST045,站点-045,L10号线,2026-04-15,18,0,1,3759
ST045,站点-045,L10号线,2026-04-15,19,0,1,4763
ST045,站点-045,L10号线,2026-04-15,20,0,1,1585
ST045,站点-045,L10号线,2026-04-16,7,0,0,4708
ST045,站点-045,L10号线,2026-04-16,8,0,0,4705
ST045,站点-045,L10号线,2026-04-16,9,0,0,1618
ST045,站点-045,L10号线,2026-04-16,12,0,0,1634
ST045,站点-045,L10号线,2026-04-16,18,0,0,4534
ST045,站点-045,L10号线,2026-04-16,19,0,0,3887
ST045,站点-045,L10号线,2026-04-16,20,0,0,1634
ST045,站点-045,L10号线,2026-04-17,7,0,0,4622
ST045,站点-045,L10号线,2026-04-17,8,0,0,3707
ST045,站点-045,L10号线,2026-04-17,9,0,0,1490
ST045,站点-045,L10号线,2026-04-17,12,0,0,1711
ST045,站点-045,L10号线,2026-04-17,18,0,0,3705
ST045,站点-045,L10号线,2026-04-17,19,0,0,4304
ST045,站点-045,L10号线,2026-04-17,20,0,0,1902
ST045,站点-045,L10号线,2026-04-18,7,1,0,2614
ST045,站点-045,L10号线,2026-04-18,8,1,0,2567
ST045,站点-045,L10号线,2026-04-18,9,1,0,1136
ST045,站点-045,L10号线,2026-04-18,12,1,0,1263
ST045,站点-045,L10号线,2026-04-18,18,1,0,3320
ST045,站点-045,L10号线,2026-04-18,19,1,0,3087
ST045,站点-045,L10号线,2026-04-18,20,1,0,1140
ST045,站点-045,L10号线,2026-04-19,7,1,0,2588
ST045,站点-045,L10号线,2026-04-19,8,1,0,2813
ST045,站点-045,L10号线,2026-04-19,9,1,0,1340
ST045,站点-045,L10号线,2026-04-19,12,1,0,1148
ST045,站点-045,L10号线,2026-04-19,18,1,0,3167
ST045,站点-045,L10号线,2026-04-19,19,1,0,2771
ST045,站点-045,L10号线,2026-04-19,20,1,0,1297
ST045,站点-045,L10号线,2026-04-20,7,0,0,3944
ST045,站点-045,L10号线,2026-04-20,8,0,0,4705
ST045,站点-045,L10号线,2026-04-20,9,0,0,1620
ST045,站点-045,L10号线,2026-04-20,12,0,0,1531
ST045,站点-045,L10号线,2026-04-20,18,0,0,4666
ST045,站点-045,L10号线,2026-04-20,19,0,0,4617
ST045,站点-045,L10号线,2026-04-20,20,0,0,1503
ST045,站点-045,L10号线,2026-04-21,7,0,0,3840
ST045,站点-045,L10号线,2026-04-21,8,0,0,3934
ST045,站点-045,L10号线,2026-04-21,9,0,0,1733
ST045,站点-045,L10号线,2026-04-21,12,0,0,1720
ST045,站点-045,L10号线,2026-04-21,18,0,0,4527
ST045,站点-045,L10号线,2026-04-21,19,0,0,3816
ST045,站点-045,L10号线,2026-04-21,20,0,0,1524
ST045,站点-045,L10号线,2026-04-22,7,0,0,4496
ST045,站点-045,L10号线,2026-04-22,8,0,0,3612
ST045,站点-045,L10号线,2026-04-22,9,0,0,1648
ST045,站点-045,L10号线,2026-04-22,12,0,0,1858
ST045,站点-045,L10号线,2026-04-22,18,0,0,4257
ST045,站点-045,L10号线,2026-04-22,19,0,0,4763
ST045,站点-045,L10号线,2026-04-22,20,0,0,1709
ST045,站点-045,L10号线,2026-04-23,7,0,0,4440
ST045,站点-045,L10号线,2026-04-23,8,0,0,3929
ST045,站点-045,L10号线,2026-04-23,9,0,0,1819
ST045,站点-045,L10号线,2026-04-23,12,0,0,1879
ST045,站点-045,L10号线,2026-04-23,18,0,0,4714
ST045,站点-045,L10号线,2026-04-23,19,0,0,4734
ST045,站点-045,L10号线,2026-04-23,20,0,0,1745
ST045,站点-045,L10号线,2026-04-24,7,0,0,4575
ST045,站点-045,L10号线,2026-04-24,8,0,0,4810
ST045,站点-045,L10号线,2026-04-24,9,0,0,1612
ST045,站点-045,L10号线,2026-04-24,12,0,0,1535
ST045,站点-045,L10号线,2026-04-24,18,0,0,4153
ST045,站点-045,L10号线,2026-04-24,19,0,0,4582
ST045,站点-045,L10号线,2026-04-24,20,0,0,1579
ST045,站点-045,L10号线,2026-04-25,7,1,0,3368
ST045,站点-045,L10号线,2026-04-25,8,1,0,3215
ST045,站点-045,L10号线,2026-04-25,9,1,0,1216
ST045,站点-045,L10号线,2026-04-25,12,1,0,1186
ST045,站点-045,L10号线,2026-04-25,18,1,0,2696
ST045,站点-045,L10号线,2026-04-25,19,1,0,3325
ST045,站点-045,L10号线,2026-04-25,20,1,0,1036
ST045,站点-045,L10号线,2026-04-26,7,1,0,3223
ST045,站点-045,L10号线,2026-04-26,8,1,0,3361
ST045,站点-045,L10号线,2026-04-26,9,1,0,1308
ST045,站点-045,L10号线,2026-04-26,12,1,0,1042
ST045,站点-045,L10号线,2026-04-26,18,1,0,2929
ST045,站点-045,L10号线,2026-04-26,19,1,0,2923
ST045,站点-045,L10号线,2026-04-26,20,1,0,1164
ST045,站点-045,L10号线,2026-04-27,7,0,0,4188
ST045,站点-045,L10号线,2026-04-27,8,0,0,4203
ST045,站点-045,L10号线,2026-04-27,9,0,0,1540
ST045,站点-045,L10号线,2026-04-27,12,0,0,1919
ST045,站点-045,L10号线,2026-04-27,18,0,0,3705
ST045,站点-045,L10号线,2026-04-27,19,0,0,3829
ST045,站点-045,L10号线,2026-04-27,20,0,0,1652
ST045,站点-045,L10号线,2026-04-28,7,0,0,3683
ST045,站点-045,L10号线,2026-04-28,8,0,0,3871
ST045,站点-045,L10号线,2026-04-28,9,0,0,1855
ST045,站点-045,L10号线,2026-04-28,12,0,0,1852
ST045,站点-045,L10号线,2026-04-28,18,0,0,4468
ST045,站点-045,L10号线,2026-04-28,19,0,0,4564
ST045,站点-045,L10号线,2026-04-28,20,0,0,1599
ST045,站点-045,L10号线,2026-04-29,7,0,0,4771
ST045,站点-045,L10号线,2026-04-29,8,0,0,4142
ST045,站点-045,L10号线,2026-04-29,9,0,0,1869
ST045,站点-045,L10号线,2026-04-29,12,0,0,1458
ST045,站点-045,L10号线,2026-04-29,18,0,0,3589
ST045,站点-045,L10号线,2026-04-29,19,0,0,4379
ST045,站点-045,L10号线,2026-04-29,20,0,0,1621
ST045,站点-045,L10号线,2026-04-30,7,0,0,3654
ST045,站点-045,L10号线,2026-04-30,8,0,0,3878
ST045,站点-045,L10号线,2026-04-30,9,0,0,1456
ST045,站点-045,L10号线,2026-04-30,12,0,0,1671
ST045,站点-045,L10号线,2026-04-30,18,0,0,3611
ST045,站点-045,L10号线,2026-04-30,19,0,0,4557
ST045,站点-045,L10号线,2026-04-30,20,0,0,1565
ST046,站点-046,L10号线,2026-04-01,7,0,0,7027
ST046,站点-046,L10号线,2026-04-01,8,0,0,6743
ST046,站点-046,L10号线,2026-04-01,9,0,0,2514
ST046,站点-046,L10号线,2026-04-01,12,0,0,2442
ST046,站点-046,L10号线,2026-04-01,18,0,0,7250
ST046,站点-046,L10号线,2026-04-01,19,0,0,6071
ST046,站点-046,L10号线,2026-04-01,20,0,0,2772
ST046,站点-046,L10号线,2026-04-02,7,0,0,6394
ST046,站点-046,L10号线,2026-04-02,8,0,0,6888
ST046,站点-046,L10号线,2026-04-02,9,0,0,2440
ST046,站点-046,L10号线,2026-04-02,12,0,0,2967
ST046,站点-046,L10号线,2026-04-02,18,0,0,6507
ST046,站点-046,L10号线,2026-04-02,19,0,0,7382
ST046,站点-046,L10号线,2026-04-02,20,0,0,2633
ST046,站点-046,L10号线,2026-04-03,7,0,0,6040
ST046,站点-046,L10号线,2026-04-03,8,0,0,6642
ST046,站点-046,L10号线,2026-04-03,9,0,0,2890
ST046,站点-046,L10号线,2026-04-03,12,0,0,2702
ST046,站点-046,L10号线,2026-04-03,18,0,0,6850
ST046,站点-046,L10号线,2026-04-03,19,0,0,6805
ST046,站点-046,L10号线,2026-04-03,20,0,0,2480
ST046,站点-046,L10号线,2026-04-04,7,1,0,4917
ST046,站点-046,L10号线,2026-04-04,8,1,0,4948
ST046,站点-046,L10号线,2026-04-04,9,1,0,2033
ST046,站点-046,L10号线,2026-04-04,12,1,0,1872
ST046,站点-046,L10号线,2026-04-04,18,1,0,4123
ST046,站点-046,L10号线,2026-04-04,19,1,0,4116
ST046,站点-046,L10号线,2026-04-04,20,1,0,1857
ST046,站点-046,L10号线,2026-04-05,7,1,0,5049
ST046,站点-046,L10号线,2026-04-05,8,1,0,4854
ST046,站点-046,L10号线,2026-04-05,9,1,0,1622
ST046,站点-046,L10号线,2026-04-05,12,1,0,1826
ST046,站点-046,L10号线,2026-04-05,18,1,0,4863
ST046,站点-046,L10号线,2026-04-05,19,1,0,4499
ST046,站点-046,L10号线,2026-04-05,20,1,0,1678
ST046,站点-046,L10号线,2026-04-06,7,0,0,5752
ST046,站点-046,L10号线,2026-04-06,8,0,0,6264
ST046,站点-046,L10号线,2026-04-06,9,0,0,2447
ST046,站点-046,L10号线,2026-04-06,12,0,0,2758
ST046,站点-046,L10号线,2026-04-06,18,0,0,6968
ST046,站点-046,L10号线,2026-04-06,19,0,0,5646
ST046,站点-046,L10号线,2026-04-06,20,0,0,2790
ST046,站点-046,L10号线,2026-04-07,7,0,0,6863
ST046,站点-046,L10号线,2026-04-07,8,0,0,7380
ST046,站点-046,L10号线,2026-04-07,9,0,0,2382
ST046,站点-046,L10号线,2026-04-07,12,0,0,2343
ST046,站点-046,L10号线,2026-04-07,18,0,0,6498
ST046,站点-046,L10号线,2026-04-07,19,0,0,6944
ST046,站点-046,L10号线,2026-04-07,20,0,0,2751
ST046,站点-046,L10号线,2026-04-08,7,0,0,7503
ST046,站点-046,L10号线,2026-04-08,8,0,0,7108
ST046,站点-046,L10号线,2026-04-08,9,0,0,2359
ST046,站点-046,L10号线,2026-04-08,12,0,0,2804
ST046,站点-046,L10号线,2026-04-08,18,0,0,6257
ST046,站点-046,L10号线,2026-04-08,19,0,0,6305
ST046,站点-046,L10号线,2026-04-08,20,0,0,2861
ST046,站点-046,L10号线,2026-04-09,7,0,0,5963
ST046,站点-046,L10号线,2026-04-09,8,0,0,6058
ST046,站点-046,L10号线,2026-04-09,9,0,0,2922
ST046,站点-046,L10号线,2026-04-09,12,0,0,2248
ST046,站点-046,L10号线,2026-04-09,18,0,0,6516
ST046,站点-046,L10号线,2026-04-09,19,0,0,7380
ST046,站点-046,L10号线,2026-04-09,20,0,0,2964
ST046,站点-046,L10号线,2026-04-10,7,0,0,6602
ST046,站点-046,L10号线,2026-04-10,8,0,0,5744
ST046,站点-046,L10号线,2026-04-10,9,0,0,2391
ST046,站点-046,L10号线,2026-04-10,12,0,0,2349
ST046,站点-046,L10号线,2026-04-10,18,0,0,6407
ST046,站点-046,L10号线,2026-04-10,19,0,0,6895
ST046,站点-046,L10号线,2026-04-10,20,0,0,2932
ST046,站点-046,L10号线,2026-04-11,7,1,0,4811
ST046,站点-046,L10号线,2026-04-11,8,1,0,4498
ST046,站点-046,L10号线,2026-04-11,9,1,0,1707
ST046,站点-046,L10号线,2026-04-11,12,1,0,1957
ST046,站点-046,L10号线,2026-04-11,18,1,0,4582
ST046,站点-046,L10号线,2026-04-11,19,1,0,5044
ST046,站点-046,L10号线,2026-04-11,20,1,0,2019
ST046,站点-046,L10号线,2026-04-12,7,1,0,5090
ST046,站点-046,L10号线,2026-04-12,8,1,0,4464
ST046,站点-046,L10号线,2026-04-12,9,1,0,1933
ST046,站点-046,L10号线,2026-04-12,12,1,0,1924
ST046,站点-046,L10号线,2026-04-12,18,1,0,4564
ST046,站点-046,L10号线,2026-04-12,19,1,0,4859
ST046,站点-046,L10号线,2026-04-12,20,1,0,2013
ST046,站点-046,L10号线,2026-04-13,7,0,0,6528
ST046,站点-046,L10号线,2026-04-13,8,0,0,6251
ST046,站点-046,L10号线,2026-04-13,9,0,0,2642
ST046,站点-046,L10号线,2026-04-13,12,0,0,2425
ST046,站点-046,L10号线,2026-04-13,18,0,0,6028
ST046,站点-046,L10号线,2026-04-13,19,0,0,7248
ST046,站点-046,L10号线,2026-04-13,20,0,0,2802
ST046,站点-046,L10号线,2026-04-14,7,0,0,6793
ST046,站点-046,L10号线,2026-04-14,8,0,0,5896
ST046,站点-046,L10号线,2026-04-14,9,0,0,2584
ST046,站点-046,L10号线,2026-04-14,12,0,0,2711
ST046,站点-046,L10号线,2026-04-14,18,0,0,6873
ST046,站点-046,L10号线,2026-04-14,19,0,0,7448
ST046,站点-046,L10号线,2026-04-14,20,0,0,2264
ST046,站点-046,L10号线,2026-04-15,7,0,1,6978
ST046,站点-046,L10号线,2026-04-15,8,0,1,6631
ST046,站点-046,L10号线,2026-04-15,9,0,1,2430
ST046,站点-046,L10号线,2026-04-15,12,0,1,3004
ST046,站点-046,L10号线,2026-04-15,18,0,1,6881
ST046,站点-046,L10号线,2026-04-15,19,0,1,6581
ST046,站点-046,L10号线,2026-04-15,20,0,1,2286
ST046,站点-046,L10号线,2026-04-16,7,0,0,6006
ST046,站点-046,L10号线,2026-04-16,8,0,0,7460
ST046,站点-046,L10号线,2026-04-16,9,0,0,2338
ST046,站点-046,L10号线,2026-04-16,12,0,0,2709
ST046,站点-046,L10号线,2026-04-16,18,0,0,6128
ST046,站点-046,L10号线,2026-04-16,19,0,0,7450
ST046,站点-046,L10号线,2026-04-16,20,0,0,2247
ST046,站点-046,L10号线,2026-04-17,7,0,0,6469
ST046,站点-046,L10号线,2026-04-17,8,0,0,6484
ST046,站点-046,L10号线,2026-04-17,9,0,0,2845
ST046,站点-046,L10号线,2026-04-17,12,0,0,2969
ST046,站点-046,L10号线,2026-04-17,18,0,0,6556
ST046,站点-046,L10号线,2026-04-17,19,0,0,6377
ST046,站点-046,L10号线,2026-04-17,20,0,0,2725
ST046,站点-046,L10号线,2026-04-18,7,1,0,4301
ST046,站点-046,L10号线,2026-04-18,8,1,0,4155
ST046,站点-046,L10号线,2026-04-18,9,1,0,1649
ST046,站点-046,L10号线,2026-04-18,12,1,0,1985
ST046,站点-046,L10号线,2026-04-18,18,1,0,5158
ST046,站点-046,L10号线,2026-04-18,19,1,0,4873
ST046,站点-046,L10号线,2026-04-18,20,1,0,2050
ST046,站点-046,L10号线,2026-04-19,7,1,0,4340
ST046,站点-046,L10号线,2026-04-19,8,1,0,4829
ST046,站点-046,L10号线,2026-04-19,9,1,0,1856
ST046,站点-046,L10号线,2026-04-19,12,1,0,1848
ST046,站点-046,L10号线,2026-04-19,18,1,0,4817
ST046,站点-046,L10号线,2026-04-19,19,1,0,5038
ST046,站点-046,L10号线,2026-04-19,20,1,0,1643
ST046,站点-046,L10号线,2026-04-20,7,0,0,7390
ST046,站点-046,L10号线,2026-04-20,8,0,0,5602
ST046,站点-046,L10号线,2026-04-20,9,0,0,2289
ST046,站点-046,L10号线,2026-04-20,12,0,0,2847
ST046,站点-046,L10号线,2026-04-20,18,0,0,7089
ST046,站点-046,L10号线,2026-04-20,19,0,0,7120
ST046,站点-046,L10号线,2026-04-20,20,0,0,2713
ST046,站点-046,L10号线,2026-04-21,7,0,0,7196
ST046,站点-046,L10号线,2026-04-21,8,0,0,5907
ST046,站点-046,L10号线,2026-04-21,9,0,0,3003
ST046,站点-046,L10号线,2026-04-21,12,0,0,2963
ST046,站点-046,L10号线,2026-04-21,18,0,0,6363
ST046,站点-046,L10号线,2026-04-21,19,0,0,7089
ST046,站点-046,L10号线,2026-04-21,20,0,0,2597
ST046,站点-046,L10号线,2026-04-22,7,0,0,5773
ST046,站点-046,L10号线,2026-04-22,8,0,0,5894
ST046,站点-046,L10号线,2026-04-22,9,0,0,2534
ST046,站点-046,L10号线,2026-04-22,12,0,0,2918
ST046,站点-046,L10号线,2026-04-22,18,0,0,6482
ST046,站点-046,L10号线,2026-04-22,19,0,0,6709
ST046,站点-046,L10号线,2026-04-22,20,0,0,2250
ST046,站点-046,L10号线,2026-04-23,7,0,0,7309
ST046,站点-046,L10号线,2026-04-23,8,0,0,5670
ST046,站点-046,L10号线,2026-04-23,9,0,0,2620
ST046,站点-046,L10号线,2026-04-23,12,0,0,3004
ST046,站点-046,L10号线,2026-04-23,18,0,0,7008
ST046,站点-046,L10号线,2026-04-23,19,0,0,7050
ST046,站点-046,L10号线,2026-04-23,20,0,0,2985
ST046,站点-046,L10号线,2026-04-24,7,0,0,7272
ST046,站点-046,L10号线,2026-04-24,8,0,0,6612
ST046,站点-046,L10号线,2026-04-24,9,0,0,2240
ST046,站点-046,L10号线,2026-04-24,12,0,0,2729
ST046,站点-046,L10号线,2026-04-24,18,0,0,7370
ST046,站点-046,L10号线,2026-04-24,19,0,0,5829
ST046,站点-046,L10号线,2026-04-24,20,0,0,2346
ST046,站点-046,L10号线,2026-04-25,7,1,0,4249
ST046,站点-046,L10号线,2026-04-25,8,1,0,4810
ST046,站点-046,L10号线,2026-04-25,9,1,0,1595
ST046,站点-046,L10号线,2026-04-25,12,1,0,1783
ST046,站点-046,L10号线,2026-04-25,18,1,0,4529
ST046,站点-046,L10号线,2026-04-25,19,1,0,5062
ST046,站点-046,L10号线,2026-04-25,20,1,0,1577
ST046,站点-046,L10号线,2026-04-26,7,1,0,5226
ST046,站点-046,L10号线,2026-04-26,8,1,0,4910
ST046,站点-046,L10号线,2026-04-26,9,1,0,2092
ST046,站点-046,L10号线,2026-04-26,12,1,0,1819
ST046,站点-046,L10号线,2026-04-26,18,1,0,4274
ST046,站点-046,L10号线,2026-04-26,19,1,0,4068
ST046,站点-046,L10号线,2026-04-26,20,1,0,1794
ST046,站点-046,L10号线,2026-04-27,7,0,0,6272
ST046,站点-046,L10号线,2026-04-27,8,0,0,5689
ST046,站点-046,L10号线,2026-04-27,9,0,0,2996
ST046,站点-046,L10号线,2026-04-27,12,0,0,2347
ST046,站点-046,L10号线,2026-04-27,18,0,0,6824
ST046,站点-046,L10号线,2026-04-27,19,0,0,6124
ST046,站点-046,L10号线,2026-04-27,20,0,0,2362
ST046,站点-046,L10号线,2026-04-28,7,0,0,7078
ST046,站点-046,L10号线,2026-04-28,8,0,0,7124
ST046,站点-046,L10号线,2026-04-28,9,0,0,2586
ST046,站点-046,L10号线,2026-04-28,12,0,0,2485
ST046,站点-046,L10号线,2026-04-28,18,0,0,5630
ST046,站点-046,L10号线,2026-04-28,19,0,0,6503
ST046,站点-046,L10号线,2026-04-28,20,0,0,2446
ST046,站点-046,L10号线,2026-04-29,7,0,0,5683
ST046,站点-046,L10号线,2026-04-29,8,0,0,6857
ST046,站点-046,L10号线,2026-04-29,9,0,0,2892
ST046,站点-046,L10号线,2026-04-29,12,0,0,2469
ST046,站点-046,L10号线,2026-04-29,18,0,0,7340
ST046,站点-046,L10号线,2026-04-29,19,0,0,6931
ST046,站点-046,L10号线,2026-04-29,20,0,0,2549
ST046,站点-046,L10号线,2026-04-30,7,0,0,6460
ST046,站点-046,L10号线,2026-04-30,8,0,0,5887
ST046,站点-046,L10号线,2026-04-30,9,0,0,2925
ST046,站点-046,L10号线,2026-04-30,12,0,0,2874
ST046,站点-046,L10号线,2026-04-30,18,0,0,6770
ST046,站点-046,L10号线,2026-04-30,19,0,0,7015
ST046,站点-046,L10号线,2026-04-30,20,0,0,2496
ST047,站点-047,L6号线,2026-04-01,7,0,0,35373
ST047,站点-047,L6号线,2026-04-01,8,0,0,39098
ST047,站点-047,L6号线,2026-04-01,9,0,0,12385
ST047,站点-047,L6号线,2026-04-01,12,0,0,12500
ST047,站点-047,L6号线,2026-04-01,18,0,0,37933
ST047,站点-047,L6号线,2026-04-01,19,0,0,37363
ST047,站点-047,L6号线,2026-04-01,20,0,0,13600
ST047,站点-047,L6号线,2026-04-02,7,0,0,31311
ST047,站点-047,L6号线,2026-04-02,8,0,0,34906
ST047,站点-047,L6号线,2026-04-02,9,0,0,12676
ST047,站点-047,L6号线,2026-04-02,12,0,0,12758
ST047,站点-047,L6号线,2026-04-02,18,0,0,39153
ST047,站点-047,L6号线,2026-04-02,19,0,0,37277
ST047,站点-047,L6号线,2026-04-02,20,0,0,12698
ST047,站点-047,L6号线,2026-04-03,7,0,0,33111
ST047,站点-047,L6号线,2026-04-03,8,0,0,37225
ST047,站点-047,L6号线,2026-04-03,9,0,0,13237
ST047,站点-047,L6号线,2026-04-03,12,0,0,12827
ST047,站点-047,L6号线,2026-04-03,18,0,0,31748
ST047,站点-047,L6号线,2026-04-03,19,0,0,32346
ST047,站点-047,L6号线,2026-04-03,20,0,0,14755
ST047,站点-047,L6号线,2026-04-04,7,1,0,22109
ST047,站点-047,L6号线,2026-04-04,8,1,0,24682
ST047,站点-047,L6号线,2026-04-04,9,1,0,10141
ST047,站点-047,L6号线,2026-04-04,12,1,0,10179
ST047,站点-047,L6号线,2026-04-04,18,1,0,28219
ST047,站点-047,L6号线,2026-04-04,19,1,0,25963
ST047,站点-047,L6号线,2026-04-04,20,1,0,8844
ST047,站点-047,L6号线,2026-04-05,7,1,0,26489
ST047,站点-047,L6号线,2026-04-05,8,1,0,23286
ST047,站点-047,L6号线,2026-04-05,9,1,0,9871
ST047,站点-047,L6号线,2026-04-05,12,1,0,10256
ST047,站点-047,L6号线,2026-04-05,18,1,0,22060
ST047,站点-047,L6号线,2026-04-05,19,1,0,27277
ST047,站点-047,L6号线,2026-04-05,20,1,0,10541
ST047,站点-047,L6号线,2026-04-06,7,0,0,35270
ST047,站点-047,L6号线,2026-04-06,8,0,0,34081
ST047,站点-047,L6号线,2026-04-06,9,0,0,16348
ST047,站点-047,L6号线,2026-04-06,12,0,0,15243
ST047,站点-047,L6号线,2026-04-06,18,0,0,31420
ST047,站点-047,L6号线,2026-04-06,19,0,0,32843
ST047,站点-047,L6号线,2026-04-06,20,0,0,13184
ST047,站点-047,L6号线,2026-04-07,7,0,0,38625
ST047,站点-047,L6号线,2026-04-07,8,0,0,38266
ST047,站点-047,L6号线,2026-04-07,9,0,0,14765
ST047,站点-047,L6号线,2026-04-07,12,0,0,15165
ST047,站点-047,L6号线,2026-04-07,18,0,0,31659
ST047,站点-047,L6号线,2026-04-07,19,0,0,31862
ST047,站点-047,L6号线,2026-04-07,20,0,0,13472
ST047,站点-047,L6号线,2026-04-08,7,0,0,39569
ST047,站点-047,L6号线,2026-04-08,8,0,0,40974
ST047,站点-047,L6号线,2026-04-08,9,0,0,14150
ST047,站点-047,L6号线,2026-04-08,12,0,0,15344
ST047,站点-047,L6号线,2026-04-08,18,0,0,36447
ST047,站点-047,L6号线,2026-04-08,19,0,0,33179
ST047,站点-047,L6号线,2026-04-08,20,0,0,13981
ST047,站点-047,L6号线,2026-04-09,7,0,0,36134
ST047,站点-047,L6号线,2026-04-09,8,0,0,34619
ST047,站点-047,L6号线,2026-04-09,9,0,0,13953
ST047,站点-047,L6号线,2026-04-09,12,0,0,15473
ST047,站点-047,L6号线,2026-04-09,18,0,0,32549
ST047,站点-047,L6号线,2026-04-09,19,0,0,30996
ST047,站点-047,L6号线,2026-04-09,20,0,0,13469
ST047,站点-047,L6号线,2026-04-10,7,0,0,37639
ST047,站点-047,L6号线,2026-04-10,8,0,0,36523
ST047,站点-047,L6号线,2026-04-10,9,0,0,12790
ST047,站点-047,L6号线,2026-04-10,12,0,0,13026
ST047,站点-047,L6号线,2026-04-10,18,0,0,35838
ST047,站点-047,L6号线,2026-04-10,19,0,0,31834
ST047,站点-047,L6号线,2026-04-10,20,0,0,14042
ST047,站点-047,L6号线,2026-04-11,7,1,0,27473
ST047,站点-047,L6号线,2026-04-11,8,1,0,22853
ST047,站点-047,L6号线,2026-04-11,9,1,0,8658
ST047,站点-047,L6号线,2026-04-11,12,1,0,8835
ST047,站点-047,L6号线,2026-04-11,18,1,0,21256
ST047,站点-047,L6号线,2026-04-11,19,1,0,23224
ST047,站点-047,L6号线,2026-04-11,20,1,0,11393
ST047,站点-047,L6号线,2026-04-12,7,1,0,21976
ST047,站点-047,L6号线,2026-04-12,8,1,0,21762
ST047,站点-047,L6号线,2026-04-12,9,1,0,9247
ST047,站点-047,L6号线,2026-04-12,12,1,0,9314
ST047,站点-047,L6号线,2026-04-12,18,1,0,28190
ST047,站点-047,L6号线,2026-04-12,19,1,0,21292
ST047,站点-047,L6号线,2026-04-12,20,1,0,11144
ST047,站点-047,L6号线,2026-04-13,7,0,0,36258
ST047,站点-047,L6号线,2026-04-13,8,0,0,33022
ST047,站点-047,L6号线,2026-04-13,9,0,0,14113
ST047,站点-047,L6号线,2026-04-13,12,0,0,14359
ST047,站点-047,L6号线,2026-04-13,18,0,0,38380
ST047,站点-047,L6号线,2026-04-13,19,0,0,33385
ST047,站点-047,L6号线,2026-04-13,20,0,0,13359
ST047,站点-047,L6号线,2026-04-14,7,0,0,34675
ST047,站点-047,L6号线,2026-04-14,8,0,0,30804
ST047,站点-047,L6号线,2026-04-14,9,0,0,15394
ST047,站点-047,L6号线,2026-04-14,12,0,0,12842
ST047,站点-047,L6号线,2026-04-14,18,0,0,31241
ST047,站点-047,L6号线,2026-04-14,19,0,0,35366
ST047,站点-047,L6号线,2026-04-14,20,0,0,16389
ST047,站点-047,L6号线,2026-04-15,7,0,1,40171
ST047,站点-047,L6号线,2026-04-15,8,0,1,32709
ST047,站点-047,L6号线,2026-04-15,9,0,1,16291
ST047,站点-047,L6号线,2026-04-15,12,0,1,15631
ST047,站点-047,L6号线,2026-04-15,18,0,1,31152
ST047,站点-047,L6号线,2026-04-15,19,0,1,32208
ST047,站点-047,L6号线,2026-04-15,20,0,1,13183
ST047,站点-047,L6号线,2026-04-16,7,0,0,37518
ST047,站点-047,L6号线,2026-04-16,8,0,0,31756
ST047,站点-047,L6号线,2026-04-16,9,0,0,14915
ST047,站点-047,L6号线,2026-04-16,12,0,0,15022
ST047,站点-047,L6号线,2026-04-16,18,0,0,33044
ST047,站点-047,L6号线,2026-04-16,19,0,0,34736
ST047,站点-047,L6号线,2026-04-16,20,0,0,14858
ST047,站点-047,L6号线,2026-04-17,7,0,0,38152
ST047,站点-047,L6号线,2026-04-17,8,0,0,30562
ST047,站点-047,L6号线,2026-04-17,9,0,0,16143
ST047,站点-047,L6号线,2026-04-17,12,0,0,12820
ST047,站点-047,L6号线,2026-04-17,18,0,0,37152
ST047,站点-047,L6号线,2026-04-17,19,0,0,33870
ST047,站点-047,L6号线,2026-04-17,20,0,0,15136
ST047,站点-047,L6号线,2026-04-18,7,1,0,25253
ST047,站点-047,L6号线,2026-04-18,8,1,0,21676
ST047,站点-047,L6号线,2026-04-18,9,1,0,10325
ST047,站点-047,L6号线,2026-04-18,12,1,0,10762
ST047,站点-047,L6号线,2026-04-18,18,1,0,24504
ST047,站点-047,L6号线,2026-04-18,19,1,0,23182
ST047,站点-047,L6号线,2026-04-18,20,1,0,9998
ST047,站点-047,L6号线,2026-04-19,7,1,0,28095
ST047,站点-047,L6号线,2026-04-19,8,1,0,28242
ST047,站点-047,L6号线,2026-04-19,9,1,0,9635
ST047,站点-047,L6号线,2026-04-19,12,1,0,8995
ST047,站点-047,L6号线,2026-04-19,18,1,0,24173
ST047,站点-047,L6号线,2026-04-19,19,1,0,26860
ST047,站点-047,L6号线,2026-04-19,20,1,0,9912
ST047,站点-047,L6号线,2026-04-20,7,0,0,38456
ST047,站点-047,L6号线,2026-04-20,8,0,0,33472
ST047,站点-047,L6号线,2026-04-20,9,0,0,13438
ST047,站点-047,L6号线,2026-04-20,12,0,0,14693
ST047,站点-047,L6号线,2026-04-20,18,0,0,36137
ST047,站点-047,L6号线,2026-04-20,19,0,0,34908
ST047,站点-047,L6号线,2026-04-20,20,0,0,14924
ST047,站点-047,L6号线,2026-04-21,7,0,0,38405
ST047,站点-047,L6号线,2026-04-21,8,0,0,32085
ST047,站点-047,L6号线,2026-04-21,9,0,0,14065
ST047,站点-047,L6号线,2026-04-21,12,0,0,16296
ST047,站点-047,L6号线,2026-04-21,18,0,0,36210
ST047,站点-047,L6号线,2026-04-21,19,0,0,34177
ST047,站点-047,L6号线,2026-04-21,20,0,0,14403
ST047,站点-047,L6号线,2026-04-22,7,0,0,33606
ST047,站点-047,L6号线,2026-04-22,8,0,0,36385
ST047,站点-047,L6号线,2026-04-22,9,0,0,15029
ST047,站点-047,L6号线,2026-04-22,12,0,0,14176
ST047,站点-047,L6号线,2026-04-22,18,0,0,36137
ST047,站点-047,L6号线,2026-04-22,19,0,0,37242
ST047,站点-047,L6号线,2026-04-22,20,0,0,12487
ST047,站点-047,L6号线,2026-04-23,7,0,0,31651
ST047,站点-047,L6号线,2026-04-23,8,0,0,36644
ST047,站点-047,L6号线,2026-04-23,9,0,0,13218
ST047,站点-047,L6号线,2026-04-23,12,0,0,12737
ST047,站点-047,L6号线,2026-04-23,18,0,0,40877
ST047,站点-047,L6号线,2026-04-23,19,0,0,30433
ST047,站点-047,L6号线,2026-04-23,20,0,0,14500
ST047,站点-047,L6号线,2026-04-24,7,0,0,39299
ST047,站点-047,L6号线,2026-04-24,8,0,0,30576
ST047,站点-047,L6号线,2026-04-24,9,0,0,15350
ST047,站点-047,L6号线,2026-04-24,12,0,0,14261
ST047,站点-047,L6号线,2026-04-24,18,0,0,36993
ST047,站点-047,L6号线,2026-04-24,19,0,0,36224
ST047,站点-047,L6号线,2026-04-24,20,0,0,15605
ST047,站点-047,L6号线,2026-04-25,7,1,0,25289
ST047,站点-047,L6号线,2026-04-25,8,1,0,26248
ST047,站点-047,L6号线,2026-04-25,9,1,0,11182
ST047,站点-047,L6号线,2026-04-25,12,1,0,11391
ST047,站点-047,L6号线,2026-04-25,18,1,0,22519
ST047,站点-047,L6号线,2026-04-25,19,1,0,21480
ST047,站点-047,L6号线,2026-04-25,20,1,0,9934
ST047,站点-047,L6号线,2026-04-26,7,1,0,27383
ST047,站点-047,L6号线,2026-04-26,8,1,0,22331
ST047,站点-047,L6号线,2026-04-26,9,1,0,9567
ST047,站点-047,L6号线,2026-04-26,12,1,0,11476
ST047,站点-047,L6号线,2026-04-26,18,1,0,21653
ST047,站点-047,L6号线,2026-04-26,19,1,0,21539
ST047,站点-047,L6号线,2026-04-26,20,1,0,10393
ST047,站点-047,L6号线,2026-04-27,7,0,0,39156
ST047,站点-047,L6号线,2026-04-27,8,0,0,38141
ST047,站点-047,L6号线,2026-04-27,9,0,0,15958
ST047,站点-047,L6号线,2026-04-27,12,0,0,15969
ST047,站点-047,L6号线,2026-04-27,18,0,0,30515
ST047,站点-047,L6号线,2026-04-27,19,0,0,36285
ST047,站点-047,L6号线,2026-04-27,20,0,0,16182
ST047,站点-047,L6号线,2026-04-28,7,0,0,38002
ST047,站点-047,L6号线,2026-04-28,8,0,0,32851
ST047,站点-047,L6号线,2026-04-28,9,0,0,14017
ST047,站点-047,L6号线,2026-04-28,12,0,0,16392
ST047,站点-047,L6号线,2026-04-28,18,0,0,37754
ST047,站点-047,L6号线,2026-04-28,19,0,0,31571
ST047,站点-047,L6号线,2026-04-28,20,0,0,14492
ST047,站点-047,L6号线,2026-04-29,7,0,0,32995
ST047,站点-047,L6号线,2026-04-29,8,0,0,36811
ST047,站点-047,L6号线,2026-04-29,9,0,0,15047
ST047,站点-047,L6号线,2026-04-29,12,0,0,13842
ST047,站点-047,L6号线,2026-04-29,18,0,0,40924
ST047,站点-047,L6号线,2026-04-29,19,0,0,31851
ST047,站点-047,L6号线,2026-04-29,20,0,0,14879
ST047,站点-047,L6号线,2026-04-30,7,0,0,37250
ST047,站点-047,L6号线,2026-04-30,8,0,0,36418
ST047,站点-047,L6号线,2026-04-30,9,0,0,15012
ST047,站点-047,L6号线,2026-04-30,12,0,0,15949
ST047,站点-047,L6号线,2026-04-30,18,0,0,30385
ST047,站点-047,L6号线,2026-04-30,19,0,0,41040
ST047,站点-047,L6号线,2026-04-30,20,0,0,16171
ST048,站点-048,L3号线,2026-04-01,7,0,0,42894
ST048,站点-048,L3号线,2026-04-01,8,0,0,43433
ST048,站点-048,L3号线,2026-04-01,9,0,0,18655
ST048,站点-048,L3号线,2026-04-01,12,0,0,18207
ST048,站点-048,L3号线,2026-04-01,18,0,0,46067
ST048,站点-048,L3号线,2026-04-01,19,0,0,49992
ST048,站点-048,L3号线,2026-04-01,20,0,0,19918
ST048,站点-048,L3号线,2026-04-02,7,0,0,45308
ST048,站点-048,L3号线,2026-04-02,8,0,0,48042
ST048,站点-048,L3号线,2026-04-02,9,0,0,16630
ST048,站点-048,L3号线,2026-04-02,12,0,0,20428
ST048,站点-048,L3号线,2026-04-02,18,0,0,41518
ST048,站点-048,L3号线,2026-04-02,19,0,0,48274
ST048,站点-048,L3号线,2026-04-02,20,0,0,16210
ST048,站点-048,L3号线,2026-04-03,7,0,0,38988
ST048,站点-048,L3号线,2026-04-03,8,0,0,51029
ST048,站点-048,L3号线,2026-04-03,9,0,0,16823
ST048,站点-048,L3号线,2026-04-03,12,0,0,15907
ST048,站点-048,L3号线,2026-04-03,18,0,0,40977
ST048,站点-048,L3号线,2026-04-03,19,0,0,51113
ST048,站点-048,L3号线,2026-04-03,20,0,0,19025
ST048,站点-048,L3号线,2026-04-04,7,1,0,35699
ST048,站点-048,L3号线,2026-04-04,8,1,0,27892
ST048,站点-048,L3号线,2026-04-04,9,1,0,12784
ST048,站点-048,L3号线,2026-04-04,12,1,0,13441
ST048,站点-048,L3号线,2026-04-04,18,1,0,28499
ST048,站点-048,L3号线,2026-04-04,19,1,0,35228
ST048,站点-048,L3号线,2026-04-04,20,1,0,12439
ST048,站点-048,L3号线,2026-04-05,7,1,0,34561
ST048,站点-048,L3号线,2026-04-05,8,1,0,27771
ST048,站点-048,L3号线,2026-04-05,9,1,0,13083
ST048,站点-048,L3号线,2026-04-05,12,1,0,14261
ST048,站点-048,L3号线,2026-04-05,18,1,0,30849
ST048,站点-048,L3号线,2026-04-05,19,1,0,26764
ST048,站点-048,L3号线,2026-04-05,20,1,0,13597
ST048,站点-048,L3号线,2026-04-06,7,0,0,44330
ST048,站点-048,L3号线,2026-04-06,8,0,0,43824
ST048,站点-048,L3号线,2026-04-06,9,0,0,20176
ST048,站点-048,L3号线,2026-04-06,12,0,0,19755
ST048,站点-048,L3号线,2026-04-06,18,0,0,50228
ST048,站点-048,L3号线,2026-04-06,19,0,0,47000
ST048,站点-048,L3号线,2026-04-06,20,0,0,18389
ST048,站点-048,L3号线,2026-04-07,7,0,0,49062
ST048,站点-048,L3号线,2026-04-07,8,0,0,43687
ST048,站点-048,L3号线,2026-04-07,9,0,0,19344
ST048,站点-048,L3号线,2026-04-07,12,0,0,17770
ST048,站点-048,L3号线,2026-04-07,18,0,0,41258
ST048,站点-048,L3号线,2026-04-07,19,0,0,45422
ST048,站点-048,L3号线,2026-04-07,20,0,0,18499
ST048,站点-048,L3号线,2026-04-08,7,0,0,46072
ST048,站点-048,L3号线,2026-04-08,8,0,0,46448
ST048,站点-048,L3号线,2026-04-08,9,0,0,15273
ST048,站点-048,L3号线,2026-04-08,12,0,0,17207
ST048,站点-048,L3号线,2026-04-08,18,0,0,43914
ST048,站点-048,L3号线,2026-04-08,19,0,0,51318
ST048,站点-048,L3号线,2026-04-08,20,0,0,17282
ST048,站点-048,L3号线,2026-04-09,7,0,0,40532
ST048,站点-048,L3号线,2026-04-09,8,0,0,51277
ST048,站点-048,L3号线,2026-04-09,9,0,0,16209
ST048,站点-048,L3号线,2026-04-09,12,0,0,19269
ST048,站点-048,L3号线,2026-04-09,18,0,0,47583
ST048,站点-048,L3号线,2026-04-09,19,0,0,50714
ST048,站点-048,L3号线,2026-04-09,20,0,0,16529
ST048,站点-048,L3号线,2026-04-10,7,0,0,46702
ST048,站点-048,L3号线,2026-04-10,8,0,0,47955
ST048,站点-048,L3号线,2026-04-10,9,0,0,19925
ST048,站点-048,L3号线,2026-04-10,12,0,0,16512
ST048,站点-048,L3号线,2026-04-10,18,0,0,42349
ST048,站点-048,L3号线,2026-04-10,19,0,0,48180
ST048,站点-048,L3号线,2026-04-10,20,0,0,16348
ST048,站点-048,L3号线,2026-04-11,7,1,0,27584
ST048,站点-048,L3号线,2026-04-11,8,1,0,34951
ST048,站点-048,L3号线,2026-04-11,9,1,0,10730
ST048,站点-048,L3号线,2026-04-11,12,1,0,12192
ST048,站点-048,L3号线,2026-04-11,18,1,0,31301
ST048,站点-048,L3号线,2026-04-11,19,1,0,26961
ST048,站点-048,L3号线,2026-04-11,20,1,0,11384
ST048,站点-048,L3号线,2026-04-12,7,1,0,32878
ST048,站点-048,L3号线,2026-04-12,8,1,0,35686
ST048,站点-048,L3号线,2026-04-12,9,1,0,11192
ST048,站点-048,L3号线,2026-04-12,12,1,0,13007
ST048,站点-048,L3号线,2026-04-12,18,1,0,33800
ST048,站点-048,L3号线,2026-04-12,19,1,0,28877
ST048,站点-048,L3号线,2026-04-12,20,1,0,11155
ST048,站点-048,L3号线,2026-04-13,7,0,0,42460
ST048,站点-048,L3号线,2026-04-13,8,0,0,43725
ST048,站点-048,L3号线,2026-04-13,9,0,0,17068
ST048,站点-048,L3号线,2026-04-13,12,0,0,15429
ST048,站点-048,L3号线,2026-04-13,18,0,0,44380
ST048,站点-048,L3号线,2026-04-13,19,0,0,43786
ST048,站点-048,L3号线,2026-04-13,20,0,0,17823
ST048,站点-048,L3号线,2026-04-14,7,0,0,41750
ST048,站点-048,L3号线,2026-04-14,8,0,0,48233
ST048,站点-048,L3号线,2026-04-14,9,0,0,15902
ST048,站点-048,L3号线,2026-04-14,12,0,0,19976
ST048,站点-048,L3号线,2026-04-14,18,0,0,46067
ST048,站点-048,L3号线,2026-04-14,19,0,0,50368
ST048,站点-048,L3号线,2026-04-14,20,0,0,15182
ST048,站点-048,L3号线,2026-04-15,7,0,1,41930
ST048,站点-048,L3号线,2026-04-15,8,0,1,43956
ST048,站点-048,L3号线,2026-04-15,9,0,1,15845
ST048,站点-048,L3号线,2026-04-15,12,0,1,18891
ST048,站点-048,L3号线,2026-04-15,18,0,1,44661
ST048,站点-048,L3号线,2026-04-15,19,0,1,44406
ST048,站点-048,L3号线,2026-04-15,20,0,1,17908
ST048,站点-048,L3号线,2026-04-16,7,0,0,46839
ST048,站点-048,L3号线,2026-04-16,8,0,0,47682
ST048,站点-048,L3号线,2026-04-16,9,0,0,15629
ST048,站点-048,L3号线,2026-04-16,12,0,0,15762
ST048,站点-048,L3号线,2026-04-16,18,0,0,47382
ST048,站点-048,L3号线,2026-04-16,19,0,0,42196
ST048,站点-048,L3号线,2026-04-16,20,0,0,19575
ST048,站点-048,L3号线,2026-04-17,7,0,0,42486
ST048,站点-048,L3号线,2026-04-17,8,0,0,41719
ST048,站点-048,L3号线,2026-04-17,9,0,0,18434
ST048,站点-048,L3号线,2026-04-17,12,0,0,15607
ST048,站点-048,L3号线,2026-04-17,18,0,0,48631
ST048,站点-048,L3号线,2026-04-17,19,0,0,43674
ST048,站点-048,L3号线,2026-04-17,20,0,0,16521
ST048,站点-048,L3号线,2026-04-18,7,1,0,26958
ST048,站点-048,L3号线,2026-04-18,8,1,0,28300
ST048,站点-048,L3号线,2026-04-18,9,1,0,11523
ST048,站点-048,L3号线,2026-04-18,12,1,0,11140
ST048,站点-048,L3号线,2026-04-18,18,1,0,30022
ST048,站点-048,L3号线,2026-04-18,19,1,0,29804
ST048,站点-048,L3号线,2026-04-18,20,1,0,13075
ST048,站点-048,L3号线,2026-04-19,7,1,0,28376
ST048,站点-048,L3号线,2026-04-19,8,1,0,31680
ST048,站点-048,L3号线,2026-04-19,9,1,0,13208
ST048,站点-048,L3号线,2026-04-19,12,1,0,12666
ST048,站点-048,L3号线,2026-04-19,18,1,0,33177
ST048,站点-048,L3号线,2026-04-19,19,1,0,26716
ST048,站点-048,L3号线,2026-04-19,20,1,0,11470
ST048,站点-048,L3号线,2026-04-20,7,0,0,45104
ST048,站点-048,L3号线,2026-04-20,8,0,0,39511
ST048,站点-048,L3号线,2026-04-20,9,0,0,17227
ST048,站点-048,L3号线,2026-04-20,12,0,0,16877
ST048,站点-048,L3号线,2026-04-20,18,0,0,46087
ST048,站点-048,L3号线,2026-04-20,19,0,0,43576
ST048,站点-048,L3号线,2026-04-20,20,0,0,15753
ST048,站点-048,L3号线,2026-04-21,7,0,0,49995
ST048,站点-048,L3号线,2026-04-21,8,0,0,47628
ST048,站点-048,L3号线,2026-04-21,9,0,0,20304
ST048,站点-048,L3号线,2026-04-21,12,0,0,18985
ST048,站点-048,L3号线,2026-04-21,18,0,0,48917
ST048,站点-048,L3号线,2026-04-21,19,0,0,42561
ST048,站点-048,L3号线,2026-04-21,20,0,0,16697
ST048,站点-048,L3号线,2026-04-22,7,0,0,44140
ST048,站点-048,L3号线,2026-04-22,8,0,0,41084
ST048,站点-048,L3号线,2026-04-22,9,0,0,16583
ST048,站点-048,L3号线,2026-04-22,12,0,0,16358
ST048,站点-048,L3号线,2026-04-22,18,0,0,45076
ST048,站点-048,L3号线,2026-04-22,19,0,0,43054
ST048,站点-048,L3号线,2026-04-22,20,0,0,17917
ST048,站点-048,L3号线,2026-04-23,7,0,0,48446
ST048,站点-048,L3号线,2026-04-23,8,0,0,42872
ST048,站点-048,L3号线,2026-04-23,9,0,0,15197
ST048,站点-048,L3号线,2026-04-23,12,0,0,19584
ST048,站点-048,L3号线,2026-04-23,18,0,0,43726
ST048,站点-048,L3号线,2026-04-23,19,0,0,47766
ST048,站点-048,L3号线,2026-04-23,20,0,0,18210
ST048,站点-048,L3号线,2026-04-24,7,0,0,49806
ST048,站点-048,L3号线,2026-04-24,8,0,0,47171
ST048,站点-048,L3号线,2026-04-24,9,0,0,16670
ST048,站点-048,L3号线,2026-04-24,12,0,0,16589
ST048,站点-048,L3号线,2026-04-24,18,0,0,48019
ST048,站点-048,L3号线,2026-04-24,19,0,0,49369
ST048,站点-048,L3号线,2026-04-24,20,0,0,20372
ST048,站点-048,L3号线,2026-04-25,7,1,0,30340
ST048,站点-048,L3号线,2026-04-25,8,1,0,31339
ST048,站点-048,L3号线,2026-04-25,9,1,0,14112
ST048,站点-048,L3号线,2026-04-25,12,1,0,10837
ST048,站点-048,L3号线,2026-04-25,18,1,0,28281
ST048,站点-048,L3号线,2026-04-25,19,1,0,32261
ST048,站点-048,L3号线,2026-04-25,20,1,0,13427
ST048,站点-048,L3号线,2026-04-26,7,1,0,33377
ST048,站点-048,L3号线,2026-04-26,8,1,0,29432
ST048,站点-048,L3号线,2026-04-26,9,1,0,13424
ST048,站点-048,L3号线,2026-04-26,12,1,0,13415
ST048,站点-048,L3号线,2026-04-26,18,1,0,31949
ST048,站点-048,L3号线,2026-04-26,19,1,0,28585
ST048,站点-048,L3号线,2026-04-26,20,1,0,12673
ST048,站点-048,L3号线,2026-04-27,7,0,0,40565
ST048,站点-048,L3号线,2026-04-27,8,0,0,49494
ST048,站点-048,L3号线,2026-04-27,9,0,0,18656
ST048,站点-048,L3号线,2026-04-27,12,0,0,18282
ST048,站点-048,L3号线,2026-04-27,18,0,0,48236
ST048,站点-048,L3号线,2026-04-27,19,0,0,48183
ST048,站点-048,L3号线,2026-04-27,20,0,0,20073
ST048,站点-048,L3号线,2026-04-28,7,0,0,51222
ST048,站点-048,L3号线,2026-04-28,8,0,0,48844
ST048,站点-048,L3号线,2026-04-28,9,0,0,15269
ST048,站点-048,L3号线,2026-04-28,12,0,0,18864
ST048,站点-048,L3号线,2026-04-28,18,0,0,43758
ST048,站点-048,L3号线,2026-04-28,19,0,0,48611
ST048,站点-048,L3号线,2026-04-28,20,0,0,17737
ST048,站点-048,L3号线,2026-04-29,7,0,0,40506
ST048,站点-048,L3号线,2026-04-29,8,0,0,42170
ST048,站点-048,L3号线,2026-04-29,9,0,0,18361
ST048,站点-048,L3号线,2026-04-29,12,0,0,17405
ST048,站点-048,L3号线,2026-04-29,18,0,0,44815
ST048,站点-048,L3号线,2026-04-29,19,0,0,50856
ST048,站点-048,L3号线,2026-04-29,20,0,0,18631
ST048,站点-048,L3号线,2026-04-30,7,0,0,47446
ST048,站点-048,L3号线,2026-04-30,8,0,0,47231
ST048,站点-048,L3号线,2026-04-30,9,0,0,19972
ST048,站点-048,L3号线,2026-04-30,12,0,0,19723
ST048,站点-048,L3号线,2026-04-30,18,0,0,45607
ST048,站点-048,L3号线,2026-04-30,19,0,0,38315
ST048,站点-048,L3号线,2026-04-30,20,0,0,18523
ST049,站点-049,L9号线,2026-04-01,7,0,0,21877
ST049,站点-049,L9号线,2026-04-01,8,0,0,20822
ST049,站点-049,L9号线,2026-04-01,9,0,0,8093
ST049,站点-049,L9号线,2026-04-01,12,0,0,8068
ST049,站点-049,L9号线,2026-04-01,18,0,0,24733
ST049,站点-049,L9号线,2026-04-01,19,0,0,20362
ST049,站点-049,L9号线,2026-04-01,20,0,0,8331
ST049,站点-049,L9号线,2026-04-02,7,0,0,22051
ST049,站点-049,L9号线,2026-04-02,8,0,0,26235
ST049,站点-049,L9号线,2026-04-02,9,0,0,9124
ST049,站点-049,L9号线,2026-04-02,12,0,0,8757
ST049,站点-049,L9号线,2026-04-02,18,0,0,25477
ST049,站点-049,L9号线,2026-04-02,19,0,0,24107
ST049,站点-049,L9号线,2026-04-02,20,0,0,9602
ST049,站点-049,L9号线,2026-04-03,7,0,0,25230
ST049,站点-049,L9号线,2026-04-03,8,0,0,20117
ST049,站点-049,L9号线,2026-04-03,9,0,0,10698
ST049,站点-049,L9号线,2026-04-03,12,0,0,8482
ST049,站点-049,L9号线,2026-04-03,18,0,0,21149
ST049,站点-049,L9号线,2026-04-03,19,0,0,23069
ST049,站点-049,L9号线,2026-04-03,20,0,0,8347
ST049,站点-049,L9号线,2026-04-04,7,1,0,15846
ST049,站点-049,L9号线,2026-04-04,8,1,0,17332
ST049,站点-049,L9号线,2026-04-04,9,1,0,6172
ST049,站点-049,L9号线,2026-04-04,12,1,0,6812
ST049,站点-049,L9号线,2026-04-04,18,1,0,15477
ST049,站点-049,L9号线,2026-04-04,19,1,0,16775
ST049,站点-049,L9号线,2026-04-04,20,1,0,7110
ST049,站点-049,L9号线,2026-04-05,7,1,0,17378
ST049,站点-049,L9号线,2026-04-05,8,1,0,15225
ST049,站点-049,L9号线,2026-04-05,9,1,0,7445
ST049,站点-049,L9号线,2026-04-05,12,1,0,6556
ST049,站点-049,L9号线,2026-04-05,18,1,0,15989
ST049,站点-049,L9号线,2026-04-05,19,1,0,17794
ST049,站点-049,L9号线,2026-04-05,20,1,0,6124
ST049,站点-049,L9号线,2026-04-06,7,0,0,24915
ST049,站点-049,L9号线,2026-04-06,8,0,0,24268
ST049,站点-049,L9号线,2026-04-06,9,0,0,10454
ST049,站点-049,L9号线,2026-04-06,12,0,0,10294
ST049,站点-049,L9号线,2026-04-06,18,0,0,23749
ST049,站点-049,L9号线,2026-04-06,19,0,0,25198
ST049,站点-049,L9号线,2026-04-06,20,0,0,10143
ST049,站点-049,L9号线,2026-04-07,7,0,0,22439
ST049,站点-049,L9号线,2026-04-07,8,0,0,20532
ST049,站点-049,L9号线,2026-04-07,9,0,0,10553
ST049,站点-049,L9号线,2026-04-07,12,0,0,10244
ST049,站点-049,L9号线,2026-04-07,18,0,0,24606
ST049,站点-049,L9号线,2026-04-07,19,0,0,20379
ST049,站点-049,L9号线,2026-04-07,20,0,0,10642
ST049,站点-049,L9号线,2026-04-08,7,0,0,22994
ST049,站点-049,L9号线,2026-04-08,8,0,0,26698
ST049,站点-049,L9号线,2026-04-08,9,0,0,10086
ST049,站点-049,L9号线,2026-04-08,12,0,0,8678
ST049,站点-049,L9号线,2026-04-08,18,0,0,21124
ST049,站点-049,L9号线,2026-04-08,19,0,0,21973
ST049,站点-049,L9号线,2026-04-08,20,0,0,10586
ST049,站点-049,L9号线,2026-04-09,7,0,0,24857
ST049,站点-049,L9号线,2026-04-09,8,0,0,25376
ST049,站点-049,L9号线,2026-04-09,9,0,0,8200
ST049,站点-049,L9号线,2026-04-09,12,0,0,10234
ST049,站点-049,L9号线,2026-04-09,18,0,0,26479
ST049,站点-049,L9号线,2026-04-09,19,0,0,22800
ST049,站点-049,L9号线,2026-04-09,20,0,0,8558
ST049,站点-049,L9号线,2026-04-10,7,0,0,20563
ST049,站点-049,L9号线,2026-04-10,8,0,0,21465
ST049,站点-049,L9号线,2026-04-10,9,0,0,8182
ST049,站点-049,L9号线,2026-04-10,12,0,0,9488
ST049,站点-049,L9号线,2026-04-10,18,0,0,21015
ST049,站点-049,L9号线,2026-04-10,19,0,0,23666
ST049,站点-049,L9号线,2026-04-10,20,0,0,9110
ST049,站点-049,L9号线,2026-04-11,7,1,0,16674
ST049,站点-049,L9号线,2026-04-11,8,1,0,14518
ST049,站点-049,L9号线,2026-04-11,9,1,0,6680
ST049,站点-049,L9号线,2026-04-11,12,1,0,6326
ST049,站点-049,L9号线,2026-04-11,18,1,0,14551
ST049,站点-049,L9号线,2026-04-11,19,1,0,18891
ST049,站点-049,L9号线,2026-04-11,20,1,0,5903
ST049,站点-049,L9号线,2026-04-12,7,1,0,16073
ST049,站点-049,L9号线,2026-04-12,8,1,0,15474
ST049,站点-049,L9号线,2026-04-12,9,1,0,6421
ST049,站点-049,L9号线,2026-04-12,12,1,0,5921
ST049,站点-049,L9号线,2026-04-12,18,1,0,16219
ST049,站点-049,L9号线,2026-04-12,19,1,0,18223
ST049,站点-049,L9号线,2026-04-12,20,1,0,5844
ST049,站点-049,L9号线,2026-04-13,7,0,0,22913
ST049,站点-049,L9号线,2026-04-13,8,0,0,25068
ST049,站点-049,L9号线,2026-04-13,9,0,0,10549
ST049,站点-049,L9号线,2026-04-13,12,0,0,8325
ST049,站点-049,L9号线,2026-04-13,18,0,0,22456
ST049,站点-049,L9号线,2026-04-13,19,0,0,21841
ST049,站点-049,L9号线,2026-04-13,20,0,0,8340
ST049,站点-049,L9号线,2026-04-14,7,0,0,24244
ST049,站点-049,L9号线,2026-04-14,8,0,0,21172
ST049,站点-049,L9号线,2026-04-14,9,0,0,9707
ST049,站点-049,L9号线,2026-04-14,12,0,0,9770
ST049,站点-049,L9号线,2026-04-14,18,0,0,26088
ST049,站点-049,L9号线,2026-04-14,19,0,0,21930
ST049,站点-049,L9号线,2026-04-14,20,0,0,8845
ST049,站点-049,L9号线,2026-04-15,7,0,1,24470
ST049,站点-049,L9号线,2026-04-15,8,0,1,24802
ST049,站点-049,L9号线,2026-04-15,9,0,1,10118
ST049,站点-049,L9号线,2026-04-15,12,0,1,9069
ST049,站点-049,L9号线,2026-04-15,18,0,1,24927
ST049,站点-049,L9号线,2026-04-15,19,0,1,20691
ST049,站点-049,L9号线,2026-04-15,20,0,1,8919
ST049,站点-049,L9号线,2026-04-16,7,0,0,22620
ST049,站点-049,L9号线,2026-04-16,8,0,0,24704
ST049,站点-049,L9号线,2026-04-16,9,0,0,9409
ST049,站点-049,L9号线,2026-04-16,12,0,0,9519
ST049,站点-049,L9号线,2026-04-16,18,0,0,26822
ST049,站点-049,L9号线,2026-04-16,19,0,0,26158
ST049,站点-049,L9号线,2026-04-16,20,0,0,10231
ST049,站点-049,L9号线,2026-04-17,7,0,0,25572
ST049,站点-049,L9号线,2026-04-17,8,0,0,25077
ST049,站点-049,L9号线,2026-04-17,9,0,0,8084
ST049,站点-049,L9号线,2026-04-17,12,0,0,10360
ST049,站点-049,L9号线,2026-04-17,18,0,0,19986
ST049,站点-049,L9号线,2026-04-17,19,0,0,24689
ST049,站点-049,L9号线,2026-04-17,20,0,0,9120
ST049,站点-049,L9号线,2026-04-18,7,1,0,14348
ST049,站点-049,L9号线,2026-04-18,8,1,0,16125
ST049,站点-049,L9号线,2026-04-18,9,1,0,6464
ST049,站点-049,L9号线,2026-04-18,12,1,0,5970
ST049,站点-049,L9号线,2026-04-18,18,1,0,18581
ST049,站点-049,L9号线,2026-04-18,19,1,0,14309
ST049,站点-049,L9号线,2026-04-18,20,1,0,5885
ST049,站点-049,L9号线,2026-04-19,7,1,0,17502
ST049,站点-049,L9号线,2026-04-19,8,1,0,14981
ST049,站点-049,L9号线,2026-04-19,9,1,0,5647
ST049,站点-049,L9号线,2026-04-19,12,1,0,6409
ST049,站点-049,L9号线,2026-04-19,18,1,0,16424
ST049,站点-049,L9号线,2026-04-19,19,1,0,15153
ST049,站点-049,L9号线,2026-04-19,20,1,0,6209
ST049,站点-049,L9号线,2026-04-20,7,0,0,25986
ST049,站点-049,L9号线,2026-04-20,8,0,0,25522
ST049,站点-049,L9号线,2026-04-20,9,0,0,9653
ST049,站点-049,L9号线,2026-04-20,12,0,0,8326
ST049,站点-049,L9号线,2026-04-20,18,0,0,23674
ST049,站点-049,L9号线,2026-04-20,19,0,0,24838
ST049,站点-049,L9号线,2026-04-20,20,0,0,9361
ST049,站点-049,L9号线,2026-04-21,7,0,0,24685
ST049,站点-049,L9号线,2026-04-21,8,0,0,22621
ST049,站点-049,L9号线,2026-04-21,9,0,0,8399
ST049,站点-049,L9号线,2026-04-21,12,0,0,10050
ST049,站点-049,L9号线,2026-04-21,18,0,0,21353
ST049,站点-049,L9号线,2026-04-21,19,0,0,24102
ST049,站点-049,L9号线,2026-04-21,20,0,0,8868
ST049,站点-049,L9号线,2026-04-22,7,0,0,26924
ST049,站点-049,L9号线,2026-04-22,8,0,0,25387
ST049,站点-049,L9号线,2026-04-22,9,0,0,9098
ST049,站点-049,L9号线,2026-04-22,12,0,0,8387
ST049,站点-049,L9号线,2026-04-22,18,0,0,24137
ST049,站点-049,L9号线,2026-04-22,19,0,0,24636
ST049,站点-049,L9号线,2026-04-22,20,0,0,10450
ST049,站点-049,L9号线,2026-04-23,7,0,0,19969
ST049,站点-049,L9号线,2026-04-23,8,0,0,25224
ST049,站点-049,L9号线,2026-04-23,9,0,0,8347
ST049,站点-049,L9号线,2026-04-23,12,0,0,9231
ST049,站点-049,L9号线,2026-04-23,18,0,0,26879
ST049,站点-049,L9号线,2026-04-23,19,0,0,26395
ST049,站点-049,L9号线,2026-04-23,20,0,0,9825
ST049,站点-049,L9号线,2026-04-24,7,0,0,26898
ST049,站点-049,L9号线,2026-04-24,8,0,0,25279
ST049,站点-049,L9号线,2026-04-24,9,0,0,9579
ST049,站点-049,L9号线,2026-04-24,12,0,0,8046
ST049,站点-049,L9号线,2026-04-24,18,0,0,22167
ST049,站点-049,L9号线,2026-04-24,19,0,0,23553
ST049,站点-049,L9号线,2026-04-24,20,0,0,8899
ST049,站点-049,L9号线,2026-04-25,7,1,0,14802
ST049,站点-049,L9号线,2026-04-25,8,1,0,14582
ST049,站点-049,L9号线,2026-04-25,9,1,0,6698
ST049,站点-049,L9号线,2026-04-25,12,1,0,7060
ST049,站点-049,L9号线,2026-04-25,18,1,0,16183
ST049,站点-049,L9号线,2026-04-25,19,1,0,18225
ST049,站点-049,L9号线,2026-04-25,20,1,0,5763
ST049,站点-049,L9号线,2026-04-26,7,1,0,16064
ST049,站点-049,L9号线,2026-04-26,8,1,0,14992
ST049,站点-049,L9号线,2026-04-26,9,1,0,6109
ST049,站点-049,L9号线,2026-04-26,12,1,0,6671
ST049,站点-049,L9号线,2026-04-26,18,1,0,15618
ST049,站点-049,L9号线,2026-04-26,19,1,0,16206
ST049,站点-049,L9号线,2026-04-26,20,1,0,6216
ST049,站点-049,L9号线,2026-04-27,7,0,0,23238
ST049,站点-049,L9号线,2026-04-27,8,0,0,26181
ST049,站点-049,L9号线,2026-04-27,9,0,0,10759
ST049,站点-049,L9号线,2026-04-27,12,0,0,10755
ST049,站点-049,L9号线,2026-04-27,18,0,0,21148
ST049,站点-049,L9号线,2026-04-27,19,0,0,26542
ST049,站点-049,L9号线,2026-04-27,20,0,0,9541
ST049,站点-049,L9号线,2026-04-28,7,0,0,22001
ST049,站点-049,L9号线,2026-04-28,8,0,0,21816
ST049,站点-049,L9号线,2026-04-28,9,0,0,10779
ST049,站点-049,L9号线,2026-04-28,12,0,0,10594
ST049,站点-049,L9号线,2026-04-28,18,0,0,25177
ST049,站点-049,L9号线,2026-04-28,19,0,0,21796
ST049,站点-049,L9号线,2026-04-28,20,0,0,9021
ST049,站点-049,L9号线,2026-04-29,7,0,0,26876
ST049,站点-049,L9号线,2026-04-29,8,0,0,24597
ST049,站点-049,L9号线,2026-04-29,9,0,0,9826
ST049,站点-049,L9号线,2026-04-29,12,0,0,10509
ST049,站点-049,L9号线,2026-04-29,18,0,0,20897
ST049,站点-049,L9号线,2026-04-29,19,0,0,20490
ST049,站点-049,L9号线,2026-04-29,20,0,0,8898
ST049,站点-049,L9号线,2026-04-30,7,0,0,24123
ST049,站点-049,L9号线,2026-04-30,8,0,0,21183
ST049,站点-049,L9号线,2026-04-30,9,0,0,10606
ST049,站点-049,L9号线,2026-04-30,12,0,0,10513
ST049,站点-049,L9号线,2026-04-30,18,0,0,26185
ST049,站点-049,L9号线,2026-04-30,19,0,0,21235
ST049,站点-049,L9号线,2026-04-30,20,0,0,10066
